artifact_status,family,phase,dataset,method,mode,training_scope,seed,partition_alpha,run_id,comm_round_or_iterations,local_epochs,batch_size,g_learning_rate,f_learning_rate,server_learning_rate,critic_multiplier,weight_decay,gradient_clip_norm,best_validation_mse,best_validation_round,test_mse_at_best_validation,final_validation_mse,final_test_mse,runtime_seconds,diverged,selection_metric_source,test_mse_used_for_selection,test_mse_logged_by_round,has_mse_by_round,has_predictions,has_best_validation_checkpoint,config_path,metrics_path
archived_failure,_failed,20260617_134220,abs,fedgda_s,stochastic,federated,0,0.5,smoke,3,2,256,0.001,0.01,1.5,10.0,0.1,1.0,0.26682152162616146,2,0.27427429091201805,0.26682152162616146,0.27427429091201805,1330.3663716316223,False,,,,True,True,True,results/_failed/20260617_134220/abs/fedgda_s/seed_0/smoke/effective_config.json,results/_failed/20260617_134220/abs/fedgda_s/seed_0/smoke/metrics.json
archived_failure,_failed,20260617_200552_fedgda_s_batch256,abs,fedgda_s,stochastic,federated,0,0.5,smoke,3,2,256,0.001,0.01,1.5,10.0,0.1,1.0,0.26682152162616146,2,0.27427429091201805,0.26682152162616146,0.27427429091201805,15.824090242385864,False,,,,True,True,True,results/_failed/20260617_200552_fedgda_s_batch256/abs/fedgda_s/seed_0/smoke/effective_config.json,results/_failed/20260617_200552_fedgda_s_batch256/abs/fedgda_s/seed_0/smoke/metrics.json
archived_failure,_failed,20260710T225238Z,femnist_x,fedgda_s,stochastic,federated,0,0.5,tune_femnist_x_fedgda_s_seed0_lr0p003_wd0p05,1,1,256,0.003,0.03,1.5,10.0,0.05,1.0,0.23369964631561865,0,0.2367904255635709,0.23369964631561865,0.2367904255635709,237.22039079666138,False,validation,False,False,True,True,True,results/_failed/20260710T225238Z/real_image_abs_femnist_fedgda_s_image_indexing_bug/femnist_x/fedgda_s/seed_0/tune_femnist_x_fedgda_s_seed0_lr0p003_wd0p05/effective_config.json,results/_failed/20260710T225238Z/real_image_abs_femnist_fedgda_s_image_indexing_bug/femnist_x/fedgda_s/seed_0/tune_femnist_x_fedgda_s_seed0_lr0p003_wd0p05/metrics.json
archived_failure,_failed,20260710T225238Z,femnist_x,fedogda_s,stochastic,federated,0,0.5,tune_femnist_x_fedogda_s_seed0_lr0p003_wd0p05,1,1,256,0.003,0.03,1.5,10.0,0.05,1.0,0.23369964631561865,0,0.2367904255635709,0.23369964631561865,0.2367904255635709,256.350421667099,False,validation,False,False,True,True,True,results/_failed/20260710T225238Z/real_image_abs_femnist_fedogda_s_image_indexing_bug/femnist_x/fedogda_s/seed_0/tune_femnist_x_fedogda_s_seed0_lr0p003_wd0p05/effective_config.json,results/_failed/20260710T225238Z/real_image_abs_femnist_fedogda_s_image_indexing_bug/femnist_x/fedogda_s/seed_0/tune_femnist_x_fedogda_s_seed0_lr0p003_wd0p05/metrics.json
golden_reference,_golden,,abs,fedgda_d,deterministic,federated,0,0.5,smoke,3,2,0,0.001,0.01,1.5,10.0,0.1,1.0,0.26682152162616146,2,0.27427429091201805,0.26682152162616146,0.27427429091201805,1399.6419985294342,False,,,,True,True,True,results/_golden/abs/fedgda_d/seed_0/smoke/effective_config.json,results/_golden/abs/fedgda_d/seed_0/smoke/metrics.json
smoke,_smoke,real_image_abs,cifar10_x,fedgda_s,stochastic,federated,0,0.5,tune_cifar10_x_fedgda_s_seed0_lr0p003_wd0p05,1,1,256,0.003,0.03,1.5,10.0,0.05,1.0,0.25777988478053976,0,0.26470110549614545,0.25777988478053976,0.26470110549614545,165.22894406318665,False,validation,False,False,True,True,True,results/_smoke/real_image_abs/cifar10_x_fedgda_s/cifar10_x/fedgda_s/seed_0/tune_cifar10_x_fedgda_s_seed0_lr0p003_wd0p05/effective_config.json,results/_smoke/real_image_abs/cifar10_x_fedgda_s/cifar10_x/fedgda_s/seed_0/tune_cifar10_x_fedgda_s_seed0_lr0p003_wd0p05/metrics.json
smoke,_smoke,real_image_abs,cifar10_x,fedogda_s,stochastic,federated,0,0.5,tune_cifar10_x_fedogda_s_seed0_lr0p003_wd0p05,1,1,256,0.003,0.03,1.5,10.0,0.05,1.0,0.25777988478053976,0,0.26470110549614545,0.25777988478053976,0.26470110549614545,171.57498455047607,False,validation,False,False,True,True,True,results/_smoke/real_image_abs/cifar10_x_fedogda_s/cifar10_x/fedogda_s/seed_0/tune_cifar10_x_fedogda_s_seed0_lr0p003_wd0p05/effective_config.json,results/_smoke/real_image_abs/cifar10_x_fedogda_s/cifar10_x/fedogda_s/seed_0/tune_cifar10_x_fedogda_s_seed0_lr0p003_wd0p05/metrics.json
smoke,_smoke,real_image_abs,femnist_x,fedgda_s,stochastic,federated,0,0.5,tune_femnist_x_fedgda_s_seed0_lr0p003_wd0p05,1,1,256,0.003,0.03,1.5,10.0,0.05,1.0,0.23369964631561865,0,0.2367904255635709,0.23369964631561865,0.2367904255635709,150.15826988220215,False,validation,False,False,True,True,True,results/_smoke/real_image_abs/femnist_x_fedgda_s/femnist_x/fedgda_s/seed_0/tune_femnist_x_fedgda_s_seed0_lr0p003_wd0p05/effective_config.json,results/_smoke/real_image_abs/femnist_x_fedgda_s/femnist_x/fedgda_s/seed_0/tune_femnist_x_fedgda_s_seed0_lr0p003_wd0p05/metrics.json
smoke,_smoke,real_image_abs,femnist_x,fedogda_s,stochastic,federated,0,0.5,tune_femnist_x_fedogda_s_seed0_lr0p003_wd0p05,1,1,256,0.003,0.03,1.5,10.0,0.05,1.0,0.23369964631561865,0,0.2367904255635709,0.23369964631561865,0.2367904255635709,152.02320337295532,False,validation,False,False,True,True,True,results/_smoke/real_image_abs/femnist_x_fedogda_s/femnist_x/fedogda_s/seed_0/tune_femnist_x_fedogda_s_seed0_lr0p003_wd0p05/effective_config.json,results/_smoke/real_image_abs/femnist_x_fedogda_s/femnist_x/fedogda_s/seed_0/tune_femnist_x_fedogda_s_seed0_lr0p003_wd0p05/metrics.json
primary,abs,,abs,fedgda_s,stochastic,federated,0,0.5,repo_pilot_seed0,1500,7,256,0.003,0.03,1.5,10.0,0.03,1.0,0.0012188552796668995,155,0.001265037209833054,0.013205255590930392,0.013595246445348598,5854.611419439316,False,,,,True,True,True,results/abs/fedgda_s/seed_0/repo_pilot_seed0/effective_config.json,results/abs/fedgda_s/seed_0/repo_pilot_seed0/metrics.json
smoke,abs,,abs,fedgda_s,stochastic,federated,0,0.5,smoke,3,2,4,0.001,0.01,1.5,10.0,0.1,1.0,0.26334683702332146,1,0.27183304367709926,0.26347073031856955,0.27210541265011645,24.0094997882843,False,,,,True,True,True,results/abs/fedgda_s/seed_0/smoke/effective_config.json,results/abs/fedgda_s/seed_0/smoke/metrics.json
primary,abs,,abs,fedgda_s,stochastic,federated,1,0.5,repo_pilot_seed1,1500,7,256,0.003,0.03,1.5,10.0,0.03,1.0,0.0075507815438233235,156,0.007746168555496842,0.012374791439480956,0.012608361950224516,2660.069529771805,False,,,,True,True,True,results/abs/fedgda_s/seed_1/repo_pilot_seed1/effective_config.json,results/abs/fedgda_s/seed_1/repo_pilot_seed1/metrics.json
primary,abs,,abs,fedgda_s,stochastic,federated,2,0.5,repo_pilot_seed2,1500,7,256,0.003,0.03,1.5,10.0,0.03,1.0,0.0009096354796540735,233,0.0009476437023982283,0.015999344742851824,0.016620305048703484,2262.482798099518,False,,,,True,True,True,results/abs/fedgda_s/seed_2/repo_pilot_seed2/effective_config.json,results/abs/fedgda_s/seed_2/repo_pilot_seed2/metrics.json
primary,abs,,abs,fedgda_s,stochastic,federated,3,0.5,repo_pilot_seed3,1500,7,256,0.003,0.03,1.5,10.0,0.03,1.0,0.0005864452057168956,181,0.0005975252161795475,0.015598277139952628,0.016010534436760877,1138.8304104804993,False,,,,True,True,True,results/abs/fedgda_s/seed_3/repo_pilot_seed3/effective_config.json,results/abs/fedgda_s/seed_3/repo_pilot_seed3/metrics.json
primary,abs,,abs,fedgda_s,stochastic,federated,4,0.5,repo_pilot_seed4,1500,7,256,0.003,0.03,1.5,10.0,0.03,1.0,0.0006999278442194651,93,0.0007288591085180032,0.014383653533424587,0.015032675045109068,1087.3219311237335,False,,,,True,True,True,results/abs/fedgda_s/seed_4/repo_pilot_seed4/effective_config.json,results/abs/fedgda_s/seed_4/repo_pilot_seed4/metrics.json
smoke,abs,,abs,fedogda_d,deterministic,federated,0,0.5,smoke,3,2,0,0.001,0.01,1.5,10.0,0.1,1.0,0.26655132674252224,2,0.27398495115283017,0.26655132674252224,0.27398495115283017,14.22659945487976,False,,,,True,True,True,results/abs/fedogda_d/seed_0/smoke/effective_config.json,results/abs/fedogda_d/seed_0/smoke/metrics.json
primary,abs,,abs,fedogda_s,stochastic,federated,0,0.5,repo_pilot_seed0,1500,7,256,0.001,0.01,1.5,10.0,0.1,1.0,0.0010145840202529844,476,0.0010541233670793282,0.002228356427641248,0.0022974267103206387,7920.481705665588,False,,,,True,True,True,results/abs/fedogda_s/seed_0/repo_pilot_seed0/effective_config.json,results/abs/fedogda_s/seed_0/repo_pilot_seed0/metrics.json
smoke,abs,,abs,fedogda_s,stochastic,federated,0,0.5,smoke,3,2,4,0.001,0.01,1.5,10.0,0.1,1.0,0.2662460083401835,0,0.2736599716868316,0.2673087404410172,0.27587095040590737,25.329283237457275,False,,,,True,True,True,results/abs/fedogda_s/seed_0/smoke/effective_config.json,results/abs/fedogda_s/seed_0/smoke/metrics.json
primary,abs,,abs,fedogda_s,stochastic,federated,1,0.5,repo_pilot_seed1,1500,7,256,0.001,0.01,1.5,10.0,0.1,1.0,0.0049829567653985165,1486,0.005088600834895933,0.010126243099258695,0.010174280840737819,3010.043687105179,False,,,,True,True,True,results/abs/fedogda_s/seed_1/repo_pilot_seed1/effective_config.json,results/abs/fedogda_s/seed_1/repo_pilot_seed1/metrics.json
primary,abs,,abs,fedogda_s,stochastic,federated,2,0.5,repo_pilot_seed2,1500,7,256,0.001,0.01,1.5,10.0,0.1,1.0,0.0008411631718424417,751,0.00087524037340664,0.0015498796733789655,0.0016079830680421586,1230.8375158309937,False,,,,True,True,True,results/abs/fedogda_s/seed_2/repo_pilot_seed2/effective_config.json,results/abs/fedogda_s/seed_2/repo_pilot_seed2/metrics.json
primary,abs,,abs,fedogda_s,stochastic,federated,3,0.5,repo_pilot_seed3,1500,7,256,0.001,0.01,1.5,10.0,0.1,1.0,0.0005901103549995894,536,0.0006077370760955752,0.004760628758478683,0.004837763776363377,1247.425754070282,False,,,,True,True,True,results/abs/fedogda_s/seed_3/repo_pilot_seed3/effective_config.json,results/abs/fedogda_s/seed_3/repo_pilot_seed3/metrics.json
primary,abs,,abs,fedogda_s,stochastic,federated,4,0.5,repo_pilot_seed4,1500,7,256,0.001,0.01,1.5,10.0,0.1,1.0,0.000418334796602353,270,0.0004375482546340181,0.00798490714115216,0.008160878873269153,1315.5710544586182,False,,,,True,True,True,results/abs/fedogda_s/seed_4/repo_pilot_seed4/effective_config.json,results/abs/fedogda_s/seed_4/repo_pilot_seed4/metrics.json
primary,centralized_lowdim_v1,,abs,gda,deterministic,centralized,0,,centralized_abs_gda_seed0,500,,0,0.001,0.01,,,0.0,1.0,0.4597706571191981,499,0.4758878802020764,0.4597706571191981,0.4758878802020764,35.611576795578,False,validation,False,False,True,True,True,results/centralized_lowdim_v1/abs/gda/seed_0/effective_config.json,results/centralized_lowdim_v1/abs/gda/seed_0/metrics.json
primary,centralized_lowdim_v1,,abs,gda,deterministic,centralized,1,,centralized_abs_gda_seed1,500,,0,0.001,0.01,,,0.0,1.0,0.2703778948485589,499,0.2765509474125304,0.2703778948485589,0.2765509474125304,33.028897285461426,False,validation,False,False,True,True,True,results/centralized_lowdim_v1/abs/gda/seed_1/effective_config.json,results/centralized_lowdim_v1/abs/gda/seed_1/metrics.json
primary,centralized_lowdim_v1,,abs,gda,deterministic,centralized,2,,centralized_abs_gda_seed2,500,,0,0.001,0.01,,,0.0,1.0,0.15963593391831804,499,0.16317114808314226,0.15963593391831804,0.16317114808314226,28.706303596496582,False,validation,False,False,True,True,True,results/centralized_lowdim_v1/abs/gda/seed_2/effective_config.json,results/centralized_lowdim_v1/abs/gda/seed_2/metrics.json
primary,centralized_lowdim_v1,,abs,oadam,stochastic,centralized,0,,centralized_abs_oadam_seed0,500,,256,0.001,0.01,,,0.0,1.0,0.002452301260900929,293,0.0025611681405078635,0.050088390092220984,0.051634071007821886,23.414913654327393,False,validation,False,False,True,True,True,results/centralized_lowdim_v1/abs/oadam/seed_0/effective_config.json,results/centralized_lowdim_v1/abs/oadam/seed_0/metrics.json
primary,centralized_lowdim_v1,,abs,oadam,stochastic,centralized,1,,centralized_abs_oadam_seed1,500,,256,0.001,0.01,,,0.0,1.0,0.001860230969645918,367,0.001863966978189924,0.02682938980455641,0.026665649565852753,21.72865390777588,False,validation,False,False,True,True,True,results/centralized_lowdim_v1/abs/oadam/seed_1/effective_config.json,results/centralized_lowdim_v1/abs/oadam/seed_1/metrics.json
primary,centralized_lowdim_v1,,abs,oadam,stochastic,centralized,2,,centralized_abs_oadam_seed2,500,,256,0.001,0.01,,,0.0,1.0,0.0009024838437940774,146,0.0009134084095055021,0.0034848079694419064,0.0036061974557498404,20.474658727645874,False,validation,False,False,True,True,True,results/centralized_lowdim_v1/abs/oadam/seed_2/effective_config.json,results/centralized_lowdim_v1/abs/oadam/seed_2/metrics.json
primary,centralized_lowdim_v1,,abs,sgda,stochastic,centralized,0,,centralized_abs_sgda_seed0,500,,256,0.001,0.01,,,0.0,1.0,0.457139542471367,499,0.4730251810335294,0.457139542471367,0.4730251810335294,21.202409505844116,False,validation,False,False,True,True,True,results/centralized_lowdim_v1/abs/sgda/seed_0/effective_config.json,results/centralized_lowdim_v1/abs/sgda/seed_0/metrics.json
primary,centralized_lowdim_v1,,abs,sgda,stochastic,centralized,1,,centralized_abs_sgda_seed1,500,,256,0.001,0.01,,,0.0,1.0,0.2686326001770831,499,0.2748039198173379,0.2686326001770831,0.2748039198173379,23.950665712356567,False,validation,False,False,True,True,True,results/centralized_lowdim_v1/abs/sgda/seed_1/effective_config.json,results/centralized_lowdim_v1/abs/sgda/seed_1/metrics.json
primary,centralized_lowdim_v1,,abs,sgda,stochastic,centralized,2,,centralized_abs_sgda_seed2,500,,256,0.001,0.01,,,0.0,1.0,0.16046383011122003,499,0.16396291882773256,0.16046383011122003,0.16396291882773256,22.82737445831299,False,validation,False,False,True,True,True,results/centralized_lowdim_v1/abs/sgda/seed_2/effective_config.json,results/centralized_lowdim_v1/abs/sgda/seed_2/metrics.json
primary,centralized_lowdim_v1,,linear,gda,deterministic,centralized,0,,centralized_linear_gda_seed0,500,,0,0.001,0.01,,,0.0,1.0,0.18488320518528284,499,0.18997627237152961,0.18488320518528284,0.18997627237152961,31.169386386871338,False,validation,False,False,True,True,True,results/centralized_lowdim_v1/linear/gda/seed_0/effective_config.json,results/centralized_lowdim_v1/linear/gda/seed_0/metrics.json
primary,centralized_lowdim_v1,,linear,gda,deterministic,centralized,1,,centralized_linear_gda_seed1,500,,0,0.001,0.01,,,0.0,1.0,0.060440229724436974,499,0.06217460072183519,0.060440229724436974,0.06217460072183519,30.44187593460083,False,validation,False,False,True,True,True,results/centralized_lowdim_v1/linear/gda/seed_1/effective_config.json,results/centralized_lowdim_v1/linear/gda/seed_1/metrics.json
primary,centralized_lowdim_v1,,linear,gda,deterministic,centralized,2,,centralized_linear_gda_seed2,500,,0,0.001,0.01,,,0.0,1.0,0.0010294242014219945,345,0.001037977756403426,0.09334361194733377,0.09252798813990828,35.32429623603821,False,validation,False,False,True,True,True,results/centralized_lowdim_v1/linear/gda/seed_2/effective_config.json,results/centralized_lowdim_v1/linear/gda/seed_2/metrics.json
primary,centralized_lowdim_v1,,linear,oadam,stochastic,centralized,0,,centralized_linear_oadam_seed0,500,,256,0.001,0.01,,,0.0,1.0,0.00026428704740054355,196,0.00026491076410419093,0.039142445904836135,0.038438805462519036,22.484618425369263,False,validation,False,False,True,True,True,results/centralized_lowdim_v1/linear/oadam/seed_0/effective_config.json,results/centralized_lowdim_v1/linear/oadam/seed_0/metrics.json
primary,centralized_lowdim_v1,,linear,oadam,stochastic,centralized,1,,centralized_linear_oadam_seed1,500,,256,0.001,0.01,,,0.0,1.0,0.0005486386061580602,199,0.0005597226160668643,0.017527881654551717,0.01815513756954807,22.283177375793457,False,validation,False,False,True,True,True,results/centralized_lowdim_v1/linear/oadam/seed_1/effective_config.json,results/centralized_lowdim_v1/linear/oadam/seed_1/metrics.json
primary,centralized_lowdim_v1,,linear,oadam,stochastic,centralized,2,,centralized_linear_oadam_seed2,500,,256,0.001,0.01,,,0.0,1.0,0.00141896052137459,414,0.0014543578255949284,0.008226548798930599,0.00839947465908146,21.59378457069397,False,validation,False,False,True,True,True,results/centralized_lowdim_v1/linear/oadam/seed_2/effective_config.json,results/centralized_lowdim_v1/linear/oadam/seed_2/metrics.json
primary,centralized_lowdim_v1,,linear,sgda,stochastic,centralized,0,,centralized_linear_sgda_seed0,500,,256,0.001,0.01,,,0.0,1.0,0.1848142097663301,499,0.18998049831747515,0.1848142097663301,0.18998049831747515,21.926709175109863,False,validation,False,False,True,True,True,results/centralized_lowdim_v1/linear/sgda/seed_0/effective_config.json,results/centralized_lowdim_v1/linear/sgda/seed_0/metrics.json
primary,centralized_lowdim_v1,,linear,sgda,stochastic,centralized,1,,centralized_linear_sgda_seed1,500,,256,0.001,0.01,,,0.0,1.0,0.06452482129498024,499,0.06631273920384893,0.06452482129498024,0.06631273920384893,24.74034810066223,False,validation,False,False,True,True,True,results/centralized_lowdim_v1/linear/sgda/seed_1/effective_config.json,results/centralized_lowdim_v1/linear/sgda/seed_1/metrics.json
primary,centralized_lowdim_v1,,linear,sgda,stochastic,centralized,2,,centralized_linear_sgda_seed2,500,,256,0.001,0.01,,,0.0,1.0,0.0009429984136287884,348,0.0009483001223162807,0.089894662303383,0.08904819522382375,20.709988594055176,False,validation,False,False,True,True,True,results/centralized_lowdim_v1/linear/sgda/seed_2/effective_config.json,results/centralized_lowdim_v1/linear/sgda/seed_2/metrics.json
primary,centralized_lowdim_v1,,sin,gda,deterministic,centralized,0,,centralized_sin_gda_seed0,500,,0,0.001,0.01,,,0.0,1.0,0.12718338261990475,499,0.1267199772525377,0.12718338261990475,0.1267199772525377,33.79173469543457,False,validation,False,False,True,True,True,results/centralized_lowdim_v1/sin/gda/seed_0/effective_config.json,results/centralized_lowdim_v1/sin/gda/seed_0/metrics.json
primary,centralized_lowdim_v1,,sin,gda,deterministic,centralized,1,,centralized_sin_gda_seed1,500,,0,0.001,0.01,,,0.0,1.0,0.0908438636176544,288,0.09126717923584174,0.11897761672623837,0.1207480899856818,29.32490611076355,False,validation,False,False,True,True,True,results/centralized_lowdim_v1/sin/gda/seed_1/effective_config.json,results/centralized_lowdim_v1/sin/gda/seed_1/metrics.json
primary,centralized_lowdim_v1,,sin,gda,deterministic,centralized,2,,centralized_sin_gda_seed2,500,,0,0.001,0.01,,,0.0,1.0,0.08270152205458578,208,0.08542069344278429,0.1048064048013089,0.10901802590546295,30.43090581893921,False,validation,False,False,True,True,True,results/centralized_lowdim_v1/sin/gda/seed_2/effective_config.json,results/centralized_lowdim_v1/sin/gda/seed_2/metrics.json
primary,centralized_lowdim_v1,,sin,oadam,stochastic,centralized,0,,centralized_sin_oadam_seed0,500,,256,0.001,0.01,,,0.0,1.0,0.040151246673851296,499,0.04136998921084803,0.040151246673851296,0.04136998921084803,21.49788475036621,False,validation,False,False,True,True,True,results/centralized_lowdim_v1/sin/oadam/seed_0/effective_config.json,results/centralized_lowdim_v1/sin/oadam/seed_0/metrics.json
primary,centralized_lowdim_v1,,sin,oadam,stochastic,centralized,1,,centralized_sin_oadam_seed1,500,,256,0.001,0.01,,,0.0,1.0,0.033902544024302116,498,0.03458292035956873,0.034170298085305736,0.03504909269508951,22.856196403503418,False,validation,False,False,True,True,True,results/centralized_lowdim_v1/sin/oadam/seed_1/effective_config.json,results/centralized_lowdim_v1/sin/oadam/seed_1/metrics.json
primary,centralized_lowdim_v1,,sin,oadam,stochastic,centralized,2,,centralized_sin_oadam_seed2,500,,256,0.001,0.01,,,0.0,1.0,0.03633342841104923,495,0.037075447951065,0.04699258565565941,0.04795475344200251,21.46449041366577,False,validation,False,False,True,True,True,results/centralized_lowdim_v1/sin/oadam/seed_2/effective_config.json,results/centralized_lowdim_v1/sin/oadam/seed_2/metrics.json
primary,centralized_lowdim_v1,,sin,sgda,stochastic,centralized,0,,centralized_sin_sgda_seed0,500,,256,0.001,0.01,,,0.0,1.0,0.1266432717007928,499,0.1262000032522723,0.1266432717007928,0.1262000032522723,24.761783123016357,False,validation,False,False,True,True,True,results/centralized_lowdim_v1/sin/sgda/seed_0/effective_config.json,results/centralized_lowdim_v1/sin/sgda/seed_0/metrics.json
primary,centralized_lowdim_v1,,sin,sgda,stochastic,centralized,1,,centralized_sin_sgda_seed1,500,,256,0.001,0.01,,,0.0,1.0,0.0918007586956468,288,0.09220328635334309,0.11843874256069725,0.12024041422283735,21.71366786956787,False,validation,False,False,True,True,True,results/centralized_lowdim_v1/sin/sgda/seed_1/effective_config.json,results/centralized_lowdim_v1/sin/sgda/seed_1/metrics.json
primary,centralized_lowdim_v1,,sin,sgda,stochastic,centralized,2,,centralized_sin_sgda_seed2,500,,256,0.001,0.01,,,0.0,1.0,0.0825259977797009,206,0.08519411890375429,0.10570090486864434,0.1099107387781187,21.275120735168457,False,validation,False,False,True,True,True,results/centralized_lowdim_v1/sin/sgda/seed_2/effective_config.json,results/centralized_lowdim_v1/sin/sgda/seed_2/metrics.json
primary,centralized_lowdim_v1,,step,gda,deterministic,centralized,0,,centralized_step_gda_seed0,500,,0,0.001,0.01,,,0.0,1.0,0.0998471966266708,499,0.10085418027316843,0.0998471966266708,0.10085418027316843,33.70096826553345,False,validation,False,False,True,True,True,results/centralized_lowdim_v1/step/gda/seed_0/effective_config.json,results/centralized_lowdim_v1/step/gda/seed_0/metrics.json
primary,centralized_lowdim_v1,,step,gda,deterministic,centralized,1,,centralized_step_gda_seed1,500,,0,0.001,0.01,,,0.0,1.0,0.04602864234186397,340,0.046356853424594814,0.054742805222487104,0.05478953064708052,30.895087957382202,False,validation,False,False,True,True,True,results/centralized_lowdim_v1/step/gda/seed_1/effective_config.json,results/centralized_lowdim_v1/step/gda/seed_1/metrics.json
primary,centralized_lowdim_v1,,step,gda,deterministic,centralized,2,,centralized_step_gda_seed2,500,,0,0.001,0.01,,,0.0,1.0,0.02711343899349277,227,0.02756616175977892,0.05922505792497569,0.06080034816648595,29.252209663391113,False,validation,False,False,True,True,True,results/centralized_lowdim_v1/step/gda/seed_2/effective_config.json,results/centralized_lowdim_v1/step/gda/seed_2/metrics.json
primary,centralized_lowdim_v1,,step,oadam,stochastic,centralized,0,,centralized_step_oadam_seed0,500,,256,0.001,0.01,,,0.0,1.0,0.017543878947170563,492,0.017875128368278575,0.03204642295690591,0.03242381415706493,25.630146741867065,False,validation,False,False,True,True,True,results/centralized_lowdim_v1/step/oadam/seed_0/effective_config.json,results/centralized_lowdim_v1/step/oadam/seed_0/metrics.json
primary,centralized_lowdim_v1,,step,oadam,stochastic,centralized,1,,centralized_step_oadam_seed1,500,,256,0.001,0.01,,,0.0,1.0,0.01673041167963161,499,0.01689954924351908,0.01673041167963161,0.01689954924351908,22.608894109725952,False,validation,False,False,True,True,True,results/centralized_lowdim_v1/step/oadam/seed_1/effective_config.json,results/centralized_lowdim_v1/step/oadam/seed_1/metrics.json
primary,centralized_lowdim_v1,,step,oadam,stochastic,centralized,2,,centralized_step_oadam_seed2,500,,256,0.001,0.01,,,0.0,1.0,0.016643408641366625,498,0.01686736490852871,0.017339779956155148,0.017579706108875708,21.607488870620728,False,validation,False,False,True,True,True,results/centralized_lowdim_v1/step/oadam/seed_2/effective_config.json,results/centralized_lowdim_v1/step/oadam/seed_2/metrics.json
primary,centralized_lowdim_v1,,step,sgda,stochastic,centralized,0,,centralized_step_sgda_seed0,500,,256,0.001,0.01,,,0.0,1.0,0.09889824425387012,499,0.09993839179631007,0.09889824425387012,0.09993839179631007,21.81402349472046,False,validation,False,False,True,True,True,results/centralized_lowdim_v1/step/sgda/seed_0/effective_config.json,results/centralized_lowdim_v1/step/sgda/seed_0/metrics.json
primary,centralized_lowdim_v1,,step,sgda,stochastic,centralized,1,,centralized_step_sgda_seed1,500,,256,0.001,0.01,,,0.0,1.0,0.04675791724046566,345,0.04705868497803368,0.05447668294352016,0.054532054205056475,22.73801827430725,False,validation,False,False,True,True,True,results/centralized_lowdim_v1/step/sgda/seed_1/effective_config.json,results/centralized_lowdim_v1/step/sgda/seed_1/metrics.json
primary,centralized_lowdim_v1,,step,sgda,stochastic,centralized,2,,centralized_step_sgda_seed2,500,,256,0.001,0.01,,,0.0,1.0,0.02716828828655137,226,0.02760176339934863,0.061761480477376514,0.06329886174140302,21.51948595046997,False,validation,False,False,True,True,True,results/centralized_lowdim_v1/step/sgda/seed_2/effective_config.json,results/centralized_lowdim_v1/step/sgda/seed_2/metrics.json
smoke,centralized_lowdim_v1_smoke,,abs,gda,deterministic,centralized,0,,centralized_abs_gda_seed0,2,,0,0.001,0.01,,,0.0,1.0,2.647537724561854,0,2.712138455226392,2.6572434726292604,2.7220208425054957,0.48138904571533203,False,validation,False,False,True,True,True,results/centralized_lowdim_v1_smoke/abs/gda/seed_0/effective_config.json,results/centralized_lowdim_v1_smoke/abs/gda/seed_0/metrics.json
smoke,centralized_lowdim_v1_smoke,,abs,oadam,stochastic,centralized,0,,centralized_abs_oadam_seed0,2,,256,0.001,0.01,,,0.0,1.0,2.801590254739793,1,2.8653814042744936,2.801590254739793,2.8653814042744936,0.15030336380004883,False,validation,False,False,True,True,True,results/centralized_lowdim_v1_smoke/abs/oadam/seed_0/effective_config.json,results/centralized_lowdim_v1_smoke/abs/oadam/seed_0/metrics.json
smoke,centralized_lowdim_v1_smoke,,abs,sgda,stochastic,centralized,0,,centralized_abs_sgda_seed0,2,,256,0.001,0.01,,,0.0,1.0,2.6475632212861178,0,2.712167644240736,2.657403210571162,2.7222112412424506,0.24591827392578125,False,validation,False,False,True,True,True,results/centralized_lowdim_v1_smoke/abs/sgda/seed_0/effective_config.json,results/centralized_lowdim_v1_smoke/abs/sgda/seed_0/metrics.json
smoke,centralized_lowdim_v1_smoke_tiny,,abs,gda,deterministic,centralized,0,,centralized_abs_gda_seed0,2,,0,0.001,0.01,,,0.0,1.0,2.647537724561854,0,2.712138455226392,2.6572434726292604,2.7220208425054957,0.2065579891204834,False,validation,False,False,True,True,True,results/centralized_lowdim_v1_smoke_tiny/abs/gda/seed_0/effective_config.json,results/centralized_lowdim_v1_smoke_tiny/abs/gda/seed_0/metrics.json
smoke,centralized_lowdim_v1_smoke_tiny,,abs,oadam,stochastic,centralized,0,,centralized_abs_oadam_seed0,2,,256,0.001,0.01,,,0.0,1.0,2.801590254739793,1,2.8653814042744936,2.801590254739793,2.8653814042744936,0.15929174423217773,False,validation,False,False,True,True,True,results/centralized_lowdim_v1_smoke_tiny/abs/oadam/seed_0/effective_config.json,results/centralized_lowdim_v1_smoke_tiny/abs/oadam/seed_0/metrics.json
smoke,centralized_lowdim_v1_smoke_tiny,,abs,sgda,stochastic,centralized,0,,centralized_abs_sgda_seed0,2,,256,0.001,0.01,,,0.0,1.0,2.6475632212861178,0,2.712167644240736,2.657403210571162,2.7222112412424506,0.15252900123596191,False,validation,False,False,True,True,True,results/centralized_lowdim_v1_smoke_tiny/abs/sgda/seed_0/effective_config.json,results/centralized_lowdim_v1_smoke_tiny/abs/sgda/seed_0/metrics.json
tuning,centralized_lowdim_v1_tuning,c5_gda_sgda_lr_screen,abs,gda,deterministic,centralized,0,,centralized_abs_gda_seed0,500,,0,0.001,0.03,,,0.0,1.0,0.4594614632383272,499,0.47681153471026,0.4594614632383272,0.47681153471026,186.99347496032715,False,validation,False,False,True,True,True,results/centralized_lowdim_v1_tuning/c5_gda_sgda_lr_screen/abs/gda/seed_0/glr_0p001_flr_0p03/effective_config.json,results/centralized_lowdim_v1_tuning/c5_gda_sgda_lr_screen/abs/gda/seed_0/glr_0p001_flr_0p03/metrics.json
tuning,centralized_lowdim_v1_tuning,c5_gda_sgda_lr_screen,abs,gda,deterministic,centralized,0,,centralized_abs_gda_seed0,500,,0,0.002,0.01,,,0.0,1.0,0.3432543338034959,326,0.35037189350282777,0.36065688755338515,0.3722385235702896,108.8625636100769,False,validation,False,False,True,True,True,results/centralized_lowdim_v1_tuning/c5_gda_sgda_lr_screen/abs/gda/seed_0/glr_0p002_flr_0p01/effective_config.json,results/centralized_lowdim_v1_tuning/c5_gda_sgda_lr_screen/abs/gda/seed_0/glr_0p002_flr_0p01/metrics.json
tuning,centralized_lowdim_v1_tuning,c5_gda_sgda_lr_screen,abs,gda,deterministic,centralized,0,,centralized_abs_gda_seed0,500,,0,0.002,0.03,,,0.0,1.0,0.23257030102425588,499,0.23853900146457407,0.23257030102425588,0.23853900146457407,100.37738919258118,False,validation,False,False,True,True,True,results/centralized_lowdim_v1_tuning/c5_gda_sgda_lr_screen/abs/gda/seed_0/glr_0p002_flr_0p03/effective_config.json,results/centralized_lowdim_v1_tuning/c5_gda_sgda_lr_screen/abs/gda/seed_0/glr_0p002_flr_0p03/metrics.json
tuning,centralized_lowdim_v1_tuning,c5_gda_sgda_lr_screen,abs,gda,deterministic,centralized,0,,centralized_abs_gda_seed0,500,,0,0.005,0.01,,,0.0,1.0,0.291750951825973,374,0.29878025125769875,0.31234620911451205,0.3133172637242501,101.14184331893921,False,validation,False,False,True,True,True,results/centralized_lowdim_v1_tuning/c5_gda_sgda_lr_screen/abs/gda/seed_0/glr_0p005_flr_0p01/effective_config.json,results/centralized_lowdim_v1_tuning/c5_gda_sgda_lr_screen/abs/gda/seed_0/glr_0p005_flr_0p01/metrics.json
tuning,centralized_lowdim_v1_tuning,c5_gda_sgda_lr_screen,abs,gda,deterministic,centralized,0,,centralized_abs_gda_seed0,500,,0,0.005,0.03,,,0.0,1.0,0.05302576367829993,499,0.054314857088677705,0.05302576367829993,0.054314857088677705,102.57512831687927,False,validation,False,False,True,True,True,results/centralized_lowdim_v1_tuning/c5_gda_sgda_lr_screen/abs/gda/seed_0/glr_0p005_flr_0p03/effective_config.json,results/centralized_lowdim_v1_tuning/c5_gda_sgda_lr_screen/abs/gda/seed_0/glr_0p005_flr_0p03/metrics.json
tuning,centralized_lowdim_v1_tuning,c5_gda_sgda_lr_screen,abs,sgda,stochastic,centralized,0,,centralized_abs_sgda_seed0,500,,256,0.001,0.03,,,0.0,1.0,0.45632566270552216,499,0.47348484122033924,0.45632566270552216,0.47348484122033924,71.02874946594238,False,validation,False,False,True,True,True,results/centralized_lowdim_v1_tuning/c5_gda_sgda_lr_screen/abs/sgda/seed_0/glr_0p001_flr_0p03/effective_config.json,results/centralized_lowdim_v1_tuning/c5_gda_sgda_lr_screen/abs/sgda/seed_0/glr_0p001_flr_0p03/metrics.json
tuning,centralized_lowdim_v1_tuning,c5_gda_sgda_lr_screen,abs,sgda,stochastic,centralized,0,,centralized_abs_sgda_seed0,500,,256,0.002,0.01,,,0.0,1.0,0.34141171008493587,327,0.3483727601882681,0.35368385533526,0.3647563198231664,79.32969880104065,False,validation,False,False,True,True,True,results/centralized_lowdim_v1_tuning/c5_gda_sgda_lr_screen/abs/sgda/seed_0/glr_0p002_flr_0p01/effective_config.json,results/centralized_lowdim_v1_tuning/c5_gda_sgda_lr_screen/abs/sgda/seed_0/glr_0p002_flr_0p01/metrics.json
tuning,centralized_lowdim_v1_tuning,c5_gda_sgda_lr_screen,abs,sgda,stochastic,centralized,0,,centralized_abs_sgda_seed0,500,,256,0.002,0.03,,,0.0,1.0,0.2289706860771763,499,0.23457690770327386,0.2289706860771763,0.23457690770327386,69.11074948310852,False,validation,False,False,True,True,True,results/centralized_lowdim_v1_tuning/c5_gda_sgda_lr_screen/abs/sgda/seed_0/glr_0p002_flr_0p03/effective_config.json,results/centralized_lowdim_v1_tuning/c5_gda_sgda_lr_screen/abs/sgda/seed_0/glr_0p002_flr_0p03/metrics.json
tuning,centralized_lowdim_v1_tuning,c5_gda_sgda_lr_screen,abs,sgda,stochastic,centralized,0,,centralized_abs_sgda_seed0,500,,256,0.005,0.01,,,0.0,1.0,0.29464732891052037,376,0.30191383817169815,0.3046050183165706,0.3054904323997099,59.33615159988403,False,validation,False,False,True,True,True,results/centralized_lowdim_v1_tuning/c5_gda_sgda_lr_screen/abs/sgda/seed_0/glr_0p005_flr_0p01/effective_config.json,results/centralized_lowdim_v1_tuning/c5_gda_sgda_lr_screen/abs/sgda/seed_0/glr_0p005_flr_0p01/metrics.json
tuning,centralized_lowdim_v1_tuning,c5_gda_sgda_lr_screen,abs,sgda,stochastic,centralized,0,,centralized_abs_sgda_seed0,500,,256,0.005,0.03,,,0.0,1.0,0.050380845932419975,499,0.05147121728718953,0.050380845932419975,0.05147121728718953,77.65493202209473,False,validation,False,False,True,True,True,results/centralized_lowdim_v1_tuning/c5_gda_sgda_lr_screen/abs/sgda/seed_0/glr_0p005_flr_0p03/effective_config.json,results/centralized_lowdim_v1_tuning/c5_gda_sgda_lr_screen/abs/sgda/seed_0/glr_0p005_flr_0p03/metrics.json
tuning,centralized_lowdim_v1_tuning,c5_gda_sgda_lr_screen,linear,gda,deterministic,centralized,0,,centralized_linear_gda_seed0,500,,0,0.001,0.03,,,0.0,1.0,0.1707704682595285,499,0.17748241080604737,0.1707704682595285,0.17748241080604737,89.67877650260925,False,validation,False,False,True,True,True,results/centralized_lowdim_v1_tuning/c5_gda_sgda_lr_screen/linear/gda/seed_0/glr_0p001_flr_0p03/effective_config.json,results/centralized_lowdim_v1_tuning/c5_gda_sgda_lr_screen/linear/gda/seed_0/glr_0p001_flr_0p03/metrics.json
tuning,centralized_lowdim_v1_tuning,c5_gda_sgda_lr_screen,linear,gda,deterministic,centralized,0,,centralized_linear_gda_seed0,500,,0,0.002,0.01,,,0.0,1.0,0.021077833696030966,478,0.02150043607336113,0.0337091867308718,0.03469603921119169,126.24150061607361,False,validation,False,False,True,True,True,results/centralized_lowdim_v1_tuning/c5_gda_sgda_lr_screen/linear/gda/seed_0/glr_0p002_flr_0p01/effective_config.json,results/centralized_lowdim_v1_tuning/c5_gda_sgda_lr_screen/linear/gda/seed_0/glr_0p002_flr_0p01/metrics.json
tuning,centralized_lowdim_v1_tuning,c5_gda_sgda_lr_screen,linear,gda,deterministic,centralized,0,,centralized_linear_gda_seed0,500,,0,0.002,0.03,,,0.0,1.0,0.025824697150732972,361,0.02671626205404894,0.13555863645807043,0.1332795520055538,124.01082563400269,False,validation,False,False,True,True,True,results/centralized_lowdim_v1_tuning/c5_gda_sgda_lr_screen/linear/gda/seed_0/glr_0p002_flr_0p03/effective_config.json,results/centralized_lowdim_v1_tuning/c5_gda_sgda_lr_screen/linear/gda/seed_0/glr_0p002_flr_0p03/metrics.json
tuning,centralized_lowdim_v1_tuning,c5_gda_sgda_lr_screen,linear,gda,deterministic,centralized,0,,centralized_linear_gda_seed0,500,,0,0.005,0.01,,,0.0,1.0,0.023577555557787313,274,0.0240733722707677,0.17815568698725046,0.18126137812021553,106.41112446784973,False,validation,False,False,True,True,True,results/centralized_lowdim_v1_tuning/c5_gda_sgda_lr_screen/linear/gda/seed_0/glr_0p005_flr_0p01/effective_config.json,results/centralized_lowdim_v1_tuning/c5_gda_sgda_lr_screen/linear/gda/seed_0/glr_0p005_flr_0p01/metrics.json
tuning,centralized_lowdim_v1_tuning,c5_gda_sgda_lr_screen,linear,gda,deterministic,centralized,0,,centralized_linear_gda_seed0,500,,0,0.005,0.03,,,0.0,1.0,0.015301129722497654,440,0.015596942119116596,0.07899031620676357,0.07755469605159047,108.9588725566864,False,validation,False,False,True,True,True,results/centralized_lowdim_v1_tuning/c5_gda_sgda_lr_screen/linear/gda/seed_0/glr_0p005_flr_0p03/effective_config.json,results/centralized_lowdim_v1_tuning/c5_gda_sgda_lr_screen/linear/gda/seed_0/glr_0p005_flr_0p03/metrics.json
tuning,centralized_lowdim_v1_tuning,c5_gda_sgda_lr_screen,linear,sgda,stochastic,centralized,0,,centralized_linear_sgda_seed0,500,,256,0.001,0.03,,,0.0,1.0,0.1717303989612753,499,0.1784260632604047,0.1717303989612753,0.1784260632604047,75.76657891273499,False,validation,False,False,True,True,True,results/centralized_lowdim_v1_tuning/c5_gda_sgda_lr_screen/linear/sgda/seed_0/glr_0p001_flr_0p03/effective_config.json,results/centralized_lowdim_v1_tuning/c5_gda_sgda_lr_screen/linear/sgda/seed_0/glr_0p001_flr_0p03/metrics.json
tuning,centralized_lowdim_v1_tuning,c5_gda_sgda_lr_screen,linear,sgda,stochastic,centralized,0,,centralized_linear_sgda_seed0,500,,256,0.002,0.01,,,0.0,1.0,0.020614207327313533,479,0.020985866774093795,0.03121256985125555,0.03201860365258621,76.92665266990662,False,validation,False,False,True,True,True,results/centralized_lowdim_v1_tuning/c5_gda_sgda_lr_screen/linear/sgda/seed_0/glr_0p002_flr_0p01/effective_config.json,results/centralized_lowdim_v1_tuning/c5_gda_sgda_lr_screen/linear/sgda/seed_0/glr_0p002_flr_0p01/metrics.json
tuning,centralized_lowdim_v1_tuning,c5_gda_sgda_lr_screen,linear,sgda,stochastic,centralized,0,,centralized_linear_sgda_seed0,500,,256,0.002,0.03,,,0.0,1.0,0.025330923737568047,360,0.02619095663036838,0.13606097845092568,0.13382478782874746,69.22218227386475,False,validation,False,False,True,True,True,results/centralized_lowdim_v1_tuning/c5_gda_sgda_lr_screen/linear/sgda/seed_0/glr_0p002_flr_0p03/effective_config.json,results/centralized_lowdim_v1_tuning/c5_gda_sgda_lr_screen/linear/sgda/seed_0/glr_0p002_flr_0p03/metrics.json
tuning,centralized_lowdim_v1_tuning,c5_gda_sgda_lr_screen,linear,sgda,stochastic,centralized,0,,centralized_linear_sgda_seed0,500,,256,0.005,0.01,,,0.0,1.0,0.022069915768621634,276,0.022509430058715103,0.12887027649011948,0.1310250330120953,70.92970085144043,False,validation,False,False,True,True,True,results/centralized_lowdim_v1_tuning/c5_gda_sgda_lr_screen/linear/sgda/seed_0/glr_0p005_flr_0p01/effective_config.json,results/centralized_lowdim_v1_tuning/c5_gda_sgda_lr_screen/linear/sgda/seed_0/glr_0p005_flr_0p01/metrics.json
tuning,centralized_lowdim_v1_tuning,c5_gda_sgda_lr_screen,linear,sgda,stochastic,centralized,0,,centralized_linear_sgda_seed0,500,,256,0.005,0.03,,,0.0,1.0,0.010889469178672782,434,0.011146386879056738,0.10145125795078352,0.09941223116147384,64.2149977684021,False,validation,False,False,True,True,True,results/centralized_lowdim_v1_tuning/c5_gda_sgda_lr_screen/linear/sgda/seed_0/glr_0p005_flr_0p03/effective_config.json,results/centralized_lowdim_v1_tuning/c5_gda_sgda_lr_screen/linear/sgda/seed_0/glr_0p005_flr_0p03/metrics.json
tuning,centralized_lowdim_v1_tuning,c5_gda_sgda_lr_screen,sin,gda,deterministic,centralized,0,,centralized_sin_gda_seed0,500,,0,0.001,0.03,,,0.0,1.0,0.12003214452834009,499,0.11967369173503013,0.12003214452834009,0.11967369173503013,191.06335830688477,False,validation,False,False,True,True,True,results/centralized_lowdim_v1_tuning/c5_gda_sgda_lr_screen/sin/gda/seed_0/glr_0p001_flr_0p03/effective_config.json,results/centralized_lowdim_v1_tuning/c5_gda_sgda_lr_screen/sin/gda/seed_0/glr_0p001_flr_0p03/metrics.json
tuning,centralized_lowdim_v1_tuning,c5_gda_sgda_lr_screen,sin,gda,deterministic,centralized,0,,centralized_sin_gda_seed0,500,,0,0.002,0.01,,,0.0,1.0,0.10981624437456274,284,0.11017645070057991,0.1411550775828996,0.1410283753305926,137.0080041885376,False,validation,False,False,True,True,True,results/centralized_lowdim_v1_tuning/c5_gda_sgda_lr_screen/sin/gda/seed_0/glr_0p002_flr_0p01/effective_config.json,results/centralized_lowdim_v1_tuning/c5_gda_sgda_lr_screen/sin/gda/seed_0/glr_0p002_flr_0p01/metrics.json
tuning,centralized_lowdim_v1_tuning,c5_gda_sgda_lr_screen,sin,gda,deterministic,centralized,0,,centralized_sin_gda_seed0,500,,0,0.002,0.03,,,0.0,1.0,0.1048110575712053,343,0.10522408631618516,0.10865061093378663,0.10978685299510332,195.1083037853241,False,validation,False,False,True,True,True,results/centralized_lowdim_v1_tuning/c5_gda_sgda_lr_screen/sin/gda/seed_0/glr_0p002_flr_0p03/effective_config.json,results/centralized_lowdim_v1_tuning/c5_gda_sgda_lr_screen/sin/gda/seed_0/glr_0p002_flr_0p03/metrics.json
tuning,centralized_lowdim_v1_tuning,c5_gda_sgda_lr_screen,sin,gda,deterministic,centralized,0,,centralized_sin_gda_seed0,500,,0,0.005,0.01,,,0.0,1.0,0.1027194008819034,454,0.10363913679866546,0.17390481500167065,0.17288187416014494,159.9971101284027,False,validation,False,False,True,True,True,results/centralized_lowdim_v1_tuning/c5_gda_sgda_lr_screen/sin/gda/seed_0/glr_0p005_flr_0p01/effective_config.json,results/centralized_lowdim_v1_tuning/c5_gda_sgda_lr_screen/sin/gda/seed_0/glr_0p005_flr_0p01/metrics.json
tuning,centralized_lowdim_v1_tuning,c5_gda_sgda_lr_screen,sin,gda,deterministic,centralized,0,,centralized_sin_gda_seed0,500,,0,0.005,0.03,,,0.0,1.0,0.09374256732495806,470,0.0948203372384028,0.09753548528456497,0.09890828284303067,381.527845621109,False,validation,False,False,True,True,True,results/centralized_lowdim_v1_tuning/c5_gda_sgda_lr_screen/sin/gda/seed_0/glr_0p005_flr_0p03/effective_config.json,results/centralized_lowdim_v1_tuning/c5_gda_sgda_lr_screen/sin/gda/seed_0/glr_0p005_flr_0p03/metrics.json
tuning,centralized_lowdim_v1_tuning,c5_gda_sgda_lr_screen,sin,sgda,stochastic,centralized,0,,centralized_sin_sgda_seed0,500,,256,0.001,0.03,,,0.0,1.0,0.12073985020304279,499,0.12037234241875276,0.12073985020304279,0.12037234241875276,73.46384835243225,False,validation,False,False,True,True,True,results/centralized_lowdim_v1_tuning/c5_gda_sgda_lr_screen/sin/sgda/seed_0/glr_0p001_flr_0p03/effective_config.json,results/centralized_lowdim_v1_tuning/c5_gda_sgda_lr_screen/sin/sgda/seed_0/glr_0p001_flr_0p03/metrics.json
tuning,centralized_lowdim_v1_tuning,c5_gda_sgda_lr_screen,sin,sgda,stochastic,centralized,0,,centralized_sin_sgda_seed0,500,,256,0.002,0.01,,,0.0,1.0,0.10984450528526597,286,0.11027708949355292,0.13802280729274682,0.13787484643770534,236.162428855896,False,validation,False,False,True,True,True,results/centralized_lowdim_v1_tuning/c5_gda_sgda_lr_screen/sin/sgda/seed_0/glr_0p002_flr_0p01/effective_config.json,results/centralized_lowdim_v1_tuning/c5_gda_sgda_lr_screen/sin/sgda/seed_0/glr_0p002_flr_0p01/metrics.json
tuning,centralized_lowdim_v1_tuning,c5_gda_sgda_lr_screen,sin,sgda,stochastic,centralized,0,,centralized_sin_sgda_seed0,500,,256,0.002,0.03,,,0.0,1.0,0.10465473144780219,348,0.10508070310290886,0.11322718469380684,0.11453220614004052,169.86829686164856,False,validation,False,False,True,True,True,results/centralized_lowdim_v1_tuning/c5_gda_sgda_lr_screen/sin/sgda/seed_0/glr_0p002_flr_0p03/effective_config.json,results/centralized_lowdim_v1_tuning/c5_gda_sgda_lr_screen/sin/sgda/seed_0/glr_0p002_flr_0p03/metrics.json
tuning,centralized_lowdim_v1_tuning,c5_gda_sgda_lr_screen,sin,sgda,stochastic,centralized,0,,centralized_sin_sgda_seed0,500,,256,0.005,0.01,,,0.0,1.0,0.1023126864132813,457,0.10322600484614784,0.16768687406986627,0.16677257957688202,231.0481595993042,False,validation,False,False,True,True,True,results/centralized_lowdim_v1_tuning/c5_gda_sgda_lr_screen/sin/sgda/seed_0/glr_0p005_flr_0p01/effective_config.json,results/centralized_lowdim_v1_tuning/c5_gda_sgda_lr_screen/sin/sgda/seed_0/glr_0p005_flr_0p01/metrics.json
tuning,centralized_lowdim_v1_tuning,c5_gda_sgda_lr_screen,sin,sgda,stochastic,centralized,0,,centralized_sin_sgda_seed0,500,,256,0.005,0.03,,,0.0,1.0,0.09440103388577842,459,0.09568293542117115,0.10278271386847965,0.1042182379283322,186.57301473617554,False,validation,False,False,True,True,True,results/centralized_lowdim_v1_tuning/c5_gda_sgda_lr_screen/sin/sgda/seed_0/glr_0p005_flr_0p03/effective_config.json,results/centralized_lowdim_v1_tuning/c5_gda_sgda_lr_screen/sin/sgda/seed_0/glr_0p005_flr_0p03/metrics.json
tuning,centralized_lowdim_v1_tuning,c5_gda_sgda_lr_screen,step,gda,deterministic,centralized,0,,centralized_step_gda_seed0,500,,0,0.001,0.03,,,0.0,1.0,0.08954183956304662,499,0.09061435418003529,0.08954183956304662,0.09061435418003529,118.0921700000763,False,validation,False,False,True,True,True,results/centralized_lowdim_v1_tuning/c5_gda_sgda_lr_screen/step/gda/seed_0/glr_0p001_flr_0p03/effective_config.json,results/centralized_lowdim_v1_tuning/c5_gda_sgda_lr_screen/step/gda/seed_0/glr_0p001_flr_0p03/metrics.json
tuning,centralized_lowdim_v1_tuning,c5_gda_sgda_lr_screen,step,gda,deterministic,centralized,0,,centralized_step_gda_seed0,500,,0,0.002,0.01,,,0.0,1.0,0.058687260310526526,286,0.05886856537455003,0.08636648850905945,0.08791839623799273,159.7633454799652,False,validation,False,False,True,True,True,results/centralized_lowdim_v1_tuning/c5_gda_sgda_lr_screen/step/gda/seed_0/glr_0p002_flr_0p01/effective_config.json,results/centralized_lowdim_v1_tuning/c5_gda_sgda_lr_screen/step/gda/seed_0/glr_0p002_flr_0p01/metrics.json
tuning,centralized_lowdim_v1_tuning,c5_gda_sgda_lr_screen,step,gda,deterministic,centralized,0,,centralized_step_gda_seed0,500,,0,0.002,0.03,,,0.0,1.0,0.04994864171735635,347,0.05021967337183124,0.06117204107858569,0.06139406724636595,166.78615021705627,False,validation,False,False,True,True,True,results/centralized_lowdim_v1_tuning/c5_gda_sgda_lr_screen/step/gda/seed_0/glr_0p002_flr_0p03/effective_config.json,results/centralized_lowdim_v1_tuning/c5_gda_sgda_lr_screen/step/gda/seed_0/glr_0p002_flr_0p03/metrics.json
tuning,centralized_lowdim_v1_tuning,c5_gda_sgda_lr_screen,step,gda,deterministic,centralized,0,,centralized_step_gda_seed0,500,,0,0.005,0.01,,,0.0,1.0,0.04808343360907429,451,0.048441317593093385,0.1266717767192224,0.1263665446168391,110.32291841506958,False,validation,False,False,True,True,True,results/centralized_lowdim_v1_tuning/c5_gda_sgda_lr_screen/step/gda/seed_0/glr_0p005_flr_0p01/effective_config.json,results/centralized_lowdim_v1_tuning/c5_gda_sgda_lr_screen/step/gda/seed_0/glr_0p005_flr_0p01/metrics.json
tuning,centralized_lowdim_v1_tuning,c5_gda_sgda_lr_screen,step,gda,deterministic,centralized,0,,centralized_step_gda_seed0,500,,0,0.005,0.03,,,0.0,1.0,0.03809920333915281,473,0.03836291758160272,0.04189398356261052,0.04219264190675902,117.66667199134827,False,validation,False,False,True,True,True,results/centralized_lowdim_v1_tuning/c5_gda_sgda_lr_screen/step/gda/seed_0/glr_0p005_flr_0p03/effective_config.json,results/centralized_lowdim_v1_tuning/c5_gda_sgda_lr_screen/step/gda/seed_0/glr_0p005_flr_0p03/metrics.json
tuning,centralized_lowdim_v1_tuning,c5_gda_sgda_lr_screen,step,sgda,stochastic,centralized,0,,centralized_step_sgda_seed0,500,,256,0.001,0.03,,,0.0,1.0,0.09062553651946849,499,0.09168451798106098,0.09062553651946849,0.09168451798106098,65.12395668029785,False,validation,False,False,True,True,True,results/centralized_lowdim_v1_tuning/c5_gda_sgda_lr_screen/step/sgda/seed_0/glr_0p001_flr_0p03/effective_config.json,results/centralized_lowdim_v1_tuning/c5_gda_sgda_lr_screen/step/sgda/seed_0/glr_0p001_flr_0p03/metrics.json
tuning,centralized_lowdim_v1_tuning,c5_gda_sgda_lr_screen,step,sgda,stochastic,centralized,0,,centralized_step_sgda_seed0,500,,256,0.002,0.01,,,0.0,1.0,0.057856206815838127,288,0.05801314423854464,0.08310622254412282,0.08453873944253415,85.48765301704407,False,validation,False,False,True,True,True,results/centralized_lowdim_v1_tuning/c5_gda_sgda_lr_screen/step/sgda/seed_0/glr_0p002_flr_0p01/effective_config.json,results/centralized_lowdim_v1_tuning/c5_gda_sgda_lr_screen/step/sgda/seed_0/glr_0p002_flr_0p01/metrics.json
tuning,centralized_lowdim_v1_tuning,c5_gda_sgda_lr_screen,step,sgda,stochastic,centralized,0,,centralized_step_sgda_seed0,500,,256,0.002,0.03,,,0.0,1.0,0.04973180486883847,351,0.05000369577479201,0.0658445543872806,0.06607260721771345,74.81494498252869,False,validation,False,False,True,True,True,results/centralized_lowdim_v1_tuning/c5_gda_sgda_lr_screen/step/sgda/seed_0/glr_0p002_flr_0p03/effective_config.json,results/centralized_lowdim_v1_tuning/c5_gda_sgda_lr_screen/step/sgda/seed_0/glr_0p002_flr_0p03/metrics.json
tuning,centralized_lowdim_v1_tuning,c5_gda_sgda_lr_screen,step,sgda,stochastic,centralized,0,,centralized_step_sgda_seed0,500,,256,0.005,0.01,,,0.0,1.0,0.04745803556154531,455,0.04781567133945929,0.11913620196446513,0.11887291629835597,73.01207327842712,False,validation,False,False,True,True,True,results/centralized_lowdim_v1_tuning/c5_gda_sgda_lr_screen/step/sgda/seed_0/glr_0p005_flr_0p01/effective_config.json,results/centralized_lowdim_v1_tuning/c5_gda_sgda_lr_screen/step/sgda/seed_0/glr_0p005_flr_0p01/metrics.json
tuning,centralized_lowdim_v1_tuning,c5_gda_sgda_lr_screen,step,sgda,stochastic,centralized,0,,centralized_step_sgda_seed0,500,,256,0.005,0.03,,,0.0,1.0,0.03829504144146457,463,0.0385907852720464,0.04871841070722711,0.0489508200444193,86.82198762893677,False,validation,False,False,True,True,True,results/centralized_lowdim_v1_tuning/c5_gda_sgda_lr_screen/step/sgda/seed_0/glr_0p005_flr_0p03/effective_config.json,results/centralized_lowdim_v1_tuning/c5_gda_sgda_lr_screen/step/sgda/seed_0/glr_0p005_flr_0p03/metrics.json
tuning,centralized_lowdim_v1_tuning,c5b_gda_sgda_lr_confirm,abs,gda,deterministic,centralized,1,,centralized_abs_gda_seed1,500,,0,0.005,0.03,,,0.0,1.0,0.10632701740698818,499,0.10983557881627441,0.10632701740698818,0.10983557881627441,169.44548439979553,False,validation,False,False,True,True,True,results/centralized_lowdim_v1_tuning/c5b_gda_sgda_lr_confirm/abs/gda/seed_1/glr_0p005_flr_0p03/effective_config.json,results/centralized_lowdim_v1_tuning/c5b_gda_sgda_lr_confirm/abs/gda/seed_1/glr_0p005_flr_0p03/metrics.json
tuning,centralized_lowdim_v1_tuning,c5b_gda_sgda_lr_confirm,abs,gda,deterministic,centralized,2,,centralized_abs_gda_seed2,500,,0,0.005,0.03,,,0.0,1.0,0.004204602522418393,499,0.004356505613566896,0.004204602522418393,0.004356505613566896,399.8453862667084,False,validation,False,False,True,True,True,results/centralized_lowdim_v1_tuning/c5b_gda_sgda_lr_confirm/abs/gda/seed_2/glr_0p005_flr_0p03/effective_config.json,results/centralized_lowdim_v1_tuning/c5b_gda_sgda_lr_confirm/abs/gda/seed_2/glr_0p005_flr_0p03/metrics.json
tuning,centralized_lowdim_v1_tuning,c5b_gda_sgda_lr_confirm,abs,sgda,stochastic,centralized,1,,centralized_abs_sgda_seed1,500,,256,0.005,0.03,,,0.0,1.0,0.11010715280738495,499,0.11368856159290733,0.11010715280738495,0.11368856159290733,282.9353199005127,False,validation,False,False,True,True,True,results/centralized_lowdim_v1_tuning/c5b_gda_sgda_lr_confirm/abs/sgda/seed_1/glr_0p005_flr_0p03/effective_config.json,results/centralized_lowdim_v1_tuning/c5b_gda_sgda_lr_confirm/abs/sgda/seed_1/glr_0p005_flr_0p03/metrics.json
tuning,centralized_lowdim_v1_tuning,c5b_gda_sgda_lr_confirm,abs,sgda,stochastic,centralized,2,,centralized_abs_sgda_seed2,500,,256,0.005,0.03,,,0.0,1.0,0.00349665773829746,499,0.003614945186955071,0.00349665773829746,0.003614945186955071,218.23462629318237,False,validation,False,False,True,True,True,results/centralized_lowdim_v1_tuning/c5b_gda_sgda_lr_confirm/abs/sgda/seed_2/glr_0p005_flr_0p03/effective_config.json,results/centralized_lowdim_v1_tuning/c5b_gda_sgda_lr_confirm/abs/sgda/seed_2/glr_0p005_flr_0p03/metrics.json
tuning,centralized_lowdim_v1_tuning,c5b_gda_sgda_lr_confirm,linear,gda,deterministic,centralized,1,,centralized_linear_gda_seed1,500,,0,0.005,0.03,,,0.0,1.0,0.011748277213242068,319,0.012042814708910358,0.024734179388964755,0.02600928585743516,189.20233416557312,False,validation,False,False,True,True,True,results/centralized_lowdim_v1_tuning/c5b_gda_sgda_lr_confirm/linear/gda/seed_1/glr_0p005_flr_0p03/effective_config.json,results/centralized_lowdim_v1_tuning/c5b_gda_sgda_lr_confirm/linear/gda/seed_1/glr_0p005_flr_0p03/metrics.json
tuning,centralized_lowdim_v1_tuning,c5b_gda_sgda_lr_confirm,linear,gda,deterministic,centralized,2,,centralized_linear_gda_seed2,500,,0,0.005,0.03,,,0.0,1.0,0.0009900679516931454,73,0.0009915312770676994,0.05083490518907474,0.050379380143635646,151.18380165100098,False,validation,False,False,True,True,True,results/centralized_lowdim_v1_tuning/c5b_gda_sgda_lr_confirm/linear/gda/seed_2/glr_0p005_flr_0p03/effective_config.json,results/centralized_lowdim_v1_tuning/c5b_gda_sgda_lr_confirm/linear/gda/seed_2/glr_0p005_flr_0p03/metrics.json
tuning,centralized_lowdim_v1_tuning,c5b_gda_sgda_lr_confirm,linear,sgda,stochastic,centralized,1,,centralized_linear_sgda_seed1,500,,256,0.005,0.03,,,0.0,1.0,0.011371893185553586,320,0.011690063027747406,0.025497102258106117,0.026781550794295214,116.85359644889832,False,validation,False,False,True,True,True,results/centralized_lowdim_v1_tuning/c5b_gda_sgda_lr_confirm/linear/sgda/seed_1/glr_0p005_flr_0p03/effective_config.json,results/centralized_lowdim_v1_tuning/c5b_gda_sgda_lr_confirm/linear/sgda/seed_1/glr_0p005_flr_0p03/metrics.json
tuning,centralized_lowdim_v1_tuning,c5b_gda_sgda_lr_confirm,linear,sgda,stochastic,centralized,2,,centralized_linear_sgda_seed2,500,,256,0.005,0.03,,,0.0,1.0,0.0011519770934856305,73,0.0011554443949617263,0.04812963501085613,0.04770785152391305,97.37209463119507,False,validation,False,False,True,True,True,results/centralized_lowdim_v1_tuning/c5b_gda_sgda_lr_confirm/linear/sgda/seed_2/glr_0p005_flr_0p03/effective_config.json,results/centralized_lowdim_v1_tuning/c5b_gda_sgda_lr_confirm/linear/sgda/seed_2/glr_0p005_flr_0p03/metrics.json
tuning,centralized_lowdim_v1_tuning,c5b_gda_sgda_lr_confirm,sin,gda,deterministic,centralized,1,,centralized_sin_gda_seed1,500,,0,0.005,0.03,,,0.0,1.0,0.0801376191109789,468,0.08118429031668362,0.08261122741997386,0.08403226923094712,147.9752378463745,False,validation,False,False,True,True,True,results/centralized_lowdim_v1_tuning/c5b_gda_sgda_lr_confirm/sin/gda/seed_1/glr_0p005_flr_0p03/effective_config.json,results/centralized_lowdim_v1_tuning/c5b_gda_sgda_lr_confirm/sin/gda/seed_1/glr_0p005_flr_0p03/metrics.json
tuning,centralized_lowdim_v1_tuning,c5b_gda_sgda_lr_confirm,sin,gda,deterministic,centralized,2,,centralized_sin_gda_seed2,500,,0,0.005,0.03,,,0.0,1.0,0.08276295925994495,458,0.08534746667293774,0.08294334327171847,0.08533846782872886,179.97735118865967,False,validation,False,False,True,True,True,results/centralized_lowdim_v1_tuning/c5b_gda_sgda_lr_confirm/sin/gda/seed_2/glr_0p005_flr_0p03/effective_config.json,results/centralized_lowdim_v1_tuning/c5b_gda_sgda_lr_confirm/sin/gda/seed_2/glr_0p005_flr_0p03/metrics.json
tuning,centralized_lowdim_v1_tuning,c5b_gda_sgda_lr_confirm,sin,sgda,stochastic,centralized,1,,centralized_sin_sgda_seed1,500,,256,0.005,0.03,,,0.0,1.0,0.08054649712154029,455,0.08171502878435061,0.08559305702278565,0.08712774396704391,123.14332246780396,False,validation,False,False,True,True,True,results/centralized_lowdim_v1_tuning/c5b_gda_sgda_lr_confirm/sin/sgda/seed_1/glr_0p005_flr_0p03/effective_config.json,results/centralized_lowdim_v1_tuning/c5b_gda_sgda_lr_confirm/sin/sgda/seed_1/glr_0p005_flr_0p03/metrics.json
tuning,centralized_lowdim_v1_tuning,c5b_gda_sgda_lr_confirm,sin,sgda,stochastic,centralized,2,,centralized_sin_sgda_seed2,500,,256,0.005,0.03,,,0.0,1.0,0.08311841282108942,181,0.08564188668616475,0.0839958735415394,0.08647976449475248,117.55213499069214,False,validation,False,False,True,True,True,results/centralized_lowdim_v1_tuning/c5b_gda_sgda_lr_confirm/sin/sgda/seed_2/glr_0p005_flr_0p03/effective_config.json,results/centralized_lowdim_v1_tuning/c5b_gda_sgda_lr_confirm/sin/sgda/seed_2/glr_0p005_flr_0p03/metrics.json
tuning,centralized_lowdim_v1_tuning,c5b_gda_sgda_lr_confirm,step,gda,deterministic,centralized,1,,centralized_step_gda_seed1,500,,0,0.005,0.03,,,0.0,1.0,0.029781702692594985,499,0.03003227612140899,0.029781702692594985,0.03003227612140899,308.24447536468506,False,validation,False,False,True,True,True,results/centralized_lowdim_v1_tuning/c5b_gda_sgda_lr_confirm/step/gda/seed_1/glr_0p005_flr_0p03/effective_config.json,results/centralized_lowdim_v1_tuning/c5b_gda_sgda_lr_confirm/step/gda/seed_1/glr_0p005_flr_0p03/metrics.json
tuning,centralized_lowdim_v1_tuning,c5b_gda_sgda_lr_confirm,step,gda,deterministic,centralized,2,,centralized_step_gda_seed2,500,,0,0.005,0.03,,,0.0,1.0,0.027617710485785853,56,0.028180397192555735,0.03217551432580701,0.03245915446208441,169.90005111694336,False,validation,False,False,True,True,True,results/centralized_lowdim_v1_tuning/c5b_gda_sgda_lr_confirm/step/gda/seed_2/glr_0p005_flr_0p03/effective_config.json,results/centralized_lowdim_v1_tuning/c5b_gda_sgda_lr_confirm/step/gda/seed_2/glr_0p005_flr_0p03/metrics.json
tuning,centralized_lowdim_v1_tuning,c5b_gda_sgda_lr_confirm,step,sgda,stochastic,centralized,1,,centralized_step_sgda_seed1,500,,256,0.005,0.03,,,0.0,1.0,0.028516111819436498,499,0.02876437565678985,0.028516111819436498,0.02876437565678985,257.2021107673645,False,validation,False,False,True,True,True,results/centralized_lowdim_v1_tuning/c5b_gda_sgda_lr_confirm/step/sgda/seed_1/glr_0p005_flr_0p03/effective_config.json,results/centralized_lowdim_v1_tuning/c5b_gda_sgda_lr_confirm/step/sgda/seed_1/glr_0p005_flr_0p03/metrics.json
tuning,centralized_lowdim_v1_tuning,c5b_gda_sgda_lr_confirm,step,sgda,stochastic,centralized,2,,centralized_step_sgda_seed2,500,,256,0.005,0.03,,,0.0,1.0,0.027936490191135442,57,0.02854950017772844,0.03261896704271034,0.032914915910189135,129.1667103767395,False,validation,False,False,True,True,True,results/centralized_lowdim_v1_tuning/c5b_gda_sgda_lr_confirm/step/sgda/seed_2/glr_0p005_flr_0p03/effective_config.json,results/centralized_lowdim_v1_tuning/c5b_gda_sgda_lr_confirm/step/sgda/seed_2/glr_0p005_flr_0p03/metrics.json
primary,rerun_protocol_v1,,abs,fedgda_d,deterministic,federated,0,0.1,rerun_protocol_v1_abs_fedgda_d_seed0_alpha0p1,500,3,0,0.001,0.01,1.5,10.0,0.1,1.0,0.011358883924811965,499,0.011610337454556403,0.011358883924811965,0.011610337454556403,18263.23299074173,False,,,,True,True,True,results/rerun_protocol_v1/abs/fedgda_d/seed_0/rerun_protocol_v1_abs_fedgda_d_seed0_alpha0p1/effective_config.json,results/rerun_protocol_v1/abs/fedgda_d/seed_0/rerun_protocol_v1_abs_fedgda_d_seed0_alpha0p1/metrics.json
primary,rerun_protocol_v1,,abs,fedgda_d,deterministic,federated,0,0.5,rerun_protocol_v1_abs_fedgda_d_seed0_alpha0p5,500,3,0,0.001,0.01,1.5,10.0,0.1,1.0,0.010107855202000735,499,0.010333927256165375,0.010107855202000735,0.010333927256165375,8481.393657445908,False,,,,True,True,True,results/rerun_protocol_v1/abs/fedgda_d/seed_0/rerun_protocol_v1_abs_fedgda_d_seed0_alpha0p5/effective_config.json,results/rerun_protocol_v1/abs/fedgda_d/seed_0/rerun_protocol_v1_abs_fedgda_d_seed0_alpha0p5/metrics.json
primary,rerun_protocol_v1,,abs,fedgda_d,deterministic,federated,0,1.0,rerun_protocol_v1_abs_fedgda_d_seed0_alpha1p0,500,3,0,0.001,0.01,1.5,10.0,0.1,1.0,0.009493161013161739,499,0.00968776560216092,0.009493161013161739,0.00968776560216092,8703.191357135773,False,,,,True,True,True,results/rerun_protocol_v1/abs/fedgda_d/seed_0/rerun_protocol_v1_abs_fedgda_d_seed0_alpha1p0/effective_config.json,results/rerun_protocol_v1/abs/fedgda_d/seed_0/rerun_protocol_v1_abs_fedgda_d_seed0_alpha1p0/metrics.json
primary,rerun_protocol_v1,,abs,fedgda_d,deterministic,federated,1,0.1,rerun_protocol_v1_abs_fedgda_d_seed1_alpha0p1,500,3,0,0.001,0.01,1.5,10.0,0.1,1.0,0.006561244554507419,465,0.006737937555359588,0.0077540049997619365,0.008085882610451234,8370.81798863411,False,,,,True,True,True,results/rerun_protocol_v1/abs/fedgda_d/seed_1/rerun_protocol_v1_abs_fedgda_d_seed1_alpha0p1/effective_config.json,results/rerun_protocol_v1/abs/fedgda_d/seed_1/rerun_protocol_v1_abs_fedgda_d_seed1_alpha0p1/metrics.json
primary,rerun_protocol_v1,,abs,fedgda_d,deterministic,federated,1,0.5,rerun_protocol_v1_abs_fedgda_d_seed1_alpha0p5,500,3,0,0.001,0.01,1.5,10.0,0.1,1.0,0.00661780596877693,459,0.0067967435180782115,0.008218775314075815,0.00858508674382863,8598.610149621964,False,,,,True,True,True,results/rerun_protocol_v1/abs/fedgda_d/seed_1/rerun_protocol_v1_abs_fedgda_d_seed1_alpha0p5/effective_config.json,results/rerun_protocol_v1/abs/fedgda_d/seed_1/rerun_protocol_v1_abs_fedgda_d_seed1_alpha0p5/metrics.json
primary,rerun_protocol_v1,,abs,fedgda_d,deterministic,federated,1,1.0,rerun_protocol_v1_abs_fedgda_d_seed1_alpha1p0,500,3,0,0.001,0.01,1.5,10.0,0.1,1.0,0.006813603530052323,452,0.0069985737178872316,0.009089576569381396,0.009515526939583439,8785.936648368835,False,,,,True,True,True,results/rerun_protocol_v1/abs/fedgda_d/seed_1/rerun_protocol_v1_abs_fedgda_d_seed1_alpha1p0/effective_config.json,results/rerun_protocol_v1/abs/fedgda_d/seed_1/rerun_protocol_v1_abs_fedgda_d_seed1_alpha1p0/metrics.json
primary,rerun_protocol_v1,,abs,fedgda_d,deterministic,federated,2,0.1,rerun_protocol_v1_abs_fedgda_d_seed2_alpha0p1,500,3,0,0.001,0.01,1.5,10.0,0.1,1.0,0.03633861398573548,499,0.03729636915667341,0.03633861398573548,0.03729636915667341,8586.169734239578,False,,,,True,True,True,results/rerun_protocol_v1/abs/fedgda_d/seed_2/rerun_protocol_v1_abs_fedgda_d_seed2_alpha0p1/effective_config.json,results/rerun_protocol_v1/abs/fedgda_d/seed_2/rerun_protocol_v1_abs_fedgda_d_seed2_alpha0p1/metrics.json
primary,rerun_protocol_v1,,abs,fedgda_d,deterministic,federated,2,0.5,rerun_protocol_v1_abs_fedgda_d_seed2_alpha0p5,500,3,0,0.001,0.01,1.5,10.0,0.1,1.0,0.035202733981553054,499,0.03612385692391461,0.035202733981553054,0.03612385692391461,8557.363611221313,False,,,,True,True,True,results/rerun_protocol_v1/abs/fedgda_d/seed_2/rerun_protocol_v1_abs_fedgda_d_seed2_alpha0p5/effective_config.json,results/rerun_protocol_v1/abs/fedgda_d/seed_2/rerun_protocol_v1_abs_fedgda_d_seed2_alpha0p5/metrics.json
primary,rerun_protocol_v1,,abs,fedgda_d,deterministic,federated,2,1.0,rerun_protocol_v1_abs_fedgda_d_seed2_alpha1p0,500,3,0,0.001,0.01,1.5,10.0,0.1,1.0,0.035563918059069104,499,0.03648782059317654,0.035563918059069104,0.03648782059317654,8808.940314531326,False,,,,True,True,True,results/rerun_protocol_v1/abs/fedgda_d/seed_2/rerun_protocol_v1_abs_fedgda_d_seed2_alpha1p0/effective_config.json,results/rerun_protocol_v1/abs/fedgda_d/seed_2/rerun_protocol_v1_abs_fedgda_d_seed2_alpha1p0/metrics.json
primary,rerun_protocol_v1,,abs,fedgda_s,stochastic,federated,0,0.1,rerun_protocol_v1_abs_fedgda_s_seed0_alpha0p1,500,3,256,0.003,0.03,1.5,10.0,0.03,1.0,0.000677726099664873,423,0.0007014676955070171,0.002677796901597559,0.0027008256542297247,392.4557795524597,False,,,,True,True,True,results/rerun_protocol_v1/abs/fedgda_s/seed_0/rerun_protocol_v1_abs_fedgda_s_seed0_alpha0p1/effective_config.json,results/rerun_protocol_v1/abs/fedgda_s/seed_0/rerun_protocol_v1_abs_fedgda_s_seed0_alpha0p1/metrics.json
primary,rerun_protocol_v1,,abs,fedgda_s,stochastic,federated,0,0.5,rerun_protocol_v1_abs_fedgda_s_seed0_alpha0p5,500,3,256,0.003,0.03,1.5,10.0,0.03,1.0,0.0005237341518740604,222,0.0005328621876962478,0.001076617892090753,0.001118432342798487,181.0261514186859,False,,,,True,True,True,results/rerun_protocol_v1/abs/fedgda_s/seed_0/rerun_protocol_v1_abs_fedgda_s_seed0_alpha0p5/effective_config.json,results/rerun_protocol_v1/abs/fedgda_s/seed_0/rerun_protocol_v1_abs_fedgda_s_seed0_alpha0p5/metrics.json
primary,rerun_protocol_v1,,abs,fedgda_s,stochastic,federated,0,1.0,rerun_protocol_v1_abs_fedgda_s_seed0_alpha1p0,500,3,256,0.003,0.03,1.5,10.0,0.03,1.0,0.0005863352658592794,488,0.0006057864695677811,0.005211021507622607,0.005223435684973628,182.16509342193604,False,,,,True,True,True,results/rerun_protocol_v1/abs/fedgda_s/seed_0/rerun_protocol_v1_abs_fedgda_s_seed0_alpha1p0/effective_config.json,results/rerun_protocol_v1/abs/fedgda_s/seed_0/rerun_protocol_v1_abs_fedgda_s_seed0_alpha1p0/metrics.json
primary,rerun_protocol_v1,,abs,fedgda_s,stochastic,federated,1,0.1,rerun_protocol_v1_abs_fedgda_s_seed1_alpha0p1,500,3,256,0.003,0.03,1.5,10.0,0.03,1.0,0.006225680175951548,391,0.006399854504840437,0.007542422803290181,0.00770980698874209,180.53315377235413,False,,,,True,True,True,results/rerun_protocol_v1/abs/fedgda_s/seed_1/rerun_protocol_v1_abs_fedgda_s_seed1_alpha0p1/effective_config.json,results/rerun_protocol_v1/abs/fedgda_s/seed_1/rerun_protocol_v1_abs_fedgda_s_seed1_alpha0p1/metrics.json
primary,rerun_protocol_v1,,abs,fedgda_s,stochastic,federated,1,0.5,rerun_protocol_v1_abs_fedgda_s_seed1_alpha0p5,500,3,256,0.003,0.03,1.5,10.0,0.03,1.0,0.006419084240050454,150,0.006562232470117874,0.00850672651588012,0.008641235246094971,181.25218296051025,False,,,,True,True,True,results/rerun_protocol_v1/abs/fedgda_s/seed_1/rerun_protocol_v1_abs_fedgda_s_seed1_alpha0p5/effective_config.json,results/rerun_protocol_v1/abs/fedgda_s/seed_1/rerun_protocol_v1_abs_fedgda_s_seed1_alpha0p5/metrics.json
primary,rerun_protocol_v1,,abs,fedgda_s,stochastic,federated,1,1.0,rerun_protocol_v1_abs_fedgda_s_seed1_alpha1p0,500,3,256,0.003,0.03,1.5,10.0,0.03,1.0,0.0067637938333682986,406,0.006905123990474533,0.006808379173042358,0.006998887150620184,176.98243808746338,False,,,,True,True,True,results/rerun_protocol_v1/abs/fedgda_s/seed_1/rerun_protocol_v1_abs_fedgda_s_seed1_alpha1p0/effective_config.json,results/rerun_protocol_v1/abs/fedgda_s/seed_1/rerun_protocol_v1_abs_fedgda_s_seed1_alpha1p0/metrics.json
primary,rerun_protocol_v1,,abs,fedgda_s,stochastic,federated,2,0.1,rerun_protocol_v1_abs_fedgda_s_seed2_alpha0p1,500,3,256,0.003,0.03,1.5,10.0,0.03,1.0,0.0013642446348014969,228,0.001397470631696574,0.006119229185690571,0.00608580013347739,187.8165876865387,False,,,,True,True,True,results/rerun_protocol_v1/abs/fedgda_s/seed_2/rerun_protocol_v1_abs_fedgda_s_seed2_alpha0p1/effective_config.json,results/rerun_protocol_v1/abs/fedgda_s/seed_2/rerun_protocol_v1_abs_fedgda_s_seed2_alpha0p1/metrics.json
primary,rerun_protocol_v1,,abs,fedgda_s,stochastic,federated,2,0.5,rerun_protocol_v1_abs_fedgda_s_seed2_alpha0p5,500,3,256,0.003,0.03,1.5,10.0,0.03,1.0,0.001005735169824526,270,0.0010346327801986487,0.005491062172609885,0.005477743217867364,181.7880825996399,False,,,,True,True,True,results/rerun_protocol_v1/abs/fedgda_s/seed_2/rerun_protocol_v1_abs_fedgda_s_seed2_alpha0p5/effective_config.json,results/rerun_protocol_v1/abs/fedgda_s/seed_2/rerun_protocol_v1_abs_fedgda_s_seed2_alpha0p5/metrics.json
primary,rerun_protocol_v1,,abs,fedgda_s,stochastic,federated,2,1.0,rerun_protocol_v1_abs_fedgda_s_seed2_alpha1p0,500,3,256,0.003,0.03,1.5,10.0,0.03,1.0,0.0010598985846768448,255,0.0010968679157301287,0.005074400152564319,0.005282472171527157,182.44747972488403,False,,,,True,True,True,results/rerun_protocol_v1/abs/fedgda_s/seed_2/rerun_protocol_v1_abs_fedgda_s_seed2_alpha1p0/effective_config.json,results/rerun_protocol_v1/abs/fedgda_s/seed_2/rerun_protocol_v1_abs_fedgda_s_seed2_alpha1p0/metrics.json
primary,rerun_protocol_v1,,abs,fedogda_d,deterministic,federated,0,0.1,rerun_protocol_v1_abs_fedogda_d_seed0_alpha0p1,500,3,0,0.001,0.01,1.5,10.0,0.1,1.0,0.010568154014230648,499,0.010798260512891303,0.010568154014230648,0.010798260512891303,19820.486524105072,False,,,,True,True,True,results/rerun_protocol_v1/abs/fedogda_d/seed_0/rerun_protocol_v1_abs_fedogda_d_seed0_alpha0p1/effective_config.json,results/rerun_protocol_v1/abs/fedogda_d/seed_0/rerun_protocol_v1_abs_fedogda_d_seed0_alpha0p1/metrics.json
primary,rerun_protocol_v1,,abs,fedogda_d,deterministic,federated,0,0.5,rerun_protocol_v1_abs_fedogda_d_seed0_alpha0p5,500,3,0,0.001,0.01,1.5,10.0,0.1,1.0,0.008921359420980341,499,0.009118816325809744,0.008921359420980341,0.009118816325809744,9797.014392375946,False,,,,True,True,True,results/rerun_protocol_v1/abs/fedogda_d/seed_0/rerun_protocol_v1_abs_fedogda_d_seed0_alpha0p5/effective_config.json,results/rerun_protocol_v1/abs/fedogda_d/seed_0/rerun_protocol_v1_abs_fedogda_d_seed0_alpha0p5/metrics.json
primary,rerun_protocol_v1,,abs,fedogda_d,deterministic,federated,0,1.0,rerun_protocol_v1_abs_fedogda_d_seed0_alpha1p0,500,3,0,0.001,0.01,1.5,10.0,0.1,1.0,0.008261736846270643,499,0.008426857583396532,0.008261736846270643,0.008426857583396532,10068.941668987274,False,,,,True,True,True,results/rerun_protocol_v1/abs/fedogda_d/seed_0/rerun_protocol_v1_abs_fedogda_d_seed0_alpha1p0/effective_config.json,results/rerun_protocol_v1/abs/fedogda_d/seed_0/rerun_protocol_v1_abs_fedogda_d_seed0_alpha1p0/metrics.json
primary,rerun_protocol_v1,,abs,fedogda_d,deterministic,federated,1,0.1,rerun_protocol_v1_abs_fedogda_d_seed1_alpha0p1,500,3,0,0.001,0.01,1.5,10.0,0.1,1.0,0.006610643879574764,461,0.006787216707284158,0.008039674249262219,0.00839069639860278,9826.026804208755,False,,,,True,True,True,results/rerun_protocol_v1/abs/fedogda_d/seed_1/rerun_protocol_v1_abs_fedogda_d_seed1_alpha0p1/effective_config.json,results/rerun_protocol_v1/abs/fedogda_d/seed_1/rerun_protocol_v1_abs_fedogda_d_seed1_alpha0p1/metrics.json
primary,rerun_protocol_v1,,abs,fedogda_d,deterministic,federated,1,0.5,rerun_protocol_v1_abs_fedogda_d_seed1_alpha0p5,500,3,0,0.001,0.01,1.5,10.0,0.1,1.0,0.006696059556379062,454,0.00687671717652571,0.00867735135525492,0.009072021715167732,9871.317929267883,False,,,,True,True,True,results/rerun_protocol_v1/abs/fedogda_d/seed_1/rerun_protocol_v1_abs_fedogda_d_seed1_alpha0p5/effective_config.json,results/rerun_protocol_v1/abs/fedogda_d/seed_1/rerun_protocol_v1_abs_fedogda_d_seed1_alpha0p5/metrics.json
primary,rerun_protocol_v1,,abs,fedogda_d,deterministic,federated,1,1.0,rerun_protocol_v1_abs_fedogda_d_seed1_alpha1p0,500,3,0,0.001,0.01,1.5,10.0,0.1,1.0,0.006879913543146258,447,0.007064816588672376,0.009584682369408966,0.010036402749602586,9918.749693632126,False,,,,True,True,True,results/rerun_protocol_v1/abs/fedogda_d/seed_1/rerun_protocol_v1_abs_fedogda_d_seed1_alpha1p0/effective_config.json,results/rerun_protocol_v1/abs/fedogda_d/seed_1/rerun_protocol_v1_abs_fedogda_d_seed1_alpha1p0/metrics.json
primary,rerun_protocol_v1,,abs,fedogda_d,deterministic,federated,2,0.1,rerun_protocol_v1_abs_fedogda_d_seed2_alpha0p1,500,3,0,0.001,0.01,1.5,10.0,0.1,1.0,0.03440180386071982,499,0.0353013954127931,0.03440180386071982,0.0353013954127931,9871.326756000519,False,,,,True,True,True,results/rerun_protocol_v1/abs/fedogda_d/seed_2/rerun_protocol_v1_abs_fedogda_d_seed2_alpha0p1/effective_config.json,results/rerun_protocol_v1/abs/fedogda_d/seed_2/rerun_protocol_v1_abs_fedogda_d_seed2_alpha0p1/metrics.json
primary,rerun_protocol_v1,,abs,fedogda_d,deterministic,federated,2,0.5,rerun_protocol_v1_abs_fedogda_d_seed2_alpha0p5,500,3,0,0.001,0.01,1.5,10.0,0.1,1.0,0.03291920524511993,499,0.03377255557952796,0.03291920524511993,0.03377255557952796,9825.55269742012,False,,,,True,True,True,results/rerun_protocol_v1/abs/fedogda_d/seed_2/rerun_protocol_v1_abs_fedogda_d_seed2_alpha0p5/effective_config.json,results/rerun_protocol_v1/abs/fedogda_d/seed_2/rerun_protocol_v1_abs_fedogda_d_seed2_alpha0p5/metrics.json
primary,rerun_protocol_v1,,abs,fedogda_d,deterministic,federated,2,1.0,rerun_protocol_v1_abs_fedogda_d_seed2_alpha1p0,500,3,0,0.001,0.01,1.5,10.0,0.1,1.0,0.03303472107134794,499,0.03387986801465489,0.03303472107134794,0.03387986801465489,9998.811937093735,False,,,,True,True,True,results/rerun_protocol_v1/abs/fedogda_d/seed_2/rerun_protocol_v1_abs_fedogda_d_seed2_alpha1p0/effective_config.json,results/rerun_protocol_v1/abs/fedogda_d/seed_2/rerun_protocol_v1_abs_fedogda_d_seed2_alpha1p0/metrics.json
primary,rerun_protocol_v1,,abs,fedogda_s,stochastic,federated,0,0.1,rerun_protocol_v1_abs_fedogda_s_seed0_alpha0p1,500,3,256,0.001,0.01,1.5,10.0,0.1,1.0,0.004170564981794433,498,0.004224131604563522,0.00417281821339045,0.004232039798326876,192.96896600723267,False,,,,True,True,True,results/rerun_protocol_v1/abs/fedogda_s/seed_0/rerun_protocol_v1_abs_fedogda_s_seed0_alpha0p1/effective_config.json,results/rerun_protocol_v1/abs/fedogda_s/seed_0/rerun_protocol_v1_abs_fedogda_s_seed0_alpha0p1/metrics.json
primary,rerun_protocol_v1,,abs,fedogda_s,stochastic,federated,0,0.5,rerun_protocol_v1_abs_fedogda_s_seed0_alpha0p5,500,3,256,0.001,0.01,1.5,10.0,0.1,1.0,0.006532075687872711,499,0.006701712291848975,0.006532075687872711,0.006701712291848975,194.65146684646606,False,,,,True,True,True,results/rerun_protocol_v1/abs/fedogda_s/seed_0/rerun_protocol_v1_abs_fedogda_s_seed0_alpha0p5/effective_config.json,results/rerun_protocol_v1/abs/fedogda_s/seed_0/rerun_protocol_v1_abs_fedogda_s_seed0_alpha0p5/metrics.json
primary,rerun_protocol_v1,,abs,fedogda_s,stochastic,federated,0,1.0,rerun_protocol_v1_abs_fedogda_s_seed0_alpha1p0,500,3,256,0.001,0.01,1.5,10.0,0.1,1.0,0.007003598829362718,499,0.007101696785203967,0.0070035988293627215,0.007101696785203967,195.64612460136414,False,,,,True,True,True,results/rerun_protocol_v1/abs/fedogda_s/seed_0/rerun_protocol_v1_abs_fedogda_s_seed0_alpha1p0/effective_config.json,results/rerun_protocol_v1/abs/fedogda_s/seed_0/rerun_protocol_v1_abs_fedogda_s_seed0_alpha1p0/metrics.json
primary,rerun_protocol_v1,,abs,fedogda_s,stochastic,federated,1,0.1,rerun_protocol_v1_abs_fedogda_s_seed1_alpha0p1,500,3,256,0.001,0.01,1.5,10.0,0.1,1.0,0.0063707108276686766,415,0.006492114916789562,0.014103992039626081,0.014664088416751007,193.33798146247864,False,,,,True,True,True,results/rerun_protocol_v1/abs/fedogda_s/seed_1/rerun_protocol_v1_abs_fedogda_s_seed1_alpha0p1/effective_config.json,results/rerun_protocol_v1/abs/fedogda_s/seed_1/rerun_protocol_v1_abs_fedogda_s_seed1_alpha0p1/metrics.json
primary,rerun_protocol_v1,,abs,fedogda_s,stochastic,federated,1,0.5,rerun_protocol_v1_abs_fedogda_s_seed1_alpha0p5,500,3,256,0.001,0.01,1.5,10.0,0.1,1.0,0.006828394533845636,439,0.006969377204524669,0.008621925529237691,0.008988455276731188,196.48807048797607,False,,,,True,True,True,results/rerun_protocol_v1/abs/fedogda_s/seed_1/rerun_protocol_v1_abs_fedogda_s_seed1_alpha0p5/effective_config.json,results/rerun_protocol_v1/abs/fedogda_s/seed_1/rerun_protocol_v1_abs_fedogda_s_seed1_alpha0p5/metrics.json
primary,rerun_protocol_v1,,abs,fedogda_s,stochastic,federated,1,1.0,rerun_protocol_v1_abs_fedogda_s_seed1_alpha1p0,500,3,256,0.001,0.01,1.5,10.0,0.1,1.0,0.006638181792948494,450,0.00678978273812457,0.011427279883128812,0.011951736101014205,193.97551321983337,False,,,,True,True,True,results/rerun_protocol_v1/abs/fedogda_s/seed_1/rerun_protocol_v1_abs_fedogda_s_seed1_alpha1p0/effective_config.json,results/rerun_protocol_v1/abs/fedogda_s/seed_1/rerun_protocol_v1_abs_fedogda_s_seed1_alpha1p0/metrics.json
primary,rerun_protocol_v1,,abs,fedogda_s,stochastic,federated,2,0.1,rerun_protocol_v1_abs_fedogda_s_seed2_alpha0p1,500,3,256,0.001,0.01,1.5,10.0,0.1,1.0,0.024807159314620488,498,0.025336297087413546,0.025073277291488505,0.025622987336894797,196.0956494808197,False,,,,True,True,True,results/rerun_protocol_v1/abs/fedogda_s/seed_2/rerun_protocol_v1_abs_fedogda_s_seed2_alpha0p1/effective_config.json,results/rerun_protocol_v1/abs/fedogda_s/seed_2/rerun_protocol_v1_abs_fedogda_s_seed2_alpha0p1/metrics.json
primary,rerun_protocol_v1,,abs,fedogda_s,stochastic,federated,2,0.5,rerun_protocol_v1_abs_fedogda_s_seed2_alpha0p5,500,3,256,0.001,0.01,1.5,10.0,0.1,1.0,0.03178155207732554,499,0.03241663467431333,0.031781552077325526,0.03241663467431333,193.90945672988892,False,,,,True,True,True,results/rerun_protocol_v1/abs/fedogda_s/seed_2/rerun_protocol_v1_abs_fedogda_s_seed2_alpha0p5/effective_config.json,results/rerun_protocol_v1/abs/fedogda_s/seed_2/rerun_protocol_v1_abs_fedogda_s_seed2_alpha0p5/metrics.json
primary,rerun_protocol_v1,,abs,fedogda_s,stochastic,federated,2,1.0,rerun_protocol_v1_abs_fedogda_s_seed2_alpha1p0,500,3,256,0.001,0.01,1.5,10.0,0.1,1.0,0.033496169643517024,499,0.03441503768257774,0.033496169643517024,0.03441503768257774,197.04139280319214,False,,,,True,True,True,results/rerun_protocol_v1/abs/fedogda_s/seed_2/rerun_protocol_v1_abs_fedogda_s_seed2_alpha1p0/effective_config.json,results/rerun_protocol_v1/abs/fedogda_s/seed_2/rerun_protocol_v1_abs_fedogda_s_seed2_alpha1p0/metrics.json
primary,rerun_protocol_v1,,linear,fedgda_d,deterministic,federated,0,0.1,rerun_protocol_v1_linear_fedgda_d_seed0_alpha0p1,500,3,0,0.001,0.01,1.5,10.0,0.1,1.0,0.0004173573645041929,472,0.00041994293246091114,0.0010783811381165152,0.0010586869489791098,8562.851470708847,False,,,,True,True,True,results/rerun_protocol_v1/linear/fedgda_d/seed_0/rerun_protocol_v1_linear_fedgda_d_seed0_alpha0p1/effective_config.json,results/rerun_protocol_v1/linear/fedgda_d/seed_0/rerun_protocol_v1_linear_fedgda_d_seed0_alpha0p1/metrics.json
primary,rerun_protocol_v1,,linear,fedgda_d,deterministic,federated,0,0.5,rerun_protocol_v1_linear_fedgda_d_seed0_alpha0p5,500,3,0,0.001,0.01,1.5,10.0,0.1,1.0,0.00041743596119569207,465,0.0004200587930385307,0.001240913895332764,0.0012155682081471978,11499.074936628342,False,,,,True,True,True,results/rerun_protocol_v1/linear/fedgda_d/seed_0/rerun_protocol_v1_linear_fedgda_d_seed0_alpha0p5/effective_config.json,results/rerun_protocol_v1/linear/fedgda_d/seed_0/rerun_protocol_v1_linear_fedgda_d_seed0_alpha0p5/metrics.json
primary,rerun_protocol_v1,,linear,fedgda_d,deterministic,federated,0,1.0,rerun_protocol_v1_linear_fedgda_d_seed0_alpha1p0,500,3,0,0.001,0.01,1.5,10.0,0.1,1.0,0.00042038321843818424,463,0.0004227994945007816,0.0012068761264129254,0.001183338273380372,9147.388956308365,False,,,,True,True,True,results/rerun_protocol_v1/linear/fedgda_d/seed_0/rerun_protocol_v1_linear_fedgda_d_seed0_alpha1p0/effective_config.json,results/rerun_protocol_v1/linear/fedgda_d/seed_0/rerun_protocol_v1_linear_fedgda_d_seed0_alpha1p0/metrics.json
primary,rerun_protocol_v1,,linear,fedgda_d,deterministic,federated,1,0.1,rerun_protocol_v1_linear_fedgda_d_seed1_alpha0p1,500,3,0,0.001,0.01,1.5,10.0,0.1,1.0,0.00145816799297845,497,0.0014605749687742857,0.001616966831361432,0.0016355022140316392,8658.190840482712,False,,,,True,True,True,results/rerun_protocol_v1/linear/fedgda_d/seed_1/rerun_protocol_v1_linear_fedgda_d_seed1_alpha0p1/effective_config.json,results/rerun_protocol_v1/linear/fedgda_d/seed_1/rerun_protocol_v1_linear_fedgda_d_seed1_alpha0p1/metrics.json
primary,rerun_protocol_v1,,linear,fedgda_d,deterministic,federated,1,0.5,rerun_protocol_v1_linear_fedgda_d_seed1_alpha0p5,500,3,0,0.001,0.01,1.5,10.0,0.1,1.0,0.001349059493881742,490,0.0013492627216256184,0.0029820073029557925,0.003059352890417647,8731.922349214554,False,,,,True,True,True,results/rerun_protocol_v1/linear/fedgda_d/seed_1/rerun_protocol_v1_linear_fedgda_d_seed1_alpha0p5/effective_config.json,results/rerun_protocol_v1/linear/fedgda_d/seed_1/rerun_protocol_v1_linear_fedgda_d_seed1_alpha0p5/metrics.json
primary,rerun_protocol_v1,,linear,fedgda_d,deterministic,federated,1,1.0,rerun_protocol_v1_linear_fedgda_d_seed1_alpha1p0,500,3,0,0.001,0.01,1.5,10.0,0.1,1.0,0.0012464535657295119,488,0.0012460202309047964,0.0034580009379588878,0.003546846774105434,8859.243637561798,False,,,,True,True,True,results/rerun_protocol_v1/linear/fedgda_d/seed_1/rerun_protocol_v1_linear_fedgda_d_seed1_alpha1p0/effective_config.json,results/rerun_protocol_v1/linear/fedgda_d/seed_1/rerun_protocol_v1_linear_fedgda_d_seed1_alpha1p0/metrics.json
primary,rerun_protocol_v1,,linear,fedgda_d,deterministic,federated,2,0.1,rerun_protocol_v1_linear_fedgda_d_seed2_alpha0p1,500,3,0,0.001,0.01,1.5,10.0,0.1,1.0,0.01085957272302225,284,0.010981465111730988,0.011644278383909535,0.012019133074431322,8631.765193462372,False,,,,True,True,True,results/rerun_protocol_v1/linear/fedgda_d/seed_2/rerun_protocol_v1_linear_fedgda_d_seed2_alpha0p1/effective_config.json,results/rerun_protocol_v1/linear/fedgda_d/seed_2/rerun_protocol_v1_linear_fedgda_d_seed2_alpha0p1/metrics.json
primary,rerun_protocol_v1,,linear,fedgda_d,deterministic,federated,2,0.5,rerun_protocol_v1_linear_fedgda_d_seed2_alpha0p5,500,3,0,0.001,0.01,1.5,10.0,0.1,1.0,0.010600353296383216,499,0.010929807539069166,0.010600353296383216,0.010929807539069166,8536.291757106781,False,,,,True,True,True,results/rerun_protocol_v1/linear/fedgda_d/seed_2/rerun_protocol_v1_linear_fedgda_d_seed2_alpha0p5/effective_config.json,results/rerun_protocol_v1/linear/fedgda_d/seed_2/rerun_protocol_v1_linear_fedgda_d_seed2_alpha0p5/metrics.json
primary,rerun_protocol_v1,,linear,fedgda_d,deterministic,federated,2,1.0,rerun_protocol_v1_linear_fedgda_d_seed2_alpha1p0,500,3,0,0.001,0.01,1.5,10.0,0.1,1.0,0.010481929218808205,499,0.010804873823933555,0.010481929218808205,0.010804873823933555,8627.061374664307,False,,,,True,True,True,results/rerun_protocol_v1/linear/fedgda_d/seed_2/rerun_protocol_v1_linear_fedgda_d_seed2_alpha1p0/effective_config.json,results/rerun_protocol_v1/linear/fedgda_d/seed_2/rerun_protocol_v1_linear_fedgda_d_seed2_alpha1p0/metrics.json
primary,rerun_protocol_v1,,linear,fedgda_s,stochastic,federated,0,0.1,rerun_protocol_v1_linear_fedgda_s_seed0_alpha0p1,500,3,256,0.003,0.03,1.5,10.0,0.03,1.0,6.481662991840837e-05,481,6.552064568177548e-05,0.0008809232219349908,0.0008994462719826203,183.01562452316284,False,,,,True,True,True,results/rerun_protocol_v1/linear/fedgda_s/seed_0/rerun_protocol_v1_linear_fedgda_s_seed0_alpha0p1/effective_config.json,results/rerun_protocol_v1/linear/fedgda_s/seed_0/rerun_protocol_v1_linear_fedgda_s_seed0_alpha0p1/metrics.json
primary,rerun_protocol_v1,,linear,fedgda_s,stochastic,federated,0,0.5,rerun_protocol_v1_linear_fedgda_s_seed0_alpha0p5,500,3,256,0.003,0.03,1.5,10.0,0.03,1.0,0.0001655646355710424,425,0.00016656732111549775,0.002360460427699417,0.0023926975756404342,182.94684028625488,False,,,,True,True,True,results/rerun_protocol_v1/linear/fedgda_s/seed_0/rerun_protocol_v1_linear_fedgda_s_seed0_alpha0p5/effective_config.json,results/rerun_protocol_v1/linear/fedgda_s/seed_0/rerun_protocol_v1_linear_fedgda_s_seed0_alpha0p5/metrics.json
primary,rerun_protocol_v1,,linear,fedgda_s,stochastic,federated,0,1.0,rerun_protocol_v1_linear_fedgda_s_seed0_alpha1p0,500,3,256,0.003,0.03,1.5,10.0,0.03,1.0,8.541445515506145e-05,430,8.424079270976279e-05,0.004764185533900946,0.00484590422526663,184.82423734664917,False,,,,True,True,True,results/rerun_protocol_v1/linear/fedgda_s/seed_0/rerun_protocol_v1_linear_fedgda_s_seed0_alpha1p0/effective_config.json,results/rerun_protocol_v1/linear/fedgda_s/seed_0/rerun_protocol_v1_linear_fedgda_s_seed0_alpha1p0/metrics.json
primary,rerun_protocol_v1,,linear,fedgda_s,stochastic,federated,1,0.1,rerun_protocol_v1_linear_fedgda_s_seed1_alpha0p1,500,3,256,0.003,0.03,1.5,10.0,0.03,1.0,0.0007671882196400474,299,0.0007707277504424529,0.023648481515270048,0.024390739309934524,178.7294783592224,False,,,,True,True,True,results/rerun_protocol_v1/linear/fedgda_s/seed_1/rerun_protocol_v1_linear_fedgda_s_seed1_alpha0p1/effective_config.json,results/rerun_protocol_v1/linear/fedgda_s/seed_1/rerun_protocol_v1_linear_fedgda_s_seed1_alpha0p1/metrics.json
primary,rerun_protocol_v1,,linear,fedgda_s,stochastic,federated,1,0.5,rerun_protocol_v1_linear_fedgda_s_seed1_alpha0p5,500,3,256,0.003,0.03,1.5,10.0,0.03,1.0,0.0005037077502202182,330,0.0005069194132579995,0.016922352747355804,0.01733318059226154,182.78899359703064,False,,,,True,True,True,results/rerun_protocol_v1/linear/fedgda_s/seed_1/rerun_protocol_v1_linear_fedgda_s_seed1_alpha0p5/effective_config.json,results/rerun_protocol_v1/linear/fedgda_s/seed_1/rerun_protocol_v1_linear_fedgda_s_seed1_alpha0p5/metrics.json
primary,rerun_protocol_v1,,linear,fedgda_s,stochastic,federated,1,1.0,rerun_protocol_v1_linear_fedgda_s_seed1_alpha1p0,500,3,256,0.003,0.03,1.5,10.0,0.03,1.0,0.000586642290232431,496,0.0006129201898141918,0.0116996506927096,0.011980264239393437,177.1493227481842,False,,,,True,True,True,results/rerun_protocol_v1/linear/fedgda_s/seed_1/rerun_protocol_v1_linear_fedgda_s_seed1_alpha1p0/effective_config.json,results/rerun_protocol_v1/linear/fedgda_s/seed_1/rerun_protocol_v1_linear_fedgda_s_seed1_alpha1p0/metrics.json
primary,rerun_protocol_v1,,linear,fedgda_s,stochastic,federated,2,0.1,rerun_protocol_v1_linear_fedgda_s_seed2_alpha0p1,500,3,256,0.003,0.03,1.5,10.0,0.03,1.0,0.0003148451342411281,295,0.00031834185054889806,0.0046857533061223245,0.004911374762764521,183.94777512550354,False,,,,True,True,True,results/rerun_protocol_v1/linear/fedgda_s/seed_2/rerun_protocol_v1_linear_fedgda_s_seed2_alpha0p1/effective_config.json,results/rerun_protocol_v1/linear/fedgda_s/seed_2/rerun_protocol_v1_linear_fedgda_s_seed2_alpha0p1/metrics.json
primary,rerun_protocol_v1,,linear,fedgda_s,stochastic,federated,2,0.5,rerun_protocol_v1_linear_fedgda_s_seed2_alpha0p5,500,3,256,0.003,0.03,1.5,10.0,0.03,1.0,0.0003896788935959265,343,0.00039595862624269005,0.00676868306393913,0.006809634968664257,180.97529816627502,False,,,,True,True,True,results/rerun_protocol_v1/linear/fedgda_s/seed_2/rerun_protocol_v1_linear_fedgda_s_seed2_alpha0p5/effective_config.json,results/rerun_protocol_v1/linear/fedgda_s/seed_2/rerun_protocol_v1_linear_fedgda_s_seed2_alpha0p5/metrics.json
primary,rerun_protocol_v1,,linear,fedgda_s,stochastic,federated,2,1.0,rerun_protocol_v1_linear_fedgda_s_seed2_alpha1p0,500,3,256,0.003,0.03,1.5,10.0,0.03,1.0,0.0005648602861198424,300,0.0005595686814700478,0.0051424204614957435,0.005193749711193318,181.03696966171265,False,,,,True,True,True,results/rerun_protocol_v1/linear/fedgda_s/seed_2/rerun_protocol_v1_linear_fedgda_s_seed2_alpha1p0/effective_config.json,results/rerun_protocol_v1/linear/fedgda_s/seed_2/rerun_protocol_v1_linear_fedgda_s_seed2_alpha1p0/metrics.json
primary,rerun_protocol_v1,,linear,fedogda_d,deterministic,federated,0,0.1,rerun_protocol_v1_linear_fedogda_d_seed0_alpha0p1,500,3,0,0.001,0.01,1.5,10.0,0.1,1.0,0.00043575152354468846,464,0.00043707439684143045,0.0006264084837269369,0.000615866917273714,9745.029773712158,False,,,,True,True,True,results/rerun_protocol_v1/linear/fedogda_d/seed_0/rerun_protocol_v1_linear_fedogda_d_seed0_alpha0p1/effective_config.json,results/rerun_protocol_v1/linear/fedogda_d/seed_0/rerun_protocol_v1_linear_fedogda_d_seed0_alpha0p1/metrics.json
primary,rerun_protocol_v1,,linear,fedogda_d,deterministic,federated,0,0.5,rerun_protocol_v1_linear_fedogda_d_seed0_alpha0p5,500,3,0,0.001,0.01,1.5,10.0,0.1,1.0,0.00043518279693349705,456,0.0004363229007720893,0.0006280497475451605,0.0006168476630115673,9767.197208166122,False,,,,True,True,True,results/rerun_protocol_v1/linear/fedogda_d/seed_0/rerun_protocol_v1_linear_fedogda_d_seed0_alpha0p5/effective_config.json,results/rerun_protocol_v1/linear/fedogda_d/seed_0/rerun_protocol_v1_linear_fedogda_d_seed0_alpha0p5/metrics.json
primary,rerun_protocol_v1,,linear,fedogda_d,deterministic,federated,0,1.0,rerun_protocol_v1_linear_fedogda_d_seed0_alpha1p0,500,3,0,0.001,0.01,1.5,10.0,0.1,1.0,0.0004411363103029833,455,0.00044219568327667194,0.0005907104710830905,0.0005809579606677632,9609.755681037903,False,,,,True,True,True,results/rerun_protocol_v1/linear/fedogda_d/seed_0/rerun_protocol_v1_linear_fedogda_d_seed0_alpha1p0/effective_config.json,results/rerun_protocol_v1/linear/fedogda_d/seed_0/rerun_protocol_v1_linear_fedogda_d_seed0_alpha1p0/metrics.json
primary,rerun_protocol_v1,,linear,fedogda_d,deterministic,federated,1,0.1,rerun_protocol_v1_linear_fedogda_d_seed1_alpha0p1,500,3,0,0.001,0.01,1.5,10.0,0.1,1.0,0.0007650735102023903,337,0.000768078060238619,0.001612774114840797,0.0016200587173734178,9812.825116872787,False,,,,True,True,True,results/rerun_protocol_v1/linear/fedogda_d/seed_1/rerun_protocol_v1_linear_fedogda_d_seed1_alpha0p1/effective_config.json,results/rerun_protocol_v1/linear/fedogda_d/seed_1/rerun_protocol_v1_linear_fedogda_d_seed1_alpha0p1/metrics.json
primary,rerun_protocol_v1,,linear,fedogda_d,deterministic,federated,1,0.5,rerun_protocol_v1_linear_fedogda_d_seed1_alpha0p5,500,3,0,0.001,0.01,1.5,10.0,0.1,1.0,0.0007714526017872178,333,0.0007745383435478757,0.001229249311997301,0.001234528405039161,9596.615570306778,False,,,,True,True,True,results/rerun_protocol_v1/linear/fedogda_d/seed_1/rerun_protocol_v1_linear_fedogda_d_seed1_alpha0p5/effective_config.json,results/rerun_protocol_v1/linear/fedogda_d/seed_1/rerun_protocol_v1_linear_fedogda_d_seed1_alpha0p5/metrics.json
primary,rerun_protocol_v1,,linear,fedogda_d,deterministic,federated,1,1.0,rerun_protocol_v1_linear_fedogda_d_seed1_alpha1p0,500,3,0,0.001,0.01,1.5,10.0,0.1,1.0,0.0007656886480202661,332,0.000768839938839923,0.0011780484640420098,0.0011839151730021404,9784.31794333458,False,,,,True,True,True,results/rerun_protocol_v1/linear/fedogda_d/seed_1/rerun_protocol_v1_linear_fedogda_d_seed1_alpha1p0/effective_config.json,results/rerun_protocol_v1/linear/fedogda_d/seed_1/rerun_protocol_v1_linear_fedogda_d_seed1_alpha1p0/metrics.json
primary,rerun_protocol_v1,,linear,fedogda_d,deterministic,federated,2,0.1,rerun_protocol_v1_linear_fedogda_d_seed2_alpha0p1,500,3,0,0.001,0.01,1.5,10.0,0.1,1.0,0.007433101248853471,499,0.007580085655972026,0.007433101248853471,0.007580085655972026,9667.55603837967,False,,,,True,True,True,results/rerun_protocol_v1/linear/fedogda_d/seed_2/rerun_protocol_v1_linear_fedogda_d_seed2_alpha0p1/effective_config.json,results/rerun_protocol_v1/linear/fedogda_d/seed_2/rerun_protocol_v1_linear_fedogda_d_seed2_alpha0p1/metrics.json
primary,rerun_protocol_v1,,linear,fedogda_d,deterministic,federated,2,0.5,rerun_protocol_v1_linear_fedogda_d_seed2_alpha0p5,500,3,0,0.001,0.01,1.5,10.0,0.1,1.0,0.007182463340149253,499,0.007310137847492932,0.007182463340149253,0.007310137847492932,9823.80976486206,False,,,,True,True,True,results/rerun_protocol_v1/linear/fedogda_d/seed_2/rerun_protocol_v1_linear_fedogda_d_seed2_alpha0p5/effective_config.json,results/rerun_protocol_v1/linear/fedogda_d/seed_2/rerun_protocol_v1_linear_fedogda_d_seed2_alpha0p5/metrics.json
primary,rerun_protocol_v1,,linear,fedogda_d,deterministic,federated,2,1.0,rerun_protocol_v1_linear_fedogda_d_seed2_alpha1p0,500,3,0,0.001,0.01,1.5,10.0,0.1,1.0,0.007114183177274453,499,0.007237106288113536,0.007114183177274453,0.007237106288113536,9730.240211248398,False,,,,True,True,True,results/rerun_protocol_v1/linear/fedogda_d/seed_2/rerun_protocol_v1_linear_fedogda_d_seed2_alpha1p0/effective_config.json,results/rerun_protocol_v1/linear/fedogda_d/seed_2/rerun_protocol_v1_linear_fedogda_d_seed2_alpha1p0/metrics.json
primary,rerun_protocol_v1,,linear,fedogda_s,stochastic,federated,0,0.1,rerun_protocol_v1_linear_fedogda_s_seed0_alpha0p1,500,3,256,0.001,0.01,1.5,10.0,0.1,1.0,0.0012675884443516378,423,0.001262243924902869,0.001970062764856735,0.0019264149138423395,196.66234374046326,False,,,,True,True,True,results/rerun_protocol_v1/linear/fedogda_s/seed_0/rerun_protocol_v1_linear_fedogda_s_seed0_alpha0p1/effective_config.json,results/rerun_protocol_v1/linear/fedogda_s/seed_0/rerun_protocol_v1_linear_fedogda_s_seed0_alpha0p1/metrics.json
primary,rerun_protocol_v1,,linear,fedogda_s,stochastic,federated,0,0.5,rerun_protocol_v1_linear_fedogda_s_seed0_alpha0p5,500,3,256,0.001,0.01,1.5,10.0,0.1,1.0,0.0007822137267112849,440,0.0007847149540269521,0.0011729623566767182,0.0011582412758197687,189.12082052230835,False,,,,True,True,True,results/rerun_protocol_v1/linear/fedogda_s/seed_0/rerun_protocol_v1_linear_fedogda_s_seed0_alpha0p5/effective_config.json,results/rerun_protocol_v1/linear/fedogda_s/seed_0/rerun_protocol_v1_linear_fedogda_s_seed0_alpha0p5/metrics.json
primary,rerun_protocol_v1,,linear,fedogda_s,stochastic,federated,0,1.0,rerun_protocol_v1_linear_fedogda_s_seed0_alpha1p0,500,3,256,0.001,0.01,1.5,10.0,0.1,1.0,0.0003851227021513554,457,0.00038712078798622235,0.0016189356159127016,0.0015920706170610695,194.588449716568,False,,,,True,True,True,results/rerun_protocol_v1/linear/fedogda_s/seed_0/rerun_protocol_v1_linear_fedogda_s_seed0_alpha1p0/effective_config.json,results/rerun_protocol_v1/linear/fedogda_s/seed_0/rerun_protocol_v1_linear_fedogda_s_seed0_alpha1p0/metrics.json
primary,rerun_protocol_v1,,linear,fedogda_s,stochastic,federated,1,0.1,rerun_protocol_v1_linear_fedogda_s_seed1_alpha0p1,500,3,256,0.001,0.01,1.5,10.0,0.1,1.0,0.0008709648846947978,325,0.0008752994345104018,0.001253278256750317,0.0012667877245754625,190.6394989490509,False,,,,True,True,True,results/rerun_protocol_v1/linear/fedogda_s/seed_1/rerun_protocol_v1_linear_fedogda_s_seed1_alpha0p1/effective_config.json,results/rerun_protocol_v1/linear/fedogda_s/seed_1/rerun_protocol_v1_linear_fedogda_s_seed1_alpha0p1/metrics.json
primary,rerun_protocol_v1,,linear,fedogda_s,stochastic,federated,1,0.5,rerun_protocol_v1_linear_fedogda_s_seed1_alpha0p5,500,3,256,0.001,0.01,1.5,10.0,0.1,1.0,0.0007639782529321825,338,0.0007672509647585216,0.0020431030487989103,0.0020528830767290703,194.25671935081482,False,,,,True,True,True,results/rerun_protocol_v1/linear/fedogda_s/seed_1/rerun_protocol_v1_linear_fedogda_s_seed1_alpha0p5/effective_config.json,results/rerun_protocol_v1/linear/fedogda_s/seed_1/rerun_protocol_v1_linear_fedogda_s_seed1_alpha0p5/metrics.json
primary,rerun_protocol_v1,,linear,fedogda_s,stochastic,federated,1,1.0,rerun_protocol_v1_linear_fedogda_s_seed1_alpha1p0,500,3,256,0.001,0.01,1.5,10.0,0.1,1.0,0.0007430554121704244,337,0.0007490467925889216,0.00129183801770664,0.0012842777566505347,196.68683385849,False,,,,True,True,True,results/rerun_protocol_v1/linear/fedogda_s/seed_1/rerun_protocol_v1_linear_fedogda_s_seed1_alpha1p0/effective_config.json,results/rerun_protocol_v1/linear/fedogda_s/seed_1/rerun_protocol_v1_linear_fedogda_s_seed1_alpha1p0/metrics.json
primary,rerun_protocol_v1,,linear,fedogda_s,stochastic,federated,2,0.1,rerun_protocol_v1_linear_fedogda_s_seed2_alpha0p1,500,3,256,0.001,0.01,1.5,10.0,0.1,1.0,0.006097382847877126,499,0.006236724091884938,0.006097382847877131,0.006236724091884938,195.40023970603943,False,,,,True,True,True,results/rerun_protocol_v1/linear/fedogda_s/seed_2/rerun_protocol_v1_linear_fedogda_s_seed2_alpha0p1/effective_config.json,results/rerun_protocol_v1/linear/fedogda_s/seed_2/rerun_protocol_v1_linear_fedogda_s_seed2_alpha0p1/metrics.json
primary,rerun_protocol_v1,,linear,fedogda_s,stochastic,federated,2,0.5,rerun_protocol_v1_linear_fedogda_s_seed2_alpha0p5,500,3,256,0.001,0.01,1.5,10.0,0.1,1.0,0.007075657910292095,499,0.007251052753362265,0.0070756579102920925,0.007251052753362265,193.30265498161316,False,,,,True,True,True,results/rerun_protocol_v1/linear/fedogda_s/seed_2/rerun_protocol_v1_linear_fedogda_s_seed2_alpha0p5/effective_config.json,results/rerun_protocol_v1/linear/fedogda_s/seed_2/rerun_protocol_v1_linear_fedogda_s_seed2_alpha0p5/metrics.json
primary,rerun_protocol_v1,,linear,fedogda_s,stochastic,federated,2,1.0,rerun_protocol_v1_linear_fedogda_s_seed2_alpha1p0,500,3,256,0.001,0.01,1.5,10.0,0.1,1.0,0.006515009258923614,499,0.006598469925796079,0.006515009258923612,0.006598469925796079,197.05843305587769,False,,,,True,True,True,results/rerun_protocol_v1/linear/fedogda_s/seed_2/rerun_protocol_v1_linear_fedogda_s_seed2_alpha1p0/effective_config.json,results/rerun_protocol_v1/linear/fedogda_s/seed_2/rerun_protocol_v1_linear_fedogda_s_seed2_alpha1p0/metrics.json
primary,rerun_protocol_v1,,sin,fedgda_d,deterministic,federated,0,0.1,rerun_protocol_v1_sin_fedgda_d_seed0_alpha0p1,500,3,0,0.001,0.01,1.5,10.0,0.1,1.0,0.08738817487127391,499,0.09000987619326388,0.08738817487127391,0.09000987619326388,8607.870418548584,False,,,,True,True,True,results/rerun_protocol_v1/sin/fedgda_d/seed_0/rerun_protocol_v1_sin_fedgda_d_seed0_alpha0p1/effective_config.json,results/rerun_protocol_v1/sin/fedgda_d/seed_0/rerun_protocol_v1_sin_fedgda_d_seed0_alpha0p1/metrics.json
primary,rerun_protocol_v1,,sin,fedgda_d,deterministic,federated,0,0.5,rerun_protocol_v1_sin_fedgda_d_seed0_alpha0p5,500,3,0,0.001,0.01,1.5,10.0,0.1,1.0,0.08753152663301575,499,0.0901691072308283,0.08753152663301575,0.0901691072308283,8550.230964422226,False,,,,True,True,True,results/rerun_protocol_v1/sin/fedgda_d/seed_0/rerun_protocol_v1_sin_fedgda_d_seed0_alpha0p5/effective_config.json,results/rerun_protocol_v1/sin/fedgda_d/seed_0/rerun_protocol_v1_sin_fedgda_d_seed0_alpha0p5/metrics.json
primary,rerun_protocol_v1,,sin,fedgda_d,deterministic,federated,0,1.0,rerun_protocol_v1_sin_fedgda_d_seed0_alpha1p0,500,3,0,0.001,0.01,1.5,10.0,0.1,1.0,0.08740836518316018,499,0.09006007294607915,0.08740836518316018,0.09006007294607915,8695.525411844254,False,,,,True,True,True,results/rerun_protocol_v1/sin/fedgda_d/seed_0/rerun_protocol_v1_sin_fedgda_d_seed0_alpha1p0/effective_config.json,results/rerun_protocol_v1/sin/fedgda_d/seed_0/rerun_protocol_v1_sin_fedgda_d_seed0_alpha1p0/metrics.json
primary,rerun_protocol_v1,,sin,fedgda_d,deterministic,federated,1,0.1,rerun_protocol_v1_sin_fedgda_d_seed1_alpha0p1,500,3,0,0.001,0.01,1.5,10.0,0.1,1.0,0.07927617270840466,169,0.08109314924971982,0.08426966218157708,0.08696955744806288,8622.48870420456,False,,,,True,True,True,results/rerun_protocol_v1/sin/fedgda_d/seed_1/rerun_protocol_v1_sin_fedgda_d_seed1_alpha0p1/effective_config.json,results/rerun_protocol_v1/sin/fedgda_d/seed_1/rerun_protocol_v1_sin_fedgda_d_seed1_alpha0p1/metrics.json
primary,rerun_protocol_v1,,sin,fedgda_d,deterministic,federated,1,0.5,rerun_protocol_v1_sin_fedgda_d_seed1_alpha0p5,500,3,0,0.001,0.01,1.5,10.0,0.1,1.0,0.07925861112569858,168,0.0810968603571106,0.08352898080579574,0.08616272021452176,8636.605427026749,False,,,,True,True,True,results/rerun_protocol_v1/sin/fedgda_d/seed_1/rerun_protocol_v1_sin_fedgda_d_seed1_alpha0p5/effective_config.json,results/rerun_protocol_v1/sin/fedgda_d/seed_1/rerun_protocol_v1_sin_fedgda_d_seed1_alpha0p5/metrics.json
primary,rerun_protocol_v1,,sin,fedgda_d,deterministic,federated,1,1.0,rerun_protocol_v1_sin_fedgda_d_seed1_alpha1p0,500,3,0,0.001,0.01,1.5,10.0,0.1,1.0,0.07923183043221657,168,0.08103072747004482,0.08357469132295287,0.08621352376094123,8928.603080511093,False,,,,True,True,True,results/rerun_protocol_v1/sin/fedgda_d/seed_1/rerun_protocol_v1_sin_fedgda_d_seed1_alpha1p0/effective_config.json,results/rerun_protocol_v1/sin/fedgda_d/seed_1/rerun_protocol_v1_sin_fedgda_d_seed1_alpha1p0/metrics.json
primary,rerun_protocol_v1,,sin,fedgda_d,deterministic,federated,2,0.1,rerun_protocol_v1_sin_fedgda_d_seed2_alpha0p1,500,3,0,0.001,0.01,1.5,10.0,0.1,1.0,0.08437238996634831,486,0.087358804884214,0.08441614896722856,0.08746168456330232,8594.02824473381,False,,,,True,True,True,results/rerun_protocol_v1/sin/fedgda_d/seed_2/rerun_protocol_v1_sin_fedgda_d_seed2_alpha0p1/effective_config.json,results/rerun_protocol_v1/sin/fedgda_d/seed_2/rerun_protocol_v1_sin_fedgda_d_seed2_alpha0p1/metrics.json
primary,rerun_protocol_v1,,sin,fedgda_d,deterministic,federated,2,0.5,rerun_protocol_v1_sin_fedgda_d_seed2_alpha0p5,500,3,0,0.001,0.01,1.5,10.0,0.1,1.0,0.08433093460931113,479,0.087322463559006,0.08441835053934893,0.08749743162672868,8637.778353452682,False,,,,True,True,True,results/rerun_protocol_v1/sin/fedgda_d/seed_2/rerun_protocol_v1_sin_fedgda_d_seed2_alpha0p5/effective_config.json,results/rerun_protocol_v1/sin/fedgda_d/seed_2/rerun_protocol_v1_sin_fedgda_d_seed2_alpha0p5/metrics.json
primary,rerun_protocol_v1,,sin,fedgda_d,deterministic,federated,2,1.0,rerun_protocol_v1_sin_fedgda_d_seed2_alpha1p0,500,3,0,0.001,0.01,1.5,10.0,0.1,1.0,0.08424701756484515,478,0.08722978830393281,0.08434146589232759,0.08741161200313015,8786.598356723785,False,,,,True,True,True,results/rerun_protocol_v1/sin/fedgda_d/seed_2/rerun_protocol_v1_sin_fedgda_d_seed2_alpha1p0/effective_config.json,results/rerun_protocol_v1/sin/fedgda_d/seed_2/rerun_protocol_v1_sin_fedgda_d_seed2_alpha1p0/metrics.json
primary,rerun_protocol_v1,,sin,fedgda_s,stochastic,federated,0,0.1,rerun_protocol_v1_sin_fedgda_s_seed0_alpha0p1,500,3,256,0.003,0.03,1.5,10.0,0.03,1.0,0.08189453964122478,469,0.0837320533183688,0.08332989461805268,0.08456007782288795,179.86852407455444,False,,,,True,True,True,results/rerun_protocol_v1/sin/fedgda_s/seed_0/rerun_protocol_v1_sin_fedgda_s_seed0_alpha0p1/effective_config.json,results/rerun_protocol_v1/sin/fedgda_s/seed_0/rerun_protocol_v1_sin_fedgda_s_seed0_alpha0p1/metrics.json
primary,rerun_protocol_v1,,sin,fedgda_s,stochastic,federated,0,0.5,rerun_protocol_v1_sin_fedgda_s_seed0_alpha0p5,500,3,256,0.003,0.03,1.5,10.0,0.03,1.0,0.0792361134606482,487,0.08084465012555463,0.0796690112491075,0.0816933093903071,183.45447540283203,False,,,,True,True,True,results/rerun_protocol_v1/sin/fedgda_s/seed_0/rerun_protocol_v1_sin_fedgda_s_seed0_alpha0p5/effective_config.json,results/rerun_protocol_v1/sin/fedgda_s/seed_0/rerun_protocol_v1_sin_fedgda_s_seed0_alpha0p5/metrics.json
primary,rerun_protocol_v1,,sin,fedgda_s,stochastic,federated,0,1.0,rerun_protocol_v1_sin_fedgda_s_seed0_alpha1p0,500,3,256,0.003,0.03,1.5,10.0,0.03,1.0,0.07785834910472307,496,0.07978549290839898,0.0795006670453152,0.08108717190987186,179.6273431777954,False,,,,True,True,True,results/rerun_protocol_v1/sin/fedgda_s/seed_0/rerun_protocol_v1_sin_fedgda_s_seed0_alpha1p0/effective_config.json,results/rerun_protocol_v1/sin/fedgda_s/seed_0/rerun_protocol_v1_sin_fedgda_s_seed0_alpha1p0/metrics.json
primary,rerun_protocol_v1,,sin,fedgda_s,stochastic,federated,1,0.1,rerun_protocol_v1_sin_fedgda_s_seed1_alpha0p1,500,3,256,0.003,0.03,1.5,10.0,0.03,1.0,0.07080392683672448,486,0.07252873976572619,0.07202875779840277,0.07427679011235436,180.46709394454956,False,,,,True,True,True,results/rerun_protocol_v1/sin/fedgda_s/seed_1/rerun_protocol_v1_sin_fedgda_s_seed1_alpha0p1/effective_config.json,results/rerun_protocol_v1/sin/fedgda_s/seed_1/rerun_protocol_v1_sin_fedgda_s_seed1_alpha0p1/metrics.json
primary,rerun_protocol_v1,,sin,fedgda_s,stochastic,federated,1,0.5,rerun_protocol_v1_sin_fedgda_s_seed1_alpha0p5,500,3,256,0.003,0.03,1.5,10.0,0.03,1.0,0.06962375389340376,486,0.07087975474326494,0.07699764720247765,0.0797272999799262,180.3152551651001,False,,,,True,True,True,results/rerun_protocol_v1/sin/fedgda_s/seed_1/rerun_protocol_v1_sin_fedgda_s_seed1_alpha0p5/effective_config.json,results/rerun_protocol_v1/sin/fedgda_s/seed_1/rerun_protocol_v1_sin_fedgda_s_seed1_alpha0p5/metrics.json
primary,rerun_protocol_v1,,sin,fedgda_s,stochastic,federated,1,1.0,rerun_protocol_v1_sin_fedgda_s_seed1_alpha1p0,500,3,256,0.003,0.03,1.5,10.0,0.03,1.0,0.0737639576598922,440,0.0756283265223583,0.0773487233993059,0.08038967788338648,182.17711400985718,False,,,,True,True,True,results/rerun_protocol_v1/sin/fedgda_s/seed_1/rerun_protocol_v1_sin_fedgda_s_seed1_alpha1p0/effective_config.json,results/rerun_protocol_v1/sin/fedgda_s/seed_1/rerun_protocol_v1_sin_fedgda_s_seed1_alpha1p0/metrics.json
primary,rerun_protocol_v1,,sin,fedgda_s,stochastic,federated,2,0.1,rerun_protocol_v1_sin_fedgda_s_seed2_alpha0p1,500,3,256,0.003,0.03,1.5,10.0,0.03,1.0,0.07828553848043666,485,0.08011009984218251,0.08080058846985269,0.08260777252388152,181.1746153831482,False,,,,True,True,True,results/rerun_protocol_v1/sin/fedgda_s/seed_2/rerun_protocol_v1_sin_fedgda_s_seed2_alpha0p1/effective_config.json,results/rerun_protocol_v1/sin/fedgda_s/seed_2/rerun_protocol_v1_sin_fedgda_s_seed2_alpha0p1/metrics.json
primary,rerun_protocol_v1,,sin,fedgda_s,stochastic,federated,2,0.5,rerun_protocol_v1_sin_fedgda_s_seed2_alpha0p5,500,3,256,0.003,0.03,1.5,10.0,0.03,1.0,0.08005340943999527,328,0.08237799902299964,0.08149364176445384,0.0834791484525208,184.62194681167603,False,,,,True,True,True,results/rerun_protocol_v1/sin/fedgda_s/seed_2/rerun_protocol_v1_sin_fedgda_s_seed2_alpha0p5/effective_config.json,results/rerun_protocol_v1/sin/fedgda_s/seed_2/rerun_protocol_v1_sin_fedgda_s_seed2_alpha0p5/metrics.json
primary,rerun_protocol_v1,,sin,fedgda_s,stochastic,federated,2,1.0,rerun_protocol_v1_sin_fedgda_s_seed2_alpha1p0,500,3,256,0.003,0.03,1.5,10.0,0.03,1.0,0.07876101103322113,463,0.08051380406543718,0.08121189315570035,0.0834056959803923,178.15817546844482,False,,,,True,True,True,results/rerun_protocol_v1/sin/fedgda_s/seed_2/rerun_protocol_v1_sin_fedgda_s_seed2_alpha1p0/effective_config.json,results/rerun_protocol_v1/sin/fedgda_s/seed_2/rerun_protocol_v1_sin_fedgda_s_seed2_alpha1p0/metrics.json
primary,rerun_protocol_v1,,sin,fedogda_d,deterministic,federated,0,0.1,rerun_protocol_v1_sin_fedogda_d_seed0_alpha0p1,500,3,0,0.001,0.01,1.5,10.0,0.1,1.0,0.087306127358294,499,0.08992452977277386,0.087306127358294,0.08992452977277386,9658.335350751877,False,,,,True,True,True,results/rerun_protocol_v1/sin/fedogda_d/seed_0/rerun_protocol_v1_sin_fedogda_d_seed0_alpha0p1/effective_config.json,results/rerun_protocol_v1/sin/fedogda_d/seed_0/rerun_protocol_v1_sin_fedogda_d_seed0_alpha0p1/metrics.json
primary,rerun_protocol_v1,,sin,fedogda_d,deterministic,federated,0,0.5,rerun_protocol_v1_sin_fedogda_d_seed0_alpha0p5,500,3,0,0.001,0.01,1.5,10.0,0.1,1.0,0.08755181865759408,499,0.09017894773973445,0.08755181865759408,0.09017894773973445,9705.299481868744,False,,,,True,True,True,results/rerun_protocol_v1/sin/fedogda_d/seed_0/rerun_protocol_v1_sin_fedogda_d_seed0_alpha0p5/effective_config.json,results/rerun_protocol_v1/sin/fedogda_d/seed_0/rerun_protocol_v1_sin_fedogda_d_seed0_alpha0p5/metrics.json
primary,rerun_protocol_v1,,sin,fedogda_d,deterministic,federated,0,1.0,rerun_protocol_v1_sin_fedogda_d_seed0_alpha1p0,500,3,0,0.001,0.01,1.5,10.0,0.1,1.0,0.08735097949341533,499,0.08999488680650702,0.08735097949341533,0.08999488680650702,9556.184188365936,False,,,,True,True,True,results/rerun_protocol_v1/sin/fedogda_d/seed_0/rerun_protocol_v1_sin_fedogda_d_seed0_alpha1p0/effective_config.json,results/rerun_protocol_v1/sin/fedogda_d/seed_0/rerun_protocol_v1_sin_fedogda_d_seed0_alpha1p0/metrics.json
primary,rerun_protocol_v1,,sin,fedogda_d,deterministic,federated,1,0.1,rerun_protocol_v1_sin_fedogda_d_seed1_alpha0p1,500,3,0,0.001,0.01,1.5,10.0,0.1,1.0,0.0792182448861643,111,0.08121494249418329,0.08356626169226097,0.08620707692500745,9509.744106292725,False,,,,True,True,True,results/rerun_protocol_v1/sin/fedogda_d/seed_1/rerun_protocol_v1_sin_fedogda_d_seed1_alpha0p1/effective_config.json,results/rerun_protocol_v1/sin/fedogda_d/seed_1/rerun_protocol_v1_sin_fedogda_d_seed1_alpha0p1/metrics.json
primary,rerun_protocol_v1,,sin,fedogda_d,deterministic,federated,1,0.5,rerun_protocol_v1_sin_fedogda_d_seed1_alpha0p5,500,3,0,0.001,0.01,1.5,10.0,0.1,1.0,0.07918327423663558,110,0.0811763438678972,0.08328001960716984,0.08589379965248956,9607.454882621765,False,,,,True,True,True,results/rerun_protocol_v1/sin/fedogda_d/seed_1/rerun_protocol_v1_sin_fedogda_d_seed1_alpha0p5/effective_config.json,results/rerun_protocol_v1/sin/fedogda_d/seed_1/rerun_protocol_v1_sin_fedogda_d_seed1_alpha0p5/metrics.json
primary,rerun_protocol_v1,,sin,fedogda_d,deterministic,federated,1,1.0,rerun_protocol_v1_sin_fedogda_d_seed1_alpha1p0,500,3,0,0.001,0.01,1.5,10.0,0.1,1.0,0.07912375086577668,111,0.08107782502352026,0.08334920464680197,0.0859740048615439,9834.278935194016,False,,,,True,True,True,results/rerun_protocol_v1/sin/fedogda_d/seed_1/rerun_protocol_v1_sin_fedogda_d_seed1_alpha1p0/effective_config.json,results/rerun_protocol_v1/sin/fedogda_d/seed_1/rerun_protocol_v1_sin_fedogda_d_seed1_alpha1p0/metrics.json
primary,rerun_protocol_v1,,sin,fedogda_d,deterministic,federated,2,0.1,rerun_protocol_v1_sin_fedogda_d_seed2_alpha0p1,500,3,0,0.001,0.01,1.5,10.0,0.1,1.0,0.08447835016454014,470,0.0874952918880233,0.08464852027313538,0.08778571162322724,9569.286844730377,False,,,,True,True,True,results/rerun_protocol_v1/sin/fedogda_d/seed_2/rerun_protocol_v1_sin_fedogda_d_seed2_alpha0p1/effective_config.json,results/rerun_protocol_v1/sin/fedogda_d/seed_2/rerun_protocol_v1_sin_fedogda_d_seed2_alpha0p1/metrics.json
primary,rerun_protocol_v1,,sin,fedogda_d,deterministic,federated,2,0.5,rerun_protocol_v1_sin_fedogda_d_seed2_alpha0p5,500,3,0,0.001,0.01,1.5,10.0,0.1,1.0,0.08444139496145704,462,0.0874631918214393,0.08471435218295134,0.08788789721000381,9766.255203723907,False,,,,True,True,True,results/rerun_protocol_v1/sin/fedogda_d/seed_2/rerun_protocol_v1_sin_fedogda_d_seed2_alpha0p5/effective_config.json,results/rerun_protocol_v1/sin/fedogda_d/seed_2/rerun_protocol_v1_sin_fedogda_d_seed2_alpha0p5/metrics.json
primary,rerun_protocol_v1,,sin,fedogda_d,deterministic,federated,2,1.0,rerun_protocol_v1_sin_fedogda_d_seed2_alpha1p0,500,3,0,0.001,0.01,1.5,10.0,0.1,1.0,0.08437636300308396,460,0.08739504062255427,0.08466394580628561,0.08783426388665472,9626.934776067734,False,,,,True,True,True,results/rerun_protocol_v1/sin/fedogda_d/seed_2/rerun_protocol_v1_sin_fedogda_d_seed2_alpha1p0/effective_config.json,results/rerun_protocol_v1/sin/fedogda_d/seed_2/rerun_protocol_v1_sin_fedogda_d_seed2_alpha1p0/metrics.json
primary,rerun_protocol_v1,,sin,fedogda_s,stochastic,federated,0,0.1,rerun_protocol_v1_sin_fedogda_s_seed0_alpha0p1,500,3,256,0.001,0.01,1.5,10.0,0.1,1.0,0.08732176614876729,402,0.09010945455345735,0.09023609286653238,0.09339011742078997,205.30420017242432,False,,,,True,True,True,results/rerun_protocol_v1/sin/fedogda_s/seed_0/rerun_protocol_v1_sin_fedogda_s_seed0_alpha0p1/effective_config.json,results/rerun_protocol_v1/sin/fedogda_s/seed_0/rerun_protocol_v1_sin_fedogda_s_seed0_alpha0p1/metrics.json
primary,rerun_protocol_v1,,sin,fedogda_s,stochastic,federated,0,0.5,rerun_protocol_v1_sin_fedogda_s_seed0_alpha0p5,500,3,256,0.001,0.01,1.5,10.0,0.1,1.0,0.08778774919932615,429,0.09058282447044726,0.08780325081729268,0.09061746668689433,196.77295804023743,False,,,,True,True,True,results/rerun_protocol_v1/sin/fedogda_s/seed_0/rerun_protocol_v1_sin_fedogda_s_seed0_alpha0p5/effective_config.json,results/rerun_protocol_v1/sin/fedogda_s/seed_0/rerun_protocol_v1_sin_fedogda_s_seed0_alpha0p5/metrics.json
primary,rerun_protocol_v1,,sin,fedogda_s,stochastic,federated,0,1.0,rerun_protocol_v1_sin_fedogda_s_seed0_alpha1p0,500,3,256,0.001,0.01,1.5,10.0,0.1,1.0,0.08766009975474562,337,0.09043478549269746,0.08824683995463622,0.09083144180882212,203.4080319404602,False,,,,True,True,True,results/rerun_protocol_v1/sin/fedogda_s/seed_0/rerun_protocol_v1_sin_fedogda_s_seed0_alpha1p0/effective_config.json,results/rerun_protocol_v1/sin/fedogda_s/seed_0/rerun_protocol_v1_sin_fedogda_s_seed0_alpha1p0/metrics.json
primary,rerun_protocol_v1,,sin,fedogda_s,stochastic,federated,1,0.1,rerun_protocol_v1_sin_fedogda_s_seed1_alpha0p1,500,3,256,0.001,0.01,1.5,10.0,0.1,1.0,0.07867262636737331,25,0.08011050574834426,0.08489368772199031,0.08786917987176532,197.877290725708,False,,,,True,True,True,results/rerun_protocol_v1/sin/fedogda_s/seed_1/rerun_protocol_v1_sin_fedogda_s_seed1_alpha0p1/effective_config.json,results/rerun_protocol_v1/sin/fedogda_s/seed_1/rerun_protocol_v1_sin_fedogda_s_seed1_alpha0p1/metrics.json
primary,rerun_protocol_v1,,sin,fedogda_s,stochastic,federated,1,0.5,rerun_protocol_v1_sin_fedogda_s_seed1_alpha0p5,500,3,256,0.001,0.01,1.5,10.0,0.1,1.0,0.0787147350235261,110,0.08056486794652362,0.08362752279051769,0.0861717312897127,194.87167072296143,False,,,,True,True,True,results/rerun_protocol_v1/sin/fedogda_s/seed_1/rerun_protocol_v1_sin_fedogda_s_seed1_alpha0p5/effective_config.json,results/rerun_protocol_v1/sin/fedogda_s/seed_1/rerun_protocol_v1_sin_fedogda_s_seed1_alpha0p5/metrics.json
primary,rerun_protocol_v1,,sin,fedogda_s,stochastic,federated,1,1.0,rerun_protocol_v1_sin_fedogda_s_seed1_alpha1p0,500,3,256,0.001,0.01,1.5,10.0,0.1,1.0,0.07891249461221363,110,0.08047187678032089,0.08413530001373602,0.08668815052905639,194.86729860305786,False,,,,True,True,True,results/rerun_protocol_v1/sin/fedogda_s/seed_1/rerun_protocol_v1_sin_fedogda_s_seed1_alpha1p0/effective_config.json,results/rerun_protocol_v1/sin/fedogda_s/seed_1/rerun_protocol_v1_sin_fedogda_s_seed1_alpha1p0/metrics.json
primary,rerun_protocol_v1,,sin,fedogda_s,stochastic,federated,2,0.1,rerun_protocol_v1_sin_fedogda_s_seed2_alpha0p1,500,3,256,0.001,0.01,1.5,10.0,0.1,1.0,0.08382666722090722,420,0.08660816378567072,0.0879878081428872,0.09164056843151362,204.38344478607178,False,,,,True,True,True,results/rerun_protocol_v1/sin/fedogda_s/seed_2/rerun_protocol_v1_sin_fedogda_s_seed2_alpha0p1/effective_config.json,results/rerun_protocol_v1/sin/fedogda_s/seed_2/rerun_protocol_v1_sin_fedogda_s_seed2_alpha0p1/metrics.json
primary,rerun_protocol_v1,,sin,fedogda_s,stochastic,federated,2,0.5,rerun_protocol_v1_sin_fedogda_s_seed2_alpha0p5,500,3,256,0.001,0.01,1.5,10.0,0.1,1.0,0.08430162928833569,428,0.08727304203073737,0.08626771445910998,0.08979218948399119,201.11132979393005,False,,,,True,True,True,results/rerun_protocol_v1/sin/fedogda_s/seed_2/rerun_protocol_v1_sin_fedogda_s_seed2_alpha0p5/effective_config.json,results/rerun_protocol_v1/sin/fedogda_s/seed_2/rerun_protocol_v1_sin_fedogda_s_seed2_alpha0p5/metrics.json
primary,rerun_protocol_v1,,sin,fedogda_s,stochastic,federated,2,1.0,rerun_protocol_v1_sin_fedogda_s_seed2_alpha1p0,500,3,256,0.001,0.01,1.5,10.0,0.1,1.0,0.08361395502265909,498,0.08647868933938554,0.08363400295703197,0.08649161834589947,199.38783931732178,False,,,,True,True,True,results/rerun_protocol_v1/sin/fedogda_s/seed_2/rerun_protocol_v1_sin_fedogda_s_seed2_alpha1p0/effective_config.json,results/rerun_protocol_v1/sin/fedogda_s/seed_2/rerun_protocol_v1_sin_fedogda_s_seed2_alpha1p0/metrics.json
primary,rerun_protocol_v1,,step,fedgda_d,deterministic,federated,0,0.1,rerun_protocol_v1_step_fedgda_d_seed0_alpha0p1,500,3,0,0.001,0.01,1.5,10.0,0.1,1.0,0.030322443227099417,499,0.03086680409656931,0.030322443227099417,0.03086680409656931,8992.012092590332,False,,,,True,True,True,results/rerun_protocol_v1/step/fedgda_d/seed_0/rerun_protocol_v1_step_fedgda_d_seed0_alpha0p1/effective_config.json,results/rerun_protocol_v1/step/fedgda_d/seed_0/rerun_protocol_v1_step_fedgda_d_seed0_alpha0p1/metrics.json
primary,rerun_protocol_v1,,step,fedgda_d,deterministic,federated,0,0.5,rerun_protocol_v1_step_fedgda_d_seed0_alpha0p5,500,3,0,0.001,0.01,1.5,10.0,0.1,1.0,0.03019594602590297,499,0.030735466788692038,0.03019594602590297,0.030735466788692038,8758.627727746964,False,,,,True,True,True,results/rerun_protocol_v1/step/fedgda_d/seed_0/rerun_protocol_v1_step_fedgda_d_seed0_alpha0p5/effective_config.json,results/rerun_protocol_v1/step/fedgda_d/seed_0/rerun_protocol_v1_step_fedgda_d_seed0_alpha0p5/metrics.json
primary,rerun_protocol_v1,,step,fedgda_d,deterministic,federated,0,1.0,rerun_protocol_v1_step_fedgda_d_seed0_alpha1p0,500,3,0,0.001,0.01,1.5,10.0,0.1,1.0,0.03015867273811927,499,0.030703307633754083,0.03015867273811927,0.030703307633754083,8424.016626358032,False,,,,True,True,True,results/rerun_protocol_v1/step/fedgda_d/seed_0/rerun_protocol_v1_step_fedgda_d_seed0_alpha1p0/effective_config.json,results/rerun_protocol_v1/step/fedgda_d/seed_0/rerun_protocol_v1_step_fedgda_d_seed0_alpha1p0/metrics.json
primary,rerun_protocol_v1,,step,fedgda_d,deterministic,federated,1,0.1,rerun_protocol_v1_step_fedgda_d_seed1_alpha0p1,500,3,0,0.001,0.01,1.5,10.0,0.1,1.0,0.02582644307823007,180,0.026199452397859823,0.02855369673353375,0.029118501856528745,8722.059034824371,False,,,,True,True,True,results/rerun_protocol_v1/step/fedgda_d/seed_1/rerun_protocol_v1_step_fedgda_d_seed1_alpha0p1/effective_config.json,results/rerun_protocol_v1/step/fedgda_d/seed_1/rerun_protocol_v1_step_fedgda_d_seed1_alpha0p1/metrics.json
primary,rerun_protocol_v1,,step,fedgda_d,deterministic,federated,1,0.5,rerun_protocol_v1_step_fedgda_d_seed1_alpha0p5,500,3,0,0.001,0.01,1.5,10.0,0.1,1.0,0.025806636385407148,179,0.02619811262844118,0.02799451243466521,0.028531229939726944,8767.579985380173,False,,,,True,True,True,results/rerun_protocol_v1/step/fedgda_d/seed_1/rerun_protocol_v1_step_fedgda_d_seed1_alpha0p5/effective_config.json,results/rerun_protocol_v1/step/fedgda_d/seed_1/rerun_protocol_v1_step_fedgda_d_seed1_alpha0p5/metrics.json
primary,rerun_protocol_v1,,step,fedgda_d,deterministic,federated,1,1.0,rerun_protocol_v1_step_fedgda_d_seed1_alpha1p0,500,3,0,0.001,0.01,1.5,10.0,0.1,1.0,0.02574641952375027,179,0.026134598836368095,0.02811182557730503,0.028654730933773517,8567.101275205612,False,,,,True,True,True,results/rerun_protocol_v1/step/fedgda_d/seed_1/rerun_protocol_v1_step_fedgda_d_seed1_alpha1p0/effective_config.json,results/rerun_protocol_v1/step/fedgda_d/seed_1/rerun_protocol_v1_step_fedgda_d_seed1_alpha1p0/metrics.json
primary,rerun_protocol_v1,,step,fedgda_d,deterministic,federated,2,0.1,rerun_protocol_v1_step_fedgda_d_seed2_alpha0p1,500,3,0,0.001,0.01,1.5,10.0,0.1,1.0,0.03159464000232325,499,0.03229769040604756,0.03159464000232325,0.03229769040604756,8595.020587921143,False,,,,True,True,True,results/rerun_protocol_v1/step/fedgda_d/seed_2/rerun_protocol_v1_step_fedgda_d_seed2_alpha0p1/effective_config.json,results/rerun_protocol_v1/step/fedgda_d/seed_2/rerun_protocol_v1_step_fedgda_d_seed2_alpha0p1/metrics.json
primary,rerun_protocol_v1,,step,fedgda_d,deterministic,federated,2,0.5,rerun_protocol_v1_step_fedgda_d_seed2_alpha0p5,500,3,0,0.001,0.01,1.5,10.0,0.1,1.0,0.031536431513596606,493,0.032242884169416,0.031550039563337504,0.03227600418539401,8610.774212121964,False,,,,True,True,True,results/rerun_protocol_v1/step/fedgda_d/seed_2/rerun_protocol_v1_step_fedgda_d_seed2_alpha0p5/effective_config.json,results/rerun_protocol_v1/step/fedgda_d/seed_2/rerun_protocol_v1_step_fedgda_d_seed2_alpha0p5/metrics.json
primary,rerun_protocol_v1,,step,fedgda_d,deterministic,federated,2,1.0,rerun_protocol_v1_step_fedgda_d_seed2_alpha1p0,500,3,0,0.001,0.01,1.5,10.0,0.1,1.0,0.031484098732015256,491,0.03218819372109492,0.03151022037104319,0.032239682349521355,8530.483174800873,False,,,,True,True,True,results/rerun_protocol_v1/step/fedgda_d/seed_2/rerun_protocol_v1_step_fedgda_d_seed2_alpha1p0/effective_config.json,results/rerun_protocol_v1/step/fedgda_d/seed_2/rerun_protocol_v1_step_fedgda_d_seed2_alpha1p0/metrics.json
primary,rerun_protocol_v1,,step,fedgda_s,stochastic,federated,0,0.1,rerun_protocol_v1_step_fedgda_s_seed0_alpha0p1,500,3,256,0.003,0.03,1.5,10.0,0.03,1.0,0.027814618496127007,484,0.028218572987749786,0.030057164705552048,0.030328771864915057,179.6958463191986,False,,,,True,True,True,results/rerun_protocol_v1/step/fedgda_s/seed_0/rerun_protocol_v1_step_fedgda_s_seed0_alpha0p1/effective_config.json,results/rerun_protocol_v1/step/fedgda_s/seed_0/rerun_protocol_v1_step_fedgda_s_seed0_alpha0p1/metrics.json
primary,rerun_protocol_v1,,step,fedgda_s,stochastic,federated,0,0.5,rerun_protocol_v1_step_fedgda_s_seed0_alpha0p5,500,3,256,0.003,0.03,1.5,10.0,0.03,1.0,0.025790936878708287,479,0.026161904214876575,0.026394296444964816,0.026855397342953426,182.41463589668274,False,,,,True,True,True,results/rerun_protocol_v1/step/fedgda_s/seed_0/rerun_protocol_v1_step_fedgda_s_seed0_alpha0p5/effective_config.json,results/rerun_protocol_v1/step/fedgda_s/seed_0/rerun_protocol_v1_step_fedgda_s_seed0_alpha0p5/metrics.json
primary,rerun_protocol_v1,,step,fedgda_s,stochastic,federated,0,1.0,rerun_protocol_v1_step_fedgda_s_seed0_alpha1p0,500,3,256,0.003,0.03,1.5,10.0,0.03,1.0,0.028039862643424413,466,0.02846987321520255,0.029269548946161284,0.029632832198242733,178.4482126235962,False,,,,True,True,True,results/rerun_protocol_v1/step/fedgda_s/seed_0/rerun_protocol_v1_step_fedgda_s_seed0_alpha1p0/effective_config.json,results/rerun_protocol_v1/step/fedgda_s/seed_0/rerun_protocol_v1_step_fedgda_s_seed0_alpha1p0/metrics.json
primary,rerun_protocol_v1,,step,fedgda_s,stochastic,federated,1,0.1,rerun_protocol_v1_step_fedgda_s_seed1_alpha0p1,500,3,256,0.003,0.03,1.5,10.0,0.03,1.0,0.02486079364546243,487,0.025218379926375142,0.02673222730641975,0.027310156296552653,182.67610955238342,False,,,,True,True,True,results/rerun_protocol_v1/step/fedgda_s/seed_1/rerun_protocol_v1_step_fedgda_s_seed1_alpha0p1/effective_config.json,results/rerun_protocol_v1/step/fedgda_s/seed_1/rerun_protocol_v1_step_fedgda_s_seed1_alpha0p1/metrics.json
primary,rerun_protocol_v1,,step,fedgda_s,stochastic,federated,1,0.5,rerun_protocol_v1_step_fedgda_s_seed1_alpha0p5,500,3,256,0.003,0.03,1.5,10.0,0.03,1.0,0.023744637373604598,489,0.024000679608566614,0.024372128038458347,0.024744867783718958,179.91432404518127,False,,,,True,True,True,results/rerun_protocol_v1/step/fedgda_s/seed_1/rerun_protocol_v1_step_fedgda_s_seed1_alpha0p5/effective_config.json,results/rerun_protocol_v1/step/fedgda_s/seed_1/rerun_protocol_v1_step_fedgda_s_seed1_alpha0p5/metrics.json
primary,rerun_protocol_v1,,step,fedgda_s,stochastic,federated,1,1.0,rerun_protocol_v1_step_fedgda_s_seed1_alpha1p0,500,3,256,0.003,0.03,1.5,10.0,0.03,1.0,0.02459563278599036,452,0.024930481480437517,0.039699331278778505,0.040949814212533756,181.46776247024536,False,,,,True,True,True,results/rerun_protocol_v1/step/fedgda_s/seed_1/rerun_protocol_v1_step_fedgda_s_seed1_alpha1p0/effective_config.json,results/rerun_protocol_v1/step/fedgda_s/seed_1/rerun_protocol_v1_step_fedgda_s_seed1_alpha1p0/metrics.json
primary,rerun_protocol_v1,,step,fedgda_s,stochastic,federated,2,0.1,rerun_protocol_v1_step_fedgda_s_seed2_alpha0p1,500,3,256,0.003,0.03,1.5,10.0,0.03,1.0,0.02808520238906342,486,0.028442072541331992,0.02810944561536089,0.028457605743916845,177.61552810668945,False,,,,True,True,True,results/rerun_protocol_v1/step/fedgda_s/seed_2/rerun_protocol_v1_step_fedgda_s_seed2_alpha0p1/effective_config.json,results/rerun_protocol_v1/step/fedgda_s/seed_2/rerun_protocol_v1_step_fedgda_s_seed2_alpha0p1/metrics.json
primary,rerun_protocol_v1,,step,fedgda_s,stochastic,federated,2,0.5,rerun_protocol_v1_step_fedgda_s_seed2_alpha0p5,500,3,256,0.003,0.03,1.5,10.0,0.03,1.0,0.028233344246919444,341,0.028639580672589676,0.03015045816192462,0.030501320158263172,181.75751304626465,False,,,,True,True,True,results/rerun_protocol_v1/step/fedgda_s/seed_2/rerun_protocol_v1_step_fedgda_s_seed2_alpha0p5/effective_config.json,results/rerun_protocol_v1/step/fedgda_s/seed_2/rerun_protocol_v1_step_fedgda_s_seed2_alpha0p5/metrics.json
primary,rerun_protocol_v1,,step,fedgda_s,stochastic,federated,2,1.0,rerun_protocol_v1_step_fedgda_s_seed2_alpha1p0,500,3,256,0.003,0.03,1.5,10.0,0.03,1.0,0.028003270650883046,463,0.028364487861014483,0.02961782532215492,0.030141683911365305,179.2021074295044,False,,,,True,True,True,results/rerun_protocol_v1/step/fedgda_s/seed_2/rerun_protocol_v1_step_fedgda_s_seed2_alpha1p0/effective_config.json,results/rerun_protocol_v1/step/fedgda_s/seed_2/rerun_protocol_v1_step_fedgda_s_seed2_alpha1p0/metrics.json
primary,rerun_protocol_v1,,step,fedogda_d,deterministic,federated,0,0.1,rerun_protocol_v1_step_fedogda_d_seed0_alpha0p1,500,3,0,0.001,0.01,1.5,10.0,0.1,1.0,0.02921026609151715,499,0.029737169081041237,0.02921026609151715,0.029737169081041237,9801.927259922028,False,,,,True,True,True,results/rerun_protocol_v1/step/fedogda_d/seed_0/rerun_protocol_v1_step_fedogda_d_seed0_alpha0p1/effective_config.json,results/rerun_protocol_v1/step/fedogda_d/seed_0/rerun_protocol_v1_step_fedogda_d_seed0_alpha0p1/metrics.json
primary,rerun_protocol_v1,,step,fedogda_d,deterministic,federated,0,0.5,rerun_protocol_v1_step_fedogda_d_seed0_alpha0p5,500,3,0,0.001,0.01,1.5,10.0,0.1,1.0,0.029224452733499794,499,0.02975014439663422,0.029224452733499794,0.02975014439663422,10332.687829256058,False,,,,True,True,True,results/rerun_protocol_v1/step/fedogda_d/seed_0/rerun_protocol_v1_step_fedogda_d_seed0_alpha0p5/effective_config.json,results/rerun_protocol_v1/step/fedogda_d/seed_0/rerun_protocol_v1_step_fedogda_d_seed0_alpha0p5/metrics.json
primary,rerun_protocol_v1,,step,fedogda_d,deterministic,federated,0,1.0,rerun_protocol_v1_step_fedogda_d_seed0_alpha1p0,500,3,0,0.001,0.01,1.5,10.0,0.1,1.0,0.029161007420156936,499,0.029694188483456414,0.029161007420156936,0.029694188483456414,9824.436199426651,False,,,,True,True,True,results/rerun_protocol_v1/step/fedogda_d/seed_0/rerun_protocol_v1_step_fedogda_d_seed0_alpha1p0/effective_config.json,results/rerun_protocol_v1/step/fedogda_d/seed_0/rerun_protocol_v1_step_fedogda_d_seed0_alpha1p0/metrics.json
primary,rerun_protocol_v1,,step,fedogda_d,deterministic,federated,1,0.1,rerun_protocol_v1_step_fedogda_d_seed1_alpha0p1,500,3,0,0.001,0.01,1.5,10.0,0.1,1.0,0.025220696416826668,176,0.02558361362937985,0.02788582319348027,0.02840525154144172,9907.877912282944,False,,,,True,True,True,results/rerun_protocol_v1/step/fedogda_d/seed_1/rerun_protocol_v1_step_fedogda_d_seed1_alpha0p1/effective_config.json,results/rerun_protocol_v1/step/fedogda_d/seed_1/rerun_protocol_v1_step_fedogda_d_seed1_alpha0p1/metrics.json
primary,rerun_protocol_v1,,step,fedogda_d,deterministic,federated,1,0.5,rerun_protocol_v1_step_fedogda_d_seed1_alpha0p5,500,3,0,0.001,0.01,1.5,10.0,0.1,1.0,0.02521540527508708,174,0.025570447363979242,0.027662547146623286,0.028168889941582013,9932.028527975082,False,,,,True,True,True,results/rerun_protocol_v1/step/fedogda_d/seed_1/rerun_protocol_v1_step_fedogda_d_seed1_alpha0p5/effective_config.json,results/rerun_protocol_v1/step/fedogda_d/seed_1/rerun_protocol_v1_step_fedogda_d_seed1_alpha0p5/metrics.json
primary,rerun_protocol_v1,,step,fedogda_d,deterministic,federated,1,1.0,rerun_protocol_v1_step_fedogda_d_seed1_alpha1p0,500,3,0,0.001,0.01,1.5,10.0,0.1,1.0,0.025188124652050156,174,0.025550007682638518,0.0277868902066886,0.028302376852343495,9811.24996638298,False,,,,True,True,True,results/rerun_protocol_v1/step/fedogda_d/seed_1/rerun_protocol_v1_step_fedogda_d_seed1_alpha1p0/effective_config.json,results/rerun_protocol_v1/step/fedogda_d/seed_1/rerun_protocol_v1_step_fedogda_d_seed1_alpha1p0/metrics.json
primary,rerun_protocol_v1,,step,fedogda_d,deterministic,federated,2,0.1,rerun_protocol_v1_step_fedogda_d_seed2_alpha0p1,500,3,0,0.001,0.01,1.5,10.0,0.1,1.0,0.031533961758296154,487,0.03224387724789442,0.031578389465682546,0.03232231897141619,10098.35812330246,False,,,,True,True,True,results/rerun_protocol_v1/step/fedogda_d/seed_2/rerun_protocol_v1_step_fedogda_d_seed2_alpha0p1/effective_config.json,results/rerun_protocol_v1/step/fedogda_d/seed_2/rerun_protocol_v1_step_fedogda_d_seed2_alpha0p1/metrics.json
primary,rerun_protocol_v1,,step,fedogda_d,deterministic,federated,2,0.5,rerun_protocol_v1_step_fedogda_d_seed2_alpha0p5,500,3,0,0.001,0.01,1.5,10.0,0.1,1.0,0.0315027731897732,478,0.03221464618447051,0.03161928998501222,0.03238856784996857,10036.477277994156,False,,,,True,True,True,results/rerun_protocol_v1/step/fedogda_d/seed_2/rerun_protocol_v1_step_fedogda_d_seed2_alpha0p5/effective_config.json,results/rerun_protocol_v1/step/fedogda_d/seed_2/rerun_protocol_v1_step_fedogda_d_seed2_alpha0p5/metrics.json
primary,rerun_protocol_v1,,step,fedogda_d,deterministic,federated,2,1.0,rerun_protocol_v1_step_fedogda_d_seed2_alpha1p0,500,3,0,0.001,0.01,1.5,10.0,0.1,1.0,0.03146384318880461,475,0.03217508500770567,0.03160412924342974,0.03237664686496598,9933.247555971146,False,,,,True,True,True,results/rerun_protocol_v1/step/fedogda_d/seed_2/rerun_protocol_v1_step_fedogda_d_seed2_alpha1p0/effective_config.json,results/rerun_protocol_v1/step/fedogda_d/seed_2/rerun_protocol_v1_step_fedogda_d_seed2_alpha1p0/metrics.json
primary,rerun_protocol_v1,,step,fedogda_s,stochastic,federated,0,0.1,rerun_protocol_v1_step_fedogda_s_seed0_alpha0p1,500,3,256,0.001,0.01,1.5,10.0,0.1,1.0,0.029913518146718273,424,0.030507676798837383,0.03009502163984087,0.030763924088293693,193.86003422737122,False,,,,True,True,True,results/rerun_protocol_v1/step/fedogda_s/seed_0/rerun_protocol_v1_step_fedogda_s_seed0_alpha0p1/effective_config.json,results/rerun_protocol_v1/step/fedogda_s/seed_0/rerun_protocol_v1_step_fedogda_s_seed0_alpha0p1/metrics.json
primary,rerun_protocol_v1,,step,fedogda_s,stochastic,federated,0,0.5,rerun_protocol_v1_step_fedogda_s_seed0_alpha0p5,500,3,256,0.001,0.01,1.5,10.0,0.1,1.0,0.02961461787380765,499,0.030184297414644914,0.02961461787380765,0.030184297414644914,195.53921961784363,False,,,,True,True,True,results/rerun_protocol_v1/step/fedogda_s/seed_0/rerun_protocol_v1_step_fedogda_s_seed0_alpha0p5/effective_config.json,results/rerun_protocol_v1/step/fedogda_s/seed_0/rerun_protocol_v1_step_fedogda_s_seed0_alpha0p5/metrics.json
primary,rerun_protocol_v1,,step,fedogda_s,stochastic,federated,0,1.0,rerun_protocol_v1_step_fedogda_s_seed0_alpha1p0,500,3,256,0.001,0.01,1.5,10.0,0.1,1.0,0.030406173687401998,469,0.03099247519075487,0.03089715455165438,0.0313896517846175,194.20360589027405,False,,,,True,True,True,results/rerun_protocol_v1/step/fedogda_s/seed_0/rerun_protocol_v1_step_fedogda_s_seed0_alpha1p0/effective_config.json,results/rerun_protocol_v1/step/fedogda_s/seed_0/rerun_protocol_v1_step_fedogda_s_seed0_alpha1p0/metrics.json
primary,rerun_protocol_v1,,step,fedogda_s,stochastic,federated,1,0.1,rerun_protocol_v1_step_fedogda_s_seed1_alpha0p1,500,3,256,0.001,0.01,1.5,10.0,0.1,1.0,0.024838549409417442,114,0.02515483355049589,0.028783181232496857,0.029347608216447208,195.9485743045807,False,,,,True,True,True,results/rerun_protocol_v1/step/fedogda_s/seed_1/rerun_protocol_v1_step_fedogda_s_seed1_alpha0p1/effective_config.json,results/rerun_protocol_v1/step/fedogda_s/seed_1/rerun_protocol_v1_step_fedogda_s_seed1_alpha0p1/metrics.json
primary,rerun_protocol_v1,,step,fedogda_s,stochastic,federated,1,0.5,rerun_protocol_v1_step_fedogda_s_seed1_alpha0p5,500,3,256,0.001,0.01,1.5,10.0,0.1,1.0,0.02582018245042296,118,0.026275394847309213,0.027895218190783517,0.028391166724359318,193.7879388332367,False,,,,True,True,True,results/rerun_protocol_v1/step/fedogda_s/seed_1/rerun_protocol_v1_step_fedogda_s_seed1_alpha0p5/effective_config.json,results/rerun_protocol_v1/step/fedogda_s/seed_1/rerun_protocol_v1_step_fedogda_s_seed1_alpha0p5/metrics.json
primary,rerun_protocol_v1,,step,fedogda_s,stochastic,federated,1,1.0,rerun_protocol_v1_step_fedogda_s_seed1_alpha1p0,500,3,256,0.001,0.01,1.5,10.0,0.1,1.0,0.024847618000472943,115,0.025195464127275868,0.028592469424762647,0.029076856100392644,193.47080063819885,False,,,,True,True,True,results/rerun_protocol_v1/step/fedogda_s/seed_1/rerun_protocol_v1_step_fedogda_s_seed1_alpha1p0/effective_config.json,results/rerun_protocol_v1/step/fedogda_s/seed_1/rerun_protocol_v1_step_fedogda_s_seed1_alpha1p0/metrics.json
primary,rerun_protocol_v1,,step,fedogda_s,stochastic,federated,2,0.1,rerun_protocol_v1_step_fedogda_s_seed2_alpha0p1,500,3,256,0.001,0.01,1.5,10.0,0.1,1.0,0.031241650694060957,430,0.03188241102342823,0.035199213235721186,0.036291327330487545,195.8667438030243,False,,,,True,True,True,results/rerun_protocol_v1/step/fedogda_s/seed_2/rerun_protocol_v1_step_fedogda_s_seed2_alpha0p1/effective_config.json,results/rerun_protocol_v1/step/fedogda_s/seed_2/rerun_protocol_v1_step_fedogda_s_seed2_alpha0p1/metrics.json
primary,rerun_protocol_v1,,step,fedogda_s,stochastic,federated,2,0.5,rerun_protocol_v1_step_fedogda_s_seed2_alpha0p5,500,3,256,0.001,0.01,1.5,10.0,0.1,1.0,0.032275574152071364,423,0.032898593690411884,0.03379466742402731,0.03482205125673002,196.09724855422974,False,,,,True,True,True,results/rerun_protocol_v1/step/fedogda_s/seed_2/rerun_protocol_v1_step_fedogda_s_seed2_alpha0p5/effective_config.json,results/rerun_protocol_v1/step/fedogda_s/seed_2/rerun_protocol_v1_step_fedogda_s_seed2_alpha0p5/metrics.json
primary,rerun_protocol_v1,,step,fedogda_s,stochastic,federated,2,1.0,rerun_protocol_v1_step_fedogda_s_seed2_alpha1p0,500,3,256,0.001,0.01,1.5,10.0,0.1,1.0,0.031111491877231414,498,0.03180386448039119,0.031124856722735364,0.03181422173630795,192.04123210906982,False,,,,True,True,True,results/rerun_protocol_v1/step/fedogda_s/seed_2/rerun_protocol_v1_step_fedogda_s_seed2_alpha1p0/effective_config.json,results/rerun_protocol_v1/step/fedogda_s/seed_2/rerun_protocol_v1_step_fedogda_s_seed2_alpha1p0/metrics.json
smoke,rerun_protocol_v1_smoke,,abs,fedgda_d,deterministic,federated,0,0.5,tiny_full_gradient_seed0_alpha0p5,2,1,0,0.001,0.01,1.5,10.0,0.1,1.0,0.26860152812977717,0,0.2757825574431778,0.26871617797166475,0.27595929890910387,852.0576734542847,False,,,,True,True,True,results/rerun_protocol_v1_smoke/abs/fedgda_d/seed_0/tiny_full_gradient_seed0_alpha0p5/effective_config.json,results/rerun_protocol_v1_smoke/abs/fedgda_d/seed_0/tiny_full_gradient_seed0_alpha0p5/metrics.json
tuning,rerun_protocol_v1_tuning,fedogda_s_pilot_alpha0p5,abs,fedogda_s,stochastic,federated,0,0.5,tune_fedogda_s_abs_seed0_alpha0p5_cm10_wd0p001,500,3,256,0.001,0.01,1.5,10.0,0.001,1.0,0.006532075687872711,499,0.006701712291848975,0.006532075687872711,0.006701712291848975,208.97944855690002,False,,,,True,True,True,results/rerun_protocol_v1_tuning/fedogda_s_pilot_alpha0p5/abs/fedogda_s/seed_0/tune_fedogda_s_abs_seed0_alpha0p5_cm10_wd0p001/effective_config.json,results/rerun_protocol_v1_tuning/fedogda_s_pilot_alpha0p5/abs/fedogda_s/seed_0/tune_fedogda_s_abs_seed0_alpha0p5_cm10_wd0p001/metrics.json
tuning,rerun_protocol_v1_tuning,fedogda_s_pilot_alpha0p5,abs,fedogda_s,stochastic,federated,0,0.5,tune_fedogda_s_abs_seed0_alpha0p5_cm10_wd0p01,500,3,256,0.001,0.01,1.5,10.0,0.01,1.0,0.006532075687872711,499,0.006701712291848975,0.006532075687872711,0.006701712291848975,204.27942895889282,False,,,,True,True,True,results/rerun_protocol_v1_tuning/fedogda_s_pilot_alpha0p5/abs/fedogda_s/seed_0/tune_fedogda_s_abs_seed0_alpha0p5_cm10_wd0p01/effective_config.json,results/rerun_protocol_v1_tuning/fedogda_s_pilot_alpha0p5/abs/fedogda_s/seed_0/tune_fedogda_s_abs_seed0_alpha0p5_cm10_wd0p01/metrics.json
tuning,rerun_protocol_v1_tuning,fedogda_s_pilot_alpha0p5,abs,fedogda_s,stochastic,federated,0,0.5,tune_fedogda_s_abs_seed0_alpha0p5_cm10_wd0p03,500,3,256,0.001,0.01,1.5,10.0,0.03,1.0,0.006532075687872711,499,0.006701712291848975,0.006532075687872711,0.006701712291848975,190.14099740982056,False,,,,True,True,True,results/rerun_protocol_v1_tuning/fedogda_s_pilot_alpha0p5/abs/fedogda_s/seed_0/tune_fedogda_s_abs_seed0_alpha0p5_cm10_wd0p03/effective_config.json,results/rerun_protocol_v1_tuning/fedogda_s_pilot_alpha0p5/abs/fedogda_s/seed_0/tune_fedogda_s_abs_seed0_alpha0p5_cm10_wd0p03/metrics.json
tuning,rerun_protocol_v1_tuning,fedogda_s_pilot_alpha0p5,abs,fedogda_s,stochastic,federated,0,0.5,tune_fedogda_s_abs_seed0_alpha0p5_cm10_wd0p1,500,3,256,0.001,0.01,1.5,10.0,0.1,1.0,0.006532075687872711,499,0.006701712291848975,0.006532075687872711,0.006701712291848975,197.32402300834656,False,,,,True,True,True,results/rerun_protocol_v1_tuning/fedogda_s_pilot_alpha0p5/abs/fedogda_s/seed_0/tune_fedogda_s_abs_seed0_alpha0p5_cm10_wd0p1/effective_config.json,results/rerun_protocol_v1_tuning/fedogda_s_pilot_alpha0p5/abs/fedogda_s/seed_0/tune_fedogda_s_abs_seed0_alpha0p5_cm10_wd0p1/metrics.json
tuning,rerun_protocol_v1_tuning,fedogda_s_pilot_alpha0p5,abs,fedogda_s,stochastic,federated,0,0.5,tune_fedogda_s_abs_seed0_alpha0p5_cm20_wd0p001,500,3,256,0.001,0.02,1.5,20.0,0.001,1.0,0.0017172040024262657,499,0.001762419082242673,0.0017172040024262649,0.001762419082242673,206.7391402721405,False,,,,True,True,True,results/rerun_protocol_v1_tuning/fedogda_s_pilot_alpha0p5/abs/fedogda_s/seed_0/tune_fedogda_s_abs_seed0_alpha0p5_cm20_wd0p001/effective_config.json,results/rerun_protocol_v1_tuning/fedogda_s_pilot_alpha0p5/abs/fedogda_s/seed_0/tune_fedogda_s_abs_seed0_alpha0p5_cm20_wd0p001/metrics.json
tuning,rerun_protocol_v1_tuning,fedogda_s_pilot_alpha0p5,abs,fedogda_s,stochastic,federated,0,0.5,tune_fedogda_s_abs_seed0_alpha0p5_cm20_wd0p01,500,3,256,0.001,0.02,1.5,20.0,0.01,1.0,0.0017172040024262657,499,0.001762419082242673,0.0017172040024262649,0.001762419082242673,199.900639295578,False,,,,True,True,True,results/rerun_protocol_v1_tuning/fedogda_s_pilot_alpha0p5/abs/fedogda_s/seed_0/tune_fedogda_s_abs_seed0_alpha0p5_cm20_wd0p01/effective_config.json,results/rerun_protocol_v1_tuning/fedogda_s_pilot_alpha0p5/abs/fedogda_s/seed_0/tune_fedogda_s_abs_seed0_alpha0p5_cm20_wd0p01/metrics.json
tuning,rerun_protocol_v1_tuning,fedogda_s_pilot_alpha0p5,abs,fedogda_s,stochastic,federated,0,0.5,tune_fedogda_s_abs_seed0_alpha0p5_cm20_wd0p03,500,3,256,0.001,0.02,1.5,20.0,0.03,1.0,0.0017172040024262657,499,0.001762419082242673,0.0017172040024262649,0.001762419082242673,189.10163688659668,False,,,,True,True,True,results/rerun_protocol_v1_tuning/fedogda_s_pilot_alpha0p5/abs/fedogda_s/seed_0/tune_fedogda_s_abs_seed0_alpha0p5_cm20_wd0p03/effective_config.json,results/rerun_protocol_v1_tuning/fedogda_s_pilot_alpha0p5/abs/fedogda_s/seed_0/tune_fedogda_s_abs_seed0_alpha0p5_cm20_wd0p03/metrics.json
tuning,rerun_protocol_v1_tuning,fedogda_s_pilot_alpha0p5,abs,fedogda_s,stochastic,federated,0,0.5,tune_fedogda_s_abs_seed0_alpha0p5_cm20_wd0p1,500,3,256,0.001,0.02,1.5,20.0,0.1,1.0,0.0017172040024262657,499,0.001762419082242673,0.0017172040024262649,0.001762419082242673,193.6718499660492,False,,,,True,True,True,results/rerun_protocol_v1_tuning/fedogda_s_pilot_alpha0p5/abs/fedogda_s/seed_0/tune_fedogda_s_abs_seed0_alpha0p5_cm20_wd0p1/effective_config.json,results/rerun_protocol_v1_tuning/fedogda_s_pilot_alpha0p5/abs/fedogda_s/seed_0/tune_fedogda_s_abs_seed0_alpha0p5_cm20_wd0p1/metrics.json
tuning,rerun_protocol_v1_tuning,fedogda_s_pilot_alpha0p5,abs,fedogda_s,stochastic,federated,0,0.5,tune_fedogda_s_abs_seed0_alpha0p5_cm2_wd0p001,500,3,256,0.001,0.002,1.5,2.0,0.001,1.0,0.09429982078060735,499,0.09535671942617825,0.09429982078060735,0.09535671942617825,194.25659441947937,False,,,,True,True,True,results/rerun_protocol_v1_tuning/fedogda_s_pilot_alpha0p5/abs/fedogda_s/seed_0/tune_fedogda_s_abs_seed0_alpha0p5_cm2_wd0p001/effective_config.json,results/rerun_protocol_v1_tuning/fedogda_s_pilot_alpha0p5/abs/fedogda_s/seed_0/tune_fedogda_s_abs_seed0_alpha0p5_cm2_wd0p001/metrics.json
tuning,rerun_protocol_v1_tuning,fedogda_s_pilot_alpha0p5,abs,fedogda_s,stochastic,federated,0,0.5,tune_fedogda_s_abs_seed0_alpha0p5_cm2_wd0p01,500,3,256,0.001,0.002,1.5,2.0,0.01,1.0,0.09429982078060735,499,0.09535671942617825,0.09429982078060735,0.09535671942617825,197.52625179290771,False,,,,True,True,True,results/rerun_protocol_v1_tuning/fedogda_s_pilot_alpha0p5/abs/fedogda_s/seed_0/tune_fedogda_s_abs_seed0_alpha0p5_cm2_wd0p01/effective_config.json,results/rerun_protocol_v1_tuning/fedogda_s_pilot_alpha0p5/abs/fedogda_s/seed_0/tune_fedogda_s_abs_seed0_alpha0p5_cm2_wd0p01/metrics.json
tuning,rerun_protocol_v1_tuning,fedogda_s_pilot_alpha0p5,abs,fedogda_s,stochastic,federated,0,0.5,tune_fedogda_s_abs_seed0_alpha0p5_cm2_wd0p03,500,3,256,0.001,0.002,1.5,2.0,0.03,1.0,0.09429982078060735,499,0.09535671942617825,0.09429982078060735,0.09535671942617825,195.9037413597107,False,,,,True,True,True,results/rerun_protocol_v1_tuning/fedogda_s_pilot_alpha0p5/abs/fedogda_s/seed_0/tune_fedogda_s_abs_seed0_alpha0p5_cm2_wd0p03/effective_config.json,results/rerun_protocol_v1_tuning/fedogda_s_pilot_alpha0p5/abs/fedogda_s/seed_0/tune_fedogda_s_abs_seed0_alpha0p5_cm2_wd0p03/metrics.json
tuning,rerun_protocol_v1_tuning,fedogda_s_pilot_alpha0p5,abs,fedogda_s,stochastic,federated,0,0.5,tune_fedogda_s_abs_seed0_alpha0p5_cm2_wd0p1,500,3,256,0.001,0.002,1.5,2.0,0.1,1.0,0.09429982078060735,499,0.09535671942617825,0.09429982078060735,0.09535671942617825,205.58312964439392,False,,,,True,True,True,results/rerun_protocol_v1_tuning/fedogda_s_pilot_alpha0p5/abs/fedogda_s/seed_0/tune_fedogda_s_abs_seed0_alpha0p5_cm2_wd0p1/effective_config.json,results/rerun_protocol_v1_tuning/fedogda_s_pilot_alpha0p5/abs/fedogda_s/seed_0/tune_fedogda_s_abs_seed0_alpha0p5_cm2_wd0p1/metrics.json
tuning,rerun_protocol_v1_tuning,fedogda_s_pilot_alpha0p5,abs,fedogda_s,stochastic,federated,0,0.5,tune_fedogda_s_abs_seed0_alpha0p5_cm5_wd0p001,500,3,256,0.001,0.005,1.5,5.0,0.001,1.0,0.03300949531243612,499,0.03369544933421787,0.03300949531243613,0.03369544933421787,188.79812026023865,False,,,,True,True,True,results/rerun_protocol_v1_tuning/fedogda_s_pilot_alpha0p5/abs/fedogda_s/seed_0/tune_fedogda_s_abs_seed0_alpha0p5_cm5_wd0p001/effective_config.json,results/rerun_protocol_v1_tuning/fedogda_s_pilot_alpha0p5/abs/fedogda_s/seed_0/tune_fedogda_s_abs_seed0_alpha0p5_cm5_wd0p001/metrics.json
tuning,rerun_protocol_v1_tuning,fedogda_s_pilot_alpha0p5,abs,fedogda_s,stochastic,federated,0,0.5,tune_fedogda_s_abs_seed0_alpha0p5_cm5_wd0p01,500,3,256,0.001,0.005,1.5,5.0,0.01,1.0,0.03300949531243612,499,0.03369544933421787,0.03300949531243613,0.03369544933421787,191.6229727268219,False,,,,True,True,True,results/rerun_protocol_v1_tuning/fedogda_s_pilot_alpha0p5/abs/fedogda_s/seed_0/tune_fedogda_s_abs_seed0_alpha0p5_cm5_wd0p01/effective_config.json,results/rerun_protocol_v1_tuning/fedogda_s_pilot_alpha0p5/abs/fedogda_s/seed_0/tune_fedogda_s_abs_seed0_alpha0p5_cm5_wd0p01/metrics.json
tuning,rerun_protocol_v1_tuning,fedogda_s_pilot_alpha0p5,abs,fedogda_s,stochastic,federated,0,0.5,tune_fedogda_s_abs_seed0_alpha0p5_cm5_wd0p03,500,3,256,0.001,0.005,1.5,5.0,0.03,1.0,0.03300949531243612,499,0.03369544933421787,0.03300949531243613,0.03369544933421787,206.99620485305786,False,,,,True,True,True,results/rerun_protocol_v1_tuning/fedogda_s_pilot_alpha0p5/abs/fedogda_s/seed_0/tune_fedogda_s_abs_seed0_alpha0p5_cm5_wd0p03/effective_config.json,results/rerun_protocol_v1_tuning/fedogda_s_pilot_alpha0p5/abs/fedogda_s/seed_0/tune_fedogda_s_abs_seed0_alpha0p5_cm5_wd0p03/metrics.json
tuning,rerun_protocol_v1_tuning,fedogda_s_pilot_alpha0p5,abs,fedogda_s,stochastic,federated,0,0.5,tune_fedogda_s_abs_seed0_alpha0p5_cm5_wd0p1,500,3,256,0.001,0.005,1.5,5.0,0.1,1.0,0.03300949531243612,499,0.03369544933421787,0.03300949531243613,0.03369544933421787,197.03596782684326,False,,,,True,True,True,results/rerun_protocol_v1_tuning/fedogda_s_pilot_alpha0p5/abs/fedogda_s/seed_0/tune_fedogda_s_abs_seed0_alpha0p5_cm5_wd0p1/effective_config.json,results/rerun_protocol_v1_tuning/fedogda_s_pilot_alpha0p5/abs/fedogda_s/seed_0/tune_fedogda_s_abs_seed0_alpha0p5_cm5_wd0p1/metrics.json
tuning,rerun_protocol_v1_tuning,fedogda_s_pilot_alpha0p5,abs,fedogda_s,stochastic,federated,1,0.5,tune_fedogda_s_abs_seed1_alpha0p5_cm10_wd0p001,500,3,256,0.001,0.01,1.5,10.0,0.001,1.0,0.006828394533845636,439,0.006969377204524669,0.008621925529237691,0.008988455276731188,197.26872444152832,False,,,,True,True,True,results/rerun_protocol_v1_tuning/fedogda_s_pilot_alpha0p5/abs/fedogda_s/seed_1/tune_fedogda_s_abs_seed1_alpha0p5_cm10_wd0p001/effective_config.json,results/rerun_protocol_v1_tuning/fedogda_s_pilot_alpha0p5/abs/fedogda_s/seed_1/tune_fedogda_s_abs_seed1_alpha0p5_cm10_wd0p001/metrics.json
tuning,rerun_protocol_v1_tuning,fedogda_s_pilot_alpha0p5,abs,fedogda_s,stochastic,federated,1,0.5,tune_fedogda_s_abs_seed1_alpha0p5_cm10_wd0p01,500,3,256,0.001,0.01,1.5,10.0,0.01,1.0,0.006828394533845636,439,0.006969377204524669,0.008621925529237691,0.008988455276731188,200.72894287109375,False,,,,True,True,True,results/rerun_protocol_v1_tuning/fedogda_s_pilot_alpha0p5/abs/fedogda_s/seed_1/tune_fedogda_s_abs_seed1_alpha0p5_cm10_wd0p01/effective_config.json,results/rerun_protocol_v1_tuning/fedogda_s_pilot_alpha0p5/abs/fedogda_s/seed_1/tune_fedogda_s_abs_seed1_alpha0p5_cm10_wd0p01/metrics.json
tuning,rerun_protocol_v1_tuning,fedogda_s_pilot_alpha0p5,abs,fedogda_s,stochastic,federated,1,0.5,tune_fedogda_s_abs_seed1_alpha0p5_cm10_wd0p03,500,3,256,0.001,0.01,1.5,10.0,0.03,1.0,0.006828394533845636,439,0.006969377204524669,0.008621925529237691,0.008988455276731188,199.37318301200867,False,,,,True,True,True,results/rerun_protocol_v1_tuning/fedogda_s_pilot_alpha0p5/abs/fedogda_s/seed_1/tune_fedogda_s_abs_seed1_alpha0p5_cm10_wd0p03/effective_config.json,results/rerun_protocol_v1_tuning/fedogda_s_pilot_alpha0p5/abs/fedogda_s/seed_1/tune_fedogda_s_abs_seed1_alpha0p5_cm10_wd0p03/metrics.json
tuning,rerun_protocol_v1_tuning,fedogda_s_pilot_alpha0p5,abs,fedogda_s,stochastic,federated,1,0.5,tune_fedogda_s_abs_seed1_alpha0p5_cm10_wd0p1,500,3,256,0.001,0.01,1.5,10.0,0.1,1.0,0.006828394533845636,439,0.006969377204524669,0.008621925529237691,0.008988455276731188,195.5962655544281,False,,,,True,True,True,results/rerun_protocol_v1_tuning/fedogda_s_pilot_alpha0p5/abs/fedogda_s/seed_1/tune_fedogda_s_abs_seed1_alpha0p5_cm10_wd0p1/effective_config.json,results/rerun_protocol_v1_tuning/fedogda_s_pilot_alpha0p5/abs/fedogda_s/seed_1/tune_fedogda_s_abs_seed1_alpha0p5_cm10_wd0p1/metrics.json
tuning,rerun_protocol_v1_tuning,fedogda_s_pilot_alpha0p5,abs,fedogda_s,stochastic,federated,1,0.5,tune_fedogda_s_abs_seed1_alpha0p5_cm20_wd0p001,500,3,256,0.001,0.02,1.5,20.0,0.001,1.0,0.006308323497104798,398,0.006481770855438129,0.008263629058191526,0.00860225948585044,197.4257469177246,False,,,,True,True,True,results/rerun_protocol_v1_tuning/fedogda_s_pilot_alpha0p5/abs/fedogda_s/seed_1/tune_fedogda_s_abs_seed1_alpha0p5_cm20_wd0p001/effective_config.json,results/rerun_protocol_v1_tuning/fedogda_s_pilot_alpha0p5/abs/fedogda_s/seed_1/tune_fedogda_s_abs_seed1_alpha0p5_cm20_wd0p001/metrics.json
tuning,rerun_protocol_v1_tuning,fedogda_s_pilot_alpha0p5,abs,fedogda_s,stochastic,federated,1,0.5,tune_fedogda_s_abs_seed1_alpha0p5_cm20_wd0p01,500,3,256,0.001,0.02,1.5,20.0,0.01,1.0,0.006308323497104798,398,0.006481770855438129,0.008263629058191526,0.00860225948585044,190.09932851791382,False,,,,True,True,True,results/rerun_protocol_v1_tuning/fedogda_s_pilot_alpha0p5/abs/fedogda_s/seed_1/tune_fedogda_s_abs_seed1_alpha0p5_cm20_wd0p01/effective_config.json,results/rerun_protocol_v1_tuning/fedogda_s_pilot_alpha0p5/abs/fedogda_s/seed_1/tune_fedogda_s_abs_seed1_alpha0p5_cm20_wd0p01/metrics.json
tuning,rerun_protocol_v1_tuning,fedogda_s_pilot_alpha0p5,abs,fedogda_s,stochastic,federated,1,0.5,tune_fedogda_s_abs_seed1_alpha0p5_cm20_wd0p03,500,3,256,0.001,0.02,1.5,20.0,0.03,1.0,0.006308323497104798,398,0.006481770855438129,0.008263629058191526,0.00860225948585044,189.30704140663147,False,,,,True,True,True,results/rerun_protocol_v1_tuning/fedogda_s_pilot_alpha0p5/abs/fedogda_s/seed_1/tune_fedogda_s_abs_seed1_alpha0p5_cm20_wd0p03/effective_config.json,results/rerun_protocol_v1_tuning/fedogda_s_pilot_alpha0p5/abs/fedogda_s/seed_1/tune_fedogda_s_abs_seed1_alpha0p5_cm20_wd0p03/metrics.json
tuning,rerun_protocol_v1_tuning,fedogda_s_pilot_alpha0p5,abs,fedogda_s,stochastic,federated,1,0.5,tune_fedogda_s_abs_seed1_alpha0p5_cm20_wd0p1,500,3,256,0.001,0.02,1.5,20.0,0.1,1.0,0.006308323497104798,398,0.006481770855438129,0.008263629058191526,0.00860225948585044,196.86505699157715,False,,,,True,True,True,results/rerun_protocol_v1_tuning/fedogda_s_pilot_alpha0p5/abs/fedogda_s/seed_1/tune_fedogda_s_abs_seed1_alpha0p5_cm20_wd0p1/effective_config.json,results/rerun_protocol_v1_tuning/fedogda_s_pilot_alpha0p5/abs/fedogda_s/seed_1/tune_fedogda_s_abs_seed1_alpha0p5_cm20_wd0p1/metrics.json
tuning,rerun_protocol_v1_tuning,fedogda_s_pilot_alpha0p5,abs,fedogda_s,stochastic,federated,1,0.5,tune_fedogda_s_abs_seed1_alpha0p5_cm2_wd0p001,500,3,256,0.001,0.002,1.5,2.0,0.001,1.0,0.09891974501325526,468,0.10098465995080096,0.1176289634348689,0.12119175346099849,196.7100887298584,False,,,,True,True,True,results/rerun_protocol_v1_tuning/fedogda_s_pilot_alpha0p5/abs/fedogda_s/seed_1/tune_fedogda_s_abs_seed1_alpha0p5_cm2_wd0p001/effective_config.json,results/rerun_protocol_v1_tuning/fedogda_s_pilot_alpha0p5/abs/fedogda_s/seed_1/tune_fedogda_s_abs_seed1_alpha0p5_cm2_wd0p001/metrics.json
tuning,rerun_protocol_v1_tuning,fedogda_s_pilot_alpha0p5,abs,fedogda_s,stochastic,federated,1,0.5,tune_fedogda_s_abs_seed1_alpha0p5_cm2_wd0p01,500,3,256,0.001,0.002,1.5,2.0,0.01,1.0,0.09891974501325526,468,0.10098465995080096,0.1176289634348689,0.12119175346099849,197.71453046798706,False,,,,True,True,True,results/rerun_protocol_v1_tuning/fedogda_s_pilot_alpha0p5/abs/fedogda_s/seed_1/tune_fedogda_s_abs_seed1_alpha0p5_cm2_wd0p01/effective_config.json,results/rerun_protocol_v1_tuning/fedogda_s_pilot_alpha0p5/abs/fedogda_s/seed_1/tune_fedogda_s_abs_seed1_alpha0p5_cm2_wd0p01/metrics.json
tuning,rerun_protocol_v1_tuning,fedogda_s_pilot_alpha0p5,abs,fedogda_s,stochastic,federated,1,0.5,tune_fedogda_s_abs_seed1_alpha0p5_cm2_wd0p03,500,3,256,0.001,0.002,1.5,2.0,0.03,1.0,0.09891974501325526,468,0.10098465995080096,0.1176289634348689,0.12119175346099849,204.72589635849,False,,,,True,True,True,results/rerun_protocol_v1_tuning/fedogda_s_pilot_alpha0p5/abs/fedogda_s/seed_1/tune_fedogda_s_abs_seed1_alpha0p5_cm2_wd0p03/effective_config.json,results/rerun_protocol_v1_tuning/fedogda_s_pilot_alpha0p5/abs/fedogda_s/seed_1/tune_fedogda_s_abs_seed1_alpha0p5_cm2_wd0p03/metrics.json
tuning,rerun_protocol_v1_tuning,fedogda_s_pilot_alpha0p5,abs,fedogda_s,stochastic,federated,1,0.5,tune_fedogda_s_abs_seed1_alpha0p5_cm2_wd0p1,500,3,256,0.001,0.002,1.5,2.0,0.1,1.0,0.09891974501325526,468,0.10098465995080096,0.1176289634348689,0.12119175346099849,195.0127329826355,False,,,,True,True,True,results/rerun_protocol_v1_tuning/fedogda_s_pilot_alpha0p5/abs/fedogda_s/seed_1/tune_fedogda_s_abs_seed1_alpha0p5_cm2_wd0p1/effective_config.json,results/rerun_protocol_v1_tuning/fedogda_s_pilot_alpha0p5/abs/fedogda_s/seed_1/tune_fedogda_s_abs_seed1_alpha0p5_cm2_wd0p1/metrics.json
tuning,rerun_protocol_v1_tuning,fedogda_s_pilot_alpha0p5,abs,fedogda_s,stochastic,federated,1,0.5,tune_fedogda_s_abs_seed1_alpha0p5_cm5_wd0p001,500,3,256,0.001,0.005,1.5,5.0,0.001,1.0,0.017574532675464903,499,0.017671829539231344,0.017574532675464896,0.017671829539231344,191.3196201324463,False,,,,True,True,True,results/rerun_protocol_v1_tuning/fedogda_s_pilot_alpha0p5/abs/fedogda_s/seed_1/tune_fedogda_s_abs_seed1_alpha0p5_cm5_wd0p001/effective_config.json,results/rerun_protocol_v1_tuning/fedogda_s_pilot_alpha0p5/abs/fedogda_s/seed_1/tune_fedogda_s_abs_seed1_alpha0p5_cm5_wd0p001/metrics.json
tuning,rerun_protocol_v1_tuning,fedogda_s_pilot_alpha0p5,abs,fedogda_s,stochastic,federated,1,0.5,tune_fedogda_s_abs_seed1_alpha0p5_cm5_wd0p01,500,3,256,0.001,0.005,1.5,5.0,0.01,1.0,0.017574532675464903,499,0.017671829539231344,0.017574532675464896,0.017671829539231344,199.10534238815308,False,,,,True,True,True,results/rerun_protocol_v1_tuning/fedogda_s_pilot_alpha0p5/abs/fedogda_s/seed_1/tune_fedogda_s_abs_seed1_alpha0p5_cm5_wd0p01/effective_config.json,results/rerun_protocol_v1_tuning/fedogda_s_pilot_alpha0p5/abs/fedogda_s/seed_1/tune_fedogda_s_abs_seed1_alpha0p5_cm5_wd0p01/metrics.json
tuning,rerun_protocol_v1_tuning,fedogda_s_pilot_alpha0p5,abs,fedogda_s,stochastic,federated,1,0.5,tune_fedogda_s_abs_seed1_alpha0p5_cm5_wd0p03,500,3,256,0.001,0.005,1.5,5.0,0.03,1.0,0.017574532675464903,499,0.017671829539231344,0.017574532675464896,0.017671829539231344,199.9577989578247,False,,,,True,True,True,results/rerun_protocol_v1_tuning/fedogda_s_pilot_alpha0p5/abs/fedogda_s/seed_1/tune_fedogda_s_abs_seed1_alpha0p5_cm5_wd0p03/effective_config.json,results/rerun_protocol_v1_tuning/fedogda_s_pilot_alpha0p5/abs/fedogda_s/seed_1/tune_fedogda_s_abs_seed1_alpha0p5_cm5_wd0p03/metrics.json
tuning,rerun_protocol_v1_tuning,fedogda_s_pilot_alpha0p5,abs,fedogda_s,stochastic,federated,1,0.5,tune_fedogda_s_abs_seed1_alpha0p5_cm5_wd0p1,500,3,256,0.001,0.005,1.5,5.0,0.1,1.0,0.017574532675464903,499,0.017671829539231344,0.017574532675464896,0.017671829539231344,201.37633204460144,False,,,,True,True,True,results/rerun_protocol_v1_tuning/fedogda_s_pilot_alpha0p5/abs/fedogda_s/seed_1/tune_fedogda_s_abs_seed1_alpha0p5_cm5_wd0p1/effective_config.json,results/rerun_protocol_v1_tuning/fedogda_s_pilot_alpha0p5/abs/fedogda_s/seed_1/tune_fedogda_s_abs_seed1_alpha0p5_cm5_wd0p1/metrics.json
tuning,rerun_protocol_v1_tuning,fedogda_s_pilot_alpha0p5,abs,fedogda_s,stochastic,federated,2,0.5,tune_fedogda_s_abs_seed2_alpha0p5_cm10_wd0p001,500,3,256,0.001,0.01,1.5,10.0,0.001,1.0,0.03178155207732554,499,0.03241663467431333,0.031781552077325526,0.03241663467431333,195.54408812522888,False,,,,True,True,True,results/rerun_protocol_v1_tuning/fedogda_s_pilot_alpha0p5/abs/fedogda_s/seed_2/tune_fedogda_s_abs_seed2_alpha0p5_cm10_wd0p001/effective_config.json,results/rerun_protocol_v1_tuning/fedogda_s_pilot_alpha0p5/abs/fedogda_s/seed_2/tune_fedogda_s_abs_seed2_alpha0p5_cm10_wd0p001/metrics.json
tuning,rerun_protocol_v1_tuning,fedogda_s_pilot_alpha0p5,abs,fedogda_s,stochastic,federated,2,0.5,tune_fedogda_s_abs_seed2_alpha0p5_cm10_wd0p01,500,3,256,0.001,0.01,1.5,10.0,0.01,1.0,0.03178155207732554,499,0.03241663467431333,0.031781552077325526,0.03241663467431333,199.92520999908447,False,,,,True,True,True,results/rerun_protocol_v1_tuning/fedogda_s_pilot_alpha0p5/abs/fedogda_s/seed_2/tune_fedogda_s_abs_seed2_alpha0p5_cm10_wd0p01/effective_config.json,results/rerun_protocol_v1_tuning/fedogda_s_pilot_alpha0p5/abs/fedogda_s/seed_2/tune_fedogda_s_abs_seed2_alpha0p5_cm10_wd0p01/metrics.json
tuning,rerun_protocol_v1_tuning,fedogda_s_pilot_alpha0p5,abs,fedogda_s,stochastic,federated,2,0.5,tune_fedogda_s_abs_seed2_alpha0p5_cm10_wd0p03,500,3,256,0.001,0.01,1.5,10.0,0.03,1.0,0.03178155207732554,499,0.03241663467431333,0.031781552077325526,0.03241663467431333,193.12943243980408,False,,,,True,True,True,results/rerun_protocol_v1_tuning/fedogda_s_pilot_alpha0p5/abs/fedogda_s/seed_2/tune_fedogda_s_abs_seed2_alpha0p5_cm10_wd0p03/effective_config.json,results/rerun_protocol_v1_tuning/fedogda_s_pilot_alpha0p5/abs/fedogda_s/seed_2/tune_fedogda_s_abs_seed2_alpha0p5_cm10_wd0p03/metrics.json
tuning,rerun_protocol_v1_tuning,fedogda_s_pilot_alpha0p5,abs,fedogda_s,stochastic,federated,2,0.5,tune_fedogda_s_abs_seed2_alpha0p5_cm10_wd0p1,500,3,256,0.001,0.01,1.5,10.0,0.1,1.0,0.03178155207732554,499,0.03241663467431333,0.031781552077325526,0.03241663467431333,199.85402703285217,False,,,,True,True,True,results/rerun_protocol_v1_tuning/fedogda_s_pilot_alpha0p5/abs/fedogda_s/seed_2/tune_fedogda_s_abs_seed2_alpha0p5_cm10_wd0p1/effective_config.json,results/rerun_protocol_v1_tuning/fedogda_s_pilot_alpha0p5/abs/fedogda_s/seed_2/tune_fedogda_s_abs_seed2_alpha0p5_cm10_wd0p1/metrics.json
tuning,rerun_protocol_v1_tuning,fedogda_s_pilot_alpha0p5,abs,fedogda_s,stochastic,federated,2,0.5,tune_fedogda_s_abs_seed2_alpha0p5_cm20_wd0p001,500,3,256,0.001,0.02,1.5,20.0,0.001,1.0,0.009764715147508658,499,0.009930666084070549,0.009764715147508663,0.009930666084070549,193.54789972305298,False,,,,True,True,True,results/rerun_protocol_v1_tuning/fedogda_s_pilot_alpha0p5/abs/fedogda_s/seed_2/tune_fedogda_s_abs_seed2_alpha0p5_cm20_wd0p001/effective_config.json,results/rerun_protocol_v1_tuning/fedogda_s_pilot_alpha0p5/abs/fedogda_s/seed_2/tune_fedogda_s_abs_seed2_alpha0p5_cm20_wd0p001/metrics.json
tuning,rerun_protocol_v1_tuning,fedogda_s_pilot_alpha0p5,abs,fedogda_s,stochastic,federated,2,0.5,tune_fedogda_s_abs_seed2_alpha0p5_cm20_wd0p01,500,3,256,0.001,0.02,1.5,20.0,0.01,1.0,0.009764715147508658,499,0.009930666084070549,0.009764715147508663,0.009930666084070549,199.07687425613403,False,,,,True,True,True,results/rerun_protocol_v1_tuning/fedogda_s_pilot_alpha0p5/abs/fedogda_s/seed_2/tune_fedogda_s_abs_seed2_alpha0p5_cm20_wd0p01/effective_config.json,results/rerun_protocol_v1_tuning/fedogda_s_pilot_alpha0p5/abs/fedogda_s/seed_2/tune_fedogda_s_abs_seed2_alpha0p5_cm20_wd0p01/metrics.json
tuning,rerun_protocol_v1_tuning,fedogda_s_pilot_alpha0p5,abs,fedogda_s,stochastic,federated,2,0.5,tune_fedogda_s_abs_seed2_alpha0p5_cm20_wd0p03,500,3,256,0.001,0.02,1.5,20.0,0.03,1.0,0.009764715147508658,499,0.009930666084070549,0.009764715147508663,0.009930666084070549,195.45101356506348,False,,,,True,True,True,results/rerun_protocol_v1_tuning/fedogda_s_pilot_alpha0p5/abs/fedogda_s/seed_2/tune_fedogda_s_abs_seed2_alpha0p5_cm20_wd0p03/effective_config.json,results/rerun_protocol_v1_tuning/fedogda_s_pilot_alpha0p5/abs/fedogda_s/seed_2/tune_fedogda_s_abs_seed2_alpha0p5_cm20_wd0p03/metrics.json
tuning,rerun_protocol_v1_tuning,fedogda_s_pilot_alpha0p5,abs,fedogda_s,stochastic,federated,2,0.5,tune_fedogda_s_abs_seed2_alpha0p5_cm20_wd0p1,500,3,256,0.001,0.02,1.5,20.0,0.1,1.0,0.009764715147508658,499,0.009930666084070549,0.009764715147508663,0.009930666084070549,198.8978214263916,False,,,,True,True,True,results/rerun_protocol_v1_tuning/fedogda_s_pilot_alpha0p5/abs/fedogda_s/seed_2/tune_fedogda_s_abs_seed2_alpha0p5_cm20_wd0p1/effective_config.json,results/rerun_protocol_v1_tuning/fedogda_s_pilot_alpha0p5/abs/fedogda_s/seed_2/tune_fedogda_s_abs_seed2_alpha0p5_cm20_wd0p1/metrics.json
tuning,rerun_protocol_v1_tuning,fedogda_s_pilot_alpha0p5,abs,fedogda_s,stochastic,federated,2,0.5,tune_fedogda_s_abs_seed2_alpha0p5_cm2_wd0p001,500,3,256,0.001,0.002,1.5,2.0,0.001,1.0,0.11673173778555725,499,0.11893546588599702,0.11673173778555725,0.11893546588599702,196.77467727661133,False,,,,True,True,True,results/rerun_protocol_v1_tuning/fedogda_s_pilot_alpha0p5/abs/fedogda_s/seed_2/tune_fedogda_s_abs_seed2_alpha0p5_cm2_wd0p001/effective_config.json,results/rerun_protocol_v1_tuning/fedogda_s_pilot_alpha0p5/abs/fedogda_s/seed_2/tune_fedogda_s_abs_seed2_alpha0p5_cm2_wd0p001/metrics.json
tuning,rerun_protocol_v1_tuning,fedogda_s_pilot_alpha0p5,abs,fedogda_s,stochastic,federated,2,0.5,tune_fedogda_s_abs_seed2_alpha0p5_cm2_wd0p01,500,3,256,0.001,0.002,1.5,2.0,0.01,1.0,0.11673173778555725,499,0.11893546588599702,0.11673173778555725,0.11893546588599702,195.53193402290344,False,,,,True,True,True,results/rerun_protocol_v1_tuning/fedogda_s_pilot_alpha0p5/abs/fedogda_s/seed_2/tune_fedogda_s_abs_seed2_alpha0p5_cm2_wd0p01/effective_config.json,results/rerun_protocol_v1_tuning/fedogda_s_pilot_alpha0p5/abs/fedogda_s/seed_2/tune_fedogda_s_abs_seed2_alpha0p5_cm2_wd0p01/metrics.json
tuning,rerun_protocol_v1_tuning,fedogda_s_pilot_alpha0p5,abs,fedogda_s,stochastic,federated,2,0.5,tune_fedogda_s_abs_seed2_alpha0p5_cm2_wd0p03,500,3,256,0.001,0.002,1.5,2.0,0.03,1.0,0.11673173778555725,499,0.11893546588599702,0.11673173778555725,0.11893546588599702,192.74799609184265,False,,,,True,True,True,results/rerun_protocol_v1_tuning/fedogda_s_pilot_alpha0p5/abs/fedogda_s/seed_2/tune_fedogda_s_abs_seed2_alpha0p5_cm2_wd0p03/effective_config.json,results/rerun_protocol_v1_tuning/fedogda_s_pilot_alpha0p5/abs/fedogda_s/seed_2/tune_fedogda_s_abs_seed2_alpha0p5_cm2_wd0p03/metrics.json
tuning,rerun_protocol_v1_tuning,fedogda_s_pilot_alpha0p5,abs,fedogda_s,stochastic,federated,2,0.5,tune_fedogda_s_abs_seed2_alpha0p5_cm2_wd0p1,500,3,256,0.001,0.002,1.5,2.0,0.1,1.0,0.11673173778555725,499,0.11893546588599702,0.11673173778555725,0.11893546588599702,199.70315837860107,False,,,,True,True,True,results/rerun_protocol_v1_tuning/fedogda_s_pilot_alpha0p5/abs/fedogda_s/seed_2/tune_fedogda_s_abs_seed2_alpha0p5_cm2_wd0p1/effective_config.json,results/rerun_protocol_v1_tuning/fedogda_s_pilot_alpha0p5/abs/fedogda_s/seed_2/tune_fedogda_s_abs_seed2_alpha0p5_cm2_wd0p1/metrics.json
tuning,rerun_protocol_v1_tuning,fedogda_s_pilot_alpha0p5,abs,fedogda_s,stochastic,federated,2,0.5,tune_fedogda_s_abs_seed2_alpha0p5_cm5_wd0p001,500,3,256,0.001,0.005,1.5,5.0,0.001,1.0,0.07611832011901515,499,0.07766127288993799,0.07611832011901513,0.07766127288993799,191.54355907440186,False,,,,True,True,True,results/rerun_protocol_v1_tuning/fedogda_s_pilot_alpha0p5/abs/fedogda_s/seed_2/tune_fedogda_s_abs_seed2_alpha0p5_cm5_wd0p001/effective_config.json,results/rerun_protocol_v1_tuning/fedogda_s_pilot_alpha0p5/abs/fedogda_s/seed_2/tune_fedogda_s_abs_seed2_alpha0p5_cm5_wd0p001/metrics.json
tuning,rerun_protocol_v1_tuning,fedogda_s_pilot_alpha0p5,abs,fedogda_s,stochastic,federated,2,0.5,tune_fedogda_s_abs_seed2_alpha0p5_cm5_wd0p01,500,3,256,0.001,0.005,1.5,5.0,0.01,1.0,0.07611832011901515,499,0.07766127288993799,0.07611832011901513,0.07766127288993799,199.8542890548706,False,,,,True,True,True,results/rerun_protocol_v1_tuning/fedogda_s_pilot_alpha0p5/abs/fedogda_s/seed_2/tune_fedogda_s_abs_seed2_alpha0p5_cm5_wd0p01/effective_config.json,results/rerun_protocol_v1_tuning/fedogda_s_pilot_alpha0p5/abs/fedogda_s/seed_2/tune_fedogda_s_abs_seed2_alpha0p5_cm5_wd0p01/metrics.json
tuning,rerun_protocol_v1_tuning,fedogda_s_pilot_alpha0p5,abs,fedogda_s,stochastic,federated,2,0.5,tune_fedogda_s_abs_seed2_alpha0p5_cm5_wd0p03,500,3,256,0.001,0.005,1.5,5.0,0.03,1.0,0.07611832011901515,499,0.07766127288993799,0.07611832011901513,0.07766127288993799,193.85840368270874,False,,,,True,True,True,results/rerun_protocol_v1_tuning/fedogda_s_pilot_alpha0p5/abs/fedogda_s/seed_2/tune_fedogda_s_abs_seed2_alpha0p5_cm5_wd0p03/effective_config.json,results/rerun_protocol_v1_tuning/fedogda_s_pilot_alpha0p5/abs/fedogda_s/seed_2/tune_fedogda_s_abs_seed2_alpha0p5_cm5_wd0p03/metrics.json
tuning,rerun_protocol_v1_tuning,fedogda_s_pilot_alpha0p5,abs,fedogda_s,stochastic,federated,2,0.5,tune_fedogda_s_abs_seed2_alpha0p5_cm5_wd0p1,500,3,256,0.001,0.005,1.5,5.0,0.1,1.0,0.07611832011901515,499,0.07766127288993799,0.07611832011901513,0.07766127288993799,199.02297401428223,False,,,,True,True,True,results/rerun_protocol_v1_tuning/fedogda_s_pilot_alpha0p5/abs/fedogda_s/seed_2/tune_fedogda_s_abs_seed2_alpha0p5_cm5_wd0p1/effective_config.json,results/rerun_protocol_v1_tuning/fedogda_s_pilot_alpha0p5/abs/fedogda_s/seed_2/tune_fedogda_s_abs_seed2_alpha0p5_cm5_wd0p1/metrics.json
tuning,rerun_protocol_v1_tuning,fedogda_s_pilot_alpha0p5,linear,fedogda_s,stochastic,federated,0,0.5,tune_fedogda_s_linear_seed0_alpha0p5_cm10_wd0p001,500,3,256,0.001,0.01,1.5,10.0,0.001,1.0,0.0007822137267112849,440,0.0007847149540269521,0.0011729623566767182,0.0011582412758197687,191.67916870117188,False,,,,True,True,True,results/rerun_protocol_v1_tuning/fedogda_s_pilot_alpha0p5/linear/fedogda_s/seed_0/tune_fedogda_s_linear_seed0_alpha0p5_cm10_wd0p001/effective_config.json,results/rerun_protocol_v1_tuning/fedogda_s_pilot_alpha0p5/linear/fedogda_s/seed_0/tune_fedogda_s_linear_seed0_alpha0p5_cm10_wd0p001/metrics.json
tuning,rerun_protocol_v1_tuning,fedogda_s_pilot_alpha0p5,linear,fedogda_s,stochastic,federated,0,0.5,tune_fedogda_s_linear_seed0_alpha0p5_cm10_wd0p01,500,3,256,0.001,0.01,1.5,10.0,0.01,1.0,0.0007822137267112849,440,0.0007847149540269521,0.0011729623566767182,0.0011582412758197687,187.51271510124207,False,,,,True,True,True,results/rerun_protocol_v1_tuning/fedogda_s_pilot_alpha0p5/linear/fedogda_s/seed_0/tune_fedogda_s_linear_seed0_alpha0p5_cm10_wd0p01/effective_config.json,results/rerun_protocol_v1_tuning/fedogda_s_pilot_alpha0p5/linear/fedogda_s/seed_0/tune_fedogda_s_linear_seed0_alpha0p5_cm10_wd0p01/metrics.json
tuning,rerun_protocol_v1_tuning,fedogda_s_pilot_alpha0p5,linear,fedogda_s,stochastic,federated,0,0.5,tune_fedogda_s_linear_seed0_alpha0p5_cm10_wd0p03,500,3,256,0.001,0.01,1.5,10.0,0.03,1.0,0.0007822137267112849,440,0.0007847149540269521,0.0011729623566767182,0.0011582412758197687,193.2022545337677,False,,,,True,True,True,results/rerun_protocol_v1_tuning/fedogda_s_pilot_alpha0p5/linear/fedogda_s/seed_0/tune_fedogda_s_linear_seed0_alpha0p5_cm10_wd0p03/effective_config.json,results/rerun_protocol_v1_tuning/fedogda_s_pilot_alpha0p5/linear/fedogda_s/seed_0/tune_fedogda_s_linear_seed0_alpha0p5_cm10_wd0p03/metrics.json
tuning,rerun_protocol_v1_tuning,fedogda_s_pilot_alpha0p5,linear,fedogda_s,stochastic,federated,0,0.5,tune_fedogda_s_linear_seed0_alpha0p5_cm10_wd0p1,500,3,256,0.001,0.01,1.5,10.0,0.1,1.0,0.0007822137267112849,440,0.0007847149540269521,0.0011729623566767182,0.0011582412758197687,193.75763511657715,False,,,,True,True,True,results/rerun_protocol_v1_tuning/fedogda_s_pilot_alpha0p5/linear/fedogda_s/seed_0/tune_fedogda_s_linear_seed0_alpha0p5_cm10_wd0p1/effective_config.json,results/rerun_protocol_v1_tuning/fedogda_s_pilot_alpha0p5/linear/fedogda_s/seed_0/tune_fedogda_s_linear_seed0_alpha0p5_cm10_wd0p1/metrics.json
tuning,rerun_protocol_v1_tuning,fedogda_s_pilot_alpha0p5,linear,fedogda_s,stochastic,federated,0,0.5,tune_fedogda_s_linear_seed0_alpha0p5_cm20_wd0p001,500,3,256,0.001,0.02,1.5,20.0,0.001,1.0,0.00031525785361828364,351,0.0003174775871184345,0.0012105403979078562,0.0012441588803776592,190.69397592544556,False,,,,True,True,True,results/rerun_protocol_v1_tuning/fedogda_s_pilot_alpha0p5/linear/fedogda_s/seed_0/tune_fedogda_s_linear_seed0_alpha0p5_cm20_wd0p001/effective_config.json,results/rerun_protocol_v1_tuning/fedogda_s_pilot_alpha0p5/linear/fedogda_s/seed_0/tune_fedogda_s_linear_seed0_alpha0p5_cm20_wd0p001/metrics.json
tuning,rerun_protocol_v1_tuning,fedogda_s_pilot_alpha0p5,linear,fedogda_s,stochastic,federated,0,0.5,tune_fedogda_s_linear_seed0_alpha0p5_cm20_wd0p01,500,3,256,0.001,0.02,1.5,20.0,0.01,1.0,0.00031525785361828364,351,0.0003174775871184345,0.0012105403979078562,0.0012441588803776592,187.85481095314026,False,,,,True,True,True,results/rerun_protocol_v1_tuning/fedogda_s_pilot_alpha0p5/linear/fedogda_s/seed_0/tune_fedogda_s_linear_seed0_alpha0p5_cm20_wd0p01/effective_config.json,results/rerun_protocol_v1_tuning/fedogda_s_pilot_alpha0p5/linear/fedogda_s/seed_0/tune_fedogda_s_linear_seed0_alpha0p5_cm20_wd0p01/metrics.json
tuning,rerun_protocol_v1_tuning,fedogda_s_pilot_alpha0p5,linear,fedogda_s,stochastic,federated,0,0.5,tune_fedogda_s_linear_seed0_alpha0p5_cm20_wd0p03,500,3,256,0.001,0.02,1.5,20.0,0.03,1.0,0.00031525785361828364,351,0.0003174775871184345,0.0012105403979078562,0.0012441588803776592,197.81163263320923,False,,,,True,True,True,results/rerun_protocol_v1_tuning/fedogda_s_pilot_alpha0p5/linear/fedogda_s/seed_0/tune_fedogda_s_linear_seed0_alpha0p5_cm20_wd0p03/effective_config.json,results/rerun_protocol_v1_tuning/fedogda_s_pilot_alpha0p5/linear/fedogda_s/seed_0/tune_fedogda_s_linear_seed0_alpha0p5_cm20_wd0p03/metrics.json
tuning,rerun_protocol_v1_tuning,fedogda_s_pilot_alpha0p5,linear,fedogda_s,stochastic,federated,0,0.5,tune_fedogda_s_linear_seed0_alpha0p5_cm20_wd0p1,500,3,256,0.001,0.02,1.5,20.0,0.1,1.0,0.00031525785361828364,351,0.0003174775871184345,0.0012105403979078562,0.0012441588803776592,194.65810441970825,False,,,,True,True,True,results/rerun_protocol_v1_tuning/fedogda_s_pilot_alpha0p5/linear/fedogda_s/seed_0/tune_fedogda_s_linear_seed0_alpha0p5_cm20_wd0p1/effective_config.json,results/rerun_protocol_v1_tuning/fedogda_s_pilot_alpha0p5/linear/fedogda_s/seed_0/tune_fedogda_s_linear_seed0_alpha0p5_cm20_wd0p1/metrics.json
tuning,rerun_protocol_v1_tuning,fedogda_s_pilot_alpha0p5,linear,fedogda_s,stochastic,federated,0,0.5,tune_fedogda_s_linear_seed0_alpha0p5_cm2_wd0p001,500,3,256,0.001,0.002,1.5,2.0,0.001,1.0,0.009450907431579461,147,0.009554615081954454,0.04709577923569514,0.046436490100111784,191.54580688476562,False,,,,True,True,True,results/rerun_protocol_v1_tuning/fedogda_s_pilot_alpha0p5/linear/fedogda_s/seed_0/tune_fedogda_s_linear_seed0_alpha0p5_cm2_wd0p001/effective_config.json,results/rerun_protocol_v1_tuning/fedogda_s_pilot_alpha0p5/linear/fedogda_s/seed_0/tune_fedogda_s_linear_seed0_alpha0p5_cm2_wd0p001/metrics.json
tuning,rerun_protocol_v1_tuning,fedogda_s_pilot_alpha0p5,linear,fedogda_s,stochastic,federated,0,0.5,tune_fedogda_s_linear_seed0_alpha0p5_cm2_wd0p01,500,3,256,0.001,0.002,1.5,2.0,0.01,1.0,0.009450907431579461,147,0.009554615081954454,0.04709577923569514,0.046436490100111784,189.92057418823242,False,,,,True,True,True,results/rerun_protocol_v1_tuning/fedogda_s_pilot_alpha0p5/linear/fedogda_s/seed_0/tune_fedogda_s_linear_seed0_alpha0p5_cm2_wd0p01/effective_config.json,results/rerun_protocol_v1_tuning/fedogda_s_pilot_alpha0p5/linear/fedogda_s/seed_0/tune_fedogda_s_linear_seed0_alpha0p5_cm2_wd0p01/metrics.json
tuning,rerun_protocol_v1_tuning,fedogda_s_pilot_alpha0p5,linear,fedogda_s,stochastic,federated,0,0.5,tune_fedogda_s_linear_seed0_alpha0p5_cm2_wd0p03,500,3,256,0.001,0.002,1.5,2.0,0.03,1.0,0.009450907431579461,147,0.009554615081954454,0.04709577923569514,0.046436490100111784,191.52639722824097,False,,,,True,True,True,results/rerun_protocol_v1_tuning/fedogda_s_pilot_alpha0p5/linear/fedogda_s/seed_0/tune_fedogda_s_linear_seed0_alpha0p5_cm2_wd0p03/effective_config.json,results/rerun_protocol_v1_tuning/fedogda_s_pilot_alpha0p5/linear/fedogda_s/seed_0/tune_fedogda_s_linear_seed0_alpha0p5_cm2_wd0p03/metrics.json
tuning,rerun_protocol_v1_tuning,fedogda_s_pilot_alpha0p5,linear,fedogda_s,stochastic,federated,0,0.5,tune_fedogda_s_linear_seed0_alpha0p5_cm2_wd0p1,500,3,256,0.001,0.002,1.5,2.0,0.1,1.0,0.009450907431579461,147,0.009554615081954454,0.04709577923569514,0.046436490100111784,190.11484575271606,False,,,,True,True,True,results/rerun_protocol_v1_tuning/fedogda_s_pilot_alpha0p5/linear/fedogda_s/seed_0/tune_fedogda_s_linear_seed0_alpha0p5_cm2_wd0p1/effective_config.json,results/rerun_protocol_v1_tuning/fedogda_s_pilot_alpha0p5/linear/fedogda_s/seed_0/tune_fedogda_s_linear_seed0_alpha0p5_cm2_wd0p1/metrics.json
tuning,rerun_protocol_v1_tuning,fedogda_s_pilot_alpha0p5,linear,fedogda_s,stochastic,federated,0,0.5,tune_fedogda_s_linear_seed0_alpha0p5_cm5_wd0p001,500,3,256,0.001,0.005,1.5,5.0,0.001,1.0,0.005192406546775755,381,0.0052440195199953766,0.005337791875584244,0.0054113684328382155,198.7863109111786,False,,,,True,True,True,results/rerun_protocol_v1_tuning/fedogda_s_pilot_alpha0p5/linear/fedogda_s/seed_0/tune_fedogda_s_linear_seed0_alpha0p5_cm5_wd0p001/effective_config.json,results/rerun_protocol_v1_tuning/fedogda_s_pilot_alpha0p5/linear/fedogda_s/seed_0/tune_fedogda_s_linear_seed0_alpha0p5_cm5_wd0p001/metrics.json
tuning,rerun_protocol_v1_tuning,fedogda_s_pilot_alpha0p5,linear,fedogda_s,stochastic,federated,0,0.5,tune_fedogda_s_linear_seed0_alpha0p5_cm5_wd0p01,500,3,256,0.001,0.005,1.5,5.0,0.01,1.0,0.005192406546775755,381,0.0052440195199953766,0.005337791875584244,0.0054113684328382155,193.9102475643158,False,,,,True,True,True,results/rerun_protocol_v1_tuning/fedogda_s_pilot_alpha0p5/linear/fedogda_s/seed_0/tune_fedogda_s_linear_seed0_alpha0p5_cm5_wd0p01/effective_config.json,results/rerun_protocol_v1_tuning/fedogda_s_pilot_alpha0p5/linear/fedogda_s/seed_0/tune_fedogda_s_linear_seed0_alpha0p5_cm5_wd0p01/metrics.json
tuning,rerun_protocol_v1_tuning,fedogda_s_pilot_alpha0p5,linear,fedogda_s,stochastic,federated,0,0.5,tune_fedogda_s_linear_seed0_alpha0p5_cm5_wd0p03,500,3,256,0.001,0.005,1.5,5.0,0.03,1.0,0.005192406546775755,381,0.0052440195199953766,0.005337791875584244,0.0054113684328382155,189.88010549545288,False,,,,True,True,True,results/rerun_protocol_v1_tuning/fedogda_s_pilot_alpha0p5/linear/fedogda_s/seed_0/tune_fedogda_s_linear_seed0_alpha0p5_cm5_wd0p03/effective_config.json,results/rerun_protocol_v1_tuning/fedogda_s_pilot_alpha0p5/linear/fedogda_s/seed_0/tune_fedogda_s_linear_seed0_alpha0p5_cm5_wd0p03/metrics.json
tuning,rerun_protocol_v1_tuning,fedogda_s_pilot_alpha0p5,linear,fedogda_s,stochastic,federated,0,0.5,tune_fedogda_s_linear_seed0_alpha0p5_cm5_wd0p1,500,3,256,0.001,0.005,1.5,5.0,0.1,1.0,0.005192406546775755,381,0.0052440195199953766,0.005337791875584244,0.0054113684328382155,191.27237582206726,False,,,,True,True,True,results/rerun_protocol_v1_tuning/fedogda_s_pilot_alpha0p5/linear/fedogda_s/seed_0/tune_fedogda_s_linear_seed0_alpha0p5_cm5_wd0p1/effective_config.json,results/rerun_protocol_v1_tuning/fedogda_s_pilot_alpha0p5/linear/fedogda_s/seed_0/tune_fedogda_s_linear_seed0_alpha0p5_cm5_wd0p1/metrics.json
tuning,rerun_protocol_v1_tuning,fedogda_s_pilot_alpha0p5,linear,fedogda_s,stochastic,federated,1,0.5,tune_fedogda_s_linear_seed1_alpha0p5_cm10_wd0p001,500,3,256,0.001,0.01,1.5,10.0,0.001,1.0,0.0007639782529321825,338,0.0007672509647585216,0.0020431030487989103,0.0020528830767290703,189.03001046180725,False,,,,True,True,True,results/rerun_protocol_v1_tuning/fedogda_s_pilot_alpha0p5/linear/fedogda_s/seed_1/tune_fedogda_s_linear_seed1_alpha0p5_cm10_wd0p001/effective_config.json,results/rerun_protocol_v1_tuning/fedogda_s_pilot_alpha0p5/linear/fedogda_s/seed_1/tune_fedogda_s_linear_seed1_alpha0p5_cm10_wd0p001/metrics.json
tuning,rerun_protocol_v1_tuning,fedogda_s_pilot_alpha0p5,linear,fedogda_s,stochastic,federated,1,0.5,tune_fedogda_s_linear_seed1_alpha0p5_cm10_wd0p01,500,3,256,0.001,0.01,1.5,10.0,0.01,1.0,0.0007639782529321825,338,0.0007672509647585216,0.0020431030487989103,0.0020528830767290703,204.59041905403137,False,,,,True,True,True,results/rerun_protocol_v1_tuning/fedogda_s_pilot_alpha0p5/linear/fedogda_s/seed_1/tune_fedogda_s_linear_seed1_alpha0p5_cm10_wd0p01/effective_config.json,results/rerun_protocol_v1_tuning/fedogda_s_pilot_alpha0p5/linear/fedogda_s/seed_1/tune_fedogda_s_linear_seed1_alpha0p5_cm10_wd0p01/metrics.json
tuning,rerun_protocol_v1_tuning,fedogda_s_pilot_alpha0p5,linear,fedogda_s,stochastic,federated,1,0.5,tune_fedogda_s_linear_seed1_alpha0p5_cm10_wd0p03,500,3,256,0.001,0.01,1.5,10.0,0.03,1.0,0.0007639782529321825,338,0.0007672509647585216,0.0020431030487989103,0.0020528830767290703,189.80479884147644,False,,,,True,True,True,results/rerun_protocol_v1_tuning/fedogda_s_pilot_alpha0p5/linear/fedogda_s/seed_1/tune_fedogda_s_linear_seed1_alpha0p5_cm10_wd0p03/effective_config.json,results/rerun_protocol_v1_tuning/fedogda_s_pilot_alpha0p5/linear/fedogda_s/seed_1/tune_fedogda_s_linear_seed1_alpha0p5_cm10_wd0p03/metrics.json
tuning,rerun_protocol_v1_tuning,fedogda_s_pilot_alpha0p5,linear,fedogda_s,stochastic,federated,1,0.5,tune_fedogda_s_linear_seed1_alpha0p5_cm10_wd0p1,500,3,256,0.001,0.01,1.5,10.0,0.1,1.0,0.0007639782529321825,338,0.0007672509647585216,0.0020431030487989103,0.0020528830767290703,193.24181628227234,False,,,,True,True,True,results/rerun_protocol_v1_tuning/fedogda_s_pilot_alpha0p5/linear/fedogda_s/seed_1/tune_fedogda_s_linear_seed1_alpha0p5_cm10_wd0p1/effective_config.json,results/rerun_protocol_v1_tuning/fedogda_s_pilot_alpha0p5/linear/fedogda_s/seed_1/tune_fedogda_s_linear_seed1_alpha0p5_cm10_wd0p1/metrics.json
tuning,rerun_protocol_v1_tuning,fedogda_s_pilot_alpha0p5,linear,fedogda_s,stochastic,federated,1,0.5,tune_fedogda_s_linear_seed1_alpha0p5_cm20_wd0p001,500,3,256,0.001,0.02,1.5,20.0,0.001,1.0,0.0005910273538212228,477,0.0005957834637334901,0.0007553606845760167,0.0007748562799771133,193.11308526992798,False,,,,True,True,True,results/rerun_protocol_v1_tuning/fedogda_s_pilot_alpha0p5/linear/fedogda_s/seed_1/tune_fedogda_s_linear_seed1_alpha0p5_cm20_wd0p001/effective_config.json,results/rerun_protocol_v1_tuning/fedogda_s_pilot_alpha0p5/linear/fedogda_s/seed_1/tune_fedogda_s_linear_seed1_alpha0p5_cm20_wd0p001/metrics.json
tuning,rerun_protocol_v1_tuning,fedogda_s_pilot_alpha0p5,linear,fedogda_s,stochastic,federated,1,0.5,tune_fedogda_s_linear_seed1_alpha0p5_cm20_wd0p01,500,3,256,0.001,0.02,1.5,20.0,0.01,1.0,0.0005910273538212228,477,0.0005957834637334901,0.0007553606845760167,0.0007748562799771133,196.58140635490417,False,,,,True,True,True,results/rerun_protocol_v1_tuning/fedogda_s_pilot_alpha0p5/linear/fedogda_s/seed_1/tune_fedogda_s_linear_seed1_alpha0p5_cm20_wd0p01/effective_config.json,results/rerun_protocol_v1_tuning/fedogda_s_pilot_alpha0p5/linear/fedogda_s/seed_1/tune_fedogda_s_linear_seed1_alpha0p5_cm20_wd0p01/metrics.json
tuning,rerun_protocol_v1_tuning,fedogda_s_pilot_alpha0p5,linear,fedogda_s,stochastic,federated,1,0.5,tune_fedogda_s_linear_seed1_alpha0p5_cm20_wd0p03,500,3,256,0.001,0.02,1.5,20.0,0.03,1.0,0.0005910273538212228,477,0.0005957834637334901,0.0007553606845760167,0.0007748562799771133,205.97727918624878,False,,,,True,True,True,results/rerun_protocol_v1_tuning/fedogda_s_pilot_alpha0p5/linear/fedogda_s/seed_1/tune_fedogda_s_linear_seed1_alpha0p5_cm20_wd0p03/effective_config.json,results/rerun_protocol_v1_tuning/fedogda_s_pilot_alpha0p5/linear/fedogda_s/seed_1/tune_fedogda_s_linear_seed1_alpha0p5_cm20_wd0p03/metrics.json
tuning,rerun_protocol_v1_tuning,fedogda_s_pilot_alpha0p5,linear,fedogda_s,stochastic,federated,1,0.5,tune_fedogda_s_linear_seed1_alpha0p5_cm20_wd0p1,500,3,256,0.001,0.02,1.5,20.0,0.1,1.0,0.0005910273538212228,477,0.0005957834637334901,0.0007553606845760167,0.0007748562799771133,203.4225137233734,False,,,,True,True,True,results/rerun_protocol_v1_tuning/fedogda_s_pilot_alpha0p5/linear/fedogda_s/seed_1/tune_fedogda_s_linear_seed1_alpha0p5_cm20_wd0p1/effective_config.json,results/rerun_protocol_v1_tuning/fedogda_s_pilot_alpha0p5/linear/fedogda_s/seed_1/tune_fedogda_s_linear_seed1_alpha0p5_cm20_wd0p1/metrics.json
tuning,rerun_protocol_v1_tuning,fedogda_s_pilot_alpha0p5,linear,fedogda_s,stochastic,federated,1,0.5,tune_fedogda_s_linear_seed1_alpha0p5_cm2_wd0p001,500,3,256,0.001,0.002,1.5,2.0,0.001,1.0,0.014650664037963492,446,0.014470037391052452,0.17252065879935752,0.17535429544108957,189.15656161308289,False,,,,True,True,True,results/rerun_protocol_v1_tuning/fedogda_s_pilot_alpha0p5/linear/fedogda_s/seed_1/tune_fedogda_s_linear_seed1_alpha0p5_cm2_wd0p001/effective_config.json,results/rerun_protocol_v1_tuning/fedogda_s_pilot_alpha0p5/linear/fedogda_s/seed_1/tune_fedogda_s_linear_seed1_alpha0p5_cm2_wd0p001/metrics.json
tuning,rerun_protocol_v1_tuning,fedogda_s_pilot_alpha0p5,linear,fedogda_s,stochastic,federated,1,0.5,tune_fedogda_s_linear_seed1_alpha0p5_cm2_wd0p01,500,3,256,0.001,0.002,1.5,2.0,0.01,1.0,0.014650664037963492,446,0.014470037391052452,0.17252065879935752,0.17535429544108957,193.71266341209412,False,,,,True,True,True,results/rerun_protocol_v1_tuning/fedogda_s_pilot_alpha0p5/linear/fedogda_s/seed_1/tune_fedogda_s_linear_seed1_alpha0p5_cm2_wd0p01/effective_config.json,results/rerun_protocol_v1_tuning/fedogda_s_pilot_alpha0p5/linear/fedogda_s/seed_1/tune_fedogda_s_linear_seed1_alpha0p5_cm2_wd0p01/metrics.json
tuning,rerun_protocol_v1_tuning,fedogda_s_pilot_alpha0p5,linear,fedogda_s,stochastic,federated,1,0.5,tune_fedogda_s_linear_seed1_alpha0p5_cm2_wd0p03,500,3,256,0.001,0.002,1.5,2.0,0.03,1.0,0.014650664037963492,446,0.014470037391052452,0.17252065879935752,0.17535429544108957,189.08497714996338,False,,,,True,True,True,results/rerun_protocol_v1_tuning/fedogda_s_pilot_alpha0p5/linear/fedogda_s/seed_1/tune_fedogda_s_linear_seed1_alpha0p5_cm2_wd0p03/effective_config.json,results/rerun_protocol_v1_tuning/fedogda_s_pilot_alpha0p5/linear/fedogda_s/seed_1/tune_fedogda_s_linear_seed1_alpha0p5_cm2_wd0p03/metrics.json
tuning,rerun_protocol_v1_tuning,fedogda_s_pilot_alpha0p5,linear,fedogda_s,stochastic,federated,1,0.5,tune_fedogda_s_linear_seed1_alpha0p5_cm2_wd0p1,500,3,256,0.001,0.002,1.5,2.0,0.1,1.0,0.014650664037963492,446,0.014470037391052452,0.17252065879935752,0.17535429544108957,189.4466531276703,False,,,,True,True,True,results/rerun_protocol_v1_tuning/fedogda_s_pilot_alpha0p5/linear/fedogda_s/seed_1/tune_fedogda_s_linear_seed1_alpha0p5_cm2_wd0p1/effective_config.json,results/rerun_protocol_v1_tuning/fedogda_s_pilot_alpha0p5/linear/fedogda_s/seed_1/tune_fedogda_s_linear_seed1_alpha0p5_cm2_wd0p1/metrics.json
tuning,rerun_protocol_v1_tuning,fedogda_s_pilot_alpha0p5,linear,fedogda_s,stochastic,federated,1,0.5,tune_fedogda_s_linear_seed1_alpha0p5_cm5_wd0p001,500,3,256,0.001,0.005,1.5,5.0,0.001,1.0,0.0018412447965644077,486,0.0018804638328278553,0.007632779747440618,0.007678416337486867,192.06661176681519,False,,,,True,True,True,results/rerun_protocol_v1_tuning/fedogda_s_pilot_alpha0p5/linear/fedogda_s/seed_1/tune_fedogda_s_linear_seed1_alpha0p5_cm5_wd0p001/effective_config.json,results/rerun_protocol_v1_tuning/fedogda_s_pilot_alpha0p5/linear/fedogda_s/seed_1/tune_fedogda_s_linear_seed1_alpha0p5_cm5_wd0p001/metrics.json
tuning,rerun_protocol_v1_tuning,fedogda_s_pilot_alpha0p5,linear,fedogda_s,stochastic,federated,1,0.5,tune_fedogda_s_linear_seed1_alpha0p5_cm5_wd0p01,500,3,256,0.001,0.005,1.5,5.0,0.01,1.0,0.0018412447965644077,486,0.0018804638328278553,0.007632779747440618,0.007678416337486867,193.68447637557983,False,,,,True,True,True,results/rerun_protocol_v1_tuning/fedogda_s_pilot_alpha0p5/linear/fedogda_s/seed_1/tune_fedogda_s_linear_seed1_alpha0p5_cm5_wd0p01/effective_config.json,results/rerun_protocol_v1_tuning/fedogda_s_pilot_alpha0p5/linear/fedogda_s/seed_1/tune_fedogda_s_linear_seed1_alpha0p5_cm5_wd0p01/metrics.json
tuning,rerun_protocol_v1_tuning,fedogda_s_pilot_alpha0p5,linear,fedogda_s,stochastic,federated,1,0.5,tune_fedogda_s_linear_seed1_alpha0p5_cm5_wd0p03,500,3,256,0.001,0.005,1.5,5.0,0.03,1.0,0.0018412447965644077,486,0.0018804638328278553,0.007632779747440618,0.007678416337486867,197.93842267990112,False,,,,True,True,True,results/rerun_protocol_v1_tuning/fedogda_s_pilot_alpha0p5/linear/fedogda_s/seed_1/tune_fedogda_s_linear_seed1_alpha0p5_cm5_wd0p03/effective_config.json,results/rerun_protocol_v1_tuning/fedogda_s_pilot_alpha0p5/linear/fedogda_s/seed_1/tune_fedogda_s_linear_seed1_alpha0p5_cm5_wd0p03/metrics.json
tuning,rerun_protocol_v1_tuning,fedogda_s_pilot_alpha0p5,linear,fedogda_s,stochastic,federated,1,0.5,tune_fedogda_s_linear_seed1_alpha0p5_cm5_wd0p1,500,3,256,0.001,0.005,1.5,5.0,0.1,1.0,0.0018412447965644077,486,0.0018804638328278553,0.007632779747440618,0.007678416337486867,188.7427716255188,False,,,,True,True,True,results/rerun_protocol_v1_tuning/fedogda_s_pilot_alpha0p5/linear/fedogda_s/seed_1/tune_fedogda_s_linear_seed1_alpha0p5_cm5_wd0p1/effective_config.json,results/rerun_protocol_v1_tuning/fedogda_s_pilot_alpha0p5/linear/fedogda_s/seed_1/tune_fedogda_s_linear_seed1_alpha0p5_cm5_wd0p1/metrics.json
tuning,rerun_protocol_v1_tuning,fedogda_s_pilot_alpha0p5,linear,fedogda_s,stochastic,federated,2,0.5,tune_fedogda_s_linear_seed2_alpha0p5_cm10_wd0p001,500,3,256,0.001,0.01,1.5,10.0,0.001,1.0,0.007075657910292095,499,0.007251052753362265,0.0070756579102920925,0.007251052753362265,192.56147837638855,False,,,,True,True,True,results/rerun_protocol_v1_tuning/fedogda_s_pilot_alpha0p5/linear/fedogda_s/seed_2/tune_fedogda_s_linear_seed2_alpha0p5_cm10_wd0p001/effective_config.json,results/rerun_protocol_v1_tuning/fedogda_s_pilot_alpha0p5/linear/fedogda_s/seed_2/tune_fedogda_s_linear_seed2_alpha0p5_cm10_wd0p001/metrics.json
tuning,rerun_protocol_v1_tuning,fedogda_s_pilot_alpha0p5,linear,fedogda_s,stochastic,federated,2,0.5,tune_fedogda_s_linear_seed2_alpha0p5_cm10_wd0p01,500,3,256,0.001,0.01,1.5,10.0,0.01,1.0,0.007075657910292095,499,0.007251052753362265,0.0070756579102920925,0.007251052753362265,202.79958534240723,False,,,,True,True,True,results/rerun_protocol_v1_tuning/fedogda_s_pilot_alpha0p5/linear/fedogda_s/seed_2/tune_fedogda_s_linear_seed2_alpha0p5_cm10_wd0p01/effective_config.json,results/rerun_protocol_v1_tuning/fedogda_s_pilot_alpha0p5/linear/fedogda_s/seed_2/tune_fedogda_s_linear_seed2_alpha0p5_cm10_wd0p01/metrics.json
tuning,rerun_protocol_v1_tuning,fedogda_s_pilot_alpha0p5,linear,fedogda_s,stochastic,federated,2,0.5,tune_fedogda_s_linear_seed2_alpha0p5_cm10_wd0p03,500,3,256,0.001,0.01,1.5,10.0,0.03,1.0,0.007075657910292095,499,0.007251052753362265,0.0070756579102920925,0.007251052753362265,192.92311596870422,False,,,,True,True,True,results/rerun_protocol_v1_tuning/fedogda_s_pilot_alpha0p5/linear/fedogda_s/seed_2/tune_fedogda_s_linear_seed2_alpha0p5_cm10_wd0p03/effective_config.json,results/rerun_protocol_v1_tuning/fedogda_s_pilot_alpha0p5/linear/fedogda_s/seed_2/tune_fedogda_s_linear_seed2_alpha0p5_cm10_wd0p03/metrics.json
tuning,rerun_protocol_v1_tuning,fedogda_s_pilot_alpha0p5,linear,fedogda_s,stochastic,federated,2,0.5,tune_fedogda_s_linear_seed2_alpha0p5_cm10_wd0p1,500,3,256,0.001,0.01,1.5,10.0,0.1,1.0,0.007075657910292095,499,0.007251052753362265,0.0070756579102920925,0.007251052753362265,200.55979347229004,False,,,,True,True,True,results/rerun_protocol_v1_tuning/fedogda_s_pilot_alpha0p5/linear/fedogda_s/seed_2/tune_fedogda_s_linear_seed2_alpha0p5_cm10_wd0p1/effective_config.json,results/rerun_protocol_v1_tuning/fedogda_s_pilot_alpha0p5/linear/fedogda_s/seed_2/tune_fedogda_s_linear_seed2_alpha0p5_cm10_wd0p1/metrics.json
tuning,rerun_protocol_v1_tuning,fedogda_s_pilot_alpha0p5,linear,fedogda_s,stochastic,federated,2,0.5,tune_fedogda_s_linear_seed2_alpha0p5_cm20_wd0p001,500,3,256,0.001,0.02,1.5,20.0,0.001,1.0,0.0019569719005613773,499,0.0019895841066196658,0.001956971900561377,0.0019895841066196658,193.5944640636444,False,,,,True,True,True,results/rerun_protocol_v1_tuning/fedogda_s_pilot_alpha0p5/linear/fedogda_s/seed_2/tune_fedogda_s_linear_seed2_alpha0p5_cm20_wd0p001/effective_config.json,results/rerun_protocol_v1_tuning/fedogda_s_pilot_alpha0p5/linear/fedogda_s/seed_2/tune_fedogda_s_linear_seed2_alpha0p5_cm20_wd0p001/metrics.json
tuning,rerun_protocol_v1_tuning,fedogda_s_pilot_alpha0p5,linear,fedogda_s,stochastic,federated,2,0.5,tune_fedogda_s_linear_seed2_alpha0p5_cm20_wd0p01,500,3,256,0.001,0.02,1.5,20.0,0.01,1.0,0.0019569719005613773,499,0.0019895841066196658,0.001956971900561377,0.0019895841066196658,197.2014398574829,False,,,,True,True,True,results/rerun_protocol_v1_tuning/fedogda_s_pilot_alpha0p5/linear/fedogda_s/seed_2/tune_fedogda_s_linear_seed2_alpha0p5_cm20_wd0p01/effective_config.json,results/rerun_protocol_v1_tuning/fedogda_s_pilot_alpha0p5/linear/fedogda_s/seed_2/tune_fedogda_s_linear_seed2_alpha0p5_cm20_wd0p01/metrics.json
tuning,rerun_protocol_v1_tuning,fedogda_s_pilot_alpha0p5,linear,fedogda_s,stochastic,federated,2,0.5,tune_fedogda_s_linear_seed2_alpha0p5_cm20_wd0p03,500,3,256,0.001,0.02,1.5,20.0,0.03,1.0,0.0019569719005613773,499,0.0019895841066196658,0.001956971900561377,0.0019895841066196658,196.8485918045044,False,,,,True,True,True,results/rerun_protocol_v1_tuning/fedogda_s_pilot_alpha0p5/linear/fedogda_s/seed_2/tune_fedogda_s_linear_seed2_alpha0p5_cm20_wd0p03/effective_config.json,results/rerun_protocol_v1_tuning/fedogda_s_pilot_alpha0p5/linear/fedogda_s/seed_2/tune_fedogda_s_linear_seed2_alpha0p5_cm20_wd0p03/metrics.json
tuning,rerun_protocol_v1_tuning,fedogda_s_pilot_alpha0p5,linear,fedogda_s,stochastic,federated,2,0.5,tune_fedogda_s_linear_seed2_alpha0p5_cm20_wd0p1,500,3,256,0.001,0.02,1.5,20.0,0.1,1.0,0.0019569719005613773,499,0.0019895841066196658,0.001956971900561377,0.0019895841066196658,199.2019305229187,False,,,,True,True,True,results/rerun_protocol_v1_tuning/fedogda_s_pilot_alpha0p5/linear/fedogda_s/seed_2/tune_fedogda_s_linear_seed2_alpha0p5_cm20_wd0p1/effective_config.json,results/rerun_protocol_v1_tuning/fedogda_s_pilot_alpha0p5/linear/fedogda_s/seed_2/tune_fedogda_s_linear_seed2_alpha0p5_cm20_wd0p1/metrics.json
tuning,rerun_protocol_v1_tuning,fedogda_s_pilot_alpha0p5,linear,fedogda_s,stochastic,federated,2,0.5,tune_fedogda_s_linear_seed2_alpha0p5_cm2_wd0p001,500,3,256,0.001,0.002,1.5,2.0,0.001,1.0,0.01094605866722792,293,0.01101483358272468,0.1739213088079532,0.17566016391612638,193.55904173851013,False,,,,True,True,True,results/rerun_protocol_v1_tuning/fedogda_s_pilot_alpha0p5/linear/fedogda_s/seed_2/tune_fedogda_s_linear_seed2_alpha0p5_cm2_wd0p001/effective_config.json,results/rerun_protocol_v1_tuning/fedogda_s_pilot_alpha0p5/linear/fedogda_s/seed_2/tune_fedogda_s_linear_seed2_alpha0p5_cm2_wd0p001/metrics.json
tuning,rerun_protocol_v1_tuning,fedogda_s_pilot_alpha0p5,linear,fedogda_s,stochastic,federated,2,0.5,tune_fedogda_s_linear_seed2_alpha0p5_cm2_wd0p01,500,3,256,0.001,0.002,1.5,2.0,0.01,1.0,0.01094605866722792,293,0.01101483358272468,0.1739213088079532,0.17566016391612638,204.48311638832092,False,,,,True,True,True,results/rerun_protocol_v1_tuning/fedogda_s_pilot_alpha0p5/linear/fedogda_s/seed_2/tune_fedogda_s_linear_seed2_alpha0p5_cm2_wd0p01/effective_config.json,results/rerun_protocol_v1_tuning/fedogda_s_pilot_alpha0p5/linear/fedogda_s/seed_2/tune_fedogda_s_linear_seed2_alpha0p5_cm2_wd0p01/metrics.json
tuning,rerun_protocol_v1_tuning,fedogda_s_pilot_alpha0p5,linear,fedogda_s,stochastic,federated,2,0.5,tune_fedogda_s_linear_seed2_alpha0p5_cm2_wd0p03,500,3,256,0.001,0.002,1.5,2.0,0.03,1.0,0.01094605866722792,293,0.01101483358272468,0.1739213088079532,0.17566016391612638,191.09346985816956,False,,,,True,True,True,results/rerun_protocol_v1_tuning/fedogda_s_pilot_alpha0p5/linear/fedogda_s/seed_2/tune_fedogda_s_linear_seed2_alpha0p5_cm2_wd0p03/effective_config.json,results/rerun_protocol_v1_tuning/fedogda_s_pilot_alpha0p5/linear/fedogda_s/seed_2/tune_fedogda_s_linear_seed2_alpha0p5_cm2_wd0p03/metrics.json
tuning,rerun_protocol_v1_tuning,fedogda_s_pilot_alpha0p5,linear,fedogda_s,stochastic,federated,2,0.5,tune_fedogda_s_linear_seed2_alpha0p5_cm2_wd0p1,500,3,256,0.001,0.002,1.5,2.0,0.1,1.0,0.01094605866722792,293,0.01101483358272468,0.1739213088079532,0.17566016391612638,193.7850878238678,False,,,,True,True,True,results/rerun_protocol_v1_tuning/fedogda_s_pilot_alpha0p5/linear/fedogda_s/seed_2/tune_fedogda_s_linear_seed2_alpha0p5_cm2_wd0p1/effective_config.json,results/rerun_protocol_v1_tuning/fedogda_s_pilot_alpha0p5/linear/fedogda_s/seed_2/tune_fedogda_s_linear_seed2_alpha0p5_cm2_wd0p1/metrics.json
tuning,rerun_protocol_v1_tuning,fedogda_s_pilot_alpha0p5,linear,fedogda_s,stochastic,federated,2,0.5,tune_fedogda_s_linear_seed2_alpha0p5_cm5_wd0p001,500,3,256,0.001,0.005,1.5,5.0,0.001,1.0,0.012198857354528083,183,0.012394574414133394,0.02981189136632082,0.02945761142436646,190.32412028312683,False,,,,True,True,True,results/rerun_protocol_v1_tuning/fedogda_s_pilot_alpha0p5/linear/fedogda_s/seed_2/tune_fedogda_s_linear_seed2_alpha0p5_cm5_wd0p001/effective_config.json,results/rerun_protocol_v1_tuning/fedogda_s_pilot_alpha0p5/linear/fedogda_s/seed_2/tune_fedogda_s_linear_seed2_alpha0p5_cm5_wd0p001/metrics.json
tuning,rerun_protocol_v1_tuning,fedogda_s_pilot_alpha0p5,linear,fedogda_s,stochastic,federated,2,0.5,tune_fedogda_s_linear_seed2_alpha0p5_cm5_wd0p01,500,3,256,0.001,0.005,1.5,5.0,0.01,1.0,0.012198857354528083,183,0.012394574414133394,0.02981189136632082,0.02945761142436646,189.26724219322205,False,,,,True,True,True,results/rerun_protocol_v1_tuning/fedogda_s_pilot_alpha0p5/linear/fedogda_s/seed_2/tune_fedogda_s_linear_seed2_alpha0p5_cm5_wd0p01/effective_config.json,results/rerun_protocol_v1_tuning/fedogda_s_pilot_alpha0p5/linear/fedogda_s/seed_2/tune_fedogda_s_linear_seed2_alpha0p5_cm5_wd0p01/metrics.json
tuning,rerun_protocol_v1_tuning,fedogda_s_pilot_alpha0p5,linear,fedogda_s,stochastic,federated,2,0.5,tune_fedogda_s_linear_seed2_alpha0p5_cm5_wd0p03,500,3,256,0.001,0.005,1.5,5.0,0.03,1.0,0.012198857354528083,183,0.012394574414133394,0.02981189136632082,0.02945761142436646,205.60266041755676,False,,,,True,True,True,results/rerun_protocol_v1_tuning/fedogda_s_pilot_alpha0p5/linear/fedogda_s/seed_2/tune_fedogda_s_linear_seed2_alpha0p5_cm5_wd0p03/effective_config.json,results/rerun_protocol_v1_tuning/fedogda_s_pilot_alpha0p5/linear/fedogda_s/seed_2/tune_fedogda_s_linear_seed2_alpha0p5_cm5_wd0p03/metrics.json
tuning,rerun_protocol_v1_tuning,fedogda_s_pilot_alpha0p5,linear,fedogda_s,stochastic,federated,2,0.5,tune_fedogda_s_linear_seed2_alpha0p5_cm5_wd0p1,500,3,256,0.001,0.005,1.5,5.0,0.1,1.0,0.012198857354528083,183,0.012394574414133394,0.02981189136632082,0.02945761142436646,194.18395018577576,False,,,,True,True,True,results/rerun_protocol_v1_tuning/fedogda_s_pilot_alpha0p5/linear/fedogda_s/seed_2/tune_fedogda_s_linear_seed2_alpha0p5_cm5_wd0p1/effective_config.json,results/rerun_protocol_v1_tuning/fedogda_s_pilot_alpha0p5/linear/fedogda_s/seed_2/tune_fedogda_s_linear_seed2_alpha0p5_cm5_wd0p1/metrics.json
tuning,rerun_protocol_v1_tuning,fedogda_s_pilot_alpha0p5,step,fedogda_s,stochastic,federated,0,0.5,tune_fedogda_s_step_seed0_alpha0p5_cm10_wd0p001,500,3,256,0.001,0.01,1.5,10.0,0.001,1.0,0.02961461787380765,499,0.030184297414644914,0.02961461787380765,0.030184297414644914,191.82541012763977,False,,,,True,True,True,results/rerun_protocol_v1_tuning/fedogda_s_pilot_alpha0p5/step/fedogda_s/seed_0/tune_fedogda_s_step_seed0_alpha0p5_cm10_wd0p001/effective_config.json,results/rerun_protocol_v1_tuning/fedogda_s_pilot_alpha0p5/step/fedogda_s/seed_0/tune_fedogda_s_step_seed0_alpha0p5_cm10_wd0p001/metrics.json
tuning,rerun_protocol_v1_tuning,fedogda_s_pilot_alpha0p5,step,fedogda_s,stochastic,federated,0,0.5,tune_fedogda_s_step_seed0_alpha0p5_cm10_wd0p01,500,3,256,0.001,0.01,1.5,10.0,0.01,1.0,0.02961461787380765,499,0.030184297414644914,0.02961461787380765,0.030184297414644914,197.35288286209106,False,,,,True,True,True,results/rerun_protocol_v1_tuning/fedogda_s_pilot_alpha0p5/step/fedogda_s/seed_0/tune_fedogda_s_step_seed0_alpha0p5_cm10_wd0p01/effective_config.json,results/rerun_protocol_v1_tuning/fedogda_s_pilot_alpha0p5/step/fedogda_s/seed_0/tune_fedogda_s_step_seed0_alpha0p5_cm10_wd0p01/metrics.json
tuning,rerun_protocol_v1_tuning,fedogda_s_pilot_alpha0p5,step,fedogda_s,stochastic,federated,0,0.5,tune_fedogda_s_step_seed0_alpha0p5_cm10_wd0p03,500,3,256,0.001,0.01,1.5,10.0,0.03,1.0,0.02961461787380765,499,0.030184297414644914,0.02961461787380765,0.030184297414644914,189.92062211036682,False,,,,True,True,True,results/rerun_protocol_v1_tuning/fedogda_s_pilot_alpha0p5/step/fedogda_s/seed_0/tune_fedogda_s_step_seed0_alpha0p5_cm10_wd0p03/effective_config.json,results/rerun_protocol_v1_tuning/fedogda_s_pilot_alpha0p5/step/fedogda_s/seed_0/tune_fedogda_s_step_seed0_alpha0p5_cm10_wd0p03/metrics.json
tuning,rerun_protocol_v1_tuning,fedogda_s_pilot_alpha0p5,step,fedogda_s,stochastic,federated,0,0.5,tune_fedogda_s_step_seed0_alpha0p5_cm10_wd0p1,500,3,256,0.001,0.01,1.5,10.0,0.1,1.0,0.02961461787380765,499,0.030184297414644914,0.02961461787380765,0.030184297414644914,187.9767336845398,False,,,,True,True,True,results/rerun_protocol_v1_tuning/fedogda_s_pilot_alpha0p5/step/fedogda_s/seed_0/tune_fedogda_s_step_seed0_alpha0p5_cm10_wd0p1/effective_config.json,results/rerun_protocol_v1_tuning/fedogda_s_pilot_alpha0p5/step/fedogda_s/seed_0/tune_fedogda_s_step_seed0_alpha0p5_cm10_wd0p1/metrics.json
tuning,rerun_protocol_v1_tuning,fedogda_s_pilot_alpha0p5,step,fedogda_s,stochastic,federated,0,0.5,tune_fedogda_s_step_seed0_alpha0p5_cm20_wd0p001,500,3,256,0.001,0.02,1.5,20.0,0.001,1.0,0.02922292641453842,499,0.029709717120455014,0.02922292641453843,0.029709717120455014,201.11062693595886,False,,,,True,True,True,results/rerun_protocol_v1_tuning/fedogda_s_pilot_alpha0p5/step/fedogda_s/seed_0/tune_fedogda_s_step_seed0_alpha0p5_cm20_wd0p001/effective_config.json,results/rerun_protocol_v1_tuning/fedogda_s_pilot_alpha0p5/step/fedogda_s/seed_0/tune_fedogda_s_step_seed0_alpha0p5_cm20_wd0p001/metrics.json
tuning,rerun_protocol_v1_tuning,fedogda_s_pilot_alpha0p5,step,fedogda_s,stochastic,federated,0,0.5,tune_fedogda_s_step_seed0_alpha0p5_cm20_wd0p01,500,3,256,0.001,0.02,1.5,20.0,0.01,1.0,0.02922292641453842,499,0.029709717120455014,0.02922292641453843,0.029709717120455014,190.99603033065796,False,,,,True,True,True,results/rerun_protocol_v1_tuning/fedogda_s_pilot_alpha0p5/step/fedogda_s/seed_0/tune_fedogda_s_step_seed0_alpha0p5_cm20_wd0p01/effective_config.json,results/rerun_protocol_v1_tuning/fedogda_s_pilot_alpha0p5/step/fedogda_s/seed_0/tune_fedogda_s_step_seed0_alpha0p5_cm20_wd0p01/metrics.json
tuning,rerun_protocol_v1_tuning,fedogda_s_pilot_alpha0p5,step,fedogda_s,stochastic,federated,0,0.5,tune_fedogda_s_step_seed0_alpha0p5_cm20_wd0p03,500,3,256,0.001,0.02,1.5,20.0,0.03,1.0,0.02922292641453842,499,0.029709717120455014,0.02922292641453843,0.029709717120455014,194.05683279037476,False,,,,True,True,True,results/rerun_protocol_v1_tuning/fedogda_s_pilot_alpha0p5/step/fedogda_s/seed_0/tune_fedogda_s_step_seed0_alpha0p5_cm20_wd0p03/effective_config.json,results/rerun_protocol_v1_tuning/fedogda_s_pilot_alpha0p5/step/fedogda_s/seed_0/tune_fedogda_s_step_seed0_alpha0p5_cm20_wd0p03/metrics.json
tuning,rerun_protocol_v1_tuning,fedogda_s_pilot_alpha0p5,step,fedogda_s,stochastic,federated,0,0.5,tune_fedogda_s_step_seed0_alpha0p5_cm20_wd0p1,500,3,256,0.001,0.02,1.5,20.0,0.1,1.0,0.02922292641453842,499,0.029709717120455014,0.02922292641453843,0.029709717120455014,193.257159948349,False,,,,True,True,True,results/rerun_protocol_v1_tuning/fedogda_s_pilot_alpha0p5/step/fedogda_s/seed_0/tune_fedogda_s_step_seed0_alpha0p5_cm20_wd0p1/effective_config.json,results/rerun_protocol_v1_tuning/fedogda_s_pilot_alpha0p5/step/fedogda_s/seed_0/tune_fedogda_s_step_seed0_alpha0p5_cm20_wd0p1/metrics.json
tuning,rerun_protocol_v1_tuning,fedogda_s_pilot_alpha0p5,step,fedogda_s,stochastic,federated,0,0.5,tune_fedogda_s_step_seed0_alpha0p5_cm2_wd0p001,500,3,256,0.001,0.002,1.5,2.0,0.001,1.0,0.035212629734029124,406,0.035998656621818045,0.03553153190312962,0.03633045731461537,190.76186323165894,False,,,,True,True,True,results/rerun_protocol_v1_tuning/fedogda_s_pilot_alpha0p5/step/fedogda_s/seed_0/tune_fedogda_s_step_seed0_alpha0p5_cm2_wd0p001/effective_config.json,results/rerun_protocol_v1_tuning/fedogda_s_pilot_alpha0p5/step/fedogda_s/seed_0/tune_fedogda_s_step_seed0_alpha0p5_cm2_wd0p001/metrics.json
tuning,rerun_protocol_v1_tuning,fedogda_s_pilot_alpha0p5,step,fedogda_s,stochastic,federated,0,0.5,tune_fedogda_s_step_seed0_alpha0p5_cm2_wd0p01,500,3,256,0.001,0.002,1.5,2.0,0.01,1.0,0.035212629734029124,406,0.035998656621818045,0.03553153190312962,0.03633045731461537,187.8994264602661,False,,,,True,True,True,results/rerun_protocol_v1_tuning/fedogda_s_pilot_alpha0p5/step/fedogda_s/seed_0/tune_fedogda_s_step_seed0_alpha0p5_cm2_wd0p01/effective_config.json,results/rerun_protocol_v1_tuning/fedogda_s_pilot_alpha0p5/step/fedogda_s/seed_0/tune_fedogda_s_step_seed0_alpha0p5_cm2_wd0p01/metrics.json
tuning,rerun_protocol_v1_tuning,fedogda_s_pilot_alpha0p5,step,fedogda_s,stochastic,federated,0,0.5,tune_fedogda_s_step_seed0_alpha0p5_cm2_wd0p03,500,3,256,0.001,0.002,1.5,2.0,0.03,1.0,0.035212629734029124,406,0.035998656621818045,0.03553153190312962,0.03633045731461537,192.277606010437,False,,,,True,True,True,results/rerun_protocol_v1_tuning/fedogda_s_pilot_alpha0p5/step/fedogda_s/seed_0/tune_fedogda_s_step_seed0_alpha0p5_cm2_wd0p03/effective_config.json,results/rerun_protocol_v1_tuning/fedogda_s_pilot_alpha0p5/step/fedogda_s/seed_0/tune_fedogda_s_step_seed0_alpha0p5_cm2_wd0p03/metrics.json
tuning,rerun_protocol_v1_tuning,fedogda_s_pilot_alpha0p5,step,fedogda_s,stochastic,federated,0,0.5,tune_fedogda_s_step_seed0_alpha0p5_cm2_wd0p1,500,3,256,0.001,0.002,1.5,2.0,0.1,1.0,0.035212629734029124,406,0.035998656621818045,0.03553153190312962,0.03633045731461537,199.83781123161316,False,,,,True,True,True,results/rerun_protocol_v1_tuning/fedogda_s_pilot_alpha0p5/step/fedogda_s/seed_0/tune_fedogda_s_step_seed0_alpha0p5_cm2_wd0p1/effective_config.json,results/rerun_protocol_v1_tuning/fedogda_s_pilot_alpha0p5/step/fedogda_s/seed_0/tune_fedogda_s_step_seed0_alpha0p5_cm2_wd0p1/metrics.json
tuning,rerun_protocol_v1_tuning,fedogda_s_pilot_alpha0p5,step,fedogda_s,stochastic,federated,0,0.5,tune_fedogda_s_step_seed0_alpha0p5_cm5_wd0p001,500,3,256,0.001,0.005,1.5,5.0,0.001,1.0,0.03242533262024268,434,0.033083357776443265,0.03282494849600679,0.03367956536705467,191.35451292991638,False,,,,True,True,True,results/rerun_protocol_v1_tuning/fedogda_s_pilot_alpha0p5/step/fedogda_s/seed_0/tune_fedogda_s_step_seed0_alpha0p5_cm5_wd0p001/effective_config.json,results/rerun_protocol_v1_tuning/fedogda_s_pilot_alpha0p5/step/fedogda_s/seed_0/tune_fedogda_s_step_seed0_alpha0p5_cm5_wd0p001/metrics.json
tuning,rerun_protocol_v1_tuning,fedogda_s_pilot_alpha0p5,step,fedogda_s,stochastic,federated,0,0.5,tune_fedogda_s_step_seed0_alpha0p5_cm5_wd0p01,500,3,256,0.001,0.005,1.5,5.0,0.01,1.0,0.03242533262024268,434,0.033083357776443265,0.03282494849600679,0.03367956536705467,204.5475480556488,False,,,,True,True,True,results/rerun_protocol_v1_tuning/fedogda_s_pilot_alpha0p5/step/fedogda_s/seed_0/tune_fedogda_s_step_seed0_alpha0p5_cm5_wd0p01/effective_config.json,results/rerun_protocol_v1_tuning/fedogda_s_pilot_alpha0p5/step/fedogda_s/seed_0/tune_fedogda_s_step_seed0_alpha0p5_cm5_wd0p01/metrics.json
tuning,rerun_protocol_v1_tuning,fedogda_s_pilot_alpha0p5,step,fedogda_s,stochastic,federated,0,0.5,tune_fedogda_s_step_seed0_alpha0p5_cm5_wd0p03,500,3,256,0.001,0.005,1.5,5.0,0.03,1.0,0.03242533262024268,434,0.033083357776443265,0.03282494849600679,0.03367956536705467,195.09992909431458,False,,,,True,True,True,results/rerun_protocol_v1_tuning/fedogda_s_pilot_alpha0p5/step/fedogda_s/seed_0/tune_fedogda_s_step_seed0_alpha0p5_cm5_wd0p03/effective_config.json,results/rerun_protocol_v1_tuning/fedogda_s_pilot_alpha0p5/step/fedogda_s/seed_0/tune_fedogda_s_step_seed0_alpha0p5_cm5_wd0p03/metrics.json
tuning,rerun_protocol_v1_tuning,fedogda_s_pilot_alpha0p5,step,fedogda_s,stochastic,federated,0,0.5,tune_fedogda_s_step_seed0_alpha0p5_cm5_wd0p1,500,3,256,0.001,0.005,1.5,5.0,0.1,1.0,0.03242533262024268,434,0.033083357776443265,0.03282494849600679,0.03367956536705467,200.24479007720947,False,,,,True,True,True,results/rerun_protocol_v1_tuning/fedogda_s_pilot_alpha0p5/step/fedogda_s/seed_0/tune_fedogda_s_step_seed0_alpha0p5_cm5_wd0p1/effective_config.json,results/rerun_protocol_v1_tuning/fedogda_s_pilot_alpha0p5/step/fedogda_s/seed_0/tune_fedogda_s_step_seed0_alpha0p5_cm5_wd0p1/metrics.json
tuning,rerun_protocol_v1_tuning,fedogda_s_pilot_alpha0p5,step,fedogda_s,stochastic,federated,1,0.5,tune_fedogda_s_step_seed1_alpha0p5_cm10_wd0p001,500,3,256,0.001,0.01,1.5,10.0,0.001,1.0,0.02582018245042296,118,0.026275394847309213,0.027895218190783517,0.028391166724359318,192.04750633239746,False,,,,True,True,True,results/rerun_protocol_v1_tuning/fedogda_s_pilot_alpha0p5/step/fedogda_s/seed_1/tune_fedogda_s_step_seed1_alpha0p5_cm10_wd0p001/effective_config.json,results/rerun_protocol_v1_tuning/fedogda_s_pilot_alpha0p5/step/fedogda_s/seed_1/tune_fedogda_s_step_seed1_alpha0p5_cm10_wd0p001/metrics.json
tuning,rerun_protocol_v1_tuning,fedogda_s_pilot_alpha0p5,step,fedogda_s,stochastic,federated,1,0.5,tune_fedogda_s_step_seed1_alpha0p5_cm10_wd0p01,500,3,256,0.001,0.01,1.5,10.0,0.01,1.0,0.02582018245042296,118,0.026275394847309213,0.027895218190783517,0.028391166724359318,191.08883142471313,False,,,,True,True,True,results/rerun_protocol_v1_tuning/fedogda_s_pilot_alpha0p5/step/fedogda_s/seed_1/tune_fedogda_s_step_seed1_alpha0p5_cm10_wd0p01/effective_config.json,results/rerun_protocol_v1_tuning/fedogda_s_pilot_alpha0p5/step/fedogda_s/seed_1/tune_fedogda_s_step_seed1_alpha0p5_cm10_wd0p01/metrics.json
tuning,rerun_protocol_v1_tuning,fedogda_s_pilot_alpha0p5,step,fedogda_s,stochastic,federated,1,0.5,tune_fedogda_s_step_seed1_alpha0p5_cm10_wd0p03,500,3,256,0.001,0.01,1.5,10.0,0.03,1.0,0.02582018245042296,118,0.026275394847309213,0.027895218190783517,0.028391166724359318,190.30136823654175,False,,,,True,True,True,results/rerun_protocol_v1_tuning/fedogda_s_pilot_alpha0p5/step/fedogda_s/seed_1/tune_fedogda_s_step_seed1_alpha0p5_cm10_wd0p03/effective_config.json,results/rerun_protocol_v1_tuning/fedogda_s_pilot_alpha0p5/step/fedogda_s/seed_1/tune_fedogda_s_step_seed1_alpha0p5_cm10_wd0p03/metrics.json
tuning,rerun_protocol_v1_tuning,fedogda_s_pilot_alpha0p5,step,fedogda_s,stochastic,federated,1,0.5,tune_fedogda_s_step_seed1_alpha0p5_cm10_wd0p1,500,3,256,0.001,0.01,1.5,10.0,0.1,1.0,0.02582018245042296,118,0.026275394847309213,0.027895218190783517,0.028391166724359318,190.2742862701416,False,,,,True,True,True,results/rerun_protocol_v1_tuning/fedogda_s_pilot_alpha0p5/step/fedogda_s/seed_1/tune_fedogda_s_step_seed1_alpha0p5_cm10_wd0p1/effective_config.json,results/rerun_protocol_v1_tuning/fedogda_s_pilot_alpha0p5/step/fedogda_s/seed_1/tune_fedogda_s_step_seed1_alpha0p5_cm10_wd0p1/metrics.json
tuning,rerun_protocol_v1_tuning,fedogda_s_pilot_alpha0p5,step,fedogda_s,stochastic,federated,1,0.5,tune_fedogda_s_step_seed1_alpha0p5_cm20_wd0p001,500,3,256,0.001,0.02,1.5,20.0,0.001,1.0,0.024712349283863243,91,0.025043590544773023,0.025824624517928874,0.026182517463760973,188.60929942131042,False,,,,True,True,True,results/rerun_protocol_v1_tuning/fedogda_s_pilot_alpha0p5/step/fedogda_s/seed_1/tune_fedogda_s_step_seed1_alpha0p5_cm20_wd0p001/effective_config.json,results/rerun_protocol_v1_tuning/fedogda_s_pilot_alpha0p5/step/fedogda_s/seed_1/tune_fedogda_s_step_seed1_alpha0p5_cm20_wd0p001/metrics.json
tuning,rerun_protocol_v1_tuning,fedogda_s_pilot_alpha0p5,step,fedogda_s,stochastic,federated,1,0.5,tune_fedogda_s_step_seed1_alpha0p5_cm20_wd0p01,500,3,256,0.001,0.02,1.5,20.0,0.01,1.0,0.024712349283863243,91,0.025043590544773023,0.025824624517928874,0.026182517463760973,193.22140312194824,False,,,,True,True,True,results/rerun_protocol_v1_tuning/fedogda_s_pilot_alpha0p5/step/fedogda_s/seed_1/tune_fedogda_s_step_seed1_alpha0p5_cm20_wd0p01/effective_config.json,results/rerun_protocol_v1_tuning/fedogda_s_pilot_alpha0p5/step/fedogda_s/seed_1/tune_fedogda_s_step_seed1_alpha0p5_cm20_wd0p01/metrics.json
tuning,rerun_protocol_v1_tuning,fedogda_s_pilot_alpha0p5,step,fedogda_s,stochastic,federated,1,0.5,tune_fedogda_s_step_seed1_alpha0p5_cm20_wd0p03,500,3,256,0.001,0.02,1.5,20.0,0.03,1.0,0.024712349283863243,91,0.025043590544773023,0.025824624517928874,0.026182517463760973,191.13603687286377,False,,,,True,True,True,results/rerun_protocol_v1_tuning/fedogda_s_pilot_alpha0p5/step/fedogda_s/seed_1/tune_fedogda_s_step_seed1_alpha0p5_cm20_wd0p03/effective_config.json,results/rerun_protocol_v1_tuning/fedogda_s_pilot_alpha0p5/step/fedogda_s/seed_1/tune_fedogda_s_step_seed1_alpha0p5_cm20_wd0p03/metrics.json
tuning,rerun_protocol_v1_tuning,fedogda_s_pilot_alpha0p5,step,fedogda_s,stochastic,federated,1,0.5,tune_fedogda_s_step_seed1_alpha0p5_cm20_wd0p1,500,3,256,0.001,0.02,1.5,20.0,0.1,1.0,0.024712349283863243,91,0.025043590544773023,0.025824624517928874,0.026182517463760973,189.1628270149231,False,,,,True,True,True,results/rerun_protocol_v1_tuning/fedogda_s_pilot_alpha0p5/step/fedogda_s/seed_1/tune_fedogda_s_step_seed1_alpha0p5_cm20_wd0p1/effective_config.json,results/rerun_protocol_v1_tuning/fedogda_s_pilot_alpha0p5/step/fedogda_s/seed_1/tune_fedogda_s_step_seed1_alpha0p5_cm20_wd0p1/metrics.json
tuning,rerun_protocol_v1_tuning,fedogda_s_pilot_alpha0p5,step,fedogda_s,stochastic,federated,1,0.5,tune_fedogda_s_step_seed1_alpha0p5_cm2_wd0p001,500,3,256,0.001,0.002,1.5,2.0,0.001,1.0,0.026715833810017676,392,0.02713551364172591,0.09093013030613208,0.0908832115283183,191.010666847229,False,,,,True,True,True,results/rerun_protocol_v1_tuning/fedogda_s_pilot_alpha0p5/step/fedogda_s/seed_1/tune_fedogda_s_step_seed1_alpha0p5_cm2_wd0p001/effective_config.json,results/rerun_protocol_v1_tuning/fedogda_s_pilot_alpha0p5/step/fedogda_s/seed_1/tune_fedogda_s_step_seed1_alpha0p5_cm2_wd0p001/metrics.json
tuning,rerun_protocol_v1_tuning,fedogda_s_pilot_alpha0p5,step,fedogda_s,stochastic,federated,1,0.5,tune_fedogda_s_step_seed1_alpha0p5_cm2_wd0p01,500,3,256,0.001,0.002,1.5,2.0,0.01,1.0,0.026715833810017676,392,0.02713551364172591,0.09093013030613208,0.0908832115283183,195.38118743896484,False,,,,True,True,True,results/rerun_protocol_v1_tuning/fedogda_s_pilot_alpha0p5/step/fedogda_s/seed_1/tune_fedogda_s_step_seed1_alpha0p5_cm2_wd0p01/effective_config.json,results/rerun_protocol_v1_tuning/fedogda_s_pilot_alpha0p5/step/fedogda_s/seed_1/tune_fedogda_s_step_seed1_alpha0p5_cm2_wd0p01/metrics.json
tuning,rerun_protocol_v1_tuning,fedogda_s_pilot_alpha0p5,step,fedogda_s,stochastic,federated,1,0.5,tune_fedogda_s_step_seed1_alpha0p5_cm2_wd0p03,500,3,256,0.001,0.002,1.5,2.0,0.03,1.0,0.026715833810017676,392,0.02713551364172591,0.09093013030613208,0.0908832115283183,191.00172448158264,False,,,,True,True,True,results/rerun_protocol_v1_tuning/fedogda_s_pilot_alpha0p5/step/fedogda_s/seed_1/tune_fedogda_s_step_seed1_alpha0p5_cm2_wd0p03/effective_config.json,results/rerun_protocol_v1_tuning/fedogda_s_pilot_alpha0p5/step/fedogda_s/seed_1/tune_fedogda_s_step_seed1_alpha0p5_cm2_wd0p03/metrics.json
tuning,rerun_protocol_v1_tuning,fedogda_s_pilot_alpha0p5,step,fedogda_s,stochastic,federated,1,0.5,tune_fedogda_s_step_seed1_alpha0p5_cm2_wd0p1,500,3,256,0.001,0.002,1.5,2.0,0.1,1.0,0.026715833810017676,392,0.02713551364172591,0.09093013030613208,0.0908832115283183,198.5427062511444,False,,,,True,True,True,results/rerun_protocol_v1_tuning/fedogda_s_pilot_alpha0p5/step/fedogda_s/seed_1/tune_fedogda_s_step_seed1_alpha0p5_cm2_wd0p1/effective_config.json,results/rerun_protocol_v1_tuning/fedogda_s_pilot_alpha0p5/step/fedogda_s/seed_1/tune_fedogda_s_step_seed1_alpha0p5_cm2_wd0p1/metrics.json
tuning,rerun_protocol_v1_tuning,fedogda_s_pilot_alpha0p5,step,fedogda_s,stochastic,federated,1,0.5,tune_fedogda_s_step_seed1_alpha0p5_cm5_wd0p001,500,3,256,0.001,0.005,1.5,5.0,0.001,1.0,0.027124028082507527,243,0.027596582069155953,0.03050991254506422,0.03106839232683144,190.46454668045044,False,,,,True,True,True,results/rerun_protocol_v1_tuning/fedogda_s_pilot_alpha0p5/step/fedogda_s/seed_1/tune_fedogda_s_step_seed1_alpha0p5_cm5_wd0p001/effective_config.json,results/rerun_protocol_v1_tuning/fedogda_s_pilot_alpha0p5/step/fedogda_s/seed_1/tune_fedogda_s_step_seed1_alpha0p5_cm5_wd0p001/metrics.json
tuning,rerun_protocol_v1_tuning,fedogda_s_pilot_alpha0p5,step,fedogda_s,stochastic,federated,1,0.5,tune_fedogda_s_step_seed1_alpha0p5_cm5_wd0p01,500,3,256,0.001,0.005,1.5,5.0,0.01,1.0,0.027124028082507527,243,0.027596582069155953,0.03050991254506422,0.03106839232683144,189.18879532814026,False,,,,True,True,True,results/rerun_protocol_v1_tuning/fedogda_s_pilot_alpha0p5/step/fedogda_s/seed_1/tune_fedogda_s_step_seed1_alpha0p5_cm5_wd0p01/effective_config.json,results/rerun_protocol_v1_tuning/fedogda_s_pilot_alpha0p5/step/fedogda_s/seed_1/tune_fedogda_s_step_seed1_alpha0p5_cm5_wd0p01/metrics.json
tuning,rerun_protocol_v1_tuning,fedogda_s_pilot_alpha0p5,step,fedogda_s,stochastic,federated,1,0.5,tune_fedogda_s_step_seed1_alpha0p5_cm5_wd0p03,500,3,256,0.001,0.005,1.5,5.0,0.03,1.0,0.027124028082507527,243,0.027596582069155953,0.03050991254506422,0.03106839232683144,190.60325741767883,False,,,,True,True,True,results/rerun_protocol_v1_tuning/fedogda_s_pilot_alpha0p5/step/fedogda_s/seed_1/tune_fedogda_s_step_seed1_alpha0p5_cm5_wd0p03/effective_config.json,results/rerun_protocol_v1_tuning/fedogda_s_pilot_alpha0p5/step/fedogda_s/seed_1/tune_fedogda_s_step_seed1_alpha0p5_cm5_wd0p03/metrics.json
tuning,rerun_protocol_v1_tuning,fedogda_s_pilot_alpha0p5,step,fedogda_s,stochastic,federated,1,0.5,tune_fedogda_s_step_seed1_alpha0p5_cm5_wd0p1,500,3,256,0.001,0.005,1.5,5.0,0.1,1.0,0.027124028082507527,243,0.027596582069155953,0.03050991254506422,0.03106839232683144,192.82743191719055,False,,,,True,True,True,results/rerun_protocol_v1_tuning/fedogda_s_pilot_alpha0p5/step/fedogda_s/seed_1/tune_fedogda_s_step_seed1_alpha0p5_cm5_wd0p1/effective_config.json,results/rerun_protocol_v1_tuning/fedogda_s_pilot_alpha0p5/step/fedogda_s/seed_1/tune_fedogda_s_step_seed1_alpha0p5_cm5_wd0p1/metrics.json
tuning,rerun_protocol_v1_tuning,fedogda_s_pilot_alpha0p5,step,fedogda_s,stochastic,federated,2,0.5,tune_fedogda_s_step_seed2_alpha0p5_cm10_wd0p001,500,3,256,0.001,0.01,1.5,10.0,0.001,1.0,0.032275574152071364,423,0.032898593690411884,0.03379466742402731,0.03482205125673002,191.2427864074707,False,,,,True,True,True,results/rerun_protocol_v1_tuning/fedogda_s_pilot_alpha0p5/step/fedogda_s/seed_2/tune_fedogda_s_step_seed2_alpha0p5_cm10_wd0p001/effective_config.json,results/rerun_protocol_v1_tuning/fedogda_s_pilot_alpha0p5/step/fedogda_s/seed_2/tune_fedogda_s_step_seed2_alpha0p5_cm10_wd0p001/metrics.json
tuning,rerun_protocol_v1_tuning,fedogda_s_pilot_alpha0p5,step,fedogda_s,stochastic,federated,2,0.5,tune_fedogda_s_step_seed2_alpha0p5_cm10_wd0p01,500,3,256,0.001,0.01,1.5,10.0,0.01,1.0,0.032275574152071364,423,0.032898593690411884,0.03379466742402731,0.03482205125673002,191.1673457622528,False,,,,True,True,True,results/rerun_protocol_v1_tuning/fedogda_s_pilot_alpha0p5/step/fedogda_s/seed_2/tune_fedogda_s_step_seed2_alpha0p5_cm10_wd0p01/effective_config.json,results/rerun_protocol_v1_tuning/fedogda_s_pilot_alpha0p5/step/fedogda_s/seed_2/tune_fedogda_s_step_seed2_alpha0p5_cm10_wd0p01/metrics.json
tuning,rerun_protocol_v1_tuning,fedogda_s_pilot_alpha0p5,step,fedogda_s,stochastic,federated,2,0.5,tune_fedogda_s_step_seed2_alpha0p5_cm10_wd0p03,500,3,256,0.001,0.01,1.5,10.0,0.03,1.0,0.032275574152071364,423,0.032898593690411884,0.03379466742402731,0.03482205125673002,192.28151774406433,False,,,,True,True,True,results/rerun_protocol_v1_tuning/fedogda_s_pilot_alpha0p5/step/fedogda_s/seed_2/tune_fedogda_s_step_seed2_alpha0p5_cm10_wd0p03/effective_config.json,results/rerun_protocol_v1_tuning/fedogda_s_pilot_alpha0p5/step/fedogda_s/seed_2/tune_fedogda_s_step_seed2_alpha0p5_cm10_wd0p03/metrics.json
tuning,rerun_protocol_v1_tuning,fedogda_s_pilot_alpha0p5,step,fedogda_s,stochastic,federated,2,0.5,tune_fedogda_s_step_seed2_alpha0p5_cm10_wd0p1,500,3,256,0.001,0.01,1.5,10.0,0.1,1.0,0.032275574152071364,423,0.032898593690411884,0.03379466742402731,0.03482205125673002,191.6696949005127,False,,,,True,True,True,results/rerun_protocol_v1_tuning/fedogda_s_pilot_alpha0p5/step/fedogda_s/seed_2/tune_fedogda_s_step_seed2_alpha0p5_cm10_wd0p1/effective_config.json,results/rerun_protocol_v1_tuning/fedogda_s_pilot_alpha0p5/step/fedogda_s/seed_2/tune_fedogda_s_step_seed2_alpha0p5_cm10_wd0p1/metrics.json
tuning,rerun_protocol_v1_tuning,fedogda_s_pilot_alpha0p5,step,fedogda_s,stochastic,federated,2,0.5,tune_fedogda_s_step_seed2_alpha0p5_cm20_wd0p001,500,3,256,0.001,0.02,1.5,20.0,0.001,1.0,0.03037445712438721,378,0.031049160454844828,0.030460331133169143,0.031195196205993626,190.97363114356995,False,,,,True,True,True,results/rerun_protocol_v1_tuning/fedogda_s_pilot_alpha0p5/step/fedogda_s/seed_2/tune_fedogda_s_step_seed2_alpha0p5_cm20_wd0p001/effective_config.json,results/rerun_protocol_v1_tuning/fedogda_s_pilot_alpha0p5/step/fedogda_s/seed_2/tune_fedogda_s_step_seed2_alpha0p5_cm20_wd0p001/metrics.json
tuning,rerun_protocol_v1_tuning,fedogda_s_pilot_alpha0p5,step,fedogda_s,stochastic,federated,2,0.5,tune_fedogda_s_step_seed2_alpha0p5_cm20_wd0p01,500,3,256,0.001,0.02,1.5,20.0,0.01,1.0,0.03037445712438721,378,0.031049160454844828,0.030460331133169143,0.031195196205993626,192.44925045967102,False,,,,True,True,True,results/rerun_protocol_v1_tuning/fedogda_s_pilot_alpha0p5/step/fedogda_s/seed_2/tune_fedogda_s_step_seed2_alpha0p5_cm20_wd0p01/effective_config.json,results/rerun_protocol_v1_tuning/fedogda_s_pilot_alpha0p5/step/fedogda_s/seed_2/tune_fedogda_s_step_seed2_alpha0p5_cm20_wd0p01/metrics.json
tuning,rerun_protocol_v1_tuning,fedogda_s_pilot_alpha0p5,step,fedogda_s,stochastic,federated,2,0.5,tune_fedogda_s_step_seed2_alpha0p5_cm20_wd0p03,500,3,256,0.001,0.02,1.5,20.0,0.03,1.0,0.03037445712438721,378,0.031049160454844828,0.030460331133169143,0.031195196205993626,190.45715022087097,False,,,,True,True,True,results/rerun_protocol_v1_tuning/fedogda_s_pilot_alpha0p5/step/fedogda_s/seed_2/tune_fedogda_s_step_seed2_alpha0p5_cm20_wd0p03/effective_config.json,results/rerun_protocol_v1_tuning/fedogda_s_pilot_alpha0p5/step/fedogda_s/seed_2/tune_fedogda_s_step_seed2_alpha0p5_cm20_wd0p03/metrics.json
tuning,rerun_protocol_v1_tuning,fedogda_s_pilot_alpha0p5,step,fedogda_s,stochastic,federated,2,0.5,tune_fedogda_s_step_seed2_alpha0p5_cm20_wd0p1,500,3,256,0.001,0.02,1.5,20.0,0.1,1.0,0.03037445712438721,378,0.031049160454844828,0.030460331133169143,0.031195196205993626,196.607115983963,False,,,,True,True,True,results/rerun_protocol_v1_tuning/fedogda_s_pilot_alpha0p5/step/fedogda_s/seed_2/tune_fedogda_s_step_seed2_alpha0p5_cm20_wd0p1/effective_config.json,results/rerun_protocol_v1_tuning/fedogda_s_pilot_alpha0p5/step/fedogda_s/seed_2/tune_fedogda_s_step_seed2_alpha0p5_cm20_wd0p1/metrics.json
tuning,rerun_protocol_v1_tuning,fedogda_s_pilot_alpha0p5,step,fedogda_s,stochastic,federated,2,0.5,tune_fedogda_s_step_seed2_alpha0p5_cm2_wd0p001,500,3,256,0.001,0.002,1.5,2.0,0.001,1.0,0.03429802987559734,341,0.03515572903264565,0.11243412900624576,0.11671261318057431,195.68893671035767,False,,,,True,True,True,results/rerun_protocol_v1_tuning/fedogda_s_pilot_alpha0p5/step/fedogda_s/seed_2/tune_fedogda_s_step_seed2_alpha0p5_cm2_wd0p001/effective_config.json,results/rerun_protocol_v1_tuning/fedogda_s_pilot_alpha0p5/step/fedogda_s/seed_2/tune_fedogda_s_step_seed2_alpha0p5_cm2_wd0p001/metrics.json
tuning,rerun_protocol_v1_tuning,fedogda_s_pilot_alpha0p5,step,fedogda_s,stochastic,federated,2,0.5,tune_fedogda_s_step_seed2_alpha0p5_cm2_wd0p01,500,3,256,0.001,0.002,1.5,2.0,0.01,1.0,0.03429802987559734,341,0.03515572903264565,0.11243412900624576,0.11671261318057431,201.82445168495178,False,,,,True,True,True,results/rerun_protocol_v1_tuning/fedogda_s_pilot_alpha0p5/step/fedogda_s/seed_2/tune_fedogda_s_step_seed2_alpha0p5_cm2_wd0p01/effective_config.json,results/rerun_protocol_v1_tuning/fedogda_s_pilot_alpha0p5/step/fedogda_s/seed_2/tune_fedogda_s_step_seed2_alpha0p5_cm2_wd0p01/metrics.json
tuning,rerun_protocol_v1_tuning,fedogda_s_pilot_alpha0p5,step,fedogda_s,stochastic,federated,2,0.5,tune_fedogda_s_step_seed2_alpha0p5_cm2_wd0p03,500,3,256,0.001,0.002,1.5,2.0,0.03,1.0,0.03429802987559734,341,0.03515572903264565,0.11243412900624576,0.11671261318057431,188.19936609268188,False,,,,True,True,True,results/rerun_protocol_v1_tuning/fedogda_s_pilot_alpha0p5/step/fedogda_s/seed_2/tune_fedogda_s_step_seed2_alpha0p5_cm2_wd0p03/effective_config.json,results/rerun_protocol_v1_tuning/fedogda_s_pilot_alpha0p5/step/fedogda_s/seed_2/tune_fedogda_s_step_seed2_alpha0p5_cm2_wd0p03/metrics.json
tuning,rerun_protocol_v1_tuning,fedogda_s_pilot_alpha0p5,step,fedogda_s,stochastic,federated,2,0.5,tune_fedogda_s_step_seed2_alpha0p5_cm2_wd0p1,500,3,256,0.001,0.002,1.5,2.0,0.1,1.0,0.03429802987559734,341,0.03515572903264565,0.11243412900624576,0.11671261318057431,189.88011240959167,False,,,,True,True,True,results/rerun_protocol_v1_tuning/fedogda_s_pilot_alpha0p5/step/fedogda_s/seed_2/tune_fedogda_s_step_seed2_alpha0p5_cm2_wd0p1/effective_config.json,results/rerun_protocol_v1_tuning/fedogda_s_pilot_alpha0p5/step/fedogda_s/seed_2/tune_fedogda_s_step_seed2_alpha0p5_cm2_wd0p1/metrics.json
tuning,rerun_protocol_v1_tuning,fedogda_s_pilot_alpha0p5,step,fedogda_s,stochastic,federated,2,0.5,tune_fedogda_s_step_seed2_alpha0p5_cm5_wd0p001,500,3,256,0.001,0.005,1.5,5.0,0.001,1.0,0.03285430802356459,194,0.03354983486672338,0.033779962894025746,0.03439555437904022,192.22160363197327,False,,,,True,True,True,results/rerun_protocol_v1_tuning/fedogda_s_pilot_alpha0p5/step/fedogda_s/seed_2/tune_fedogda_s_step_seed2_alpha0p5_cm5_wd0p001/effective_config.json,results/rerun_protocol_v1_tuning/fedogda_s_pilot_alpha0p5/step/fedogda_s/seed_2/tune_fedogda_s_step_seed2_alpha0p5_cm5_wd0p001/metrics.json
tuning,rerun_protocol_v1_tuning,fedogda_s_pilot_alpha0p5,step,fedogda_s,stochastic,federated,2,0.5,tune_fedogda_s_step_seed2_alpha0p5_cm5_wd0p01,500,3,256,0.001,0.005,1.5,5.0,0.01,1.0,0.03285430802356459,194,0.03354983486672338,0.033779962894025746,0.03439555437904022,194.7555055618286,False,,,,True,True,True,results/rerun_protocol_v1_tuning/fedogda_s_pilot_alpha0p5/step/fedogda_s/seed_2/tune_fedogda_s_step_seed2_alpha0p5_cm5_wd0p01/effective_config.json,results/rerun_protocol_v1_tuning/fedogda_s_pilot_alpha0p5/step/fedogda_s/seed_2/tune_fedogda_s_step_seed2_alpha0p5_cm5_wd0p01/metrics.json
tuning,rerun_protocol_v1_tuning,fedogda_s_pilot_alpha0p5,step,fedogda_s,stochastic,federated,2,0.5,tune_fedogda_s_step_seed2_alpha0p5_cm5_wd0p03,500,3,256,0.001,0.005,1.5,5.0,0.03,1.0,0.03285430802356459,194,0.03354983486672338,0.033779962894025746,0.03439555437904022,191.97490787506104,False,,,,True,True,True,results/rerun_protocol_v1_tuning/fedogda_s_pilot_alpha0p5/step/fedogda_s/seed_2/tune_fedogda_s_step_seed2_alpha0p5_cm5_wd0p03/effective_config.json,results/rerun_protocol_v1_tuning/fedogda_s_pilot_alpha0p5/step/fedogda_s/seed_2/tune_fedogda_s_step_seed2_alpha0p5_cm5_wd0p03/metrics.json
tuning,rerun_protocol_v1_tuning,fedogda_s_pilot_alpha0p5,step,fedogda_s,stochastic,federated,2,0.5,tune_fedogda_s_step_seed2_alpha0p5_cm5_wd0p1,500,3,256,0.001,0.005,1.5,5.0,0.1,1.0,0.03285430802356459,194,0.03354983486672338,0.033779962894025746,0.03439555437904022,187.82208156585693,False,,,,True,True,True,results/rerun_protocol_v1_tuning/fedogda_s_pilot_alpha0p5/step/fedogda_s/seed_2/tune_fedogda_s_step_seed2_alpha0p5_cm5_wd0p1/effective_config.json,results/rerun_protocol_v1_tuning/fedogda_s_pilot_alpha0p5/step/fedogda_s/seed_2/tune_fedogda_s_step_seed2_alpha0p5_cm5_wd0p1/metrics.json
tuning,sine_fedogda_tuning,stage_A1_mini_deterministic,sin,fedogda_d,deterministic,federated,0,1.0,stage_A1_mini_sin_fedogda_d_seed0_alpha1p0_R2_cm10_slr1p5_glr0p0005,200,2,0,0.0005,0.005,1.5,10.0,0.1,1.0,0.0902353576571398,127,0.09347221799055921,0.0941144982285351,0.09655330609625991,2518.1880447864532,False,validation,False,True,True,True,True,results/sine_fedogda_tuning/stage_A1_mini_deterministic/sin/fedogda_d/seed_0/stage_A1_mini_sin_fedogda_d_seed0_alpha1p0_R2_cm10_slr1p5_glr0p0005/effective_config.json,results/sine_fedogda_tuning/stage_A1_mini_deterministic/sin/fedogda_d/seed_0/stage_A1_mini_sin_fedogda_d_seed0_alpha1p0_R2_cm10_slr1p5_glr0p0005/metrics.json
tuning,sine_fedogda_tuning,stage_A1_mini_deterministic,sin,fedogda_d,deterministic,federated,0,1.0,stage_A1_mini_sin_fedogda_d_seed0_alpha1p0_R2_cm10_slr1p5_glr0p001,200,2,0,0.001,0.01,1.5,10.0,0.1,1.0,0.08933344422239776,148,0.09237650433826704,0.09011836355151367,0.0935261117115375,2529.4249897003174,False,validation,False,True,True,True,True,results/sine_fedogda_tuning/stage_A1_mini_deterministic/sin/fedogda_d/seed_0/stage_A1_mini_sin_fedogda_d_seed0_alpha1p0_R2_cm10_slr1p5_glr0p001/effective_config.json,results/sine_fedogda_tuning/stage_A1_mini_deterministic/sin/fedogda_d/seed_0/stage_A1_mini_sin_fedogda_d_seed0_alpha1p0_R2_cm10_slr1p5_glr0p001/metrics.json
tuning,sine_fedogda_tuning,stage_A1_mini_deterministic,sin,fedogda_d,deterministic,federated,0,1.0,stage_A1_mini_sin_fedogda_d_seed0_alpha1p0_R2_cm10_slr1p5_glr0p002,200,2,0,0.002,0.02,1.5,10.0,0.1,1.0,0.08943097776896634,73,0.09251316822709107,0.08972636858212474,0.09288380916838651,2508.3744831085205,False,validation,False,True,True,True,True,results/sine_fedogda_tuning/stage_A1_mini_deterministic/sin/fedogda_d/seed_0/stage_A1_mini_sin_fedogda_d_seed0_alpha1p0_R2_cm10_slr1p5_glr0p002/effective_config.json,results/sine_fedogda_tuning/stage_A1_mini_deterministic/sin/fedogda_d/seed_0/stage_A1_mini_sin_fedogda_d_seed0_alpha1p0_R2_cm10_slr1p5_glr0p002/metrics.json
tuning,sine_fedogda_tuning,stage_A1_mini_deterministic,sin,fedogda_d,deterministic,federated,0,1.0,stage_A1_mini_sin_fedogda_d_seed0_alpha1p0_R2_cm15_slr1p5_glr0p0005,200,2,0,0.0005,0.0075,1.5,15.0,0.1,1.0,0.09035208343506251,118,0.09361305398343446,0.09136870397561053,0.0940339549124813,2626.2189605236053,False,validation,False,True,True,True,True,results/sine_fedogda_tuning/stage_A1_mini_deterministic/sin/fedogda_d/seed_0/stage_A1_mini_sin_fedogda_d_seed0_alpha1p0_R2_cm15_slr1p5_glr0p0005/effective_config.json,results/sine_fedogda_tuning/stage_A1_mini_deterministic/sin/fedogda_d/seed_0/stage_A1_mini_sin_fedogda_d_seed0_alpha1p0_R2_cm15_slr1p5_glr0p0005/metrics.json
tuning,sine_fedogda_tuning,stage_A1_mini_deterministic,sin,fedogda_d,deterministic,federated,0,1.0,stage_A1_mini_sin_fedogda_d_seed0_alpha1p0_R2_cm15_slr1p5_glr0p001,200,2,0,0.001,0.015,1.5,15.0,0.1,1.0,0.08936618866700272,132,0.09246769034746542,0.08957532563852795,0.09280655154231712,2482.6406722068787,False,validation,False,True,True,True,True,results/sine_fedogda_tuning/stage_A1_mini_deterministic/sin/fedogda_d/seed_0/stage_A1_mini_sin_fedogda_d_seed0_alpha1p0_R2_cm15_slr1p5_glr0p001/effective_config.json,results/sine_fedogda_tuning/stage_A1_mini_deterministic/sin/fedogda_d/seed_0/stage_A1_mini_sin_fedogda_d_seed0_alpha1p0_R2_cm15_slr1p5_glr0p001/metrics.json
tuning,sine_fedogda_tuning,stage_A1_mini_deterministic,sin,fedogda_d,deterministic,federated,0,1.0,stage_A1_mini_sin_fedogda_d_seed0_alpha1p0_R2_cm15_slr1p5_glr0p002,200,2,0,0.002,0.03,1.5,15.0,0.1,1.0,0.0886406678537213,199,0.09161217448410872,0.0886406678537213,0.09161217448410872,2450.9205119609833,False,validation,False,True,True,True,True,results/sine_fedogda_tuning/stage_A1_mini_deterministic/sin/fedogda_d/seed_0/stage_A1_mini_sin_fedogda_d_seed0_alpha1p0_R2_cm15_slr1p5_glr0p002/effective_config.json,results/sine_fedogda_tuning/stage_A1_mini_deterministic/sin/fedogda_d/seed_0/stage_A1_mini_sin_fedogda_d_seed0_alpha1p0_R2_cm15_slr1p5_glr0p002/metrics.json
tuning,sine_fedogda_tuning,stage_A1_mini_deterministic,sin,fedogda_d,deterministic,federated,0,1.0,stage_A1_mini_sin_fedogda_d_seed0_alpha1p0_R3_cm10_slr1p5_glr0p0005,200,3,0,0.0005,0.005,1.5,10.0,0.1,1.0,0.08931885050382202,198,0.09235589920611631,0.08932037619728535,0.09236897325373603,4008.370777130127,False,validation,False,True,True,True,True,results/sine_fedogda_tuning/stage_A1_mini_deterministic/sin/fedogda_d/seed_0/stage_A1_mini_sin_fedogda_d_seed0_alpha1p0_R3_cm10_slr1p5_glr0p0005/effective_config.json,results/sine_fedogda_tuning/stage_A1_mini_deterministic/sin/fedogda_d/seed_0/stage_A1_mini_sin_fedogda_d_seed0_alpha1p0_R3_cm10_slr1p5_glr0p0005/metrics.json
tuning,sine_fedogda_tuning,stage_A1_mini_deterministic,sin,fedogda_d,deterministic,federated,0,1.0,stage_A1_mini_sin_fedogda_d_seed0_alpha1p0_R3_cm10_slr1p5_glr0p001,200,3,0,0.001,0.01,1.5,10.0,0.1,1.0,0.08938495138391216,98,0.09245123885338118,0.09013755660341079,0.0933207116818738,4058.484850168228,False,validation,False,True,True,True,True,results/sine_fedogda_tuning/stage_A1_mini_deterministic/sin/fedogda_d/seed_0/stage_A1_mini_sin_fedogda_d_seed0_alpha1p0_R3_cm10_slr1p5_glr0p001/effective_config.json,results/sine_fedogda_tuning/stage_A1_mini_deterministic/sin/fedogda_d/seed_0/stage_A1_mini_sin_fedogda_d_seed0_alpha1p0_R3_cm10_slr1p5_glr0p001/metrics.json
tuning,sine_fedogda_tuning,stage_A1_mini_deterministic,sin,fedogda_d,deterministic,federated,0,1.0,stage_A1_mini_sin_fedogda_d_seed0_alpha1p0_R3_cm10_slr1p5_glr0p002,200,3,0,0.002,0.02,1.5,10.0,0.1,1.0,0.08812200164861018,199,0.09096077960726537,0.08812200164861018,0.09096077960726537,3976.1851875782013,False,validation,False,True,True,True,True,results/sine_fedogda_tuning/stage_A1_mini_deterministic/sin/fedogda_d/seed_0/stage_A1_mini_sin_fedogda_d_seed0_alpha1p0_R3_cm10_slr1p5_glr0p002/effective_config.json,results/sine_fedogda_tuning/stage_A1_mini_deterministic/sin/fedogda_d/seed_0/stage_A1_mini_sin_fedogda_d_seed0_alpha1p0_R3_cm10_slr1p5_glr0p002/metrics.json
tuning,sine_fedogda_tuning,stage_A1_mini_deterministic,sin,fedogda_d,deterministic,federated,0,1.0,stage_A1_mini_sin_fedogda_d_seed0_alpha1p0_R3_cm15_slr1p5_glr0p0005,200,3,0,0.0005,0.0075,1.5,15.0,0.1,1.0,0.08933819828991357,177,0.09243329724253742,0.08950787850248305,0.0927501848334762,4099.223759889603,False,validation,False,True,True,True,True,results/sine_fedogda_tuning/stage_A1_mini_deterministic/sin/fedogda_d/seed_0/stage_A1_mini_sin_fedogda_d_seed0_alpha1p0_R3_cm15_slr1p5_glr0p0005/effective_config.json,results/sine_fedogda_tuning/stage_A1_mini_deterministic/sin/fedogda_d/seed_0/stage_A1_mini_sin_fedogda_d_seed0_alpha1p0_R3_cm15_slr1p5_glr0p0005/metrics.json
tuning,sine_fedogda_tuning,stage_A1_mini_deterministic,sin,fedogda_d,deterministic,federated,0,1.0,stage_A1_mini_sin_fedogda_d_seed0_alpha1p0_R3_cm15_slr1p5_glr0p001,200,3,0,0.001,0.015,1.5,15.0,0.1,1.0,0.08946278633326141,87,0.09258812410151072,0.08991495610718643,0.09308912153984297,3965.449231863022,False,validation,False,True,True,True,True,results/sine_fedogda_tuning/stage_A1_mini_deterministic/sin/fedogda_d/seed_0/stage_A1_mini_sin_fedogda_d_seed0_alpha1p0_R3_cm15_slr1p5_glr0p001/effective_config.json,results/sine_fedogda_tuning/stage_A1_mini_deterministic/sin/fedogda_d/seed_0/stage_A1_mini_sin_fedogda_d_seed0_alpha1p0_R3_cm15_slr1p5_glr0p001/metrics.json
tuning,sine_fedogda_tuning,stage_A1_mini_deterministic,sin,fedogda_d,deterministic,federated,0,1.0,stage_A1_mini_sin_fedogda_d_seed0_alpha1p0_R3_cm15_slr1p5_glr0p002,200,3,0,0.002,0.03,1.5,15.0,0.1,1.0,0.0875283387303309,199,0.09025269225859107,0.0875283387303309,0.09025269225859107,4015.4996860027313,False,validation,False,True,True,True,True,results/sine_fedogda_tuning/stage_A1_mini_deterministic/sin/fedogda_d/seed_0/stage_A1_mini_sin_fedogda_d_seed0_alpha1p0_R3_cm15_slr1p5_glr0p002/effective_config.json,results/sine_fedogda_tuning/stage_A1_mini_deterministic/sin/fedogda_d/seed_0/stage_A1_mini_sin_fedogda_d_seed0_alpha1p0_R3_cm15_slr1p5_glr0p002/metrics.json
tuning,sine_fedogda_tuning,stage_A2_from_A1_mini,sin,fedogda_d,deterministic,federated,0,1.0,stage_A2_from_A1_mini_sin_fedogda_d_seed0_alpha1p0_R3_cm15_slr1.5_glr0p002,500,3,0,0.002,0.03,1.5,15.0,0.1,1.0,0.08107361413428762,499,0.08321021932625397,0.08107361413428762,0.08321021932625397,11735.062569618225,False,validation,False,True,True,True,True,results/sine_fedogda_tuning/stage_A2_from_A1_mini/sin/fedogda_d/seed_0/stage_A2_from_A1_mini_sin_fedogda_d_seed0_alpha1p0_R3_cm15_slr1.5_glr0p002/effective_config.json,results/sine_fedogda_tuning/stage_A2_from_A1_mini/sin/fedogda_d/seed_0/stage_A2_from_A1_mini_sin_fedogda_d_seed0_alpha1p0_R3_cm15_slr1.5_glr0p002/metrics.json
tuning,sine_fedogda_tuning,stage_A2_from_A1_mini,sin,fedogda_d,deterministic,federated,1,1.0,stage_A2_from_A1_mini_sin_fedogda_d_seed1_alpha1p0_R3_cm15_slr1.5_glr0p002,500,3,0,0.002,0.03,1.5,15.0,0.1,1.0,0.07270591745587794,499,0.07464631151131235,0.07270591745587794,0.07464631151131235,10326.407516479492,False,validation,False,True,True,True,True,results/sine_fedogda_tuning/stage_A2_from_A1_mini/sin/fedogda_d/seed_1/stage_A2_from_A1_mini_sin_fedogda_d_seed1_alpha1p0_R3_cm15_slr1.5_glr0p002/effective_config.json,results/sine_fedogda_tuning/stage_A2_from_A1_mini/sin/fedogda_d/seed_1/stage_A2_from_A1_mini_sin_fedogda_d_seed1_alpha1p0_R3_cm15_slr1.5_glr0p002/metrics.json
tuning,sine_fedogda_tuning,stage_A2_from_A1_mini,sin,fedogda_d,deterministic,federated,2,1.0,stage_A2_from_A1_mini_sin_fedogda_d_seed2_alpha1p0_R3_cm15_slr1.5_glr0p002,500,3,0,0.002,0.03,1.5,15.0,0.1,1.0,0.08005922766616173,499,0.08217807288456339,0.08005922766616173,0.08217807288456339,10306.869102239609,False,validation,False,True,True,True,True,results/sine_fedogda_tuning/stage_A2_from_A1_mini/sin/fedogda_d/seed_2/stage_A2_from_A1_mini_sin_fedogda_d_seed2_alpha1p0_R3_cm15_slr1.5_glr0p002/effective_config.json,results/sine_fedogda_tuning/stage_A2_from_A1_mini/sin/fedogda_d/seed_2/stage_A2_from_A1_mini_sin_fedogda_d_seed2_alpha1p0_R3_cm15_slr1.5_glr0p002/metrics.json
primary,step,,step,fedgda_s,stochastic,federated,0,0.5,step_repo_pilot_seed0,1500,7,256,0.003,0.03,1.5,10.0,0.03,1.0,0.014504015634802471,947,0.014808642437582994,0.01697595673954123,0.01731636850516782,1116.1825931072235,False,,,,True,True,True,results/step/fedgda_s/seed_0/step_repo_pilot_seed0/effective_config.json,results/step/fedgda_s/seed_0/step_repo_pilot_seed0/metrics.json
primary,step,,step,fedogda_s,stochastic,federated,0,0.5,step_repo_pilot_seed0,1500,7,256,0.001,0.01,1.5,10.0,0.1,1.0,0.018184986063088653,1499,0.018537852230435622,0.018184986063088656,0.018537852230435622,1240.6299903392792,False,,,,True,True,True,results/step/fedogda_s/seed_0/step_repo_pilot_seed0/effective_config.json,results/step/fedogda_s/seed_0/step_repo_pilot_seed0/metrics.json
