source,run_id,dataset,function,method,method_label,seed,alpha,comm_round,epochs,batch_size,client_num_in_total,client_num_per_round,result_dir,metrics_json_present,mse_by_round_present,test_mse_by_round_present,predictions_npz_present,best_validation_pt_present,final_pt_present,effective_config_present,best_validation_round,best_validation_mse,test_mse_at_best_validation,final_validation_mse,final_test_mse,runtime_seconds,diverged,finite_history,csv_best_validation_round,csv_best_validation_mse,min_train_mse,min_val_mse,final_train_mse,final_val_mse,num_round_rows,last50_train_mse_mean,last50_train_mse_std,last50_train_mse_min,last50_train_mse_max,last50_train_mse_range,last50_train_mse_cv,last50_val_mse_mean,last50_val_mse_std,last50_val_mse_min,last50_val_mse_max,last50_val_mse_range,last50_val_mse_cv,best_validation_selection_matches_csv,test_mse_by_round_column,test_history_finite,last50_test_mse_status,prediction_finite,prediction_keys,x_shape,true_g_shape,best_prediction_shape,final_prediction_shape,curve_mse_best,curve_mae_best,curve_max_abs_best,curve_mse_final,curve_mae_final,curve_max_abs_final,best_final_prediction_mean_abs_diff,basic_artifacts_complete,validated_from_artifacts,notes
baseline_sweep,rerun_protocol_v1_abs_fedgda_d_seed0_alpha0p1,abs,Absolute,fedgda_d,FedGDA-D,0,0.1,500,3,0,1000,1000,results/rerun_protocol_v1/abs/fedgda_d/seed_0/rerun_protocol_v1_abs_fedgda_d_seed0_alpha0p1,True,True,False,True,True,True,True,499,0.011358883924811965,0.011610337454556403,0.011358883924811965,0.011610337454556403,18263.23299074173,False,True,499,0.0113588839248119,0.0115515117805201,0.0113588839248119,0.0115515117805201,0.0113588839248119,500,0.015424075829730073,0.0024203251906713534,0.0115515117805201,0.0197694506052509,0.008217938824730799,0.15691865220256182,0.01516171853259297,0.0023765291311564646,0.0113588839248119,0.0194275316545948,0.008068647729782899,0.15674536669755923,True,,False,unavailable,True,x|true_g|best_validation_prediction|final_prediction|algorithm|variant|seed|run_id,"(20000, 1)","(20000, 1)","(20000, 1)","(20000, 1)",0.011610337454556406,0.08749180015869462,0.41606346424202845,0.011610337454556406,0.08749180015869462,0.41606346424202845,0.0,True,True,legacy run: per-round Test MSE not logged; only scalar Test MSE from metrics/predictions is available.
baseline_sweep,rerun_protocol_v1_abs_fedgda_s_seed0_alpha0p1,abs,Absolute,fedgda_s,FedGDA-S,0,0.1,500,3,256,1000,10,results/rerun_protocol_v1/abs/fedgda_s/seed_0/rerun_protocol_v1_abs_fedgda_s_seed0_alpha0p1,True,True,False,True,True,True,True,423,0.000677726099664873,0.0007014676955070171,0.002677796901597559,0.0027008256542297247,392.4557795524597,False,True,423,0.0006777260996648,0.0006926682516083,0.0006777260996648,0.0027086553680953,0.0026777969015975,500,0.004838870692815366,0.0035835748792708132,0.0013510998359591,0.0148471364433531,0.013496036607393999,0.7405808311000365,0.004799136583995988,0.003567232073529173,0.0013301410828479,0.0147705401166407,0.013440399033792799,0.7433070534864684,True,,False,unavailable,True,x|true_g|best_validation_prediction|final_prediction|algorithm|variant|seed|run_id,"(20000, 1)","(20000, 1)","(20000, 1)","(20000, 1)",0.000701467695507018,0.01823774131802272,0.11329036229476763,0.0027008256542297086,0.04323834814484119,0.23821382486564913,0.03471305837696159,True,True,legacy run: per-round Test MSE not logged; only scalar Test MSE from metrics/predictions is available.
baseline_sweep,rerun_protocol_v1_abs_fedogda_d_seed0_alpha0p1,abs,Absolute,fedogda_d,FedOGDA-D,0,0.1,500,3,0,1000,1000,results/rerun_protocol_v1/abs/fedogda_d/seed_0/rerun_protocol_v1_abs_fedogda_d_seed0_alpha0p1,True,True,False,True,True,True,True,499,0.010568154014230648,0.010798260512891303,0.010568154014230648,0.010798260512891303,19820.486524105072,False,True,499,0.0105681540142306,0.0107461110696402,0.0105681540142306,0.0107461110696402,0.0105681540142306,500,0.014471500276257397,0.0023296113247397035,0.0107461110696402,0.0186628189629693,0.007916707893329098,0.1609792544150913,0.014226896052332764,0.0022877463037842966,0.0105681540142306,0.0183419853755177,0.007773831361287098,0.16080431707443157,True,,False,unavailable,True,x|true_g|best_validation_prediction|final_prediction|algorithm|variant|seed|run_id,"(20000, 1)","(20000, 1)","(20000, 1)","(20000, 1)",0.010798260512891296,0.084174959736159,0.4047808760837215,0.010798260512891296,0.084174959736159,0.4047808760837215,0.0,True,True,legacy run: per-round Test MSE not logged; only scalar Test MSE from metrics/predictions is available.
baseline_sweep,rerun_protocol_v1_abs_fedogda_s_seed0_alpha0p1,abs,Absolute,fedogda_s,FedOGDA-S,0,0.1,500,3,256,1000,10,results/rerun_protocol_v1/abs/fedogda_s/seed_0/rerun_protocol_v1_abs_fedogda_s_seed0_alpha0p1,True,True,False,True,True,True,True,498,0.004170564981794433,0.004224131604563522,0.00417281821339045,0.004232039798326876,192.96896600723267,False,True,498,0.0041705649817944,0.0042275968781606,0.0041705649817944,0.0042320608072392,0.0041728182133904,500,0.007680542729034901,0.0020946238887232784,0.0042275968781606,0.0112812547228843,0.0070536578447237,0.27271821310295324,0.007599448093982664,0.002074163613444154,0.0041705649817944,0.0111582432791621,0.0069876782973677,0.2729360853305258,True,,False,unavailable,True,x|true_g|best_validation_prediction|final_prediction|algorithm|variant|seed|run_id,"(20000, 1)","(20000, 1)","(20000, 1)","(20000, 1)",0.0042241316045634955,0.04860843039435579,0.30357071451027706,0.004232039798326886,0.048777255011658305,0.304613585263229,0.0051426981517732695,True,True,legacy run: per-round Test MSE not logged; only scalar Test MSE from metrics/predictions is available.
baseline_sweep,rerun_protocol_v1_abs_fedgda_d_seed1_alpha0p1,abs,Absolute,fedgda_d,FedGDA-D,1,0.1,500,3,0,1000,1000,results/rerun_protocol_v1/abs/fedgda_d/seed_1/rerun_protocol_v1_abs_fedgda_d_seed1_alpha0p1,True,True,False,True,True,True,True,465,0.006561244554507419,0.006737937555359588,0.0077540049997619365,0.008085882610451234,8370.81798863411,False,True,465,0.0065612445545074,0.0067256112969241,0.0065612445545074,0.0079632822569983,0.0077540049997619,500,0.007057068432916644,0.00035893108004312534,0.0067256112969241,0.0079632822569983,0.0012376709600741996,0.05086121573781895,0.006880492046964984,0.0003446541869964978,0.0065612445545074,0.0077540049997619,0.0011927604452545001,0.0500915028524052,True,,False,unavailable,True,x|true_g|best_validation_prediction|final_prediction|algorithm|variant|seed|run_id,"(20000, 1)","(20000, 1)","(20000, 1)","(20000, 1)",0.006737937555359601,0.06937573705893879,0.3175162938145841,0.008085882610451296,0.0705273492469672,0.48000705721272396,0.029630006853945224,True,True,legacy run: per-round Test MSE not logged; only scalar Test MSE from metrics/predictions is available.
baseline_sweep,rerun_protocol_v1_abs_fedgda_s_seed1_alpha0p1,abs,Absolute,fedgda_s,FedGDA-S,1,0.1,500,3,256,1000,10,results/rerun_protocol_v1/abs/fedgda_s/seed_1/rerun_protocol_v1_abs_fedgda_s_seed1_alpha0p1,True,True,False,True,True,True,True,391,0.006225680175951548,0.006399854504840437,0.007542422803290181,0.00770980698874209,180.53315377235413,False,True,391,0.0062256801759515,0.0063814987429297,0.0062256801759515,0.0077068248253906,0.0075424228032901,500,0.01250881516277787,0.005256482598629199,0.0070313606075452,0.0301182116665814,0.023086851059036198,0.420222261679169,0.012343003832471973,0.005242670299740275,0.0068796832655725,0.0299025703360818,0.023022887070509302,0.42474833281246,True,,False,unavailable,True,x|true_g|best_validation_prediction|final_prediction|algorithm|variant|seed|run_id,"(20000, 1)","(20000, 1)","(20000, 1)","(20000, 1)",0.0063998545048404324,0.0677062956771189,0.31405638235281463,0.007709806988742079,0.07152598822464225,0.2913096693693946,0.026328171795431263,True,True,legacy run: per-round Test MSE not logged; only scalar Test MSE from metrics/predictions is available.
baseline_sweep,rerun_protocol_v1_abs_fedogda_d_seed1_alpha0p1,abs,Absolute,fedogda_d,FedOGDA-D,1,0.1,500,3,0,1000,1000,results/rerun_protocol_v1/abs/fedogda_d/seed_1/rerun_protocol_v1_abs_fedogda_d_seed1_alpha0p1,True,True,False,True,True,True,True,461,0.006610643879574764,0.006787216707284158,0.008039674249262219,0.00839069639860278,9826.026804208755,False,True,461,0.0066106438795747,0.0067764267604682,0.0066106438795747,0.0082572847265425,0.0080396742492622,500,0.007190145912724084,0.00044667791407778263,0.0067764267604682,0.0082572847265425,0.0014808579660743,0.06212362301122658,0.0070082897886756205,0.00043012681700428315,0.0066106438795747,0.0080396742492622,0.0014290303696874998,0.061374005638195166,True,,False,unavailable,True,x|true_g|best_validation_prediction|final_prediction|algorithm|variant|seed|run_id,"(20000, 1)","(20000, 1)","(20000, 1)","(20000, 1)",0.006787216707284171,0.06964393952396053,0.317436871620413,0.00839069639860277,0.07096484410975112,0.4962584637022798,0.03279667271064604,True,True,legacy run: per-round Test MSE not logged; only scalar Test MSE from metrics/predictions is available.
baseline_sweep,rerun_protocol_v1_abs_fedogda_s_seed1_alpha0p1,abs,Absolute,fedogda_s,FedOGDA-S,1,0.1,500,3,256,1000,10,results/rerun_protocol_v1/abs/fedogda_s/seed_1/rerun_protocol_v1_abs_fedogda_s_seed1_alpha0p1,True,True,False,True,True,True,True,415,0.0063707108276686766,0.006492114916789562,0.014103992039626081,0.014664088416751007,193.33798146247864,False,True,415,0.0063707108276686,0.0065085283587935,0.0063707108276686,0.014434924746985,0.014103992039626,500,0.011712059516864364,0.0013539206553560665,0.0101084663494247,0.0148801903880144,0.004771724038589701,0.11560056140480984,0.011427597520495379,0.0013319346361862238,0.0098865391633609,0.0145393081214687,0.004652768958107801,0.11655421306161694,True,,False,unavailable,True,x|true_g|best_validation_prediction|final_prediction|algorithm|variant|seed|run_id,"(20000, 1)","(20000, 1)","(20000, 1)","(20000, 1)",0.0064921149167895915,0.06887965781280275,0.24345590630020086,0.014664088416750922,0.09276330246605198,0.6695439500962692,0.08023908136936145,True,True,legacy run: per-round Test MSE not logged; only scalar Test MSE from metrics/predictions is available.
baseline_sweep,rerun_protocol_v1_abs_fedgda_d_seed2_alpha0p1,abs,Absolute,fedgda_d,FedGDA-D,2,0.1,500,3,0,1000,1000,results/rerun_protocol_v1/abs/fedgda_d/seed_2/rerun_protocol_v1_abs_fedgda_d_seed2_alpha0p1,True,True,False,True,True,True,True,499,0.03633861398573548,0.03729636915667341,0.03633861398573548,0.03729636915667341,8586.169734239578,False,True,499,0.0363386139857354,0.0370022555622015,0.0363386139857354,0.0370022555622015,0.0363386139857354,500,0.04399961354690674,0.004214578568077397,0.0370022555622015,0.0513031316650864,0.014300876102884899,0.09578671784433639,0.04320172274083228,0.0041340478637175,0.0363386139857354,0.0503662924706999,0.014027678484964501,0.0956917363809242,True,,False,unavailable,True,x|true_g|best_validation_prediction|final_prediction|algorithm|variant|seed|run_id,"(20000, 1)","(20000, 1)","(20000, 1)","(20000, 1)",0.03729636915667336,0.15957893082885494,0.7920724673756521,0.03729636915667336,0.15957893082885494,0.7920724673756521,0.0,True,True,legacy run: per-round Test MSE not logged; only scalar Test MSE from metrics/predictions is available.
baseline_sweep,rerun_protocol_v1_abs_fedgda_s_seed2_alpha0p1,abs,Absolute,fedgda_s,FedGDA-S,2,0.1,500,3,256,1000,10,results/rerun_protocol_v1/abs/fedgda_s/seed_2/rerun_protocol_v1_abs_fedgda_s_seed2_alpha0p1,True,True,False,True,True,True,True,228,0.0013642446348014969,0.001397470631696574,0.006119229185690571,0.00608580013347739,187.8165876865387,False,True,228,0.0013642446348014,0.0013746473916234,0.0013642446348014,0.0061436608463958,0.0061192291856905,500,0.007556261846353064,0.002857870011315736,0.0027917036084544,0.0142175646128394,0.011425861004384998,0.37821214635316686,0.007429194375579809,0.0028053443962608943,0.0027218474760634,0.0139678629988317,0.0112460155227683,0.37761084909586207,True,,False,unavailable,True,x|true_g|best_validation_prediction|final_prediction|algorithm|variant|seed|run_id,"(20000, 1)","(20000, 1)","(20000, 1)","(20000, 1)",0.0013974706316965725,0.025475486749020008,0.1403233990180729,0.006085800133477417,0.07178530265233922,0.11892018035898339,0.09270178428102668,True,True,legacy run: per-round Test MSE not logged; only scalar Test MSE from metrics/predictions is available.
baseline_sweep,rerun_protocol_v1_abs_fedogda_d_seed2_alpha0p1,abs,Absolute,fedogda_d,FedOGDA-D,2,0.1,500,3,0,1000,1000,results/rerun_protocol_v1/abs/fedogda_d/seed_2/rerun_protocol_v1_abs_fedogda_d_seed2_alpha0p1,True,True,False,True,True,True,True,499,0.03440180386071982,0.0353013954127931,0.03440180386071982,0.0353013954127931,9871.326756000519,False,True,499,0.0344018038607198,0.0350267148739935,0.0344018038607198,0.0350267148739935,0.0344018038607198,500,0.04191865796753495,0.004162154356541392,0.0350267148739935,0.0491458217718656,0.014119106897872095,0.09929121203653242,0.0411612780661117,0.004082403050648079,0.0344018038607198,0.0482505611806672,0.013848757319947398,0.09918066791053173,True,,False,unavailable,True,x|true_g|best_validation_prediction|final_prediction|algorithm|variant|seed|run_id,"(20000, 1)","(20000, 1)","(20000, 1)","(20000, 1)",0.03530139541279282,0.15518173195817098,0.7655850069631303,0.03530139541279282,0.15518173195817098,0.7655850069631303,0.0,True,True,legacy run: per-round Test MSE not logged; only scalar Test MSE from metrics/predictions is available.
baseline_sweep,rerun_protocol_v1_abs_fedogda_s_seed2_alpha0p1,abs,Absolute,fedogda_s,FedOGDA-S,2,0.1,500,3,256,1000,10,results/rerun_protocol_v1/abs/fedogda_s/seed_2/rerun_protocol_v1_abs_fedogda_s_seed2_alpha0p1,True,True,False,True,True,True,True,498,0.024807159314620488,0.025336297087413546,0.025073277291488505,0.025622987336894797,196.0956494808197,False,True,498,0.0248071593146204,0.0252223971306242,0.0248071593146204,0.0254955045041294,0.0250732772914885,500,0.031900723136591716,0.0045905045666045224,0.0252223971306242,0.0409697242673896,0.015747327136765403,0.14389970242834355,0.03137309861825762,0.004506107443418463,0.0248071593146204,0.0402606128997097,0.015453453585089295,0.1436296585889711,True,,False,unavailable,True,x|true_g|best_validation_prediction|final_prediction|algorithm|variant|seed|run_id,"(20000, 1)","(20000, 1)","(20000, 1)","(20000, 1)",0.02533629708741345,0.13091036389230545,0.6017916300554147,0.025622987336894828,0.13124650646869956,0.6124881073144361,0.007540010209285826,True,True,legacy run: per-round Test MSE not logged; only scalar Test MSE from metrics/predictions is available.
baseline_sweep,rerun_protocol_v1_abs_fedgda_d_seed0_alpha0p5,abs,Absolute,fedgda_d,FedGDA-D,0,0.5,500,3,0,1000,1000,results/rerun_protocol_v1/abs/fedgda_d/seed_0/rerun_protocol_v1_abs_fedgda_d_seed0_alpha0p5,True,True,False,True,True,True,True,499,0.010107855202000735,0.010333927256165375,0.010107855202000735,0.010333927256165375,8481.393657445908,False,True,499,0.0101078552020007,0.0102790724653367,0.0101078552020007,0.0102790724653367,0.0101078552020007,500,0.01407775379550771,0.0023733657257783924,0.0102790724653367,0.0183472957761358,0.008068223310799101,0.1685898020560458,0.013838170788760942,0.0023305666119549477,0.0101078552020007,0.0180300750124669,0.007922219810466199,0.16841580058021705,True,,False,unavailable,True,x|true_g|best_validation_prediction|final_prediction|algorithm|variant|seed|run_id,"(20000, 1)","(20000, 1)","(20000, 1)","(20000, 1)",0.010333927256165373,0.0821485602407359,0.4009614536142878,0.010333927256165373,0.0821485602407359,0.4009614536142878,0.0,True,True,legacy run: per-round Test MSE not logged; only scalar Test MSE from metrics/predictions is available.
baseline_sweep,rerun_protocol_v1_abs_fedgda_s_seed0_alpha0p5,abs,Absolute,fedgda_s,FedGDA-S,0,0.5,500,3,256,1000,10,results/rerun_protocol_v1/abs/fedgda_s/seed_0/rerun_protocol_v1_abs_fedgda_s_seed0_alpha0p5,True,True,False,True,True,True,True,222,0.0005237341518740604,0.0005328621876962478,0.001076617892090753,0.001118432342798487,181.0261514186859,False,True,222,0.000523734151874,0.0005306450316879,0.000523734151874,0.0010890104110947,0.0010766178920907,500,0.0018884958262399402,0.0008668177217480092,0.0005838495114959,0.0041509444909953,0.0035670949794994002,0.4589990137674135,0.0018769979227643199,0.0008647473266332221,0.0005740013966673,0.0041228911031208,0.0035488897064535002,0.46070766309622696,True,,False,unavailable,True,x|true_g|best_validation_prediction|final_prediction|algorithm|variant|seed|run_id,"(20000, 1)","(20000, 1)","(20000, 1)","(20000, 1)",0.000532862187696248,0.015996719173754212,0.10041181660522791,0.0011184323427984913,0.021917823727629918,0.12276526638978813,0.026719753195068387,True,True,legacy run: per-round Test MSE not logged; only scalar Test MSE from metrics/predictions is available.
baseline_sweep,rerun_protocol_v1_abs_fedogda_d_seed0_alpha0p5,abs,Absolute,fedogda_d,FedOGDA-D,0,0.5,500,3,0,1000,1000,results/rerun_protocol_v1/abs/fedogda_d/seed_0/rerun_protocol_v1_abs_fedogda_d_seed0_alpha0p5,True,True,False,True,True,True,True,499,0.008921359420980341,0.009118816325809744,0.008921359420980341,0.009118816325809744,9797.014392375946,False,True,499,0.0089213594209803,0.00907084901263,0.0089213594209803,0.00907084901263,0.0089213594209803,500,0.012726052531202698,0.0022693809923349188,0.00907084901263,0.0168005679942372,0.007729718981607198,0.17832560307060488,0.012511116398208743,0.0022287238902766906,0.0089213594209803,0.0165124160266595,0.0075910566056792,0.1781394896618326,True,,False,unavailable,True,x|true_g|best_validation_prediction|final_prediction|algorithm|variant|seed|run_id,"(20000, 1)","(20000, 1)","(20000, 1)","(20000, 1)",0.009118816325809744,0.07673374574969201,0.3816267525685386,0.009118816325809744,0.07673374574969201,0.3816267525685386,0.0,True,True,legacy run: per-round Test MSE not logged; only scalar Test MSE from metrics/predictions is available.
baseline_sweep,rerun_protocol_v1_abs_fedogda_s_seed0_alpha0p5,abs,Absolute,fedogda_s,FedOGDA-S,0,0.5,500,3,256,1000,10,results/rerun_protocol_v1/abs/fedogda_s/seed_0/rerun_protocol_v1_abs_fedogda_s_seed0_alpha0p5,True,True,False,True,True,True,True,499,0.006532075687872711,0.006701712291848975,0.006532075687872711,0.006701712291848975,194.65146684646606,False,True,499,0.0065320756878727,0.006649713390654,0.0065320756878727,0.006649713390654,0.0065320756878727,500,0.010918990832867681,0.003085180242047173,0.006649713390654,0.0169827078631355,0.0103329944724815,0.2825517750926534,0.010734663143226311,0.0030403671716735512,0.0065320756878727,0.0167126623900502,0.0101805867021775,0.2832289314632156,True,,False,unavailable,True,x|true_g|best_validation_prediction|final_prediction|algorithm|variant|seed|run_id,"(20000, 1)","(20000, 1)","(20000, 1)","(20000, 1)",0.006701712291848955,0.06538863743626375,0.30474567646073925,0.006701712291848955,0.06538863743626375,0.30474567646073925,0.0,True,True,legacy run: per-round Test MSE not logged; only scalar Test MSE from metrics/predictions is available.
baseline_sweep,rerun_protocol_v1_abs_fedgda_d_seed1_alpha0p5,abs,Absolute,fedgda_d,FedGDA-D,1,0.5,500,3,0,1000,1000,results/rerun_protocol_v1/abs/fedgda_d/seed_1/rerun_protocol_v1_abs_fedgda_d_seed1_alpha0p5,True,True,False,True,True,True,True,459,0.00661780596877693,0.0067967435180782115,0.008218775314075815,0.00858508674382863,8598.610149621964,False,True,459,0.0066178059687769,0.0067845679067857,0.0066178059687769,0.0084430228475961,0.0082187753140758,500,0.0072637914062413335,0.0005067733690014502,0.0067845679067857,0.0084430228475961,0.0016584549408104002,0.06976705974320942,0.0070781155656112656,0.0004884924639112846,0.0066178059687769,0.0082187753140758,0.0016009693452988995,0.06901447982632626,True,,False,unavailable,True,x|true_g|best_validation_prediction|final_prediction|algorithm|variant|seed|run_id,"(20000, 1)","(20000, 1)","(20000, 1)","(20000, 1)",0.006796743518078249,0.06969771856184769,0.32013736740421006,0.008585086743828648,0.07115703058534334,0.5089691958398519,0.03470804168828935,True,True,legacy run: per-round Test MSE not logged; only scalar Test MSE from metrics/predictions is available.
baseline_sweep,rerun_protocol_v1_abs_fedgda_s_seed1_alpha0p5,abs,Absolute,fedgda_s,FedGDA-S,1,0.5,500,3,256,1000,10,results/rerun_protocol_v1/abs/fedgda_s/seed_1/rerun_protocol_v1_abs_fedgda_s_seed1_alpha0p5,True,True,False,True,True,True,True,150,0.006419084240050454,0.006562232470117874,0.00850672651588012,0.008641235246094971,181.25218296051025,False,True,150,0.0064190842400504,0.0065721677700763,0.0064190842400504,0.008704984553157,0.0085067265158801,500,0.012165844650637334,0.0030589414377154467,0.0084930235398958,0.0230342371128926,0.0145412135729968,0.2514368320127446,0.01197121065864606,0.0030475811386278225,0.0083291712192252,0.0228079145377042,0.014478743318478999,0.2545758508081005,True,,False,unavailable,True,x|true_g|best_validation_prediction|final_prediction|algorithm|variant|seed|run_id,"(20000, 1)","(20000, 1)","(20000, 1)","(20000, 1)",0.0065622324701178885,0.06868140916479795,0.27186714336469997,0.00864123524609496,0.07419921681134428,0.4228388889676611,0.028550724493785595,True,True,legacy run: per-round Test MSE not logged; only scalar Test MSE from metrics/predictions is available.
baseline_sweep,rerun_protocol_v1_abs_fedogda_d_seed1_alpha0p5,abs,Absolute,fedogda_d,FedOGDA-D,1,0.5,500,3,0,1000,1000,results/rerun_protocol_v1/abs/fedogda_d/seed_1/rerun_protocol_v1_abs_fedogda_d_seed1_alpha0p5,True,True,False,True,True,True,True,454,0.006696059556379062,0.00687671717652571,0.00867735135525492,0.009072021715167732,9871.317929267883,False,True,454,0.006696059556379,0.0068652832919021,0.006696059556379,0.0089147328842704,0.0086773513552549,500,0.007522748227144375,0.0006342967522222542,0.0068652832919021,0.0089147328842704,0.0020494495923682994,0.08431715818077198,0.007328013528867364,0.0006132176235408283,0.006696059556379,0.0086773513552549,0.0019812917988759,0.0836812897690718,True,,False,unavailable,True,x|true_g|best_validation_prediction|final_prediction|algorithm|variant|seed|run_id,"(20000, 1)","(20000, 1)","(20000, 1)","(20000, 1)",0.0068767171765257516,0.07011964361141541,0.32259735590699634,0.009072021715167751,0.07182360420108787,0.5316397954176271,0.03868782465628053,True,True,legacy run: per-round Test MSE not logged; only scalar Test MSE from metrics/predictions is available.
baseline_sweep,rerun_protocol_v1_abs_fedogda_s_seed1_alpha0p5,abs,Absolute,fedogda_s,FedOGDA-S,1,0.5,500,3,256,1000,10,results/rerun_protocol_v1/abs/fedogda_s/seed_1/rerun_protocol_v1_abs_fedogda_s_seed1_alpha0p5,True,True,False,True,True,True,True,439,0.006828394533845636,0.006969377204524669,0.008621925529237691,0.008988455276731188,196.48807048797607,False,True,439,0.0068283945338456,0.006986374023978,0.0068283945338456,0.0088515900746544,0.0086219255292376,500,0.007894424076822986,0.0005161284325179283,0.0070246789534462,0.0088515900746544,0.0018269111212082002,0.06537885822896378,0.007694516753934206,0.0004995252190258773,0.00684679750255,0.0086219255292376,0.0017751280266876009,0.06491963498168615,True,,False,unavailable,True,x|true_g|best_validation_prediction|final_prediction|algorithm|variant|seed|run_id,"(20000, 1)","(20000, 1)","(20000, 1)","(20000, 1)",0.006969377204524621,0.07041331468685438,0.2773975925449905,0.008988455276731184,0.07212327192863693,0.5123579569518943,0.04914369334364225,True,True,legacy run: per-round Test MSE not logged; only scalar Test MSE from metrics/predictions is available.
baseline_sweep,rerun_protocol_v1_abs_fedgda_d_seed2_alpha0p5,abs,Absolute,fedgda_d,FedGDA-D,2,0.5,500,3,0,1000,1000,results/rerun_protocol_v1/abs/fedgda_d/seed_2/rerun_protocol_v1_abs_fedgda_d_seed2_alpha0p5,True,True,False,True,True,True,True,499,0.035202733981553054,0.03612385692391461,0.035202733981553054,0.03612385692391461,8557.363611221313,False,True,499,0.035202733981553,0.035843557530412,0.035202733981553,0.035843557530412,0.035202733981553,500,0.04285536493437101,0.004224459459484015,0.035843557530412,0.0501782626780834,0.014334705147671406,0.09857481008395051,0.04207965110056284,0.004143477766590361,0.035202733981553,0.0492628248290315,0.014060090847478501,0.09846749338981424,True,,False,unavailable,True,x|true_g|best_validation_prediction|final_prediction|algorithm|variant|seed|run_id,"(20000, 1)","(20000, 1)","(20000, 1)","(20000, 1)",0.03612385692391453,0.15694418054734893,0.7761777218888104,0.03612385692391453,0.15694418054734893,0.7761777218888104,0.0,True,True,legacy run: per-round Test MSE not logged; only scalar Test MSE from metrics/predictions is available.
baseline_sweep,rerun_protocol_v1_abs_fedgda_s_seed2_alpha0p5,abs,Absolute,fedgda_s,FedGDA-S,2,0.5,500,3,256,1000,10,results/rerun_protocol_v1/abs/fedgda_s/seed_2/rerun_protocol_v1_abs_fedgda_s_seed2_alpha0p5,True,True,False,True,True,True,True,270,0.001005735169824526,0.0010346327801986487,0.005491062172609885,0.005477743217867364,181.7880825996399,False,True,270,0.0010057351698245,0.0010193508894215,0.0010057351698245,0.0055485094607585,0.0054910621726098,500,0.006219761740701669,0.001314618276440222,0.004564817586316,0.0090678505159221,0.004503032929606101,0.21136151692716065,0.006085860436849655,0.0012854831625349562,0.0044472110388977,0.008863128672783,0.004415917633885301,0.2112245549949526,True,,False,unavailable,True,x|true_g|best_validation_prediction|final_prediction|algorithm|variant|seed|run_id,"(20000, 1)","(20000, 1)","(20000, 1)","(20000, 1)",0.0010346327801986411,0.024757783151520538,0.12248147348792193,0.00547774321786738,0.06564216699069046,0.2415345138043934,0.05225800606551196,True,True,legacy run: per-round Test MSE not logged; only scalar Test MSE from metrics/predictions is available.
baseline_sweep,rerun_protocol_v1_abs_fedogda_d_seed2_alpha0p5,abs,Absolute,fedogda_d,FedOGDA-D,2,0.5,500,3,0,1000,1000,results/rerun_protocol_v1/abs/fedogda_d/seed_2/rerun_protocol_v1_abs_fedogda_d_seed2_alpha0p5,True,True,False,True,True,True,True,499,0.03291920524511993,0.03377255557952796,0.03291920524511993,0.03377255557952796,9825.55269742012,False,True,499,0.0329192052451199,0.0335145201866785,0.0329192052451199,0.0335145201866785,0.0329192052451199,500,0.04041231701597488,0.004169734867637828,0.0335145201866785,0.0476601101016258,0.014145589914947299,0.10317980198931785,0.03968422085563221,0.004089574549491887,0.0329192052451199,0.046793156323637,0.013873951078517105,0.1030529127526381,True,,False,unavailable,True,x|true_g|best_validation_prediction|final_prediction|algorithm|variant|seed|run_id,"(20000, 1)","(20000, 1)","(20000, 1)","(20000, 1)",0.03377255557952787,0.1516587497072447,0.7445242934615506,0.03377255557952787,0.1516587497072447,0.7445242934615506,0.0,True,True,legacy run: per-round Test MSE not logged; only scalar Test MSE from metrics/predictions is available.
baseline_sweep,rerun_protocol_v1_abs_fedogda_s_seed2_alpha0p5,abs,Absolute,fedogda_s,FedOGDA-S,2,0.5,500,3,256,1000,10,results/rerun_protocol_v1/abs/fedogda_s/seed_2/rerun_protocol_v1_abs_fedogda_s_seed2_alpha0p5,True,True,False,True,True,True,True,499,0.03178155207732554,0.03241663467431333,0.031781552077325526,0.03241663467431333,193.90945672988892,False,True,499,0.0317815520773255,0.0323112091422242,0.0317815520773255,0.0323112091422242,0.0317815520773255,500,0.039378954582487864,0.004546152521017551,0.0323112091422242,0.0476667464856965,0.015355537343472302,0.11544624709360012,0.038717122683733084,0.0044533359128162715,0.0317815520773255,0.0468364435104387,0.015054891433113199,0.1150223881354523,True,,False,unavailable,True,x|true_g|best_validation_prediction|final_prediction|algorithm|variant|seed|run_id,"(20000, 1)","(20000, 1)","(20000, 1)","(20000, 1)",0.032416634674313376,0.14972712406507518,0.6512901927808594,0.032416634674313376,0.14972712406507518,0.6512901927808594,0.0,True,True,legacy run: per-round Test MSE not logged; only scalar Test MSE from metrics/predictions is available.
baseline_sweep,rerun_protocol_v1_abs_fedgda_d_seed0_alpha1p0,abs,Absolute,fedgda_d,FedGDA-D,0,1.0,500,3,0,1000,1000,results/rerun_protocol_v1/abs/fedgda_d/seed_0/rerun_protocol_v1_abs_fedgda_d_seed0_alpha1p0,True,True,False,True,True,True,True,499,0.009493161013161739,0.00968776560216092,0.009493161013161739,0.00968776560216092,8703.191357135773,False,True,499,0.0094931610131617,0.0096502520011834,0.0094931610131617,0.0096502520011834,0.0094931610131617,500,0.013374446837514795,0.0023346671080363736,0.0096502520011834,0.0175860871730103,0.0079358351718269,0.1745617696492482,0.013150822274334761,0.002292905395539711,0.0094931610131617,0.017286570892641,0.0077934098794792996,0.17435452686594066,True,,False,unavailable,True,x|true_g|best_validation_prediction|final_prediction|algorithm|variant|seed|run_id,"(20000, 1)","(20000, 1)","(20000, 1)","(20000, 1)",0.009687765602160949,0.0793381885222823,0.39523736211860205,0.009687765602160949,0.0793381885222823,0.39523736211860205,0.0,True,True,legacy run: per-round Test MSE not logged; only scalar Test MSE from metrics/predictions is available.
baseline_sweep,rerun_protocol_v1_abs_fedgda_s_seed0_alpha1p0,abs,Absolute,fedgda_s,FedGDA-S,0,1.0,500,3,256,1000,10,results/rerun_protocol_v1/abs/fedgda_s/seed_0/rerun_protocol_v1_abs_fedgda_s_seed0_alpha1p0,True,True,False,True,True,True,True,488,0.0005863352658592794,0.0006057864695677811,0.005211021507622607,0.005223435684973628,182.16509342193604,False,True,488,0.0005863352658592,0.0005997735587139,0.0005863352658592,0.0052336214350522,0.0052110215076226,500,0.0030526822858246584,0.001929441454507552,0.0005997735587139,0.0085882236940825,0.007988450135368601,0.6320479086431782,0.003030948462824724,0.0019255157303026153,0.0005863352658592,0.0085647605788652,0.007978425313006,0.6352848799375859,True,,False,unavailable,True,x|true_g|best_validation_prediction|final_prediction|algorithm|variant|seed|run_id,"(20000, 1)","(20000, 1)","(20000, 1)","(20000, 1)",0.0006057864695677794,0.016355397646571828,0.10097263771854814,0.005223435684973647,0.06867547248911224,0.18830236907347309,0.06041103141165878,True,True,legacy run: per-round Test MSE not logged; only scalar Test MSE from metrics/predictions is available.
baseline_sweep,rerun_protocol_v1_abs_fedogda_d_seed0_alpha1p0,abs,Absolute,fedogda_d,FedOGDA-D,0,1.0,500,3,0,1000,1000,results/rerun_protocol_v1/abs/fedogda_d/seed_0/rerun_protocol_v1_abs_fedogda_d_seed0_alpha1p0,True,True,False,True,True,True,True,499,0.008261736846270643,0.008426857583396532,0.008261736846270643,0.008426857583396532,10068.941668987274,False,True,499,0.0082617368462706,0.0083963690176895,0.0082617368462706,0.0083963690176895,0.0082617368462706,500,0.011946969458379362,0.0022217738889046103,0.0083963690176895,0.0159542939072365,0.007557924889546999,0.1859696634066728,0.011749476067150948,0.0021823840242559877,0.0082617368462706,0.015685536440258,0.007423799593987401,0.18574309286500632,True,,False,unavailable,True,x|true_g|best_validation_prediction|final_prediction|algorithm|variant|seed|run_id,"(20000, 1)","(20000, 1)","(20000, 1)","(20000, 1)",0.008426857583396534,0.07352132942288073,0.3745725780208957,0.008426857583396534,0.07352132942288073,0.3745725780208957,0.0,True,True,legacy run: per-round Test MSE not logged; only scalar Test MSE from metrics/predictions is available.
baseline_sweep,rerun_protocol_v1_abs_fedogda_s_seed0_alpha1p0,abs,Absolute,fedogda_s,FedOGDA-S,0,1.0,500,3,256,1000,10,results/rerun_protocol_v1/abs/fedogda_s/seed_0/rerun_protocol_v1_abs_fedogda_s_seed0_alpha1p0,True,True,False,True,True,True,True,499,0.007003598829362718,0.007101696785203967,0.0070035988293627215,0.007101696785203967,195.64612460136414,False,True,499,0.0070035988293627,0.0071036359789634,0.0070035988293627,0.0071036359789634,0.0070035988293627,500,0.010331989307644165,0.0018175552237231212,0.0071036359789634,0.0125134069831993,0.005409771004235899,0.1759153217840049,0.01016956429799967,0.0017805047442856175,0.0070035988293627,0.0123060634317725,0.005302464602409801,0.17508171364193437,True,,False,unavailable,True,x|true_g|best_validation_prediction|final_prediction|algorithm|variant|seed|run_id,"(20000, 1)","(20000, 1)","(20000, 1)","(20000, 1)",0.007101696785203961,0.06567072656491002,0.38859537691531587,0.007101696785203961,0.06567072656491002,0.38859537691531587,0.0,True,True,legacy run: per-round Test MSE not logged; only scalar Test MSE from metrics/predictions is available.
baseline_sweep,rerun_protocol_v1_abs_fedgda_d_seed1_alpha1p0,abs,Absolute,fedgda_d,FedGDA-D,1,1.0,500,3,0,1000,1000,results/rerun_protocol_v1/abs/fedgda_d/seed_1/rerun_protocol_v1_abs_fedgda_d_seed1_alpha1p0,True,True,False,True,True,True,True,452,0.006813603530052323,0.0069985737178872316,0.009089576569381396,0.009515526939583439,8785.936648368835,False,True,452,0.0068136035300523,0.0069862241777451,0.0068136035300523,0.0093405319912984,0.0090895765693813,500,0.007782817294635579,0.0007293391187788866,0.0069862241777451,0.0093405319912984,0.0023543078135533,0.0937114532139402,0.007579278234017298,0.0007053475736689793,0.0068136035300523,0.0090895765693813,0.002275973039328999,0.09306263101719107,True,,False,unavailable,True,x|true_g|best_validation_prediction|final_prediction|algorithm|variant|seed|run_id,"(20000, 1)","(20000, 1)","(20000, 1)","(20000, 1)",0.006998573717887232,0.07053780273574208,0.3288946887887638,0.009515526939583427,0.07245743012163998,0.5550528672058368,0.04134145319323799,True,True,legacy run: per-round Test MSE not logged; only scalar Test MSE from metrics/predictions is available.
baseline_sweep,rerun_protocol_v1_abs_fedgda_s_seed1_alpha1p0,abs,Absolute,fedgda_s,FedGDA-S,1,1.0,500,3,256,1000,10,results/rerun_protocol_v1/abs/fedgda_s/seed_1/rerun_protocol_v1_abs_fedgda_s_seed1_alpha1p0,True,True,False,True,True,True,True,406,0.0067637938333682986,0.006905123990474533,0.006808379173042358,0.006998887150620184,176.98243808746338,False,True,406,0.0067637938333682,0.0069168340947447,0.0067637938333682,0.0069822180442284,0.0068083791730423,500,0.01292623244436985,0.004751015836040197,0.0069822180442284,0.0250799004976386,0.0180976824534102,0.3675483832189286,0.012719823933013052,0.004746825717110395,0.0068083791730423,0.0249141810666109,0.018105801893568602,0.3731832879219716,True,,False,unavailable,True,x|true_g|best_validation_prediction|final_prediction|algorithm|variant|seed|run_id,"(20000, 1)","(20000, 1)","(20000, 1)","(20000, 1)",0.006905123990474558,0.07115594109052133,0.26663166012130635,0.006998887150620148,0.07109516183992315,0.3410053556053221,0.013974679849981351,True,True,legacy run: per-round Test MSE not logged; only scalar Test MSE from metrics/predictions is available.
baseline_sweep,rerun_protocol_v1_abs_fedogda_d_seed1_alpha1p0,abs,Absolute,fedogda_d,FedOGDA-D,1,1.0,500,3,0,1000,1000,results/rerun_protocol_v1/abs/fedogda_d/seed_1/rerun_protocol_v1_abs_fedogda_d_seed1_alpha1p0,True,True,False,True,True,True,True,447,0.006879913543146258,0.007064816588672376,0.009584682369408966,0.010036402749602586,9918.749693632126,False,True,447,0.0068799135431462,0.007054231335465,0.0068799135431462,0.0098488771792457,0.0095846823694089,500,0.008100346180730722,0.0008474342970576202,0.0070663173756653,0.0098488771792457,0.0027825598035804006,0.10461704699405505,0.007887009280361967,0.0008212451577792861,0.0068898135137616,0.0095846823694089,0.0026948688556473,0.10412630803213609,True,,False,unavailable,True,x|true_g|best_validation_prediction|final_prediction|algorithm|variant|seed|run_id,"(20000, 1)","(20000, 1)","(20000, 1)","(20000, 1)",0.007064816588672348,0.07092254205167381,0.3291264321998062,0.010036402749602687,0.0730331220572126,0.5741465661253273,0.045265525294797916,True,True,legacy run: per-round Test MSE not logged; only scalar Test MSE from metrics/predictions is available.
baseline_sweep,rerun_protocol_v1_abs_fedogda_s_seed1_alpha1p0,abs,Absolute,fedogda_s,FedOGDA-S,1,1.0,500,3,256,1000,10,results/rerun_protocol_v1/abs/fedogda_s/seed_1/rerun_protocol_v1_abs_fedogda_s_seed1_alpha1p0,True,True,False,True,True,True,True,450,0.006638181792948494,0.00678978273812457,0.011427279883128812,0.011951736101014205,193.97551321983337,False,True,450,0.0066381817929484,0.0067825215522846,0.0066381817929484,0.0117320785270399,0.0114272798831288,500,0.009151345653814038,0.0016914317509792148,0.0067825215522846,0.0117320785270399,0.0049495569747553,0.18482874704599,0.008931420836580705,0.0016582869809709717,0.0066381817929484,0.0114586601066263,0.004820478313677901,0.18566888866988251,True,,False,unavailable,True,x|true_g|best_validation_prediction|final_prediction|algorithm|variant|seed|run_id,"(20000, 1)","(20000, 1)","(20000, 1)","(20000, 1)",0.0067897827381245834,0.06986136745041376,0.27207163685102653,0.011951736101014217,0.07834835963327334,0.6290806969159015,0.05327673242656601,True,True,legacy run: per-round Test MSE not logged; only scalar Test MSE from metrics/predictions is available.
baseline_sweep,rerun_protocol_v1_abs_fedgda_d_seed2_alpha1p0,abs,Absolute,fedgda_d,FedGDA-D,2,1.0,500,3,0,1000,1000,results/rerun_protocol_v1/abs/fedgda_d/seed_2/rerun_protocol_v1_abs_fedgda_d_seed2_alpha1p0,True,True,False,True,True,True,True,499,0.035563918059069104,0.03648782059317654,0.035563918059069104,0.03648782059317654,8808.940314531326,False,True,499,0.0355639180590691,0.0362110165914995,0.0355639180590691,0.0362110165914995,0.0355639180590691,500,0.04319670404207805,0.004211477911653202,0.0362110165914995,0.0504952801902977,0.014284263598798197,0.09749535306098324,0.04241526339581465,0.004130725883911276,0.0355639180590691,0.0495745103205285,0.014010592261459405,0.09738772208871578,True,,False,unavailable,True,x|true_g|best_validation_prediction|final_prediction|algorithm|variant|seed|run_id,"(20000, 1)","(20000, 1)","(20000, 1)","(20000, 1)",0.03648782059317671,0.1577191563353857,0.7783179763787267,0.03648782059317671,0.1577191563353857,0.7783179763787267,0.0,True,True,legacy run: per-round Test MSE not logged; only scalar Test MSE from metrics/predictions is available.
baseline_sweep,rerun_protocol_v1_abs_fedgda_s_seed2_alpha1p0,abs,Absolute,fedgda_s,FedGDA-S,2,1.0,500,3,256,1000,10,results/rerun_protocol_v1/abs/fedgda_s/seed_2/rerun_protocol_v1_abs_fedgda_s_seed2_alpha1p0,True,True,False,True,True,True,True,255,0.0010598985846768448,0.0010968679157301287,0.005074400152564319,0.005282472171527157,182.44747972488403,False,True,255,0.0010598985846768,0.0010723761664912,0.0010598985846768,0.0051799647024789,0.0050744001525643,500,0.005576977224428902,0.0016563341806367562,0.0032012944451944,0.0097976824041481,0.006596387958953701,0.29699496949377796,0.005475319704668764,0.0016409512740714256,0.0031206870796602,0.0096090748755078,0.0064883877958476005,0.2996996271600723,True,,False,unavailable,True,x|true_g|best_validation_prediction|final_prediction|algorithm|variant|seed|run_id,"(20000, 1)","(20000, 1)","(20000, 1)","(20000, 1)",0.0010968679157301272,0.024555058375963543,0.12961820742973973,0.005282472171527164,0.056102469338626296,0.39030089386071953,0.04358971487231148,True,True,legacy run: per-round Test MSE not logged; only scalar Test MSE from metrics/predictions is available.
baseline_sweep,rerun_protocol_v1_abs_fedogda_d_seed2_alpha1p0,abs,Absolute,fedogda_d,FedOGDA-D,2,1.0,500,3,0,1000,1000,results/rerun_protocol_v1/abs/fedogda_d/seed_2/rerun_protocol_v1_abs_fedogda_d_seed2_alpha1p0,True,True,False,True,True,True,True,499,0.03303472107134794,0.03387986801465489,0.03303472107134794,0.03387986801465489,9998.811937093735,False,True,499,0.0330347210713479,0.0336308199318068,0.0330347210713479,0.0336308199318068,0.0330347210713479,500,0.04049876205220926,0.004150148819585493,0.0336308199318068,0.0477138464482091,0.014083026516402301,0.10247594270252756,0.03977039610779326,0.004070308535371915,0.0330347210713479,0.0468471140991177,0.0138123930277698,0.10234518470320975,True,,False,unavailable,True,x|true_g|best_validation_prediction|final_prediction|algorithm|variant|seed|run_id,"(20000, 1)","(20000, 1)","(20000, 1)","(20000, 1)",0.033879868014654854,0.15190256722099663,0.7415992247190664,0.033879868014654854,0.15190256722099663,0.7415992247190664,0.0,True,True,legacy run: per-round Test MSE not logged; only scalar Test MSE from metrics/predictions is available.
baseline_sweep,rerun_protocol_v1_abs_fedogda_s_seed2_alpha1p0,abs,Absolute,fedogda_s,FedOGDA-S,2,1.0,500,3,256,1000,10,results/rerun_protocol_v1/abs/fedogda_s/seed_2/rerun_protocol_v1_abs_fedogda_s_seed2_alpha1p0,True,True,False,True,True,True,True,499,0.033496169643517024,0.03441503768257774,0.033496169643517024,0.03441503768257774,197.04139280319214,False,True,499,0.033496169643517,0.0341072979441469,0.033496169643517,0.0341072979441469,0.033496169643517,500,0.0410583627354021,0.003911698741262334,0.0341072979441469,0.0483189668315461,0.0142116688873992,0.09527166892822829,0.04031301562463856,0.0038380585420755104,0.033496169643517,0.0474386688826515,0.013942499239134494,0.09520643600102596,True,,False,unavailable,True,x|true_g|best_validation_prediction|final_prediction|algorithm|variant|seed|run_id,"(20000, 1)","(20000, 1)","(20000, 1)","(20000, 1)",0.03441503768257782,0.1528769572710351,0.7714116847390695,0.03441503768257782,0.1528769572710351,0.7714116847390695,0.0,True,True,legacy run: per-round Test MSE not logged; only scalar Test MSE from metrics/predictions is available.
baseline_sweep,rerun_protocol_v1_step_fedgda_d_seed0_alpha0p1,step,Step,fedgda_d,FedGDA-D,0,0.1,500,3,0,1000,1000,results/rerun_protocol_v1/step/fedgda_d/seed_0/rerun_protocol_v1_step_fedgda_d_seed0_alpha0p1,True,True,False,True,True,True,True,499,0.030322443227099417,0.03086680409656931,0.030322443227099417,0.03086680409656931,8992.012092590332,False,True,499,0.0303224432270994,0.0307505996678985,0.0303224432270994,0.0307505996678985,0.0303224432270994,500,0.030957312710427013,0.00013024067105013817,0.0307505996678985,0.0311917778379661,0.0004411781700675993,0.004207105192508219,0.03052533856438048,0.00012741134469530574,0.0303224432270994,0.0307542121383923,0.0004317689112929013,0.004173953531312506,True,,False,unavailable,True,x|true_g|best_validation_prediction|final_prediction|algorithm|variant|seed|run_id,"(20000, 1)","(20000, 1)","(20000, 1)","(20000, 1)",0.030866804096569007,0.14781859554375604,0.6318522796135362,0.030866804096569007,0.14781859554375604,0.6318522796135362,0.0,True,True,legacy run: per-round Test MSE not logged; only scalar Test MSE from metrics/predictions is available.
baseline_sweep,rerun_protocol_v1_step_fedgda_s_seed0_alpha0p1,step,Step,fedgda_s,FedGDA-S,0,0.1,500,3,256,1000,10,results/rerun_protocol_v1/step/fedgda_s/seed_0/rerun_protocol_v1_step_fedgda_s_seed0_alpha0p1,True,True,False,True,True,True,True,484,0.027814618496127007,0.028218572987749786,0.030057164705552048,0.030328771864915057,179.6958463191986,False,True,484,0.027814618496127,0.0282651840902436,0.027814618496127,0.030415872213208,0.030057164705552,500,0.030450618467248915,0.001926635002999211,0.0282651840902436,0.0355241285959961,0.007258944505752502,0.06327080039676036,0.029975449326050965,0.0019087304555718042,0.027814618496127,0.034902462495058,0.007087843998930997,0.06367645851810372,True,,False,unavailable,True,x|true_g|best_validation_prediction|final_prediction|algorithm|variant|seed|run_id,"(20000, 1)","(20000, 1)","(20000, 1)","(20000, 1)",0.028218572987749758,0.13893149448504122,0.6641326554868723,0.03032877186491513,0.14712734900203092,0.6941419495489908,0.04361051578437082,True,True,legacy run: per-round Test MSE not logged; only scalar Test MSE from metrics/predictions is available.
baseline_sweep,rerun_protocol_v1_step_fedogda_d_seed0_alpha0p1,step,Step,fedogda_d,FedOGDA-D,0,0.1,500,3,0,1000,1000,results/rerun_protocol_v1/step/fedogda_d/seed_0/rerun_protocol_v1_step_fedogda_d_seed0_alpha0p1,True,True,False,True,True,True,True,499,0.02921026609151715,0.029737169081041237,0.02921026609151715,0.029737169081041237,9801.927259922028,False,True,499,0.0292102660915171,0.0296240197879996,0.0292102660915171,0.0296240197879996,0.0292102660915171,500,0.02989772491838698,0.00017171872066274135,0.0296240197879996,0.030205734052257,0.0005817142642573978,0.005743538049516772,0.029479856949589392,0.00016909650177144138,0.0292102660915171,0.0297830117828958,0.0005727456913786969,0.005736001435169672,True,,False,unavailable,True,x|true_g|best_validation_prediction|final_prediction|algorithm|variant|seed|run_id,"(20000, 1)","(20000, 1)","(20000, 1)","(20000, 1)",0.029737169081041185,0.14530813158921568,0.6095545090654413,0.029737169081041185,0.14530813158921568,0.6095545090654413,0.0,True,True,legacy run: per-round Test MSE not logged; only scalar Test MSE from metrics/predictions is available.
baseline_sweep,rerun_protocol_v1_step_fedogda_s_seed0_alpha0p1,step,Step,fedogda_s,FedOGDA-S,0,0.1,500,3,256,1000,10,results/rerun_protocol_v1/step/fedogda_s/seed_0/rerun_protocol_v1_step_fedogda_s_seed0_alpha0p1,True,True,False,True,True,True,True,424,0.029913518146718273,0.030507676798837383,0.03009502163984087,0.030763924088293693,193.86003422737122,False,True,424,0.0299135181467182,0.0303439010736248,0.0299135181467182,0.030593332019515,0.0300950216398408,500,0.033087339824337966,0.001064155977369525,0.030593332019515,0.0348709449635846,0.0042776129440696,0.032162028830941755,0.03250241037639621,0.0010319092327075296,0.0300950216398408,0.0342363577317102,0.0041413360918694,0.03174869865826687,True,,False,unavailable,True,x|true_g|best_validation_prediction|final_prediction|algorithm|variant|seed|run_id,"(20000, 1)","(20000, 1)","(20000, 1)","(20000, 1)",0.030507676798837303,0.14650579895805682,0.664112034776196,0.03076392408829372,0.1474211614656278,0.6894172029281813,0.027322900152988463,True,True,legacy run: per-round Test MSE not logged; only scalar Test MSE from metrics/predictions is available.
baseline_sweep,rerun_protocol_v1_step_fedgda_d_seed1_alpha0p1,step,Step,fedgda_d,FedGDA-D,1,0.1,500,3,0,1000,1000,results/rerun_protocol_v1/step/fedgda_d/seed_1/rerun_protocol_v1_step_fedgda_d_seed1_alpha0p1,True,True,False,True,True,True,True,180,0.02582644307823007,0.026199452397859823,0.02855369673353375,0.029118501856528745,8722.059034824371,False,True,180,0.02582644307823,0.0261885964041765,0.02582644307823,0.0290113560997118,0.0285536967335337,500,0.02873246024558633,0.0005288924384312747,0.0276698314667971,0.0292651372939574,0.0015953058271603003,0.018407488739587457,0.028280908163097484,0.0005069306797760152,0.0272744732098093,0.0287942212899039,0.0015197480800946024,0.01792483737978,True,,False,unavailable,True,x|true_g|best_validation_prediction|final_prediction|algorithm|variant|seed|run_id,"(20000, 1)","(20000, 1)","(20000, 1)","(20000, 1)",0.026199452397859688,0.13734567768807904,0.5057212217860227,0.029118501856528662,0.1436370142566746,0.6455439020928713,0.051362989439100476,True,True,legacy run: per-round Test MSE not logged; only scalar Test MSE from metrics/predictions is available.
baseline_sweep,rerun_protocol_v1_step_fedgda_s_seed1_alpha0p1,step,Step,fedgda_s,FedGDA-S,1,0.1,500,3,256,1000,10,results/rerun_protocol_v1/step/fedgda_s/seed_1/rerun_protocol_v1_step_fedgda_s_seed1_alpha0p1,True,True,False,True,True,True,True,487,0.02486079364546243,0.025218379926375142,0.02673222730641975,0.027310156296552653,182.67610955238342,False,True,487,0.0248607936454624,0.0252404087528776,0.0248607936454624,0.0272146075622088,0.0267322273064197,500,0.029309063587789286,0.0034209459473527565,0.0252404087528776,0.0383444045006966,0.013103995747819001,0.11671972859542287,0.028923320220462956,0.0034531400349616303,0.0248607936454624,0.0381059677123248,0.0132451740668624,0.11938947564251523,True,,False,unavailable,True,x|true_g|best_validation_prediction|final_prediction|algorithm|variant|seed|run_id,"(20000, 1)","(20000, 1)","(20000, 1)","(20000, 1)",0.02521837992637534,0.13367496316704072,0.5283513324094541,0.027310156296552663,0.13838394374333293,0.6011645361810487,0.029169468654867466,True,True,legacy run: per-round Test MSE not logged; only scalar Test MSE from metrics/predictions is available.
baseline_sweep,rerun_protocol_v1_step_fedogda_d_seed1_alpha0p1,step,Step,fedogda_d,FedOGDA-D,1,0.1,500,3,0,1000,1000,results/rerun_protocol_v1/step/fedogda_d/seed_1/rerun_protocol_v1_step_fedogda_d_seed1_alpha0p1,True,True,False,True,True,True,True,176,0.025220696416826668,0.02558361362937985,0.02788582319348027,0.02840525154144172,9907.877912282944,False,True,176,0.0252206964168266,0.0255829257313373,0.0252206964168266,0.028306602731091,0.0278858231934802,500,0.02833782767781519,6.846352583085718e-05,0.0281461138680319,0.0284048879588673,0.0002587740908354015,0.0024159765035361254,0.02791026059057776,6.636586367607579e-05,0.0277244659927645,0.0279741374835395,0.0002496714907750004,0.0023778303130025332,True,,False,unavailable,True,x|true_g|best_validation_prediction|final_prediction|algorithm|variant|seed|run_id,"(20000, 1)","(20000, 1)","(20000, 1)","(20000, 1)",0.025583613629379793,0.13558957715473216,0.47441079035006967,0.028405251541441908,0.14212463583398402,0.6152476662956792,0.029948186031336876,True,True,legacy run: per-round Test MSE not logged; only scalar Test MSE from metrics/predictions is available.
baseline_sweep,rerun_protocol_v1_step_fedogda_s_seed1_alpha0p1,step,Step,fedogda_s,FedOGDA-S,1,0.1,500,3,256,1000,10,results/rerun_protocol_v1/step/fedogda_s/seed_1/rerun_protocol_v1_step_fedogda_s_seed1_alpha0p1,True,True,False,True,True,True,True,114,0.024838549409417442,0.02515483355049589,0.028783181232496857,0.029347608216447208,195.9485743045807,False,True,114,0.0248385494094174,0.0251844439630135,0.0248385494094174,0.0292013834687179,0.0287831812324968,500,0.030438530920353188,0.0006433768061734735,0.0292013834687179,0.0312855452008371,0.002084161732119203,0.021136920433412566,0.029957494368078347,0.0006227152656662981,0.0287831812324968,0.0307626814808703,0.0019795002483734975,0.02078662714628903,True,,False,unavailable,True,x|true_g|best_validation_prediction|final_prediction|algorithm|variant|seed|run_id,"(20000, 1)","(20000, 1)","(20000, 1)","(20000, 1)",0.02515483355049593,0.13404187549805074,0.4897659075631716,0.029347608216447163,0.14407615855789938,0.6566616863577497,0.036328024807635396,True,True,legacy run: per-round Test MSE not logged; only scalar Test MSE from metrics/predictions is available.
baseline_sweep,rerun_protocol_v1_step_fedgda_d_seed2_alpha0p1,step,Step,fedgda_d,FedGDA-D,2,0.1,500,3,0,1000,1000,results/rerun_protocol_v1/step/fedgda_d/seed_2/rerun_protocol_v1_step_fedgda_d_seed2_alpha0p1,True,True,False,True,True,True,True,499,0.03159464000232325,0.03229769040604756,0.03159464000232325,0.03229769040604756,8595.020587921143,False,True,499,0.0315946400023232,0.0319865012471803,0.0315946400023232,0.0319877290906541,0.0315946400023232,500,0.0322766120485456,0.00026229143697387554,0.0319865012471803,0.0328216849206647,0.0008351836734844034,0.008126362103289417,0.03192630116378118,0.00028574959693082955,0.0315946400023232,0.0325105714521727,0.0009159314498494997,0.008950288211119126,True,,False,unavailable,True,x|true_g|best_validation_prediction|final_prediction|algorithm|variant|seed|run_id,"(20000, 1)","(20000, 1)","(20000, 1)","(20000, 1)",0.03229769040604744,0.14325138088285558,0.7504707597309583,0.03229769040604744,0.14325138088285558,0.7504707597309583,0.0,True,True,legacy run: per-round Test MSE not logged; only scalar Test MSE from metrics/predictions is available.
baseline_sweep,rerun_protocol_v1_step_fedgda_s_seed2_alpha0p1,step,Step,fedgda_s,FedGDA-S,2,0.1,500,3,256,1000,10,results/rerun_protocol_v1/step/fedgda_s/seed_2/rerun_protocol_v1_step_fedgda_s_seed2_alpha0p1,True,True,False,True,True,True,True,486,0.02808520238906342,0.028442072541331992,0.02810944561536089,0.028457605743916845,177.61552810668945,False,True,486,0.0280852023890634,0.0284894794128979,0.0280852023890634,0.0285115066889696,0.0281094456153608,500,0.03207834909475811,0.002410107852652737,0.0284894794128979,0.0362960206131351,0.007806541200237195,0.07513191671845014,0.03157907742089639,0.0023297082093590763,0.0280852023890634,0.0356319739377416,0.007546771548678197,0.07377378947167945,True,,False,unavailable,True,x|true_g|best_validation_prediction|final_prediction|algorithm|variant|seed|run_id,"(20000, 1)","(20000, 1)","(20000, 1)","(20000, 1)",0.02844207254133192,0.14133906919431505,0.5424486854323772,0.02845760574391669,0.14135921369901738,0.5540574480610112,0.0032146108697969837,True,True,legacy run: per-round Test MSE not logged; only scalar Test MSE from metrics/predictions is available.
baseline_sweep,rerun_protocol_v1_step_fedogda_d_seed2_alpha0p1,step,Step,fedogda_d,FedOGDA-D,2,0.1,500,3,0,1000,1000,results/rerun_protocol_v1/step/fedogda_d/seed_2/rerun_protocol_v1_step_fedogda_d_seed2_alpha0p1,True,True,False,True,True,True,True,487,0.031533961758296154,0.03224387724789442,0.031578389465682546,0.03232231897141619,10098.35812330246,False,True,487,0.0315339617582961,0.0319289667492721,0.0315339617582961,0.0319952559978961,0.0315783894656825,500,0.03202665101745602,0.00010791583002626458,0.0319289667492721,0.0322986060483164,0.0003696392990443012,0.0033695633666924905,0.03164989407450755,0.00012844634097009436,0.0315339617582961,0.0319614666051541,0.00042750484685800255,0.004058349789977706,True,,False,unavailable,True,x|true_g|best_validation_prediction|final_prediction|algorithm|variant|seed|run_id,"(20000, 1)","(20000, 1)","(20000, 1)","(20000, 1)",0.0322438772478944,0.1432135249007693,0.7536435569564595,0.032322318971416346,0.1432080447004885,0.7700321676947119,0.0056605782564327954,True,True,legacy run: per-round Test MSE not logged; only scalar Test MSE from metrics/predictions is available.
baseline_sweep,rerun_protocol_v1_step_fedogda_s_seed2_alpha0p1,step,Step,fedogda_s,FedOGDA-S,2,0.1,500,3,256,1000,10,results/rerun_protocol_v1/step/fedogda_s/seed_2/rerun_protocol_v1_step_fedogda_s_seed2_alpha0p1,True,True,False,True,True,True,True,430,0.031241650694060957,0.03188241102342823,0.035199213235721186,0.036291327330487545,195.8667438030243,False,True,430,0.0312416506940609,0.0316043750308832,0.0312416506940609,0.0358056593586141,0.0351992132357211,500,0.03396748580308557,0.0011653675261529297,0.032238206310788,0.0358056593586141,0.0035674530478261024,0.034308324522713686,0.033454294893929856,0.0010956353301721762,0.0318475871772613,0.0351992132357211,0.003351626058459803,0.03275021439387667,True,,False,unavailable,True,x|true_g|best_validation_prediction|final_prediction|algorithm|variant|seed|run_id,"(20000, 1)","(20000, 1)","(20000, 1)","(20000, 1)",0.031882411023428134,0.1431599988044061,0.714336795963787,0.036291327330487504,0.15286028425467815,0.9225069583592636,0.05781078655056747,True,True,legacy run: per-round Test MSE not logged; only scalar Test MSE from metrics/predictions is available.
baseline_sweep,rerun_protocol_v1_step_fedgda_d_seed0_alpha0p5,step,Step,fedgda_d,FedGDA-D,0,0.5,500,3,0,1000,1000,results/rerun_protocol_v1/step/fedgda_d/seed_0/rerun_protocol_v1_step_fedgda_d_seed0_alpha0p5,True,True,False,True,True,True,True,499,0.03019594602590297,0.030735466788692038,0.03019594602590297,0.030735466788692038,8758.627727746964,False,True,499,0.0301959460259029,0.0306257838252438,0.0301959460259029,0.0306257838252438,0.0301959460259029,500,0.030834352324187315,0.00013319090400357698,0.0306257838252438,0.0310770579261828,0.00045127410093899825,0.004319562240297111,0.0304014065555771,0.00013087771006408292,0.0301959460259029,0.030639490833471,0.0004435448075680998,0.004304988646654362,True,,False,unavailable,True,x|true_g|best_validation_prediction|final_prediction|algorithm|variant|seed|run_id,"(20000, 1)","(20000, 1)","(20000, 1)","(20000, 1)",0.03073546678869229,0.14762181301412589,0.6273550769105858,0.03073546678869229,0.14762181301412589,0.6273550769105858,0.0,True,True,legacy run: per-round Test MSE not logged; only scalar Test MSE from metrics/predictions is available.
baseline_sweep,rerun_protocol_v1_step_fedgda_s_seed0_alpha0p5,step,Step,fedgda_s,FedGDA-S,0,0.5,500,3,256,1000,10,results/rerun_protocol_v1/step/fedgda_s/seed_0/rerun_protocol_v1_step_fedgda_s_seed0_alpha0p5,True,True,False,True,True,True,True,479,0.025790936878708287,0.026161904214876575,0.026394296444964816,0.026855397342953426,182.41463589668274,False,True,479,0.0257909368787082,0.0261484118593178,0.0257909368787082,0.0267859663601846,0.0263942964449648,500,0.02707649414368523,0.0007559807040378693,0.0261484118593178,0.0287282070383372,0.0025797951790193993,0.027920184202066604,0.026692702079138732,0.0007147812897974017,0.0257909368787082,0.028241475517438,0.0024505386387298003,0.026778154106624822,True,,False,unavailable,True,x|true_g|best_validation_prediction|final_prediction|algorithm|variant|seed|run_id,"(20000, 1)","(20000, 1)","(20000, 1)","(20000, 1)",0.026161904214876755,0.13571621534370304,0.510907241456038,0.02685539734295352,0.13732402694911156,0.5264598999728041,0.03034143149470218,True,True,legacy run: per-round Test MSE not logged; only scalar Test MSE from metrics/predictions is available.
baseline_sweep,rerun_protocol_v1_step_fedogda_d_seed0_alpha0p5,step,Step,fedogda_d,FedOGDA-D,0,0.5,500,3,0,1000,1000,results/rerun_protocol_v1/step/fedogda_d/seed_0/rerun_protocol_v1_step_fedogda_d_seed0_alpha0p5,True,True,False,True,True,True,True,499,0.029224452733499794,0.02975014439663422,0.029224452733499794,0.02975014439663422,10332.687829256058,False,True,499,0.0292244527334997,0.0296388803831896,0.0292244527334997,0.0296388803831896,0.0292244527334997,500,0.029897889092071,0.00016324746813694646,0.0296388803831896,0.0301926689287759,0.0005537885455862979,0.005460167024977028,0.029480170753244512,0.00016087182471197724,0.0292244527334997,0.029770430603676,0.0005459778701762986,0.005456950234736076,True,,False,unavailable,True,x|true_g|best_validation_prediction|final_prediction|algorithm|variant|seed|run_id,"(20000, 1)","(20000, 1)","(20000, 1)","(20000, 1)",0.02975014439663431,0.14532322899300804,0.6070380250218794,0.02975014439663431,0.14532322899300804,0.6070380250218794,0.0,True,True,legacy run: per-round Test MSE not logged; only scalar Test MSE from metrics/predictions is available.
baseline_sweep,rerun_protocol_v1_step_fedogda_s_seed0_alpha0p5,step,Step,fedogda_s,FedOGDA-S,0,0.5,500,3,256,1000,10,results/rerun_protocol_v1/step/fedogda_s/seed_0/rerun_protocol_v1_step_fedogda_s_seed0_alpha0p5,True,True,False,True,True,True,True,499,0.02961461787380765,0.030184297414644914,0.02961461787380765,0.030184297414644914,195.53921961784363,False,True,499,0.0296146178738076,0.0300524987459576,0.0296146178738076,0.0300524987459576,0.0296146178738076,500,0.030711910647306273,0.0002970493318967443,0.0300524987459576,0.0310406066100619,0.000988107864104297,0.009672121520150305,0.03025355708750734,0.00028854238018287946,0.0296146178738076,0.030564575913703,0.0009499580398954002,0.009537469572529302,True,,False,unavailable,True,x|true_g|best_validation_prediction|final_prediction|algorithm|variant|seed|run_id,"(20000, 1)","(20000, 1)","(20000, 1)","(20000, 1)",0.030184297414644744,0.14598016663331956,0.6393378392129754,0.030184297414644744,0.14598016663331956,0.6393378392129754,0.0,True,True,legacy run: per-round Test MSE not logged; only scalar Test MSE from metrics/predictions is available.
baseline_sweep,rerun_protocol_v1_step_fedgda_d_seed1_alpha0p5,step,Step,fedgda_d,FedGDA-D,1,0.5,500,3,0,1000,1000,results/rerun_protocol_v1/step/fedgda_d/seed_1/rerun_protocol_v1_step_fedgda_d_seed1_alpha0p5,True,True,False,True,True,True,True,179,0.025806636385407148,0.02619811262844118,0.02799451243466521,0.028531229939726944,8767.579985380173,False,True,179,0.0258066363854071,0.0261777914290989,0.0258066363854071,0.0284332496800536,0.0279945124346652,500,0.02853204958015957,0.000322959600338634,0.0277573756501151,0.0288647644494461,0.001107388799330998,0.011319186847453522,0.028083470368506624,0.0003103982373282762,0.0273442581438843,0.0284033923601928,0.0010591342163084987,0.01105270229267545,True,,False,unavailable,True,x|true_g|best_validation_prediction|final_prediction|algorithm|variant|seed|run_id,"(20000, 1)","(20000, 1)","(20000, 1)","(20000, 1)",0.026198112628441312,0.13726142014029302,0.5172246138221683,0.02853122993972686,0.14241920764774058,0.6255110556335646,0.04511822515725538,True,True,legacy run: per-round Test MSE not logged; only scalar Test MSE from metrics/predictions is available.
baseline_sweep,rerun_protocol_v1_step_fedgda_s_seed1_alpha0p5,step,Step,fedgda_s,FedGDA-S,1,0.5,500,3,256,1000,10,results/rerun_protocol_v1/step/fedgda_s/seed_1/rerun_protocol_v1_step_fedgda_s_seed1_alpha0p5,True,True,False,True,True,True,True,489,0.023744637373604598,0.024000679608566614,0.024372128038458347,0.024744867783718958,179.91432404518127,False,True,489,0.0237446373736045,0.0240720223333803,0.0237446373736045,0.024793913669207,0.0243721280384583,500,0.032033367687488226,0.007999662332042603,0.0240720223333803,0.0576380730558136,0.0335660507224333,0.24972904535314144,0.031668411691126164,0.008008611969725321,0.0237446373736045,0.0572960708333562,0.0335514334597517,0.2528896001427638,True,,False,unavailable,True,x|true_g|best_validation_prediction|final_prediction|algorithm|variant|seed|run_id,"(20000, 1)","(20000, 1)","(20000, 1)","(20000, 1)",0.02400067960856665,0.12703311306157117,0.47700872099598823,0.024744867783718972,0.12842805262164866,0.622994345811164,0.03912078448169247,True,True,legacy run: per-round Test MSE not logged; only scalar Test MSE from metrics/predictions is available.
baseline_sweep,rerun_protocol_v1_step_fedogda_d_seed1_alpha0p5,step,Step,fedogda_d,FedOGDA-D,1,0.5,500,3,0,1000,1000,results/rerun_protocol_v1/step/fedogda_d/seed_1/rerun_protocol_v1_step_fedogda_d_seed1_alpha0p5,True,True,False,True,True,True,True,174,0.02521540527508708,0.025570447363979242,0.027662547146623286,0.028168889941582013,9932.028527975082,False,True,174,0.025215405275087,0.0255722532598513,0.025215405275087,0.0280760225696626,0.0276625471466232,500,0.028148350850382687,4.050848366233103e-05,0.0280626984577282,0.0281972136489138,0.00013451519118560032,0.0014391068193531594,0.027725876145477696,3.772224098861832e-05,0.0276406636379948,0.0277712347719023,0.0001305711339075026,0.0013605427936953078,True,,False,unavailable,True,x|true_g|best_validation_prediction|final_prediction|algorithm|variant|seed|run_id,"(20000, 1)","(20000, 1)","(20000, 1)","(20000, 1)",0.02557044736397931,0.13559156308261958,0.4693352639690906,0.028168889941582,0.14167465318159805,0.6059854426591424,0.02904690020224082,True,True,legacy run: per-round Test MSE not logged; only scalar Test MSE from metrics/predictions is available.
baseline_sweep,rerun_protocol_v1_step_fedogda_s_seed1_alpha0p5,step,Step,fedogda_s,FedOGDA-S,1,0.5,500,3,256,1000,10,results/rerun_protocol_v1/step/fedogda_s/seed_1/rerun_protocol_v1_step_fedogda_s_seed1_alpha0p5,True,True,False,True,True,True,True,118,0.02582018245042296,0.026275394847309213,0.027895218190783517,0.028391166724359318,193.7879388332367,False,True,118,0.0258201824504229,0.0262241917054139,0.0258201824504229,0.0282990431645115,0.0278952181907835,500,0.028556480081048087,0.0003373549935421333,0.0281850337903007,0.0295225285391526,0.0013374947488518987,0.011813605618923032,0.028154595479079808,0.00032774804635143744,0.0277840939550346,0.0290810814468691,0.0012969874918344997,0.011641014220750204,True,,False,unavailable,True,x|true_g|best_validation_prediction|final_prediction|algorithm|variant|seed|run_id,"(20000, 1)","(20000, 1)","(20000, 1)","(20000, 1)",0.026275394847309258,0.13671832530132355,0.5473933824950319,0.028391166724359446,0.14206707045905645,0.5999164603445879,0.04779234529483578,True,True,legacy run: per-round Test MSE not logged; only scalar Test MSE from metrics/predictions is available.
baseline_sweep,rerun_protocol_v1_step_fedgda_d_seed2_alpha0p5,step,Step,fedgda_d,FedGDA-D,2,0.5,500,3,0,1000,1000,results/rerun_protocol_v1/step/fedgda_d/seed_2/rerun_protocol_v1_step_fedgda_d_seed2_alpha0p5,True,True,False,True,True,True,True,493,0.031536431513596606,0.032242884169416,0.031550039563337504,0.03227600418539401,8610.774212121964,False,True,493,0.0315364315135966,0.0319308253418899,0.0315364315135966,0.0319571325348518,0.0315500395633375,500,0.03211759975014433,0.00019406445889417413,0.0319308253418899,0.0325544158708774,0.0006235905289874999,0.006042308902404888,0.0317537216072954,0.0002172441675509943,0.0315364315135966,0.0322308327331224,0.0006944012195257976,0.006841534048754858,True,,False,unavailable,True,x|true_g|best_validation_prediction|final_prediction|algorithm|variant|seed|run_id,"(20000, 1)","(20000, 1)","(20000, 1)","(20000, 1)",0.03224288416941603,0.14334304515488602,0.7523449690230013,0.03227600418539396,0.14327114496812873,0.7617476019683365,0.003181961212200588,True,True,legacy run: per-round Test MSE not logged; only scalar Test MSE from metrics/predictions is available.
baseline_sweep,rerun_protocol_v1_step_fedgda_s_seed2_alpha0p5,step,Step,fedgda_s,FedGDA-S,2,0.5,500,3,256,1000,10,results/rerun_protocol_v1/step/fedgda_s/seed_2/rerun_protocol_v1_step_fedgda_s_seed2_alpha0p5,True,True,False,True,True,True,True,341,0.028233344246919444,0.028639580672589676,0.03015045816192462,0.030501320158263172,181.75751304626465,False,True,341,0.0282333442469194,0.0285744402404483,0.0282333442469194,0.0305779801869121,0.0301504581619246,500,0.029940857403036456,0.00023565968904757368,0.0296108185131148,0.0306492944916988,0.001038475978583999,0.007870839698253739,0.029451787888956738,0.00024114683716931073,0.029139237000421,0.0302162040481671,0.0010769670477461003,0.008187850533166827,True,,False,unavailable,True,x|true_g|best_validation_prediction|final_prediction|algorithm|variant|seed|run_id,"(20000, 1)","(20000, 1)","(20000, 1)","(20000, 1)",0.028639580672589694,0.14320326174576625,0.5200433743862938,0.03050132015826316,0.1465651642185308,0.6780254086007144,0.03937500473491943,True,True,legacy run: per-round Test MSE not logged; only scalar Test MSE from metrics/predictions is available.
baseline_sweep,rerun_protocol_v1_step_fedogda_d_seed2_alpha0p5,step,Step,fedogda_d,FedOGDA-D,2,0.5,500,3,0,1000,1000,results/rerun_protocol_v1/step/fedogda_d/seed_2/rerun_protocol_v1_step_fedogda_d_seed2_alpha0p5,True,True,False,True,True,True,True,478,0.0315027731897732,0.03221464618447051,0.03161928998501222,0.03238856784996857,10036.477277994156,False,True,478,0.0315027731897732,0.031900061524789,0.0315027731897732,0.0320514264579238,0.0316192899850122,500,0.03196213428412602,5.557630554087824e-05,0.031900061524789,0.0320970484622938,0.00019698693750479918,0.0017388170967193575,0.03156869588175808,6.456239597868362e-05,0.0315027731897732,0.0317426877188201,0.00023991452904689736,0.0020451397872279834,True,,False,unavailable,True,x|true_g|best_validation_prediction|final_prediction|algorithm|variant|seed|run_id,"(20000, 1)","(20000, 1)","(20000, 1)","(20000, 1)",0.03221464618447056,0.1432765787743459,0.7547115794627053,0.03238856784996841,0.14348074522940915,0.7821229223842796,0.009445467650642999,True,True,legacy run: per-round Test MSE not logged; only scalar Test MSE from metrics/predictions is available.
baseline_sweep,rerun_protocol_v1_step_fedogda_s_seed2_alpha0p5,step,Step,fedogda_s,FedOGDA-S,2,0.5,500,3,256,1000,10,results/rerun_protocol_v1/step/fedogda_s/seed_2/rerun_protocol_v1_step_fedogda_s_seed2_alpha0p5,True,True,False,True,True,True,True,423,0.032275574152071364,0.032898593690411884,0.03379466742402731,0.03482205125673002,196.09724855422974,False,True,423,0.0322755741520713,0.0326307143070616,0.0322755741520713,0.0343518669247399,0.0337946674240272,500,0.033356691314989445,0.0005425570226027784,0.0327620762409685,0.0343778441481451,0.0016157679071765949,0.0162653129316507,0.03284987093127653,0.0005087737950813204,0.0322906531211568,0.0338190694069265,0.0015284162857696973,0.015487847612725753,True,,False,unavailable,True,x|true_g|best_validation_prediction|final_prediction|algorithm|variant|seed|run_id,"(20000, 1)","(20000, 1)","(20000, 1)","(20000, 1)",0.032898593690411704,0.1483850783486362,0.7238334662632764,0.03482205125672997,0.14814136658376303,0.8973141522577475,0.054568073300131026,True,True,legacy run: per-round Test MSE not logged; only scalar Test MSE from metrics/predictions is available.
baseline_sweep,rerun_protocol_v1_step_fedgda_d_seed0_alpha1p0,step,Step,fedgda_d,FedGDA-D,0,1.0,500,3,0,1000,1000,results/rerun_protocol_v1/step/fedgda_d/seed_0/rerun_protocol_v1_step_fedgda_d_seed0_alpha1p0,True,True,False,True,True,True,True,499,0.03015867273811927,0.030703307633754083,0.03015867273811927,0.030703307633754083,8424.016626358032,False,True,499,0.0301586727381192,0.0305922538566039,0.0301586727381192,0.0305922538566039,0.0301586727381192,500,0.030796448845516328,0.00013053001370827923,0.0305922538566039,0.0310346305627866,0.0004423767061827004,0.004238476142592108,0.030359518904780544,0.00012796726270091358,0.0301586727381192,0.0305924950616115,0.00043382232349230276,0.004215062270988863,True,,False,unavailable,True,x|true_g|best_validation_prediction|final_prediction|algorithm|variant|seed|run_id,"(20000, 1)","(20000, 1)","(20000, 1)","(20000, 1)",0.03070330763375415,0.1476153580586181,0.6307223562386972,0.03070330763375415,0.1476153580586181,0.6307223562386972,0.0,True,True,legacy run: per-round Test MSE not logged; only scalar Test MSE from metrics/predictions is available.
baseline_sweep,rerun_protocol_v1_step_fedgda_s_seed0_alpha1p0,step,Step,fedgda_s,FedGDA-S,0,1.0,500,3,256,1000,10,results/rerun_protocol_v1/step/fedgda_s/seed_0/rerun_protocol_v1_step_fedgda_s_seed0_alpha1p0,True,True,False,True,True,True,True,466,0.028039862643424413,0.02846987321520255,0.029269548946161284,0.029632832198242733,178.4482126235962,False,True,466,0.0280398626434244,0.0284714793236203,0.0280398626434244,0.0296863295910893,0.0292695489461612,500,0.029982627049935092,0.0009146292431343999,0.0284714793236203,0.0316335248567784,0.0031620455331580997,0.030505307010326832,0.02955064389823043,0.0009319032500979452,0.0280398626434244,0.0312198555442814,0.0031799929008569996,0.03153580183590348,True,,False,unavailable,True,x|true_g|best_validation_prediction|final_prediction|algorithm|variant|seed|run_id,"(20000, 1)","(20000, 1)","(20000, 1)","(20000, 1)",0.028469873215202477,0.14278178406214106,0.547746930357359,0.029632832198242726,0.14514790888371032,0.6548706339360816,0.03458166052952319,True,True,legacy run: per-round Test MSE not logged; only scalar Test MSE from metrics/predictions is available.
baseline_sweep,rerun_protocol_v1_step_fedogda_d_seed0_alpha1p0,step,Step,fedogda_d,FedOGDA-D,0,1.0,500,3,0,1000,1000,results/rerun_protocol_v1/step/fedogda_d/seed_0/rerun_protocol_v1_step_fedogda_d_seed0_alpha1p0,True,True,False,True,True,True,True,499,0.029161007420156936,0.029694188483456414,0.029161007420156936,0.029694188483456414,9824.436199426651,False,True,499,0.0291610074201569,0.0295798161311481,0.0291610074201569,0.0295798161311481,0.0291610074201569,500,0.02983544504512039,0.00015999046464184214,0.0295798161311481,0.0301230625539341,0.0005432464227859979,0.005362429298436382,0.029413689380077834,0.00015791061259770315,0.0291610074201569,0.0296972917052494,0.0005362842850924997,0.005368609512299313,True,,False,unavailable,True,x|true_g|best_validation_prediction|final_prediction|algorithm|variant|seed|run_id,"(20000, 1)","(20000, 1)","(20000, 1)","(20000, 1)",0.029694188483456525,0.14523716138199985,0.6118976283510227,0.029694188483456525,0.14523716138199985,0.6118976283510227,0.0,True,True,legacy run: per-round Test MSE not logged; only scalar Test MSE from metrics/predictions is available.
baseline_sweep,rerun_protocol_v1_step_fedogda_s_seed0_alpha1p0,step,Step,fedogda_s,FedOGDA-S,0,1.0,500,3,256,1000,10,results/rerun_protocol_v1/step/fedogda_s/seed_0/rerun_protocol_v1_step_fedogda_s_seed0_alpha1p0,True,True,False,True,True,True,True,469,0.030406173687401998,0.03099247519075487,0.03089715455165438,0.0313896517846175,194.20360589027405,False,True,469,0.0304061736874019,0.0308581960993674,0.0304061736874019,0.0313171302471085,0.0308971545516543,500,0.03100455792428097,0.0001211610066950645,0.0308581960993674,0.0313239137928488,0.0004657176934814017,0.003907845001078962,0.03056296441483197,0.00013141593190382674,0.0304061736874019,0.0309024534830286,0.0004962797956266987,0.004299842453765762,True,,False,unavailable,True,x|true_g|best_validation_prediction|final_prediction|algorithm|variant|seed|run_id,"(20000, 1)","(20000, 1)","(20000, 1)","(20000, 1)",0.03099247519075478,0.14795987876855526,0.660365915960508,0.03138965178461743,0.14890736701279225,0.5963626989302906,0.019767864049172846,True,True,legacy run: per-round Test MSE not logged; only scalar Test MSE from metrics/predictions is available.
baseline_sweep,rerun_protocol_v1_step_fedgda_d_seed1_alpha1p0,step,Step,fedgda_d,FedGDA-D,1,1.0,500,3,0,1000,1000,results/rerun_protocol_v1/step/fedgda_d/seed_1/rerun_protocol_v1_step_fedgda_d_seed1_alpha1p0,True,True,False,True,True,True,True,179,0.02574641952375027,0.026134598836368095,0.02811182557730503,0.028654730933773517,8567.101275205612,False,True,179,0.0257464195237502,0.0261165008894747,0.0257464195237502,0.0285537517149615,0.028111825577305,500,0.028707357336934584,0.0003262149864215306,0.0279068046840427,0.0290485255314176,0.0011417208473748983,0.011363462773420312,0.028252825920170373,0.0003142506714836231,0.0274858134292743,0.0285812323328631,0.0010954189035887983,0.011122804931851861,True,,False,unavailable,True,x|true_g|best_validation_prediction|final_prediction|algorithm|variant|seed|run_id,"(20000, 1)","(20000, 1)","(20000, 1)","(20000, 1)",0.026134598836368168,0.13707429425927467,0.5136420152018304,0.028654730933773402,0.14266405872958887,0.6301299971595371,0.04585043603313223,True,True,legacy run: per-round Test MSE not logged; only scalar Test MSE from metrics/predictions is available.
baseline_sweep,rerun_protocol_v1_step_fedgda_s_seed1_alpha1p0,step,Step,fedgda_s,FedGDA-S,1,1.0,500,3,256,1000,10,results/rerun_protocol_v1/step/fedgda_s/seed_1/rerun_protocol_v1_step_fedgda_s_seed1_alpha1p0,True,True,False,True,True,True,True,452,0.02459563278599036,0.024930481480437517,0.039699331278778505,0.040949814212533756,181.46776247024536,False,True,452,0.0245956327859903,0.0249251888065914,0.0245956327859903,0.0403446628174854,0.0396993312787785,500,0.0317766780898731,0.005916903230818569,0.0249251888065914,0.0479957369106268,0.0230705481040354,0.18620269916458718,0.03134408538554833,0.00587122340784175,0.0245956327859903,0.0477163350752297,0.023120702289239403,0.18731519314163073,True,,False,unavailable,True,x|true_g|best_validation_prediction|final_prediction|algorithm|variant|seed|run_id,"(20000, 1)","(20000, 1)","(20000, 1)","(20000, 1)",0.024930481480437496,0.13375130943305646,0.4961405296904805,0.04094981421253382,0.16728091894209796,0.940087444729613,0.10639384494142064,True,True,legacy run: per-round Test MSE not logged; only scalar Test MSE from metrics/predictions is available.
baseline_sweep,rerun_protocol_v1_step_fedogda_d_seed1_alpha1p0,step,Step,fedogda_d,FedOGDA-D,1,1.0,500,3,0,1000,1000,results/rerun_protocol_v1/step/fedogda_d/seed_1/rerun_protocol_v1_step_fedogda_d_seed1_alpha1p0,True,True,False,True,True,True,True,174,0.025188124652050156,0.025550007682638518,0.0277868902066886,0.028302376852343495,9811.24996638298,False,True,174,0.0251881246520501,0.0255500326494332,0.0251881246520501,0.0282050578309028,0.0277868902066886,500,0.02827898590952722,3.9941481483993025e-05,0.0281999654365168,0.0283273491606941,0.00012738372417729973,0.001412408550001671,0.027851714491779443,3.7045767177855635e-05,0.0277722359904307,0.0278965343045707,0.0001242983141400006,0.0013301072430851558,True,,False,unavailable,True,x|true_g|best_validation_prediction|final_prediction|algorithm|variant|seed|run_id,"(20000, 1)","(20000, 1)","(20000, 1)","(20000, 1)",0.025550007682638282,0.13548564855990516,0.47339445744719283,0.02830237685234366,0.1419230941852991,0.6125048811970715,0.029051209264219436,True,True,legacy run: per-round Test MSE not logged; only scalar Test MSE from metrics/predictions is available.
baseline_sweep,rerun_protocol_v1_step_fedogda_s_seed1_alpha1p0,step,Step,fedogda_s,FedOGDA-S,1,1.0,500,3,256,1000,10,results/rerun_protocol_v1/step/fedogda_s/seed_1/rerun_protocol_v1_step_fedogda_s_seed1_alpha1p0,True,True,False,True,True,True,True,115,0.024847618000472943,0.025195464127275868,0.028592469424762647,0.029076856100392644,193.47080063819885,False,True,115,0.0248476180004729,0.0252134782153422,0.0248476180004729,0.0289986642083524,0.0285924694247626,500,0.029631520366565356,0.00023065988312654352,0.0289986642083524,0.0298882318761009,0.0008895676677484997,0.007784274322515289,0.02917372067988393,0.00020374813793160905,0.0285924694247626,0.0294023463261513,0.0008098769013887008,0.006983961359172774,True,,False,unavailable,True,x|true_g|best_validation_prediction|final_prediction|algorithm|variant|seed|run_id,"(20000, 1)","(20000, 1)","(20000, 1)","(20000, 1)",0.02519546412727592,0.1338062480665642,0.47170621172948624,0.029076856100392963,0.14358397470616224,0.5909027487749317,0.04437419508790911,True,True,legacy run: per-round Test MSE not logged; only scalar Test MSE from metrics/predictions is available.
baseline_sweep,rerun_protocol_v1_step_fedgda_d_seed2_alpha1p0,step,Step,fedgda_d,FedGDA-D,2,1.0,500,3,0,1000,1000,results/rerun_protocol_v1/step/fedgda_d/seed_2/rerun_protocol_v1_step_fedgda_d_seed2_alpha1p0,True,True,False,True,True,True,True,491,0.031484098732015256,0.03218819372109492,0.03151022037104319,0.032239682349521355,8530.483174800873,False,True,491,0.0314840987320152,0.031877262631785,0.0314840987320152,0.0319203218425335,0.0315102203710431,500,0.032030824478045304,0.00016559551006770898,0.031877262631785,0.0324177994361569,0.0005405368043718967,0.005169879725737691,0.03166352372916567,0.00018806166520787986,0.0314840987320152,0.0320904473117934,0.0006063485797781973,0.005939378914882234,True,,False,unavailable,True,x|true_g|best_validation_prediction|final_prediction|algorithm|variant|seed|run_id,"(20000, 1)","(20000, 1)","(20000, 1)","(20000, 1)",0.03218819372109493,0.14326572580621072,0.7505654988814441,0.032239682349521355,0.1432261187527116,0.7628509161285975,0.004162533618283925,True,True,legacy run: per-round Test MSE not logged; only scalar Test MSE from metrics/predictions is available.
baseline_sweep,rerun_protocol_v1_step_fedgda_s_seed2_alpha1p0,step,Step,fedgda_s,FedGDA-S,2,1.0,500,3,256,1000,10,results/rerun_protocol_v1/step/fedgda_s/seed_2/rerun_protocol_v1_step_fedgda_s_seed2_alpha1p0,True,True,False,True,True,True,True,463,0.028003270650883046,0.028364487861014483,0.02961782532215492,0.030141683911365305,179.2021074295044,False,True,463,0.028003270650883,0.0284097866921632,0.028003270650883,0.0301265630142322,0.0296178253221549,500,0.029676127362168424,0.0009795182708355265,0.0284097866921632,0.0317024004249623,0.003292613732799099,0.03300694389404162,0.029276815886273712,0.001018922996737048,0.028003270650883,0.0313786351764671,0.0033753645255840993,0.034803067406478615,True,,False,unavailable,True,x|true_g|best_validation_prediction|final_prediction|algorithm|variant|seed|run_id,"(20000, 1)","(20000, 1)","(20000, 1)","(20000, 1)",0.028364487861014653,0.14121271372333447,0.5450563438934872,0.030141683911365454,0.14440840093677776,0.6135326766612127,0.03030870605587395,True,True,legacy run: per-round Test MSE not logged; only scalar Test MSE from metrics/predictions is available.
baseline_sweep,rerun_protocol_v1_step_fedogda_d_seed2_alpha1p0,step,Step,fedogda_d,FedOGDA-D,2,1.0,500,3,0,1000,1000,results/rerun_protocol_v1/step/fedogda_d/seed_2/rerun_protocol_v1_step_fedogda_d_seed2_alpha1p0,True,True,False,True,True,True,True,475,0.03146384318880461,0.03217508500770567,0.03160412924342974,0.03237664686496598,9933.247555971146,False,True,475,0.0314638431888046,0.031861101468877,0.0314638431888046,0.0320393300485108,0.0316041292434297,500,0.031918828639081076,5.137339825549982e-05,0.031861101468877,0.0320393300485108,0.00017822857963379485,0.0016095013647398945,0.03152036423959887,5.034707486575655e-05,0.0314638431888046,0.0316414887478637,0.00017764555905909474,0.0015972872167037263,True,,False,unavailable,True,x|true_g|best_validation_prediction|final_prediction|algorithm|variant|seed|run_id,"(20000, 1)","(20000, 1)","(20000, 1)","(20000, 1)",0.032175085007705835,0.14323266700352355,0.7540163722550279,0.03237664686496594,0.14354806880859866,0.7832609499918219,0.010320404994680635,True,True,legacy run: per-round Test MSE not logged; only scalar Test MSE from metrics/predictions is available.
baseline_sweep,rerun_protocol_v1_step_fedogda_s_seed2_alpha1p0,step,Step,fedogda_s,FedOGDA-S,2,1.0,500,3,256,1000,10,results/rerun_protocol_v1/step/fedogda_s/seed_2/rerun_protocol_v1_step_fedogda_s_seed2_alpha1p0,True,True,False,True,True,True,True,498,0.031111491877231414,0.03180386448039119,0.031124856722735364,0.03181422173630795,192.04123210906982,False,True,498,0.0311114918772314,0.0315110446009177,0.0311114918772314,0.0315231247472203,0.0311248567227353,500,0.03161472225578754,5.90246496887759e-05,0.0315110446009177,0.0317445000034287,0.00023345540251099722,0.001866998837162663,0.031227096637715765,6.360524727902081e-05,0.0311114918772314,0.0313697603108048,0.0002582684335734019,0.0020368607436337532,True,,False,unavailable,True,x|true_g|best_validation_prediction|final_prediction|algorithm|variant|seed|run_id,"(20000, 1)","(20000, 1)","(20000, 1)","(20000, 1)",0.031803864480391186,0.1428103368085039,0.7385662185064945,0.03181422173630782,0.14281645613278748,0.7367404173190126,0.0008951710425651113,True,True,legacy run: per-round Test MSE not logged; only scalar Test MSE from metrics/predictions is available.
baseline_sweep,rerun_protocol_v1_linear_fedgda_d_seed0_alpha0p1,linear,Linear,fedgda_d,FedGDA-D,0,0.1,500,3,0,1000,1000,results/rerun_protocol_v1/linear/fedgda_d/seed_0/rerun_protocol_v1_linear_fedgda_d_seed0_alpha0p1,True,True,False,True,True,True,True,472,0.0004173573645041929,0.00041994293246091114,0.0010783811381165152,0.0010586869489791098,8562.851470708847,False,True,472,0.0004173573645041,0.0004300567142086,0.0004173573645041,0.0010765169573707,0.0010783811381165,500,0.000692689269484638,0.0002218647236292991,0.0004300567142086,0.0011857101500866,0.000755653435878,0.3202947315675423,0.0006806970569220201,0.0002216903569300947,0.0004173573645041,0.0011565578005535,0.0007392004360493999,0.3256813801025311,True,,False,unavailable,True,x|true_g|best_validation_prediction|final_prediction|algorithm|variant|seed|run_id,"(20000, 1)","(20000, 1)","(20000, 1)","(20000, 1)",0.000419942932460914,0.015798669931084253,0.11979143427597672,0.0010586869489791096,0.02964352845658294,0.0539871049169347,0.02104537545611364,True,True,legacy run: per-round Test MSE not logged; only scalar Test MSE from metrics/predictions is available.
baseline_sweep,rerun_protocol_v1_linear_fedgda_s_seed0_alpha0p1,linear,Linear,fedgda_s,FedGDA-S,0,0.1,500,3,256,1000,10,results/rerun_protocol_v1/linear/fedgda_s/seed_0/rerun_protocol_v1_linear_fedgda_s_seed0_alpha0p1,True,True,False,True,True,True,True,481,6.481662991840837e-05,6.552064568177548e-05,0.0008809232219349908,0.0008994462719826203,183.01562452316284,False,True,481,6.481662991840837e-05,6.469867850250991e-05,6.481662991840837e-05,0.0008814344309946,0.0008809232219349,500,0.004247045409890698,0.0034626774383079654,6.469867850250991e-05,0.0118090327241635,0.011744334045660991,0.8153144372424029,0.0042365616706904145,0.0034499792137857293,6.481662991840837e-05,0.0117804052034545,0.011715588573536093,0.8143347086514855,True,,False,unavailable,True,x|true_g|best_validation_prediction|final_prediction|algorithm|variant|seed|run_id,"(20000, 1)","(20000, 1)","(20000, 1)","(20000, 1)",6.552064568177566e-05,0.005727058910017087,0.024592682863743734,0.0008994462719826203,0.025485578443594645,0.07395617726107662,0.020335480893098133,True,True,legacy run: per-round Test MSE not logged; only scalar Test MSE from metrics/predictions is available.
baseline_sweep,rerun_protocol_v1_linear_fedogda_d_seed0_alpha0p1,linear,Linear,fedogda_d,FedOGDA-D,0,0.1,500,3,0,1000,1000,results/rerun_protocol_v1/linear/fedogda_d/seed_0/rerun_protocol_v1_linear_fedogda_d_seed0_alpha0p1,True,True,False,True,True,True,True,464,0.00043575152354468846,0.00043707439684143045,0.0006264084837269369,0.000615866917273714,9745.029773712158,False,True,464,0.0004357515235446,0.0004474271305501,0.0004357515235446,0.0006264154814035,0.0006264084837269,500,0.00052118059232939,5.9353909105801265e-05,0.0004474271305501,0.0006264154814035,0.00017898835085340003,0.11388357505892921,0.000513231673966674,6.326840201506191e-05,0.0004357515235446,0.0006264084837269,0.00019065696018229997,0.12327454680665356,True,,False,unavailable,True,x|true_g|best_validation_prediction|final_prediction|algorithm|variant|seed|run_id,"(20000, 1)","(20000, 1)","(20000, 1)","(20000, 1)",0.0004370743968414306,0.016348013777257,0.11299441814593303,0.0006158669172737153,0.021901804669015316,0.041165573121324184,0.011963161656068163,True,True,legacy run: per-round Test MSE not logged; only scalar Test MSE from metrics/predictions is available.
baseline_sweep,rerun_protocol_v1_linear_fedogda_s_seed0_alpha0p1,linear,Linear,fedogda_s,FedOGDA-S,0,0.1,500,3,256,1000,10,results/rerun_protocol_v1/linear/fedogda_s/seed_0/rerun_protocol_v1_linear_fedogda_s_seed0_alpha0p1,True,True,False,True,True,True,True,423,0.0012675884443516378,0.001262243924902869,0.001970062764856735,0.0019264149138423395,196.66234374046326,False,True,423,0.0012675884443516,0.0012966290415833,0.0012675884443516,0.0019589582824896,0.0019700627648567,500,0.002786771780592784,0.0005304011045398026,0.0019589582824896,0.0037984839654442,0.0018395256829545998,0.1903281453592799,0.0027838453113815153,0.0005307920632256449,0.0019700627648567,0.0037963525498409,0.0018262897849842,0.19066866289428747,True,,False,unavailable,True,x|true_g|best_validation_prediction|final_prediction|algorithm|variant|seed|run_id,"(20000, 1)","(20000, 1)","(20000, 1)","(20000, 1)",0.0012622439249028667,0.022197050844722677,0.2429099321963346,0.0019264149138423323,0.0389033836190641,0.07505505859218542,0.04403011938776317,True,True,legacy run: per-round Test MSE not logged; only scalar Test MSE from metrics/predictions is available.
baseline_sweep,rerun_protocol_v1_linear_fedgda_d_seed1_alpha0p1,linear,Linear,fedgda_d,FedGDA-D,1,0.1,500,3,0,1000,1000,results/rerun_protocol_v1/linear/fedgda_d/seed_1/rerun_protocol_v1_linear_fedgda_d_seed1_alpha0p1,True,True,False,True,True,True,True,497,0.00145816799297845,0.0014605749687742857,0.001616966831361432,0.0016355022140316392,8658.190840482712,False,True,497,0.0014581679929784,0.0014790208064111,0.0014581679929784,0.0016371084887978,0.0016169668313614,500,0.008774552252535782,0.0045526964807909905,0.0014790208064111,0.0144204829943904,0.0129414621879793,0.5188522843972232,0.0086995047917182,0.00452020497957921,0.0014581679929784,0.0143034578676174,0.012845289874639,0.5195933662663624,True,,False,unavailable,True,x|true_g|best_validation_prediction|final_prediction|algorithm|variant|seed|run_id,"(20000, 1)","(20000, 1)","(20000, 1)","(20000, 1)",0.0014605749687742883,0.03149363903296372,0.2020789009560029,0.0016355022140316414,0.035810982790185214,0.178456699612914,0.009244852932559841,True,True,legacy run: per-round Test MSE not logged; only scalar Test MSE from metrics/predictions is available.
baseline_sweep,rerun_protocol_v1_linear_fedgda_s_seed1_alpha0p1,linear,Linear,fedgda_s,FedGDA-S,1,0.1,500,3,256,1000,10,results/rerun_protocol_v1/linear/fedgda_s/seed_1/rerun_protocol_v1_linear_fedgda_s_seed1_alpha0p1,True,True,False,True,True,True,True,299,0.0007671882196400474,0.0007707277504424529,0.023648481515270048,0.024390739309934524,178.7294783592224,False,True,299,0.00076718821964,0.0007719840050035,0.00076718821964,0.0238370689479889,0.02364848151527,500,0.014710040784249992,0.010222334821681358,0.0007827491644419,0.0356249384532938,0.0348421892888519,0.6949222623927997,0.014627788187143083,0.010168450200484801,0.0007779276450482,0.0353695307250613,0.0345916030800131,0.6951461198639886,True,,False,unavailable,True,x|true_g|best_validation_prediction|final_prediction|algorithm|variant|seed|run_id,"(20000, 1)","(20000, 1)","(20000, 1)","(20000, 1)",0.0007707277504424575,0.02581401375208924,0.05187855940928454,0.024390739309934524,0.12478146046540887,0.6439324872516201,0.12786576141017258,True,True,legacy run: per-round Test MSE not logged; only scalar Test MSE from metrics/predictions is available.
baseline_sweep,rerun_protocol_v1_linear_fedogda_d_seed1_alpha0p1,linear,Linear,fedogda_d,FedOGDA-D,1,0.1,500,3,0,1000,1000,results/rerun_protocol_v1/linear/fedogda_d/seed_1/rerun_protocol_v1_linear_fedogda_d_seed1_alpha0p1,True,True,False,True,True,True,True,337,0.0007650735102023903,0.000768078060238619,0.001612774114840797,0.0016200587173734178,9812.825116872787,False,True,337,0.0007650735102023,0.0007787792647051,0.0007650735102023,0.0016266941415789,0.0016127741148407,500,0.0014015601614797621,0.00038230211489994313,0.0008686457084329,0.0018836898492906,0.0010150441408576997,0.2727689651911267,0.0013862793205232044,0.00038392693055065686,0.0008514603106899,0.0018699132808267,0.0010184529701367999,0.27694774412833095,True,,False,unavailable,True,x|true_g|best_validation_prediction|final_prediction|algorithm|variant|seed|run_id,"(20000, 1)","(20000, 1)","(20000, 1)","(20000, 1)",0.0007680780602386166,0.022662055609843173,0.1236800490040113,0.0016200587173734228,0.035530176671021034,0.07400811279931996,0.026201296546296965,True,True,legacy run: per-round Test MSE not logged; only scalar Test MSE from metrics/predictions is available.
baseline_sweep,rerun_protocol_v1_linear_fedogda_s_seed1_alpha0p1,linear,Linear,fedogda_s,FedOGDA-S,1,0.1,500,3,256,1000,10,results/rerun_protocol_v1/linear/fedogda_s/seed_1/rerun_protocol_v1_linear_fedogda_s_seed1_alpha0p1,True,True,False,True,True,True,True,325,0.0008709648846947978,0.0008752994345104018,0.001253278256750317,0.0012667877245754625,190.6394989490509,False,True,325,0.0008709648846947,0.0008833548740787,0.0008709648846947,0.0012745975394968,0.0012532782567503,500,0.002938984460441546,0.0011151856205743624,0.0012362514024249,0.0045669688604183,0.0033307174579934,0.3794459057489605,0.0029243084255769465,0.001117450601319369,0.0012159076609994,0.0045524534359629,0.0033365457749635003,0.3821247415442861,True,,False,unavailable,True,x|true_g|best_validation_prediction|final_prediction|algorithm|variant|seed|run_id,"(20000, 1)","(20000, 1)","(20000, 1)","(20000, 1)",0.0008752994345104007,0.026007229634238984,0.12481519675716668,0.0012667877245754625,0.029427564907353224,0.17147662028969357,0.011589225038759641,True,True,legacy run: per-round Test MSE not logged; only scalar Test MSE from metrics/predictions is available.
baseline_sweep,rerun_protocol_v1_linear_fedgda_d_seed2_alpha0p1,linear,Linear,fedgda_d,FedGDA-D,2,0.1,500,3,0,1000,1000,results/rerun_protocol_v1/linear/fedgda_d/seed_2/rerun_protocol_v1_linear_fedgda_d_seed2_alpha0p1,True,True,False,True,True,True,True,284,0.01085957272302225,0.010981465111730988,0.011644278383909535,0.012019133074431322,8631.765193462372,False,True,284,0.0108595727230222,0.0110756713696108,0.0108595727230222,0.011852879740501,0.0116442783839095,500,0.015666368945122487,0.0016157333119952136,0.011852879740501,0.0171782906307066,0.005325410890205601,0.10313387343646406,0.015431009078469275,0.0016060740783807193,0.0116442783839095,0.0169349165410071,0.005290638157097601,0.10408094961344153,True,,False,unavailable,True,x|true_g|best_validation_prediction|final_prediction|algorithm|variant|seed|run_id,"(20000, 1)","(20000, 1)","(20000, 1)","(20000, 1)",0.010981465111731016,0.08550599444801546,0.5110967037439109,0.012019133074431297,0.08977690926206869,0.47907221645601283,0.06347999060297127,True,True,legacy run: per-round Test MSE not logged; only scalar Test MSE from metrics/predictions is available.
baseline_sweep,rerun_protocol_v1_linear_fedgda_s_seed2_alpha0p1,linear,Linear,fedgda_s,FedGDA-S,2,0.1,500,3,256,1000,10,results/rerun_protocol_v1/linear/fedgda_s/seed_2/rerun_protocol_v1_linear_fedgda_s_seed2_alpha0p1,True,True,False,True,True,True,True,295,0.0003148451342411281,0.00031834185054889806,0.0046857533061223245,0.004911374762764521,183.94777512550354,False,True,295,0.0003148451342411,0.0003202268595078,0.0003148451342411,0.0047679918979278,0.0046857533061223,500,0.005019297244329304,0.0008201006090282345,0.0037955885298518,0.0066990764729986,0.0029034879431468004,0.16338952827604836,0.004974406704613368,0.0008192149604703508,0.003728089628062,0.0066975803007855,0.0029694906727234997,0.16468596339551284,True,,False,unavailable,True,x|true_g|best_validation_prediction|final_prediction|algorithm|variant|seed|run_id,"(20000, 1)","(20000, 1)","(20000, 1)","(20000, 1)",0.00031834185054889974,0.015170627729192615,0.06931606560252002,0.004911374762764533,0.050060585585280946,0.38756441854565193,0.05029914822886611,True,True,legacy run: per-round Test MSE not logged; only scalar Test MSE from metrics/predictions is available.
baseline_sweep,rerun_protocol_v1_linear_fedogda_d_seed2_alpha0p1,linear,Linear,fedogda_d,FedOGDA-D,2,0.1,500,3,0,1000,1000,results/rerun_protocol_v1/linear/fedogda_d/seed_2/rerun_protocol_v1_linear_fedogda_d_seed2_alpha0p1,True,True,False,True,True,True,True,499,0.007433101248853471,0.007580085655972026,0.007433101248853471,0.007580085655972026,9667.55603837967,False,True,499,0.0074331012488534,0.0075910909447991,0.0074331012488534,0.0075910909447991,0.0074331012488534,500,0.010635566741399295,0.0019977216998173356,0.0075910909447991,0.0138323330868055,0.006241242142006401,0.18783406172810121,0.010442713009802748,0.001977157585531284,0.0074331012488534,0.0136077528655682,0.0061746516167148,0.18933370893897908,True,,False,unavailable,True,x|true_g|best_validation_prediction|final_prediction|algorithm|variant|seed|run_id,"(20000, 1)","(20000, 1)","(20000, 1)","(20000, 1)",0.007580085655972029,0.07245202811378429,0.3567766480293786,0.007580085655972029,0.07245202811378429,0.3567766480293786,0.0,True,True,legacy run: per-round Test MSE not logged; only scalar Test MSE from metrics/predictions is available.
baseline_sweep,rerun_protocol_v1_linear_fedogda_s_seed2_alpha0p1,linear,Linear,fedogda_s,FedOGDA-S,2,0.1,500,3,256,1000,10,results/rerun_protocol_v1/linear/fedogda_s/seed_2/rerun_protocol_v1_linear_fedogda_s_seed2_alpha0p1,True,True,False,True,True,True,True,499,0.006097382847877126,0.006236724091884938,0.006097382847877131,0.006236724091884938,195.40023970603943,False,True,499,0.0060973828478771,0.0062287666776964,0.0060973828478771,0.0062287666776964,0.0060973828478771,500,0.009418727529811282,0.0019746812681813485,0.0062287666776964,0.0128349565447853,0.0066061898670889,0.20965478212755076,0.009266740704520186,0.0019690328986363293,0.0060973828478771,0.0126752995695448,0.006577916721667699,0.21248386691945126,True,,False,unavailable,True,x|true_g|best_validation_prediction|final_prediction|algorithm|variant|seed|run_id,"(20000, 1)","(20000, 1)","(20000, 1)","(20000, 1)",0.006236724091884966,0.06490658479519751,0.33901305599697995,0.006236724091884966,0.06490658479519751,0.33901305599697995,0.0,True,True,legacy run: per-round Test MSE not logged; only scalar Test MSE from metrics/predictions is available.
baseline_sweep,rerun_protocol_v1_linear_fedgda_d_seed0_alpha0p5,linear,Linear,fedgda_d,FedGDA-D,0,0.5,500,3,0,1000,1000,results/rerun_protocol_v1/linear/fedgda_d/seed_0/rerun_protocol_v1_linear_fedgda_d_seed0_alpha0p5,True,True,False,True,True,True,True,465,0.00041743596119569207,0.0004200587930385307,0.001240913895332764,0.0012155682081471978,11499.074936628342,False,True,465,0.0004174359611956,0.0004300164307016,0.0004174359611956,0.0012365697647409,0.0012409138953327,500,0.000708639926669686,0.0002515626341527903,0.0004300164307016,0.0012365697647409,0.0008065533340393,0.3549935936224063,0.0007009875476439681,0.0002575970860932033,0.0004174359611956,0.0012409138953327,0.0008234779341371001,0.3674774066372388,True,,False,unavailable,True,x|true_g|best_validation_prediction|final_prediction|algorithm|variant|seed|run_id,"(20000, 1)","(20000, 1)","(20000, 1)","(20000, 1)",0.0004200587930385307,0.015799992846185783,0.11834618807134367,0.0012155682081471974,0.03157927591367281,0.05823623316392579,0.023608577434577376,True,True,legacy run: per-round Test MSE not logged; only scalar Test MSE from metrics/predictions is available.
baseline_sweep,rerun_protocol_v1_linear_fedgda_s_seed0_alpha0p5,linear,Linear,fedgda_s,FedGDA-S,0,0.5,500,3,256,1000,10,results/rerun_protocol_v1/linear/fedgda_s/seed_0/rerun_protocol_v1_linear_fedgda_s_seed0_alpha0p5,True,True,False,True,True,True,True,425,0.0001655646355710424,0.00016656732111549775,0.002360460427699417,0.0023926975756404342,182.94684028625488,False,True,425,0.000165564635571,0.0001699785543045,0.000165564635571,0.0023846940974883,0.0023604604276994,500,0.001260746932676232,0.0008070719151925368,0.0002653662202323,0.0030006464737721,0.0027352802535398,0.6401537804889493,0.001245851975925954,0.0008023651380642093,0.0002554552860721,0.0029746312324169,0.0027191759463448,0.6440292695830641,True,,False,unavailable,True,x|true_g|best_validation_prediction|final_prediction|algorithm|variant|seed|run_id,"(20000, 1)","(20000, 1)","(20000, 1)","(20000, 1)",0.0001665673211154978,0.011394788460543322,0.07744724577989004,0.0023926975756404325,0.040229187295561596,0.21025709145994997,0.04067957996910251,True,True,legacy run: per-round Test MSE not logged; only scalar Test MSE from metrics/predictions is available.
baseline_sweep,rerun_protocol_v1_linear_fedogda_d_seed0_alpha0p5,linear,Linear,fedogda_d,FedOGDA-D,0,0.5,500,3,0,1000,1000,results/rerun_protocol_v1/linear/fedogda_d/seed_0/rerun_protocol_v1_linear_fedogda_d_seed0_alpha0p5,True,True,False,True,True,True,True,456,0.00043518279693349705,0.0004363229007720893,0.0006280497475451605,0.0006168476630115673,9767.197208166122,False,True,456,0.0004351827969334,0.000446753544659,0.0004351827969334,0.0006268784103793,0.0006280497475451,500,0.00053909087469618,7.020370281742052e-05,0.000446753544659,0.0006298264396507,0.00018307289499169994,0.13022610122455852,0.000534113003475854,7.473788213380943e-05,0.0004351827969334,0.0006305475333823,0.00019536473644889997,0.1399289694267632,True,,False,unavailable,True,x|true_g|best_validation_prediction|final_prediction|algorithm|variant|seed|run_id,"(20000, 1)","(20000, 1)","(20000, 1)","(20000, 1)",0.00043632290077208946,0.016154310108141074,0.1112405732348758,0.0006168476630115679,0.021919020706301275,0.041358542074275584,0.013036270315065098,True,True,legacy run: per-round Test MSE not logged; only scalar Test MSE from metrics/predictions is available.
baseline_sweep,rerun_protocol_v1_linear_fedogda_s_seed0_alpha0p5,linear,Linear,fedogda_s,FedOGDA-S,0,0.5,500,3,256,1000,10,results/rerun_protocol_v1/linear/fedogda_s/seed_0/rerun_protocol_v1_linear_fedogda_s_seed0_alpha0p5,True,True,False,True,True,True,True,440,0.0007822137267112849,0.0007847149540269521,0.0011729623566767182,0.0011582412758197687,189.12082052230835,False,True,440,0.0007822137267112,0.0008047361834771,0.0007822137267112,0.0011704923102532,0.0011729623566767,500,0.0016919009365007859,0.0003359055414074161,0.0010743171005901,0.0021497090578347,0.0010753919572445998,0.1985373576907764,0.0016890133700242663,0.00033852577022280996,0.0010597381774671,0.0021476924134467,0.0010879542359796001,0.20042811752161932,True,,False,unavailable,True,x|true_g|best_validation_prediction|final_prediction|algorithm|variant|seed|run_id,"(20000, 1)","(20000, 1)","(20000, 1)","(20000, 1)",0.0007847149540269502,0.018463808295314053,0.15569250343269792,0.0011582412758197654,0.032549504660968204,0.05191836301180219,0.028049718739485432,True,True,legacy run: per-round Test MSE not logged; only scalar Test MSE from metrics/predictions is available.
baseline_sweep,rerun_protocol_v1_linear_fedgda_d_seed1_alpha0p5,linear,Linear,fedgda_d,FedGDA-D,1,0.5,500,3,0,1000,1000,results/rerun_protocol_v1/linear/fedgda_d/seed_1/rerun_protocol_v1_linear_fedgda_d_seed1_alpha0p5,True,True,False,True,True,True,True,490,0.001349059493881742,0.0013492627216256184,0.0029820073029557925,0.003059352890417647,8731.922349214554,False,True,490,0.0013490594938817,0.0013697059274995,0.0013490594938817,0.0030042717146445,0.0029820073029557,500,0.007125991216666075,0.004425551964948201,0.0013697059274995,0.0128569369698735,0.011487231042374,0.6210437019060366,0.0070618371510192835,0.004392191485700808,0.0013490594938817,0.0127499303416039,0.011400870847722198,0.6219615932472831,True,,False,unavailable,True,x|true_g|best_validation_prediction|final_prediction|algorithm|variant|seed|run_id,"(20000, 1)","(20000, 1)","(20000, 1)","(20000, 1)",0.0013492627216256203,0.029332691562546098,0.20008195844378207,0.003059352890417637,0.04799045192550022,0.1652823314894898,0.03750304989796107,True,True,legacy run: per-round Test MSE not logged; only scalar Test MSE from metrics/predictions is available.
baseline_sweep,rerun_protocol_v1_linear_fedgda_s_seed1_alpha0p5,linear,Linear,fedgda_s,FedGDA-S,1,0.5,500,3,256,1000,10,results/rerun_protocol_v1/linear/fedgda_s/seed_1/rerun_protocol_v1_linear_fedgda_s_seed1_alpha0p5,True,True,False,True,True,True,True,330,0.0005037077502202182,0.0005069194132579995,0.016922352747355804,0.01733318059226154,182.78899359703064,False,True,330,0.0005037077502202,0.0005111297279618,0.0005037077502202,0.0169281806307614,0.0169223527473558,500,0.015958534747897546,0.010305277760030214,0.0026683871565647,0.0393354496449746,0.0366670624884099,0.6457533804215879,0.01587656679021525,0.01025543801833126,0.0026356241925335,0.0390267517117576,0.036391127519224103,0.645948091539016,True,,False,unavailable,True,x|true_g|best_validation_prediction|final_prediction|algorithm|variant|seed|run_id,"(20000, 1)","(20000, 1)","(20000, 1)","(20000, 1)",0.0005069194132580006,0.019209057422985263,0.08819429222807007,0.01733318059226152,0.10106998492782893,0.28859574106374164,0.10366505861149712,True,True,legacy run: per-round Test MSE not logged; only scalar Test MSE from metrics/predictions is available.
baseline_sweep,rerun_protocol_v1_linear_fedogda_d_seed1_alpha0p5,linear,Linear,fedogda_d,FedOGDA-D,1,0.5,500,3,0,1000,1000,results/rerun_protocol_v1/linear/fedogda_d/seed_1/rerun_protocol_v1_linear_fedogda_d_seed1_alpha0p5,True,True,False,True,True,True,True,333,0.0007714526017872178,0.0007745383435478757,0.001229249311997301,0.001234528405039161,9596.615570306778,False,True,333,0.0007714526017872,0.0007854614618814,0.0007714526017872,0.0012429489385344,0.0012292493119973,500,0.001343056839431044,0.00029378574363310916,0.0008584960153126,0.0016985335692959,0.0008400375539833001,0.2187440881188356,0.0013291979930873802,0.0002949627894969113,0.0008416966393534,0.0016856289007706,0.0008439322614172,0.22191034821816852,True,,False,unavailable,True,x|true_g|best_validation_prediction|final_prediction|algorithm|variant|seed|run_id,"(20000, 1)","(20000, 1)","(20000, 1)","(20000, 1)",0.000774538343547879,0.02270295168237939,0.12763223300705273,0.0012345284050391658,0.030030358022355434,0.0714358109801092,0.021277872483866977,True,True,legacy run: per-round Test MSE not logged; only scalar Test MSE from metrics/predictions is available.
baseline_sweep,rerun_protocol_v1_linear_fedogda_s_seed1_alpha0p5,linear,Linear,fedogda_s,FedOGDA-S,1,0.5,500,3,256,1000,10,results/rerun_protocol_v1/linear/fedogda_s/seed_1/rerun_protocol_v1_linear_fedogda_s_seed1_alpha0p5,True,True,False,True,True,True,True,338,0.0007639782529321825,0.0007672509647585216,0.0020431030487989103,0.0020528830767290703,194.25671935081482,False,True,338,0.0007639782529321,0.0007781476311245,0.0007639782529321,0.0020578753118147,0.0020431030487989,500,0.0019198512822831682,0.0007557757333000478,0.0009056993340778,0.0039837783437304,0.0030780790096526004,0.3936636864920326,0.0019028502465498543,0.0007516348031774463,0.0008878486214575,0.0039495940809388,0.0030617454594812996,0.3950047065134369,True,,False,unavailable,True,x|true_g|best_validation_prediction|final_prediction|algorithm|variant|seed|run_id,"(20000, 1)","(20000, 1)","(20000, 1)","(20000, 1)",0.000767250964758521,0.021577747114817032,0.11287004994042138,0.0020528830767290516,0.04046726157903536,0.09786570211740386,0.02827388149279195,True,True,legacy run: per-round Test MSE not logged; only scalar Test MSE from metrics/predictions is available.
baseline_sweep,rerun_protocol_v1_linear_fedgda_d_seed2_alpha0p5,linear,Linear,fedgda_d,FedGDA-D,2,0.5,500,3,0,1000,1000,results/rerun_protocol_v1/linear/fedgda_d/seed_2/rerun_protocol_v1_linear_fedgda_d_seed2_alpha0p5,True,True,False,True,True,True,True,499,0.010600353296383216,0.010929807539069166,0.010600353296383216,0.010929807539069166,8536.291757106781,False,True,499,0.0106003532963832,0.0107998565134076,0.0106003532963832,0.0107998565134076,0.0106003532963832,500,0.014830043763779215,0.0018457539460508701,0.0107998565134076,0.0166215690469002,0.005821712533492602,0.12446045173237623,0.01459895812926726,0.001833065139243597,0.0106003532963832,0.0163797185945006,0.005779365298117399,0.12556136698335751,True,,False,unavailable,True,x|true_g|best_validation_prediction|final_prediction|algorithm|variant|seed|run_id,"(20000, 1)","(20000, 1)","(20000, 1)","(20000, 1)",0.010929807539069138,0.08602799036439616,0.4491386479904478,0.010929807539069138,0.08602799036439616,0.4491386479904478,0.0,True,True,legacy run: per-round Test MSE not logged; only scalar Test MSE from metrics/predictions is available.
baseline_sweep,rerun_protocol_v1_linear_fedgda_s_seed2_alpha0p5,linear,Linear,fedgda_s,FedGDA-S,2,0.5,500,3,256,1000,10,results/rerun_protocol_v1/linear/fedgda_s/seed_2/rerun_protocol_v1_linear_fedgda_s_seed2_alpha0p5,True,True,False,True,True,True,True,343,0.0003896788935959265,0.00039595862624269005,0.00676868306393913,0.006809634968664257,180.97529816627502,False,True,343,0.0003896788935959,0.0003977604486828,0.0003896788935959,0.0068287731470085,0.0067686830639391,500,0.0036008696717673943,0.0009692491012610963,0.0027295333328408,0.0068604620429688,0.004130928710128,0.2691708363844686,0.0035693272885426496,0.000960968075420043,0.0027035141886085,0.0068023698321573,0.0040988556435487995,0.2692294647522796,True,,False,unavailable,True,x|true_g|best_validation_prediction|final_prediction|algorithm|variant|seed|run_id,"(20000, 1)","(20000, 1)","(20000, 1)","(20000, 1)",0.0003959586262426902,0.01673013033824546,0.08316549094067405,0.006809634968664196,0.06711267117567064,0.3038972152382149,0.05838284956674365,True,True,legacy run: per-round Test MSE not logged; only scalar Test MSE from metrics/predictions is available.
baseline_sweep,rerun_protocol_v1_linear_fedogda_d_seed2_alpha0p5,linear,Linear,fedogda_d,FedOGDA-D,2,0.5,500,3,0,1000,1000,results/rerun_protocol_v1/linear/fedogda_d/seed_2/rerun_protocol_v1_linear_fedogda_d_seed2_alpha0p5,True,True,False,True,True,True,True,499,0.007182463340149253,0.007310137847492932,0.007182463340149253,0.007310137847492932,9823.80976486206,False,True,499,0.0071824633401492,0.0073359346764933,0.0071824633401492,0.0073359346764933,0.0071824633401492,500,0.009973461267496108,0.0018365887359399447,0.0073359346764933,0.0131198552958561,0.0057839206193627994,0.18414757792517406,0.009786579709263806,0.0018159520875542954,0.0071824633401492,0.0128991443300687,0.0057166809899195,0.18555533613396585,True,,False,unavailable,True,x|true_g|best_validation_prediction|final_prediction|algorithm|variant|seed|run_id,"(20000, 1)","(20000, 1)","(20000, 1)","(20000, 1)",0.007310137847492888,0.07092426618962577,0.36857516241925037,0.007310137847492888,0.07092426618962577,0.36857516241925037,0.0,True,True,legacy run: per-round Test MSE not logged; only scalar Test MSE from metrics/predictions is available.
baseline_sweep,rerun_protocol_v1_linear_fedogda_s_seed2_alpha0p5,linear,Linear,fedogda_s,FedOGDA-S,2,0.5,500,3,256,1000,10,results/rerun_protocol_v1/linear/fedogda_s/seed_2/rerun_protocol_v1_linear_fedogda_s_seed2_alpha0p5,True,True,False,True,True,True,True,499,0.007075657910292095,0.007251052753362265,0.0070756579102920925,0.007251052753362265,193.30265498161316,False,True,499,0.007075657910292,0.0072206768654519,0.007075657910292,0.0072206768654519,0.007075657910292,500,0.01081443045086239,0.0023069708615978315,0.0072206768654519,0.0147888081298681,0.0075681312644161995,0.21332338046650098,0.01062873734117857,0.002280415013790075,0.007075657910292,0.0145536323066115,0.007477974396319501,0.2145518268623628,True,,False,unavailable,True,x|true_g|best_validation_prediction|final_prediction|algorithm|variant|seed|run_id,"(20000, 1)","(20000, 1)","(20000, 1)","(20000, 1)",0.007251052753362227,0.07106894247183404,0.32947809105535897,0.007251052753362227,0.07106894247183404,0.32947809105535897,0.0,True,True,legacy run: per-round Test MSE not logged; only scalar Test MSE from metrics/predictions is available.
baseline_sweep,rerun_protocol_v1_linear_fedgda_d_seed0_alpha1p0,linear,Linear,fedgda_d,FedGDA-D,0,1.0,500,3,0,1000,1000,results/rerun_protocol_v1/linear/fedgda_d/seed_0/rerun_protocol_v1_linear_fedgda_d_seed0_alpha1p0,True,True,False,True,True,True,True,463,0.00042038321843818424,0.0004227994945007816,0.0012068761264129254,0.001183338273380372,9147.388956308365,False,True,463,0.0004203832184381,0.0004331848535445,0.0004203832184381,0.0012026016339155,0.0012068761264129,500,0.0007069842417324361,0.0002499352921295995,0.0004331848535445,0.0012026016339155,0.000769416780371,0.35352314433083154,0.0007000910342232139,0.00025630141352084,0.0004203832184381,0.0012068761264129,0.0007864929079748001,0.36609726591516667,True,,False,unavailable,True,x|true_g|best_validation_prediction|final_prediction|algorithm|variant|seed|run_id,"(20000, 1)","(20000, 1)","(20000, 1)","(20000, 1)",0.0004227994945007813,0.01568341032118874,0.1207001542858317,0.0011833382733803669,0.03153287765861944,0.056842737000390775,0.023039567395516544,True,True,legacy run: per-round Test MSE not logged; only scalar Test MSE from metrics/predictions is available.
baseline_sweep,rerun_protocol_v1_linear_fedgda_s_seed0_alpha1p0,linear,Linear,fedgda_s,FedGDA-S,0,1.0,500,3,256,1000,10,results/rerun_protocol_v1/linear/fedgda_s/seed_0/rerun_protocol_v1_linear_fedgda_s_seed0_alpha1p0,True,True,False,True,True,True,True,430,8.541445515506145e-05,8.424079270976279e-05,0.004764185533900946,0.00484590422526663,184.82423734664917,False,True,430,8.541445515506145e-05,8.640538051439381e-05,8.541445515506145e-05,0.0047791132225803,0.0047641855339009,500,0.0034332833487626373,0.002353640451434601,0.0005034648000234,0.0097326753545759,0.0092292105545525,0.6855363255359794,0.0034174424414469425,0.002354055041988745,0.0004941024111202,0.0097301703458205,0.0092360679347003,0.6888353153921855,True,,False,unavailable,True,x|true_g|best_validation_prediction|final_prediction|algorithm|variant|seed|run_id,"(20000, 1)","(20000, 1)","(20000, 1)","(20000, 1)",8.424079270976265e-05,0.007480693089874295,0.0227949010518691,0.004845904225266631,0.06532324095753085,0.15608359138679218,0.06347663118455413,True,True,legacy run: per-round Test MSE not logged; only scalar Test MSE from metrics/predictions is available.
baseline_sweep,rerun_protocol_v1_linear_fedogda_d_seed0_alpha1p0,linear,Linear,fedogda_d,FedOGDA-D,0,1.0,500,3,0,1000,1000,results/rerun_protocol_v1/linear/fedogda_d/seed_0/rerun_protocol_v1_linear_fedogda_d_seed0_alpha1p0,True,True,False,True,True,True,True,455,0.0004411363103029833,0.00044219568327667194,0.0005907104710830905,0.0005809579606677632,9609.755681037903,False,True,455,0.0004411363103029,0.000452604318057,0.0004411363103029,0.0005897305645979,0.000590710471083,500,0.00053041715828878,5.603546723683008e-05,0.000452604318057,0.0005974813732913,0.00014487705523429995,0.10564414510573235,0.000525664061029944,6.0365418092741806e-05,0.0004411363103029,0.0005977682289952,0.00015663191869230003,0.11483649457500793,True,,False,unavailable,True,x|true_g|best_validation_prediction|final_prediction|algorithm|variant|seed|run_id,"(20000, 1)","(20000, 1)","(20000, 1)","(20000, 1)",0.0004421956832766735,0.01657617853704476,0.11138226260933859,0.0005809579606677653,0.021461496165887776,0.03933377099397817,0.012811838956612621,True,True,legacy run: per-round Test MSE not logged; only scalar Test MSE from metrics/predictions is available.
baseline_sweep,rerun_protocol_v1_linear_fedogda_s_seed0_alpha1p0,linear,Linear,fedogda_s,FedOGDA-S,0,1.0,500,3,256,1000,10,results/rerun_protocol_v1/linear/fedogda_s/seed_0/rerun_protocol_v1_linear_fedogda_s_seed0_alpha1p0,True,True,False,True,True,True,True,457,0.0003851227021513554,0.00038712078798622235,0.0016189356159127016,0.0015920706170610695,194.588449716568,False,True,457,0.0003851227021513,0.0003950873978822,0.0003851227021513,0.0016164648131449,0.0016189356159127,500,0.0009899185057415639,0.00044861875412815014,0.0003950873978822,0.0016241981666276,0.0012291107687454,0.45318756193175985,0.00098702672999389,0.0004528328799980838,0.0003851227021513,0.0016261716562677,0.0012410489541163998,0.4587848193340083,True,,False,unavailable,True,x|true_g|best_validation_prediction|final_prediction|algorithm|variant|seed|run_id,"(20000, 1)","(20000, 1)","(20000, 1)","(20000, 1)",0.0003871207879862228,0.016809339227943976,0.1098160896816951,0.0015920706170610736,0.033471820419511855,0.09209221554389568,0.027567342950192607,True,True,legacy run: per-round Test MSE not logged; only scalar Test MSE from metrics/predictions is available.
baseline_sweep,rerun_protocol_v1_linear_fedgda_d_seed1_alpha1p0,linear,Linear,fedgda_d,FedGDA-D,1,1.0,500,3,0,1000,1000,results/rerun_protocol_v1/linear/fedgda_d/seed_1/rerun_protocol_v1_linear_fedgda_d_seed1_alpha1p0,True,True,False,True,True,True,True,488,0.0012464535657295119,0.0012460202309047964,0.0034580009379588878,0.003546846774105434,8859.243637561798,False,True,488,0.0012464535657295,0.0012673583408054,0.0012464535657295,0.0034819247741889,0.0034580009379588,500,0.006614610643539911,0.004212677613563972,0.0012673583408054,0.0121794444255979,0.0109120860847925,0.6368746159954612,0.006554348397017989,0.0041808717652364324,0.0012464535657295,0.0120776073194477,0.0108311537537182,0.6378775603595608,True,,False,unavailable,True,x|true_g|best_validation_prediction|final_prediction|algorithm|variant|seed|run_id,"(20000, 1)","(20000, 1)","(20000, 1)","(20000, 1)",0.001246020230904796,0.026803198923791006,0.19721702516366624,0.0035468467741054375,0.05168006963340422,0.18417659049855506,0.04492480741311681,True,True,legacy run: per-round Test MSE not logged; only scalar Test MSE from metrics/predictions is available.
baseline_sweep,rerun_protocol_v1_linear_fedgda_s_seed1_alpha1p0,linear,Linear,fedgda_s,FedGDA-S,1,1.0,500,3,256,1000,10,results/rerun_protocol_v1/linear/fedgda_s/seed_1/rerun_protocol_v1_linear_fedgda_s_seed1_alpha1p0,True,True,False,True,True,True,True,496,0.000586642290232431,0.0006129201898141918,0.0116996506927096,0.011980264239393437,177.1493227481842,False,True,496,0.0005866422902324,0.0005978736359994,0.0005866422902324,0.0117339428335583,0.0116996506927096,500,0.015087802910614732,0.011118589084206012,0.0005978736359994,0.0440769883801059,0.043479114744106505,0.7369256577698098,0.015025689045365663,0.0110560966936173,0.0005866422902324,0.0437652272921389,0.0431785850019065,0.7358129574115808,True,,False,unavailable,True,x|true_g|best_validation_prediction|final_prediction|algorithm|variant|seed|run_id,"(20000, 1)","(20000, 1)","(20000, 1)","(20000, 1)",0.0006129201898141946,0.018619037617773317,0.13502691055600446,0.011980264239393443,0.0912321460519435,0.3178453871274256,0.10169066287529943,True,True,legacy run: per-round Test MSE not logged; only scalar Test MSE from metrics/predictions is available.
baseline_sweep,rerun_protocol_v1_linear_fedogda_d_seed1_alpha1p0,linear,Linear,fedogda_d,FedOGDA-D,1,1.0,500,3,0,1000,1000,results/rerun_protocol_v1/linear/fedogda_d/seed_1/rerun_protocol_v1_linear_fedogda_d_seed1_alpha1p0,True,True,False,True,True,True,True,332,0.0007656886480202661,0.000768839938839923,0.0011780484640420098,0.0011839151730021404,9784.31794333458,False,True,332,0.0007656886480202,0.0007796396761354,0.0007656886480202,0.0011923260502796,0.001178048464042,500,0.0013700918211796897,0.0002801786836773209,0.0008681939633874,0.0017109244813437,0.0008427305179563001,0.20449628218061963,0.0013560205063723476,0.0002810550876285403,0.0008512354805113,0.0016975638217186,0.0008463283412073001,0.20726462933840456,True,,False,unavailable,True,x|true_g|best_validation_prediction|final_prediction|algorithm|variant|seed|run_id,"(20000, 1)","(20000, 1)","(20000, 1)","(20000, 1)",0.0007688399388399181,0.02258495696749314,0.12554070032965758,0.0011839151730021417,0.028983388014919974,0.07681638670235857,0.01971989258693242,True,True,legacy run: per-round Test MSE not logged; only scalar Test MSE from metrics/predictions is available.
baseline_sweep,rerun_protocol_v1_linear_fedogda_s_seed1_alpha1p0,linear,Linear,fedogda_s,FedOGDA-S,1,1.0,500,3,256,1000,10,results/rerun_protocol_v1/linear/fedogda_s/seed_1/rerun_protocol_v1_linear_fedogda_s_seed1_alpha1p0,True,True,False,True,True,True,True,337,0.0007430554121704244,0.0007490467925889216,0.00129183801770664,0.0012842777566505347,196.68683385849,False,True,337,0.0007430554121704,0.000756506709044,0.0007430554121704,0.001303967707651,0.0012918380177066,500,0.002362060235618612,0.0006711164850725105,0.001107210228008,0.0032891658364249,0.0021819556084169,0.2841233576317957,0.0023506190433487265,0.000669960549361682,0.001095890984186,0.0032751684358779,0.0021792774516919,0.2850145161792131,True,,False,unavailable,True,x|true_g|best_validation_prediction|final_prediction|algorithm|variant|seed|run_id,"(20000, 1)","(20000, 1)","(20000, 1)","(20000, 1)",0.0007490467925889173,0.022762631614288237,0.08335374633989745,0.0012842777566505394,0.02652806404159585,0.07547878168029598,0.0206762653075182,True,True,legacy run: per-round Test MSE not logged; only scalar Test MSE from metrics/predictions is available.
baseline_sweep,rerun_protocol_v1_linear_fedgda_d_seed2_alpha1p0,linear,Linear,fedgda_d,FedGDA-D,2,1.0,500,3,0,1000,1000,results/rerun_protocol_v1/linear/fedgda_d/seed_2/rerun_protocol_v1_linear_fedgda_d_seed2_alpha1p0,True,True,False,True,True,True,True,499,0.010481929218808205,0.010804873823933555,0.010481929218808205,0.010804873823933555,8627.061374664307,False,True,499,0.0104819292188082,0.0106786422058937,0.0104819292188082,0.0106786422058937,0.0104819292188082,500,0.014539883461744452,0.00175170100408839,0.0106786422058937,0.0162274212974116,0.005548779091517901,0.12047558762745586,0.014312772959773788,0.0017396206514684292,0.0104819292188082,0.0159901991556015,0.005508269936793301,0.12154322969823199,True,,False,unavailable,True,x|true_g|best_validation_prediction|final_prediction|algorithm|variant|seed|run_id,"(20000, 1)","(20000, 1)","(20000, 1)","(20000, 1)",0.010804873823933567,0.08561598009951177,0.4455374414252671,0.010804873823933567,0.08561598009951177,0.4455374414252671,0.0,True,True,legacy run: per-round Test MSE not logged; only scalar Test MSE from metrics/predictions is available.
baseline_sweep,rerun_protocol_v1_linear_fedgda_s_seed2_alpha1p0,linear,Linear,fedgda_s,FedGDA-S,2,1.0,500,3,256,1000,10,results/rerun_protocol_v1/linear/fedgda_s/seed_2/rerun_protocol_v1_linear_fedgda_s_seed2_alpha1p0,True,True,False,True,True,True,True,300,0.0005648602861198424,0.0005595686814700478,0.0051424204614957435,0.005193749711193318,181.03696966171265,False,True,300,0.0005648602861198,0.0005713113278191,0.0005648602861198,0.005177388346418,0.0051424204614957,500,0.00535514967677223,0.0016137536844962844,0.0036720436252501,0.0093174039484075,0.0056453603231574005,0.3013461400520481,0.005282552778082717,0.0015858144495627684,0.0036334869781229,0.009193375732914,0.0055598887547911,0.30019850556766875,True,,False,unavailable,True,x|true_g|best_validation_prediction|final_prediction|algorithm|variant|seed|run_id,"(20000, 1)","(20000, 1)","(20000, 1)","(20000, 1)",0.0005595686814700468,0.020435945724092217,0.06526860805105406,0.005193749711193326,0.05977280422143963,0.22047114052492156,0.06088909916130327,True,True,legacy run: per-round Test MSE not logged; only scalar Test MSE from metrics/predictions is available.
baseline_sweep,rerun_protocol_v1_linear_fedogda_d_seed2_alpha1p0,linear,Linear,fedogda_d,FedOGDA-D,2,1.0,500,3,0,1000,1000,results/rerun_protocol_v1/linear/fedogda_d/seed_2/rerun_protocol_v1_linear_fedogda_d_seed2_alpha1p0,True,True,False,True,True,True,True,499,0.007114183177274453,0.007237106288113536,0.007114183177274453,0.007237106288113536,9730.240211248398,False,True,499,0.0071141831772744,0.0072659380397839,0.0071141831772744,0.0072659380397839,0.0071141831772744,500,0.009771050618501361,0.001764347053399183,0.0072659380397839,0.0128353114503392,0.0055693734105553006,0.18056881724247892,0.009587317395558924,0.0017445040744889161,0.0071141831772744,0.0126187896732044,0.005504606495930001,0.18195956204568886,True,,False,unavailable,True,x|true_g|best_validation_prediction|final_prediction|algorithm|variant|seed|run_id,"(20000, 1)","(20000, 1)","(20000, 1)","(20000, 1)",0.007237106288113553,0.07056615013362819,0.36786509444387194,0.007237106288113553,0.07056615013362819,0.36786509444387194,0.0,True,True,legacy run: per-round Test MSE not logged; only scalar Test MSE from metrics/predictions is available.
baseline_sweep,rerun_protocol_v1_linear_fedogda_s_seed2_alpha1p0,linear,Linear,fedogda_s,FedOGDA-S,2,1.0,500,3,256,1000,10,results/rerun_protocol_v1/linear/fedogda_s/seed_2/rerun_protocol_v1_linear_fedogda_s_seed2_alpha1p0,True,True,False,True,True,True,True,499,0.006515009258923614,0.006598469925796079,0.006515009258923612,0.006598469925796079,197.05843305587769,False,True,499,0.0065150092589236,0.0066533981738723,0.0065150092589236,0.0066533981738723,0.0065150092589236,500,0.008787268148052708,0.0015728607163049081,0.0066533981738723,0.0114355652706746,0.004782167096802301,0.17899313982508433,0.008617758181436772,0.0015552350902815597,0.0065150092589236,0.0112489223432515,0.0047339130843279,0.1804686390054017,True,,False,unavailable,True,x|true_g|best_validation_prediction|final_prediction|algorithm|variant|seed|run_id,"(20000, 1)","(20000, 1)","(20000, 1)","(20000, 1)",0.006598469925796075,0.06644571797626003,0.3833636913062193,0.006598469925796075,0.06644571797626003,0.3833636913062193,0.0,True,True,legacy run: per-round Test MSE not logged; only scalar Test MSE from metrics/predictions is available.
baseline_sweep,rerun_protocol_v1_sin_fedgda_d_seed0_alpha0p1,sin,Sine,fedgda_d,FedGDA-D,0,0.1,500,3,0,1000,1000,results/rerun_protocol_v1/sin/fedgda_d/seed_0/rerun_protocol_v1_sin_fedgda_d_seed0_alpha0p1,True,True,False,True,True,True,True,499,0.08738817487127391,0.09000987619326388,0.08738817487127391,0.09000987619326388,8607.870418548584,False,True,499,0.0873881748712739,0.0899307818540603,0.0873881748712739,0.0899307818540603,0.0873881748712739,500,0.09000212626018218,3.1818927496911115e-05,0.0899307818540603,0.0900384311803156,0.00010764932625530188,0.000353535286543426,0.08745892265344166,3.2538024680564435e-05,0.0873881748712739,0.0874988861270434,0.00011071125576950225,0.0003720377943540105,True,,False,unavailable,True,x|true_g|best_validation_prediction|final_prediction|algorithm|variant|seed|run_id,"(20000, 1)","(20000, 1)","(20000, 1)","(20000, 1)",0.09000987619326391,0.24676644272815257,0.9846364927516331,0.09000987619326391,0.24676644272815257,0.9846364927516331,0.0,True,True,legacy run: per-round Test MSE not logged; only scalar Test MSE from metrics/predictions is available.
baseline_sweep,rerun_protocol_v1_sin_fedgda_s_seed0_alpha0p1,sin,Sine,fedgda_s,FedGDA-S,0,0.1,500,3,256,1000,10,results/rerun_protocol_v1/sin/fedgda_s/seed_0/rerun_protocol_v1_sin_fedgda_s_seed0_alpha0p1,True,True,False,True,True,True,True,469,0.08189453964122478,0.0837320533183688,0.08332989461805268,0.08456007782288795,179.86852407455444,False,True,469,0.0818945396412247,0.0842713138593344,0.0818945396412247,0.0852334732252799,0.0833298946180526,500,0.08640434905241783,0.001855996352328126,0.0842713138593344,0.0917647757575746,0.007493461898240197,0.021480358022281636,0.08399870015031459,0.001933635510542683,0.0818945396412247,0.0898842337559196,0.007989694114694898,0.02301982658163123,True,,False,unavailable,True,x|true_g|best_validation_prediction|final_prediction|algorithm|variant|seed|run_id,"(20000, 1)","(20000, 1)","(20000, 1)","(20000, 1)",0.08373205331836868,0.23401974379450252,1.0074529246075579,0.08456007782288802,0.23594300751752698,1.0751703704296545,0.052024387184418604,True,True,legacy run: per-round Test MSE not logged; only scalar Test MSE from metrics/predictions is available.
baseline_sweep,rerun_protocol_v1_sin_fedogda_d_seed0_alpha0p1,sin,Sine,fedogda_d,FedOGDA-D,0,0.1,500,3,0,1000,1000,results/rerun_protocol_v1/sin/fedogda_d/seed_0/rerun_protocol_v1_sin_fedogda_d_seed0_alpha0p1,True,True,False,True,True,True,True,499,0.087306127358294,0.08992452977277386,0.087306127358294,0.08992452977277386,9658.335350751877,False,True,499,0.087306127358294,0.0898451622439286,0.087306127358294,0.0898451622439286,0.087306127358294,500,0.08997641142056878,7.08728933491238e-05,0.0898451622439286,0.090087352725249,0.00024219048132038956,0.0007876830408122069,0.08743078519980399,6.773527516022532e-05,0.087306127358294,0.0875376320775609,0.00023150471926690341,0.0007747302624062123,True,,False,unavailable,True,x|true_g|best_validation_prediction|final_prediction|algorithm|variant|seed|run_id,"(20000, 1)","(20000, 1)","(20000, 1)","(20000, 1)",0.08992452977277396,0.24683578515383414,0.9839612635478472,0.08992452977277396,0.24683578515383414,0.9839612635478472,0.0,True,True,legacy run: per-round Test MSE not logged; only scalar Test MSE from metrics/predictions is available.
baseline_sweep,rerun_protocol_v1_sin_fedogda_s_seed0_alpha0p1,sin,Sine,fedogda_s,FedOGDA-S,0,0.1,500,3,256,1000,10,results/rerun_protocol_v1/sin/fedogda_s/seed_0/rerun_protocol_v1_sin_fedogda_s_seed0_alpha0p1,True,True,False,True,True,True,True,402,0.08732176614876729,0.09010945455345735,0.09023609286653238,0.09339011742078997,205.30420017242432,False,True,402,0.0873217661487672,0.0898892232503501,0.0873217661487672,0.0932596728611939,0.0902360928665323,500,0.09498642906648627,0.0015575349294118226,0.0923846827041082,0.0975479087867048,0.005163226082596603,0.01639744692709332,0.09178366989062026,0.0014242492320834606,0.0894269616964798,0.0941482700250536,0.0047213083285738006,0.015517457885272578,True,,False,unavailable,True,x|true_g|best_validation_prediction|final_prediction|algorithm|variant|seed|run_id,"(20000, 1)","(20000, 1)","(20000, 1)","(20000, 1)",0.09010945455345645,0.2487976093775505,1.0112435281700438,0.09339011742079024,0.2422962562175072,1.0938312111901856,0.03864569543465869,True,True,legacy run: per-round Test MSE not logged; only scalar Test MSE from metrics/predictions is available.
baseline_sweep,rerun_protocol_v1_sin_fedgda_d_seed1_alpha0p1,sin,Sine,fedgda_d,FedGDA-D,1,0.1,500,3,0,1000,1000,results/rerun_protocol_v1/sin/fedgda_d/seed_1/rerun_protocol_v1_sin_fedgda_d_seed1_alpha0p1,True,True,False,True,True,True,True,169,0.07927617270840466,0.08109314924971982,0.08426966218157708,0.08696955744806288,8622.48870420456,False,True,169,0.0792761727084046,0.0812760432284306,0.0792761727084046,0.0868578029661571,0.084269662181577,500,0.08766722913457269,0.000545653469707117,0.086392110426268,0.0883015229319362,0.001909412505668201,0.006224144131092784,0.08499587081790183,0.0005029401489377748,0.0838172216786129,0.0855801093621831,0.001762887683570205,0.005917230379523866,True,,False,unavailable,True,x|true_g|best_validation_prediction|final_prediction|algorithm|variant|seed|run_id,"(20000, 1)","(20000, 1)","(20000, 1)","(20000, 1)",0.08109314924972025,0.24047972576685706,0.8324983209100785,0.08696955744806266,0.23883080410203,1.0024485516039234,0.05151276295097632,True,True,legacy run: per-round Test MSE not logged; only scalar Test MSE from metrics/predictions is available.
baseline_sweep,rerun_protocol_v1_sin_fedgda_s_seed1_alpha0p1,sin,Sine,fedgda_s,FedGDA-S,1,0.1,500,3,256,1000,10,results/rerun_protocol_v1/sin/fedgda_s/seed_1/rerun_protocol_v1_sin_fedgda_s_seed1_alpha0p1,True,True,False,True,True,True,True,486,0.07080392683672448,0.07252873976572619,0.07202875779840277,0.07427679011235436,180.46709394454956,False,True,486,0.0708039268367244,0.0726524640858162,0.0708039268367244,0.0743274258081843,0.0720287577984028,500,0.07789099027391272,0.0038769841521778675,0.0726524640858162,0.0882800841004839,0.015627620014667692,0.04977448789062769,0.07592547100369659,0.003963884767069085,0.0708039268367244,0.087497016966163,0.016693090129438592,0.05220757559575884,True,,False,unavailable,True,x|true_g|best_validation_prediction|final_prediction|algorithm|variant|seed|run_id,"(20000, 1)","(20000, 1)","(20000, 1)","(20000, 1)",0.07252873976572626,0.21894365766653928,0.8685112619734857,0.07427679011235412,0.21659059150035692,0.9287049386494861,0.03174163533420461,True,True,legacy run: per-round Test MSE not logged; only scalar Test MSE from metrics/predictions is available.
baseline_sweep,rerun_protocol_v1_sin_fedogda_d_seed1_alpha0p1,sin,Sine,fedogda_d,FedOGDA-D,1,0.1,500,3,0,1000,1000,results/rerun_protocol_v1/sin/fedogda_d/seed_1/rerun_protocol_v1_sin_fedogda_d_seed1_alpha0p1,True,True,False,True,True,True,True,111,0.0792182448861643,0.08121494249418329,0.08356626169226097,0.08620707692500745,9509.744106292725,False,True,111,0.0792182448861643,0.0812887169986634,0.0792182448861643,0.086072807011366,0.0835662616922609,500,0.08646885771678196,0.00017677380556924217,0.086072807011366,0.086653514028111,0.000580707016744994,0.0020443638349918174,0.0839149296412901,0.0001555998429846442,0.0835662616922609,0.0840785456243914,0.0005122839321305,0.0018542569677384526,True,,False,unavailable,True,x|true_g|best_validation_prediction|final_prediction|algorithm|variant|seed|run_id,"(20000, 1)","(20000, 1)","(20000, 1)","(20000, 1)",0.08121494249418368,0.23797306834968496,0.8825310152273538,0.08620707692500744,0.24031906838016212,0.988008240464501,0.05137079337971239,True,True,legacy run: per-round Test MSE not logged; only scalar Test MSE from metrics/predictions is available.
baseline_sweep,rerun_protocol_v1_sin_fedogda_s_seed1_alpha0p1,sin,Sine,fedogda_s,FedOGDA-S,1,0.1,500,3,256,1000,10,results/rerun_protocol_v1/sin/fedogda_s/seed_1/rerun_protocol_v1_sin_fedogda_s_seed1_alpha0p1,True,True,False,True,True,True,True,25,0.07867262636737331,0.08011050574834426,0.08489368772199031,0.08786917987176532,197.877290725708,False,True,25,0.0786726263673733,0.0804881479362248,0.0786726263673733,0.0875306293881492,0.0848936877219903,500,0.08994834871285891,0.0009992318203016488,0.0875306293881492,0.0914217796038771,0.00389115021572789,0.011108951243690811,0.08711784955367743,0.0009072239881239394,0.0848936877219903,0.0884017023642727,0.0035080146422823977,0.01041375553657297,True,,False,unavailable,True,x|true_g|best_validation_prediction|final_prediction|algorithm|variant|seed|run_id,"(20000, 1)","(20000, 1)","(20000, 1)","(20000, 1)",0.08011050574834469,0.24253708505254398,0.767875612506453,0.08786917987176557,0.24331785950450213,1.0451680109798394,0.07598595498535035,True,True,legacy run: per-round Test MSE not logged; only scalar Test MSE from metrics/predictions is available.
baseline_sweep,rerun_protocol_v1_sin_fedgda_d_seed2_alpha0p1,sin,Sine,fedgda_d,FedGDA-D,2,0.1,500,3,0,1000,1000,results/rerun_protocol_v1/sin/fedgda_d/seed_2/rerun_protocol_v1_sin_fedgda_d_seed2_alpha0p1,True,True,False,True,True,True,True,486,0.08437238996634831,0.087358804884214,0.08441614896722856,0.08746168456330232,8594.02824473381,False,True,486,0.0843723899663483,0.0866782737729297,0.0843723899663483,0.0868033671395946,0.0844161489672285,500,0.08671950612140597,3.633814366343276e-05,0.0866782737729297,0.0868033671395946,0.00012509336666489956,0.00041903079582302876,0.08443539761489481,6.532104777642491e-05,0.0843723899663483,0.0845892394619522,0.00021684949560389633,0.0007736216044644049,True,,False,unavailable,True,x|true_g|best_validation_prediction|final_prediction|algorithm|variant|seed|run_id,"(20000, 1)","(20000, 1)","(20000, 1)","(20000, 1)",0.08735880488421431,0.2485453079510286,1.0229402634438323,0.08746168456330258,0.24747442930507058,1.035273654898071,0.00495734658144218,True,True,legacy run: per-round Test MSE not logged; only scalar Test MSE from metrics/predictions is available.
baseline_sweep,rerun_protocol_v1_sin_fedgda_s_seed2_alpha0p1,sin,Sine,fedgda_s,FedGDA-S,2,0.1,500,3,256,1000,10,results/rerun_protocol_v1/sin/fedgda_s/seed_2/rerun_protocol_v1_sin_fedgda_s_seed2_alpha0p1,True,True,False,True,True,True,True,485,0.07828553848043666,0.08011009984218251,0.08080058846985269,0.08260777252388152,181.1746153831482,False,True,485,0.0782855384804366,0.080331018547359,0.0782855384804366,0.082957755244463,0.0808005884698526,500,0.08492888098271463,0.003817982744274427,0.080331018547359,0.0912280679257354,0.010897049378376406,0.04495505769175849,0.08247874472160242,0.0034568363233219036,0.0782855384804366,0.0883212491247574,0.010035710644320808,0.041911844499938254,True,,False,unavailable,True,x|true_g|best_validation_prediction|final_prediction|algorithm|variant|seed|run_id,"(20000, 1)","(20000, 1)","(20000, 1)","(20000, 1)",0.08011009984218202,0.23712393537950202,0.8663734132213999,0.08260777252388164,0.23387832993087254,0.98568234020103,0.029494942780831826,True,True,legacy run: per-round Test MSE not logged; only scalar Test MSE from metrics/predictions is available.
baseline_sweep,rerun_protocol_v1_sin_fedogda_d_seed2_alpha0p1,sin,Sine,fedogda_d,FedOGDA-D,2,0.1,500,3,0,1000,1000,results/rerun_protocol_v1/sin/fedogda_d/seed_2/rerun_protocol_v1_sin_fedogda_d_seed2_alpha0p1,True,True,False,True,True,True,True,470,0.08447835016454014,0.0874952918880233,0.08464852027313538,0.08778571162322724,9569.286844730377,False,True,470,0.0844783501645401,0.0868129404401971,0.0844783501645401,0.087123075810407,0.0846485202731353,500,0.08689668934761062,9.347546000195694e-05,0.0868129404401971,0.087123075810407,0.00031013537020989357,0.001075707955087097,0.08452248624153876,4.565165493372665e-05,0.0844783501645401,0.0846485202731353,0.00017017010859519954,0.0005401125423981086,True,,False,unavailable,True,x|true_g|best_validation_prediction|final_prediction|algorithm|variant|seed|run_id,"(20000, 1)","(20000, 1)","(20000, 1)","(20000, 1)",0.08749529188802305,0.24810166854360682,1.0286147701205404,0.08778571162322678,0.24599304914439885,1.054097428351589,0.009964929079902884,True,True,legacy run: per-round Test MSE not logged; only scalar Test MSE from metrics/predictions is available.
baseline_sweep,rerun_protocol_v1_sin_fedogda_s_seed2_alpha0p1,sin,Sine,fedogda_s,FedOGDA-S,2,0.1,500,3,256,1000,10,results/rerun_protocol_v1/sin/fedogda_s/seed_2/rerun_protocol_v1_sin_fedogda_s_seed2_alpha0p1,True,True,False,True,True,True,True,420,0.08382666722090722,0.08660816378567072,0.0879878081428872,0.09164056843151362,204.38344478607178,False,True,420,0.0838266672209072,0.086016442824788,0.0838266672209072,0.0909802658059639,0.0879878081428872,500,0.08887241601084771,0.0011580916636834812,0.0871462607775642,0.0909802658059639,0.0038340050283997007,0.013030946109781975,0.08620964022722594,0.0009305403745012512,0.0848758618749006,0.0879878081428872,0.0031119462679866094,0.010793924809900511,True,,False,unavailable,True,x|true_g|best_validation_prediction|final_prediction|algorithm|variant|seed|run_id,"(20000, 1)","(20000, 1)","(20000, 1)","(20000, 1)",0.08660816378567153,0.24952658984364248,0.9837946299108475,0.09164056843151391,0.23924231687872952,1.1596050557673991,0.06125232315819733,True,True,legacy run: per-round Test MSE not logged; only scalar Test MSE from metrics/predictions is available.
baseline_sweep,rerun_protocol_v1_sin_fedgda_d_seed0_alpha0p5,sin,Sine,fedgda_d,FedGDA-D,0,0.5,500,3,0,1000,1000,results/rerun_protocol_v1/sin/fedgda_d/seed_0/rerun_protocol_v1_sin_fedgda_d_seed0_alpha0p5,True,True,False,True,True,True,True,499,0.08753152663301575,0.0901691072308283,0.08753152663301575,0.0901691072308283,8550.230964422226,False,True,499,0.0875315266330157,0.090087944875458,0.0875315266330157,0.090087944875458,0.0875315266330157,500,0.09019319661999042,5.107066193424529e-05,0.090087944875458,0.0902595060828964,0.00017156120743840042,0.0005662362999442242,0.08763333603050524,5.0294023512184045e-05,0.0875315266330157,0.0877008411694091,0.00016931453639340566,0.0005739142863929847,True,,False,unavailable,True,x|true_g|best_validation_prediction|final_prediction|algorithm|variant|seed|run_id,"(20000, 1)","(20000, 1)","(20000, 1)","(20000, 1)",0.09016910723082851,0.24651525085716874,0.987974292058154,0.09016910723082851,0.24651525085716874,0.987974292058154,0.0,True,True,legacy run: per-round Test MSE not logged; only scalar Test MSE from metrics/predictions is available.
baseline_sweep,rerun_protocol_v1_sin_fedgda_s_seed0_alpha0p5,sin,Sine,fedgda_s,FedGDA-S,0,0.5,500,3,256,1000,10,results/rerun_protocol_v1/sin/fedgda_s/seed_0/rerun_protocol_v1_sin_fedgda_s_seed0_alpha0p5,True,True,False,True,True,True,True,487,0.0792361134606482,0.08084465012555463,0.0796690112491075,0.0816933093903071,183.45447540283203,False,True,487,0.0792361134606482,0.0811393789284906,0.0792361134606482,0.0819356356291184,0.0796690112491075,500,0.08300261699531321,0.0015980974612679246,0.0811393789284906,0.0860467264979978,0.004907347569507198,0.019253579213751322,0.0807464693686268,0.0013432783185413969,0.0792361134606482,0.0833902470282847,0.004154133567636498,0.0166357529814587,True,,False,unavailable,True,x|true_g|best_validation_prediction|final_prediction|algorithm|variant|seed|run_id,"(20000, 1)","(20000, 1)","(20000, 1)","(20000, 1)",0.08084465012555467,0.24069966030274687,0.8563923293252715,0.08169330939030701,0.2374001519910606,0.8890758776117172,0.028452134662960038,True,True,legacy run: per-round Test MSE not logged; only scalar Test MSE from metrics/predictions is available.
baseline_sweep,rerun_protocol_v1_sin_fedogda_d_seed0_alpha0p5,sin,Sine,fedogda_d,FedOGDA-D,0,0.5,500,3,0,1000,1000,results/rerun_protocol_v1/sin/fedogda_d/seed_0/rerun_protocol_v1_sin_fedogda_d_seed0_alpha0p5,True,True,False,True,True,True,True,499,0.08755181865759408,0.09017894773973445,0.08755181865759408,0.09017894773973445,9705.299481868744,False,True,499,0.087551818657594,0.0901072828095681,0.087551818657594,0.0901072828095681,0.087551818657594,500,0.09026663927018352,8.303760686705983e-05,0.0901072828095681,0.0903876572582232,0.0002803744486550991,0.0009199146831922482,0.08770117136906365,7.844498233521452e-05,0.087551818657594,0.0878163002302955,0.0002644815727015082,0.0008944576350651319,True,,False,unavailable,True,x|true_g|best_validation_prediction|final_prediction|algorithm|variant|seed|run_id,"(20000, 1)","(20000, 1)","(20000, 1)","(20000, 1)",0.09017894773973455,0.24644025988279356,0.9864320082158999,0.09017894773973455,0.24644025988279356,0.9864320082158999,0.0,True,True,legacy run: per-round Test MSE not logged; only scalar Test MSE from metrics/predictions is available.
baseline_sweep,rerun_protocol_v1_sin_fedogda_s_seed0_alpha0p5,sin,Sine,fedogda_s,FedOGDA-S,0,0.5,500,3,256,1000,10,results/rerun_protocol_v1/sin/fedogda_s/seed_0/rerun_protocol_v1_sin_fedogda_s_seed0_alpha0p5,True,True,False,True,True,True,True,429,0.08778774919932615,0.09058282447044726,0.08780325081729268,0.09061746668689433,196.77295804023743,False,True,429,0.0877877491993261,0.0903386307859193,0.0877877491993261,0.0904833624417439,0.0878032508172926,500,0.09113206851537975,0.00030532357434507094,0.0904833624417439,0.0915382259709627,0.0010548635292187969,0.0033503417547637855,0.08842088542424323,0.00028399719462394036,0.0878032508172926,0.088765914640664,0.0009626638233714013,0.0032118791082143363,True,,False,unavailable,True,x|true_g|best_validation_prediction|final_prediction|algorithm|variant|seed|run_id,"(20000, 1)","(20000, 1)","(20000, 1)","(20000, 1)",0.09058282447044777,0.24757195777141724,1.013089971904823,0.09061746668689381,0.24548983351793205,1.023072359340012,0.010591554811893486,True,True,legacy run: per-round Test MSE not logged; only scalar Test MSE from metrics/predictions is available.
baseline_sweep,rerun_protocol_v1_sin_fedgda_d_seed1_alpha0p5,sin,Sine,fedgda_d,FedGDA-D,1,0.5,500,3,0,1000,1000,results/rerun_protocol_v1/sin/fedgda_d/seed_1/rerun_protocol_v1_sin_fedgda_d_seed1_alpha0p5,True,True,False,True,True,True,True,168,0.07925861112569858,0.0810968603571106,0.08352898080579574,0.08616272021452176,8636.605427026749,False,True,168,0.0792586111256985,0.0812536498405805,0.0792586111256985,0.0860445638670621,0.0835289808057957,500,0.08718016199161475,0.0004984551485446818,0.0860445638670621,0.087752099865305,0.0017075359982429011,0.005717529506226711,0.08454783845547657,0.0004511593577971974,0.0835289808057957,0.085069366500262,0.0015403856944663091,0.0053361430172432,True,,False,unavailable,True,x|true_g|best_validation_prediction|final_prediction|algorithm|variant|seed|run_id,"(20000, 1)","(20000, 1)","(20000, 1)","(20000, 1)",0.08109686035711006,0.24022779134760608,0.8376345134571553,0.08616272021452145,0.23971097578072675,0.9877640010688982,0.045153683366155675,True,True,legacy run: per-round Test MSE not logged; only scalar Test MSE from metrics/predictions is available.
baseline_sweep,rerun_protocol_v1_sin_fedgda_s_seed1_alpha0p5,sin,Sine,fedgda_s,FedGDA-S,1,0.5,500,3,256,1000,10,results/rerun_protocol_v1/sin/fedgda_s/seed_1/rerun_protocol_v1_sin_fedgda_s_seed1_alpha0p5,True,True,False,True,True,True,True,486,0.06962375389340376,0.07087975474326494,0.07699764720247765,0.0797272999799262,180.3152551651001,False,True,486,0.0696237538934037,0.0712243759727866,0.0696237538934037,0.0796797639502891,0.0769976472024776,500,0.07765060375449698,0.005007422511394456,0.0712243759727866,0.0934267386581837,0.022202362685397103,0.06448658824632077,0.07592358662441208,0.005256370521816939,0.0696237538934037,0.0925188004590323,0.022895046565628602,0.06923237896834068,True,,False,unavailable,True,x|true_g|best_validation_prediction|final_prediction|algorithm|variant|seed|run_id,"(20000, 1)","(20000, 1)","(20000, 1)","(20000, 1)",0.07087975474326491,0.2252463759837043,0.7876942888884686,0.07972729997992599,0.2169546140600878,1.0234463401440212,0.06985706701892401,True,True,legacy run: per-round Test MSE not logged; only scalar Test MSE from metrics/predictions is available.
baseline_sweep,rerun_protocol_v1_sin_fedogda_d_seed1_alpha0p5,sin,Sine,fedogda_d,FedOGDA-D,1,0.5,500,3,0,1000,1000,results/rerun_protocol_v1/sin/fedogda_d/seed_1/rerun_protocol_v1_sin_fedogda_d_seed1_alpha0p5,True,True,False,True,True,True,True,110,0.07918327423663558,0.0811763438678972,0.08328001960716984,0.08589379965248956,9607.454882621765,False,True,110,0.0791832742366355,0.0812719623338919,0.0791832742366355,0.085753896929811,0.0832800196071698,500,0.08614287466937862,0.00020276578668614848,0.085753896929811,0.08636305187006,0.0006091549402490043,0.0023538312073328803,0.08362004008725267,0.0001770668228655572,0.0832800196071698,0.0838120865646736,0.0005320669575037962,0.002117516598662213,True,,False,unavailable,True,x|true_g|best_validation_prediction|final_prediction|algorithm|variant|seed|run_id,"(20000, 1)","(20000, 1)","(20000, 1)","(20000, 1)",0.08117634386789764,0.23792567177635893,0.8816812737511135,0.08589379965248921,0.24079643939323891,0.9818748677340516,0.04913999609545737,True,True,legacy run: per-round Test MSE not logged; only scalar Test MSE from metrics/predictions is available.
baseline_sweep,rerun_protocol_v1_sin_fedogda_s_seed1_alpha0p5,sin,Sine,fedogda_s,FedOGDA-S,1,0.5,500,3,256,1000,10,results/rerun_protocol_v1/sin/fedogda_s/seed_1/rerun_protocol_v1_sin_fedogda_s_seed1_alpha0p5,True,True,False,True,True,True,True,110,0.0787147350235261,0.08056486794652362,0.08362752279051769,0.0861717312897127,194.87167072296143,False,True,110,0.0787147350235261,0.0808001566346057,0.0787147350235261,0.0860490718543837,0.0836275227905177,500,0.08592122708938478,0.00016841489623353528,0.0856019371739911,0.0862489589704246,0.0006470217964335001,0.001960108135540609,0.08351123094307267,0.0001929290113333268,0.0831978245974044,0.0839361884202969,0.0007383638228925099,0.00231021635239506,True,,False,unavailable,True,x|true_g|best_validation_prediction|final_prediction|algorithm|variant|seed|run_id,"(20000, 1)","(20000, 1)","(20000, 1)","(20000, 1)",0.08056486794652364,0.2380860322223858,0.8458828701626055,0.08617173128971274,0.24168469876120727,0.9666530942252866,0.04676592903290437,True,True,legacy run: per-round Test MSE not logged; only scalar Test MSE from metrics/predictions is available.
baseline_sweep,rerun_protocol_v1_sin_fedgda_d_seed2_alpha0p5,sin,Sine,fedgda_d,FedGDA-D,2,0.5,500,3,0,1000,1000,results/rerun_protocol_v1/sin/fedgda_d/seed_2/rerun_protocol_v1_sin_fedgda_d_seed2_alpha0p5,True,True,False,True,True,True,True,479,0.08433093460931113,0.087322463559006,0.08441835053934893,0.08749743162672868,8637.778353452682,False,True,479,0.0843309346093111,0.0866469613250452,0.0843309346093111,0.0868408424935068,0.0844183505393489,500,0.08669536060851148,5.2384658374794954e-05,0.0866469613250452,0.0868408424935068,0.00019388116846161263,0.0006042383122592605,0.08437588428047181,4.173352958040023e-05,0.0843309346093111,0.084479703916472,0.00014876930716090087,0.0004946144261039662,True,,False,unavailable,True,x|true_g|best_validation_prediction|final_prediction|algorithm|variant|seed|run_id,"(20000, 1)","(20000, 1)","(20000, 1)","(20000, 1)",0.08732246355900612,0.24845092648590617,1.0244466938171153,0.08749743162672881,0.2468473821334047,1.0426805885821384,0.007461909842895878,True,True,legacy run: per-round Test MSE not logged; only scalar Test MSE from metrics/predictions is available.
baseline_sweep,rerun_protocol_v1_sin_fedgda_s_seed2_alpha0p5,sin,Sine,fedgda_s,FedGDA-S,2,0.5,500,3,256,1000,10,results/rerun_protocol_v1/sin/fedgda_s/seed_2/rerun_protocol_v1_sin_fedgda_s_seed2_alpha0p5,True,True,False,True,True,True,True,328,0.08005340943999527,0.08237799902299964,0.08149364176445384,0.0834791484525208,184.62194681167603,False,True,328,0.0800534094399952,0.0821718061720729,0.0800534094399952,0.0837972857147339,0.0814936417644538,500,0.08378610190997338,0.0007056555080627539,0.0827334246788084,0.0850593392398527,0.0023259145610443066,0.008422106912444355,0.08132048496302378,0.0006944345759277761,0.0802743052428513,0.0825789184960702,0.002304613253218901,0.008539479028482599,True,,False,unavailable,True,x|true_g|best_validation_prediction|final_prediction|algorithm|variant|seed|run_id,"(20000, 1)","(20000, 1)","(20000, 1)","(20000, 1)",0.08237799902300008,0.24210984447157852,0.919347017947822,0.08347914845252141,0.23287704348849064,0.9920854037228009,0.04569437105420871,True,True,legacy run: per-round Test MSE not logged; only scalar Test MSE from metrics/predictions is available.
baseline_sweep,rerun_protocol_v1_sin_fedogda_d_seed2_alpha0p5,sin,Sine,fedogda_d,FedOGDA-D,2,0.5,500,3,0,1000,1000,results/rerun_protocol_v1/sin/fedogda_d/seed_2/rerun_protocol_v1_sin_fedogda_d_seed2_alpha0p5,True,True,False,True,True,True,True,462,0.08444139496145704,0.0874631918214393,0.08471435218295134,0.08788789721000381,9766.255203723907,False,True,462,0.084441394961457,0.0867827214514499,0.084441394961457,0.0872283481787168,0.0847143521829513,500,0.08692668338000675,0.00013714429212004144,0.0867827214514499,0.0872283481787168,0.000445626727266904,0.0015777007333928122,0.08451416183253727,8.17787753009071e-05,0.084441394961457,0.0847143521829513,0.00027295722149429935,0.0009676339861590266,True,,False,unavailable,True,x|true_g|best_validation_prediction|final_prediction|algorithm|variant|seed|run_id,"(20000, 1)","(20000, 1)","(20000, 1)","(20000, 1)",0.08746319182143955,0.24795630002487906,1.02997875805602,0.08788789721000405,0.24529429429300817,1.062039309736642,0.0127222035186272,True,True,legacy run: per-round Test MSE not logged; only scalar Test MSE from metrics/predictions is available.
baseline_sweep,rerun_protocol_v1_sin_fedogda_s_seed2_alpha0p5,sin,Sine,fedogda_s,FedOGDA-S,2,0.5,500,3,256,1000,10,results/rerun_protocol_v1/sin/fedogda_s/seed_2/rerun_protocol_v1_sin_fedogda_s_seed2_alpha0p5,True,True,False,True,True,True,True,428,0.08430162928833569,0.08727304203073737,0.08626771445910998,0.08979218948399119,201.11132979393005,False,True,428,0.0843016292883356,0.0865882948821864,0.0843016292883356,0.0890887343736586,0.08626771445911,500,0.08772073681023482,0.0007326263087385948,0.0868103527872358,0.0890887343736586,0.002278381586422809,0.008351802953085952,0.08508363105460384,0.0006178319580303583,0.0843506835111351,0.08626771445911,0.0019170309479748932,0.007261466751857996,True,,False,unavailable,True,x|true_g|best_validation_prediction|final_prediction|algorithm|variant|seed|run_id,"(20000, 1)","(20000, 1)","(20000, 1)","(20000, 1)",0.08727304203073762,0.24940494521310344,1.022111562838798,0.08979218948399155,0.24181861638037644,1.130876944972236,0.04086271181177815,True,True,legacy run: per-round Test MSE not logged; only scalar Test MSE from metrics/predictions is available.
baseline_sweep,rerun_protocol_v1_sin_fedgda_d_seed0_alpha1p0,sin,Sine,fedgda_d,FedGDA-D,0,1.0,500,3,0,1000,1000,results/rerun_protocol_v1/sin/fedgda_d/seed_0/rerun_protocol_v1_sin_fedgda_d_seed0_alpha1p0,True,True,False,True,True,True,True,499,0.08740836518316018,0.09006007294607915,0.08740836518316018,0.09006007294607915,8695.525411844254,False,True,499,0.0874083651831601,0.0899739177443969,0.0874083651831601,0.0899739177443969,0.0874083651831601,500,0.0900871619137906,5.6057757193740294e-05,0.0899739177443969,0.0901637576539705,0.0001898399095735942,0.0006222613300592716,0.08751719650660915,5.453265431766066e-05,0.0874083651831601,0.0875932015298316,0.00018483634667150473,0.0006231078747311387,True,,False,unavailable,True,x|true_g|best_validation_prediction|final_prediction|algorithm|variant|seed|run_id,"(20000, 1)","(20000, 1)","(20000, 1)","(20000, 1)",0.09006007294607926,0.2465251484080134,0.9908662804095479,0.09006007294607926,0.2465251484080134,0.9908662804095479,0.0,True,True,legacy run: per-round Test MSE not logged; only scalar Test MSE from metrics/predictions is available.
baseline_sweep,rerun_protocol_v1_sin_fedgda_s_seed0_alpha1p0,sin,Sine,fedgda_s,FedGDA-S,0,1.0,500,3,256,1000,10,results/rerun_protocol_v1/sin/fedgda_s/seed_0/rerun_protocol_v1_sin_fedgda_s_seed0_alpha1p0,True,True,False,True,True,True,True,496,0.07785834910472307,0.07978549290839898,0.0795006670453152,0.08108717190987186,179.6273431777954,False,True,496,0.077858349104723,0.0800485339856452,0.077858349104723,0.0814223365540155,0.0795006670453152,500,0.08116775833243574,0.0007205920259119381,0.0800485339856452,0.0825791817044061,0.002530647718760909,0.008877811100321835,0.07897851353395516,0.0006915059866236006,0.077858349104723,0.0804788351229395,0.002620486018216503,0.008755621696099686,True,,False,unavailable,True,x|true_g|best_validation_prediction|final_prediction|algorithm|variant|seed|run_id,"(20000, 1)","(20000, 1)","(20000, 1)","(20000, 1)",0.07978549290839887,0.22805825288787174,0.9579635459536187,0.0810871719098719,0.2305877162789585,0.9950677497210697,0.03041118432225386,True,True,legacy run: per-round Test MSE not logged; only scalar Test MSE from metrics/predictions is available.
baseline_sweep,rerun_protocol_v1_sin_fedogda_d_seed0_alpha1p0,sin,Sine,fedogda_d,FedOGDA-D,0,1.0,500,3,0,1000,1000,results/rerun_protocol_v1/sin/fedogda_d/seed_0/rerun_protocol_v1_sin_fedogda_d_seed0_alpha1p0,True,True,False,True,True,True,True,499,0.08735097949341533,0.08999488680650702,0.08735097949341533,0.08999488680650702,9556.184188365936,False,True,499,0.0873509794934153,0.0899169035868395,0.0873509794934153,0.0899169035868395,0.0873509794934153,500,0.09010910816854364,0.00010669237680451661,0.0899169035868395,0.0902773819882829,0.0003604784014434037,0.0011840354318561777,0.08753129898903948,0.0001006923627277818,0.0873509794934153,0.0876913199991672,0.00034034050575189323,0.001150358373413267,True,,False,unavailable,True,x|true_g|best_validation_prediction|final_prediction|algorithm|variant|seed|run_id,"(20000, 1)","(20000, 1)","(20000, 1)","(20000, 1)",0.0899948868065071,0.24648998056707888,0.9898814575240789,0.0899948868065071,0.24648998056707888,0.9898814575240789,0.0,True,True,legacy run: per-round Test MSE not logged; only scalar Test MSE from metrics/predictions is available.
baseline_sweep,rerun_protocol_v1_sin_fedogda_s_seed0_alpha1p0,sin,Sine,fedogda_s,FedOGDA-S,0,1.0,500,3,256,1000,10,results/rerun_protocol_v1/sin/fedogda_s/seed_0/rerun_protocol_v1_sin_fedogda_s_seed0_alpha1p0,True,True,False,True,True,True,True,337,0.08766009975474562,0.09043478549269746,0.08824683995463622,0.09083144180882212,203.4080319404602,False,True,337,0.0876600997547456,0.0901330622079487,0.0876600997547456,0.0907852907116048,0.0882468399546362,500,0.09083963381206861,8.88855089779531e-05,0.0906796460093578,0.0911053232609054,0.0004256772515476015,0.0009784881911990282,0.08820884099035833,6.05351124180452e-05,0.0880973982044818,0.0884074181395292,0.00031001993504739533,0.0006862703527037838,True,,False,unavailable,True,x|true_g|best_validation_prediction|final_prediction|algorithm|variant|seed|run_id,"(20000, 1)","(20000, 1)","(20000, 1)","(20000, 1)",0.09043478549269728,0.25093888698735844,1.0008614989417044,0.09083144180882198,0.24606838975537412,0.9789445918665226,0.02122285602627626,True,True,legacy run: per-round Test MSE not logged; only scalar Test MSE from metrics/predictions is available.
baseline_sweep,rerun_protocol_v1_sin_fedgda_d_seed1_alpha1p0,sin,Sine,fedgda_d,FedGDA-D,1,1.0,500,3,0,1000,1000,results/rerun_protocol_v1/sin/fedgda_d/seed_1/rerun_protocol_v1_sin_fedgda_d_seed1_alpha1p0,True,True,False,True,True,True,True,168,0.07923183043221657,0.08103072747004482,0.08357469132295287,0.08621352376094123,8928.603080511093,False,True,168,0.0792318304322165,0.0812301155070841,0.0792318304322165,0.0860958538572903,0.0835746913229528,500,0.08732255018107722,0.0005346259578333764,0.0860958538572903,0.0879281507782274,0.0018322969209371015,0.00612242721639192,0.08467679962712431,0.0004838437439371022,0.0835746913229528,0.0852288384278008,0.001654147104848,0.005714006033148586,True,,False,unavailable,True,x|true_g|best_validation_prediction|final_prediction|algorithm|variant|seed|run_id,"(20000, 1)","(20000, 1)","(20000, 1)","(20000, 1)",0.08103072747004508,0.2405799196158197,0.8285833755727552,0.0862135237609411,0.239610815455013,0.9888926378065792,0.047020384240711505,True,True,legacy run: per-round Test MSE not logged; only scalar Test MSE from metrics/predictions is available.
baseline_sweep,rerun_protocol_v1_sin_fedgda_s_seed1_alpha1p0,sin,Sine,fedgda_s,FedGDA-S,1,1.0,500,3,256,1000,10,results/rerun_protocol_v1/sin/fedgda_s/seed_1/rerun_protocol_v1_sin_fedgda_s_seed1_alpha1p0,True,True,False,True,True,True,True,440,0.0737639576598922,0.0756283265223583,0.0773487233993059,0.08038967788338648,182.17711400985718,False,True,440,0.0737639576598922,0.0755495263585679,0.0737639576598922,0.0799867734025821,0.0773487233993059,500,0.08294185324352597,0.005436830554218016,0.0757167410896508,0.0977709046278247,0.022054163538173896,0.06554990444034223,0.0806188328402308,0.005371661018056889,0.0738632705096929,0.0965637023035822,0.02270043179388931,0.06663034961945388,True,,False,unavailable,True,x|true_g|best_validation_prediction|final_prediction|algorithm|variant|seed|run_id,"(20000, 1)","(20000, 1)","(20000, 1)","(20000, 1)",0.07562832652235833,0.2270372324963785,0.8374499356950946,0.08038967788338612,0.2235957443053462,1.0631294198813936,0.045154943019442416,True,True,legacy run: per-round Test MSE not logged; only scalar Test MSE from metrics/predictions is available.
baseline_sweep,rerun_protocol_v1_sin_fedogda_d_seed1_alpha1p0,sin,Sine,fedogda_d,FedOGDA-D,1,1.0,500,3,0,1000,1000,results/rerun_protocol_v1/sin/fedogda_d/seed_1/rerun_protocol_v1_sin_fedogda_d_seed1_alpha1p0,True,True,False,True,True,True,True,111,0.07912375086577668,0.08107782502352026,0.08334920464680197,0.0859740048615439,9834.278935194016,False,True,111,0.0791237508657766,0.0812345397875264,0.0791237508657766,0.0858357774011057,0.0833492046468019,500,0.08622557710193345,0.00020834324317566674,0.0858357774011057,0.0864568360200628,0.0006210586189570877,0.002416258031295856,0.08369144950792438,0.0001827202662541124,0.0833492046468019,0.0838937563508674,0.0005445517040655046,0.0021832608627098925,True,,False,unavailable,True,x|true_g|best_validation_prediction|final_prediction|algorithm|variant|seed|run_id,"(20000, 1)","(20000, 1)","(20000, 1)","(20000, 1)",0.08107782502352001,0.23843765310623616,0.8738113014888849,0.08597400486154406,0.2405375960365851,0.9843720077760346,0.051397715992688414,True,True,legacy run: per-round Test MSE not logged; only scalar Test MSE from metrics/predictions is available.
baseline_sweep,rerun_protocol_v1_sin_fedogda_s_seed1_alpha1p0,sin,Sine,fedogda_s,FedOGDA-S,1,1.0,500,3,256,1000,10,results/rerun_protocol_v1/sin/fedogda_s/seed_1/rerun_protocol_v1_sin_fedogda_s_seed1_alpha1p0,True,True,False,True,True,True,True,110,0.07891249461221363,0.08047187678032089,0.08413530001373602,0.08668815052905639,194.86729860305786,False,True,110,0.0789124946122136,0.0807825891976185,0.0789124946122136,0.0865618875484086,0.084135300013736,500,0.08727440676630736,0.00034631853582312326,0.0865503069553767,0.087762804402494,0.0012124974471172945,0.003968156858979888,0.08470904642931311,0.00024211538522991735,0.084135300013736,0.08507346276199,0.0009381627482540067,0.002858199866905061,True,,False,unavailable,True,x|true_g|best_validation_prediction|final_prediction|algorithm|variant|seed|run_id,"(20000, 1)","(20000, 1)","(20000, 1)","(20000, 1)",0.08047187678032142,0.2401843233668219,0.8561439288208792,0.0866881505290561,0.24225369794959825,0.9676840166562525,0.05009607770400356,True,True,legacy run: per-round Test MSE not logged; only scalar Test MSE from metrics/predictions is available.
baseline_sweep,rerun_protocol_v1_sin_fedgda_d_seed2_alpha1p0,sin,Sine,fedgda_d,FedGDA-D,2,1.0,500,3,0,1000,1000,results/rerun_protocol_v1/sin/fedgda_d/seed_2/rerun_protocol_v1_sin_fedgda_d_seed2_alpha1p0,True,True,False,True,True,True,True,478,0.08424701756484515,0.08722978830393281,0.08434146589232759,0.08741161200313015,8786.598356723785,False,True,478,0.0842470175648451,0.0865638419840323,0.0842470175648451,0.0867651412656107,0.0843414658923275,500,0.08661356247638607,5.512875396874739e-05,0.0865638419840323,0.0867651412656107,0.0002012992815784015,0.0006364910112521633,0.08428945791520366,3.8345611368248466e-05,0.0842470175648451,0.0843822099097797,0.00013519234493460097,0.00045492772544372835,True,,False,unavailable,True,x|true_g|best_validation_prediction|final_prediction|algorithm|variant|seed|run_id,"(20000, 1)","(20000, 1)","(20000, 1)","(20000, 1)",0.0872297883039324,0.2482125208982925,1.0231960567172493,0.08741161200313002,0.2465664212703358,1.041503438540405,0.007652042431490503,True,True,legacy run: per-round Test MSE not logged; only scalar Test MSE from metrics/predictions is available.
baseline_sweep,rerun_protocol_v1_sin_fedgda_s_seed2_alpha1p0,sin,Sine,fedgda_s,FedGDA-S,2,1.0,500,3,256,1000,10,results/rerun_protocol_v1/sin/fedgda_s/seed_2/rerun_protocol_v1_sin_fedgda_s_seed2_alpha1p0,True,True,False,True,True,True,True,463,0.07876101103322113,0.08051380406543718,0.08121189315570035,0.0834056959803923,178.15817546844482,False,True,463,0.0787610110332211,0.0808159670186429,0.0787610110332211,0.0837335530519238,0.0812118931557003,500,0.08227629399244288,0.0007619639843823039,0.0808159670186429,0.0837335530519238,0.0029175860332809056,0.009261039205925959,0.08020745806240137,0.0007233968624194679,0.0787610110332211,0.0814912272475468,0.0027302162143257036,0.009019072289470456,True,,False,unavailable,True,x|true_g|best_validation_prediction|final_prediction|algorithm|variant|seed|run_id,"(20000, 1)","(20000, 1)","(20000, 1)","(20000, 1)",0.08051380406543691,0.23687275403484273,0.894920701777058,0.083405695980393,0.23209732029571314,0.9551613263372056,0.03158965772383541,True,True,legacy run: per-round Test MSE not logged; only scalar Test MSE from metrics/predictions is available.
baseline_sweep,rerun_protocol_v1_sin_fedogda_d_seed2_alpha1p0,sin,Sine,fedogda_d,FedOGDA-D,2,1.0,500,3,0,1000,1000,results/rerun_protocol_v1/sin/fedogda_d/seed_2/rerun_protocol_v1_sin_fedogda_d_seed2_alpha1p0,True,True,False,True,True,True,True,460,0.08437636300308396,0.08739504062255427,0.08466394580628561,0.08783426388665472,9626.934776067734,False,True,460,0.0843763630030839,0.0867223906745346,0.0843763630030839,0.0871843120933941,0.0846639458062856,500,0.08687891858113579,0.0001420031093183041,0.0867223906745346,0.0871843120933941,0.0004619214188594928,0.0016344944393580142,0.08445624293485782,8.754715656124806e-05,0.0843763630030839,0.0846639458062856,0.00028758280320169416,0.0010365978111147368,True,,False,unavailable,True,x|true_g|best_validation_prediction|final_prediction|algorithm|variant|seed|run_id,"(20000, 1)","(20000, 1)","(20000, 1)","(20000, 1)",0.08739504062255382,0.24770758695866352,1.0298722230748256,0.087834263886655,0.24497688938087195,1.0621408129998593,0.013035718185406097,True,True,legacy run: per-round Test MSE not logged; only scalar Test MSE from metrics/predictions is available.
baseline_sweep,rerun_protocol_v1_sin_fedogda_s_seed2_alpha1p0,sin,Sine,fedogda_s,FedOGDA-S,2,1.0,500,3,256,1000,10,results/rerun_protocol_v1/sin/fedogda_s/seed_2/rerun_protocol_v1_sin_fedogda_s_seed2_alpha1p0,True,True,False,True,True,True,True,498,0.08361395502265909,0.08647868933938554,0.08363400295703197,0.08649161834589947,199.38783931732178,False,True,498,0.083613955022659,0.0859286996504727,0.083613955022659,0.0859443152513197,0.0836340029570319,500,0.08601659502613906,6.519982311223074e-05,0.0859286996504727,0.0861841890058715,0.00025548935539880524,0.0007579912119564552,0.08372523897454127,6.848795690392843e-05,0.083613955022659,0.0839048438220426,0.00029088879938359014,0.0008180084971122493,True,,False,unavailable,True,x|true_g|best_validation_prediction|final_prediction|algorithm|variant|seed|run_id,"(20000, 1)","(20000, 1)","(20000, 1)","(20000, 1)",0.08647868933938549,0.24598671066964112,1.0040448877426558,0.08649161834589972,0.2459822618368288,1.00252921343228,0.0008517793748578317,True,True,legacy run: per-round Test MSE not logged; only scalar Test MSE from metrics/predictions is available.
