family,path,dataset,variant,seed,run_id,aggregation_weighting_label,aggregation_weighting_raw_value
centralized_lowdim_v1_tuning,results/centralized_lowdim_v1_tuning/c5_gda_sgda_lr_screen/abs/gda/seed_0/glr_0p005_flr_0p03,abs,gda,0,centralized_abs_gda_seed0,legacy_sample_weighted,
centralized_lowdim_v1_tuning,results/centralized_lowdim_v1_tuning/c5_gda_sgda_lr_screen/abs/gda/seed_0/glr_0p005_flr_0p01,abs,gda,0,centralized_abs_gda_seed0,legacy_sample_weighted,
centralized_lowdim_v1_tuning,results/centralized_lowdim_v1_tuning/c5_gda_sgda_lr_screen/abs/gda/seed_0/glr_0p002_flr_0p03,abs,gda,0,centralized_abs_gda_seed0,legacy_sample_weighted,
centralized_lowdim_v1_tuning,results/centralized_lowdim_v1_tuning/c5_gda_sgda_lr_screen/abs/gda/seed_0/glr_0p001_flr_0p03,abs,gda,0,centralized_abs_gda_seed0,legacy_sample_weighted,
centralized_lowdim_v1_tuning,results/centralized_lowdim_v1_tuning/c5_gda_sgda_lr_screen/abs/gda/seed_0/glr_0p002_flr_0p01,abs,gda,0,centralized_abs_gda_seed0,legacy_sample_weighted,
centralized_lowdim_v1_tuning,results/centralized_lowdim_v1_tuning/c5_gda_sgda_lr_screen/abs/sgda/seed_0/glr_0p005_flr_0p03,abs,sgda,0,centralized_abs_sgda_seed0,legacy_sample_weighted,
centralized_lowdim_v1_tuning,results/centralized_lowdim_v1_tuning/c5_gda_sgda_lr_screen/abs/sgda/seed_0/glr_0p005_flr_0p01,abs,sgda,0,centralized_abs_sgda_seed0,legacy_sample_weighted,
centralized_lowdim_v1_tuning,results/centralized_lowdim_v1_tuning/c5_gda_sgda_lr_screen/abs/sgda/seed_0/glr_0p002_flr_0p03,abs,sgda,0,centralized_abs_sgda_seed0,legacy_sample_weighted,
centralized_lowdim_v1_tuning,results/centralized_lowdim_v1_tuning/c5_gda_sgda_lr_screen/abs/sgda/seed_0/glr_0p001_flr_0p03,abs,sgda,0,centralized_abs_sgda_seed0,legacy_sample_weighted,
centralized_lowdim_v1_tuning,results/centralized_lowdim_v1_tuning/c5_gda_sgda_lr_screen/abs/sgda/seed_0/glr_0p002_flr_0p01,abs,sgda,0,centralized_abs_sgda_seed0,legacy_sample_weighted,
centralized_lowdim_v1_tuning,results/centralized_lowdim_v1_tuning/c5_gda_sgda_lr_screen/linear/gda/seed_0/glr_0p005_flr_0p03,linear,gda,0,centralized_linear_gda_seed0,legacy_sample_weighted,
centralized_lowdim_v1_tuning,results/centralized_lowdim_v1_tuning/c5_gda_sgda_lr_screen/linear/gda/seed_0/glr_0p005_flr_0p01,linear,gda,0,centralized_linear_gda_seed0,legacy_sample_weighted,
centralized_lowdim_v1_tuning,results/centralized_lowdim_v1_tuning/c5_gda_sgda_lr_screen/linear/gda/seed_0/glr_0p002_flr_0p03,linear,gda,0,centralized_linear_gda_seed0,legacy_sample_weighted,
centralized_lowdim_v1_tuning,results/centralized_lowdim_v1_tuning/c5_gda_sgda_lr_screen/linear/gda/seed_0/glr_0p001_flr_0p03,linear,gda,0,centralized_linear_gda_seed0,legacy_sample_weighted,
centralized_lowdim_v1_tuning,results/centralized_lowdim_v1_tuning/c5_gda_sgda_lr_screen/linear/gda/seed_0/glr_0p002_flr_0p01,linear,gda,0,centralized_linear_gda_seed0,legacy_sample_weighted,
centralized_lowdim_v1_tuning,results/centralized_lowdim_v1_tuning/c5_gda_sgda_lr_screen/linear/sgda/seed_0/glr_0p005_flr_0p03,linear,sgda,0,centralized_linear_sgda_seed0,legacy_sample_weighted,
centralized_lowdim_v1_tuning,results/centralized_lowdim_v1_tuning/c5_gda_sgda_lr_screen/linear/sgda/seed_0/glr_0p005_flr_0p01,linear,sgda,0,centralized_linear_sgda_seed0,legacy_sample_weighted,
centralized_lowdim_v1_tuning,results/centralized_lowdim_v1_tuning/c5_gda_sgda_lr_screen/linear/sgda/seed_0/glr_0p002_flr_0p03,linear,sgda,0,centralized_linear_sgda_seed0,legacy_sample_weighted,
centralized_lowdim_v1_tuning,results/centralized_lowdim_v1_tuning/c5_gda_sgda_lr_screen/linear/sgda/seed_0/glr_0p001_flr_0p03,linear,sgda,0,centralized_linear_sgda_seed0,legacy_sample_weighted,
centralized_lowdim_v1_tuning,results/centralized_lowdim_v1_tuning/c5_gda_sgda_lr_screen/linear/sgda/seed_0/glr_0p002_flr_0p01,linear,sgda,0,centralized_linear_sgda_seed0,legacy_sample_weighted,
centralized_lowdim_v1_tuning,results/centralized_lowdim_v1_tuning/c5_gda_sgda_lr_screen/step/gda/seed_0/glr_0p005_flr_0p03,step,gda,0,centralized_step_gda_seed0,legacy_sample_weighted,
centralized_lowdim_v1_tuning,results/centralized_lowdim_v1_tuning/c5_gda_sgda_lr_screen/step/gda/seed_0/glr_0p005_flr_0p01,step,gda,0,centralized_step_gda_seed0,legacy_sample_weighted,
centralized_lowdim_v1_tuning,results/centralized_lowdim_v1_tuning/c5_gda_sgda_lr_screen/step/gda/seed_0/glr_0p002_flr_0p03,step,gda,0,centralized_step_gda_seed0,legacy_sample_weighted,
centralized_lowdim_v1_tuning,results/centralized_lowdim_v1_tuning/c5_gda_sgda_lr_screen/step/gda/seed_0/glr_0p001_flr_0p03,step,gda,0,centralized_step_gda_seed0,legacy_sample_weighted,
centralized_lowdim_v1_tuning,results/centralized_lowdim_v1_tuning/c5_gda_sgda_lr_screen/step/gda/seed_0/glr_0p002_flr_0p01,step,gda,0,centralized_step_gda_seed0,legacy_sample_weighted,
centralized_lowdim_v1_tuning,results/centralized_lowdim_v1_tuning/c5_gda_sgda_lr_screen/step/sgda/seed_0/glr_0p005_flr_0p03,step,sgda,0,centralized_step_sgda_seed0,legacy_sample_weighted,
centralized_lowdim_v1_tuning,results/centralized_lowdim_v1_tuning/c5_gda_sgda_lr_screen/step/sgda/seed_0/glr_0p005_flr_0p01,step,sgda,0,centralized_step_sgda_seed0,legacy_sample_weighted,
centralized_lowdim_v1_tuning,results/centralized_lowdim_v1_tuning/c5_gda_sgda_lr_screen/step/sgda/seed_0/glr_0p002_flr_0p03,step,sgda,0,centralized_step_sgda_seed0,legacy_sample_weighted,
centralized_lowdim_v1_tuning,results/centralized_lowdim_v1_tuning/c5_gda_sgda_lr_screen/step/sgda/seed_0/glr_0p001_flr_0p03,step,sgda,0,centralized_step_sgda_seed0,legacy_sample_weighted,
centralized_lowdim_v1_tuning,results/centralized_lowdim_v1_tuning/c5_gda_sgda_lr_screen/step/sgda/seed_0/glr_0p002_flr_0p01,step,sgda,0,centralized_step_sgda_seed0,legacy_sample_weighted,
centralized_lowdim_v1_tuning,results/centralized_lowdim_v1_tuning/c5_gda_sgda_lr_screen/sin/gda/seed_0/glr_0p005_flr_0p03,sin,gda,0,centralized_sin_gda_seed0,legacy_sample_weighted,
centralized_lowdim_v1_tuning,results/centralized_lowdim_v1_tuning/c5_gda_sgda_lr_screen/sin/gda/seed_0/glr_0p005_flr_0p01,sin,gda,0,centralized_sin_gda_seed0,legacy_sample_weighted,
centralized_lowdim_v1_tuning,results/centralized_lowdim_v1_tuning/c5_gda_sgda_lr_screen/sin/gda/seed_0/glr_0p002_flr_0p03,sin,gda,0,centralized_sin_gda_seed0,legacy_sample_weighted,
centralized_lowdim_v1_tuning,results/centralized_lowdim_v1_tuning/c5_gda_sgda_lr_screen/sin/gda/seed_0/glr_0p001_flr_0p03,sin,gda,0,centralized_sin_gda_seed0,legacy_sample_weighted,
centralized_lowdim_v1_tuning,results/centralized_lowdim_v1_tuning/c5_gda_sgda_lr_screen/sin/gda/seed_0/glr_0p002_flr_0p01,sin,gda,0,centralized_sin_gda_seed0,legacy_sample_weighted,
centralized_lowdim_v1_tuning,results/centralized_lowdim_v1_tuning/c5_gda_sgda_lr_screen/sin/sgda/seed_0/glr_0p005_flr_0p03,sin,sgda,0,centralized_sin_sgda_seed0,legacy_sample_weighted,
centralized_lowdim_v1_tuning,results/centralized_lowdim_v1_tuning/c5_gda_sgda_lr_screen/sin/sgda/seed_0/glr_0p005_flr_0p01,sin,sgda,0,centralized_sin_sgda_seed0,legacy_sample_weighted,
centralized_lowdim_v1_tuning,results/centralized_lowdim_v1_tuning/c5_gda_sgda_lr_screen/sin/sgda/seed_0/glr_0p002_flr_0p03,sin,sgda,0,centralized_sin_sgda_seed0,legacy_sample_weighted,
centralized_lowdim_v1_tuning,results/centralized_lowdim_v1_tuning/c5_gda_sgda_lr_screen/sin/sgda/seed_0/glr_0p001_flr_0p03,sin,sgda,0,centralized_sin_sgda_seed0,legacy_sample_weighted,
centralized_lowdim_v1_tuning,results/centralized_lowdim_v1_tuning/c5_gda_sgda_lr_screen/sin/sgda/seed_0/glr_0p002_flr_0p01,sin,sgda,0,centralized_sin_sgda_seed0,legacy_sample_weighted,
centralized_lowdim_v1_tuning,results/centralized_lowdim_v1_tuning/c5b_gda_sgda_lr_confirm/abs/gda/seed_1/glr_0p005_flr_0p03,abs,gda,1,centralized_abs_gda_seed1,legacy_sample_weighted,
centralized_lowdim_v1_tuning,results/centralized_lowdim_v1_tuning/c5b_gda_sgda_lr_confirm/abs/gda/seed_2/glr_0p005_flr_0p03,abs,gda,2,centralized_abs_gda_seed2,legacy_sample_weighted,
centralized_lowdim_v1_tuning,results/centralized_lowdim_v1_tuning/c5b_gda_sgda_lr_confirm/abs/sgda/seed_1/glr_0p005_flr_0p03,abs,sgda,1,centralized_abs_sgda_seed1,legacy_sample_weighted,
centralized_lowdim_v1_tuning,results/centralized_lowdim_v1_tuning/c5b_gda_sgda_lr_confirm/abs/sgda/seed_2/glr_0p005_flr_0p03,abs,sgda,2,centralized_abs_sgda_seed2,legacy_sample_weighted,
centralized_lowdim_v1_tuning,results/centralized_lowdim_v1_tuning/c5b_gda_sgda_lr_confirm/linear/gda/seed_1/glr_0p005_flr_0p03,linear,gda,1,centralized_linear_gda_seed1,legacy_sample_weighted,
centralized_lowdim_v1_tuning,results/centralized_lowdim_v1_tuning/c5b_gda_sgda_lr_confirm/linear/gda/seed_2/glr_0p005_flr_0p03,linear,gda,2,centralized_linear_gda_seed2,legacy_sample_weighted,
centralized_lowdim_v1_tuning,results/centralized_lowdim_v1_tuning/c5b_gda_sgda_lr_confirm/linear/sgda/seed_1/glr_0p005_flr_0p03,linear,sgda,1,centralized_linear_sgda_seed1,legacy_sample_weighted,
centralized_lowdim_v1_tuning,results/centralized_lowdim_v1_tuning/c5b_gda_sgda_lr_confirm/linear/sgda/seed_2/glr_0p005_flr_0p03,linear,sgda,2,centralized_linear_sgda_seed2,legacy_sample_weighted,
centralized_lowdim_v1_tuning,results/centralized_lowdim_v1_tuning/c5b_gda_sgda_lr_confirm/step/gda/seed_1/glr_0p005_flr_0p03,step,gda,1,centralized_step_gda_seed1,legacy_sample_weighted,
centralized_lowdim_v1_tuning,results/centralized_lowdim_v1_tuning/c5b_gda_sgda_lr_confirm/step/gda/seed_2/glr_0p005_flr_0p03,step,gda,2,centralized_step_gda_seed2,legacy_sample_weighted,
centralized_lowdim_v1_tuning,results/centralized_lowdim_v1_tuning/c5b_gda_sgda_lr_confirm/step/sgda/seed_1/glr_0p005_flr_0p03,step,sgda,1,centralized_step_sgda_seed1,legacy_sample_weighted,
centralized_lowdim_v1_tuning,results/centralized_lowdim_v1_tuning/c5b_gda_sgda_lr_confirm/step/sgda/seed_2/glr_0p005_flr_0p03,step,sgda,2,centralized_step_sgda_seed2,legacy_sample_weighted,
centralized_lowdim_v1_tuning,results/centralized_lowdim_v1_tuning/c5b_gda_sgda_lr_confirm/sin/gda/seed_1/glr_0p005_flr_0p03,sin,gda,1,centralized_sin_gda_seed1,legacy_sample_weighted,
centralized_lowdim_v1_tuning,results/centralized_lowdim_v1_tuning/c5b_gda_sgda_lr_confirm/sin/gda/seed_2/glr_0p005_flr_0p03,sin,gda,2,centralized_sin_gda_seed2,legacy_sample_weighted,
centralized_lowdim_v1_tuning,results/centralized_lowdim_v1_tuning/c5b_gda_sgda_lr_confirm/sin/sgda/seed_1/glr_0p005_flr_0p03,sin,sgda,1,centralized_sin_sgda_seed1,legacy_sample_weighted,
centralized_lowdim_v1_tuning,results/centralized_lowdim_v1_tuning/c5b_gda_sgda_lr_confirm/sin/sgda/seed_2/glr_0p005_flr_0p03,sin,sgda,2,centralized_sin_sgda_seed2,legacy_sample_weighted,
rerun_protocol_v1_tuning,results/rerun_protocol_v1_tuning/fedogda_s_pilot_alpha0p5/abs/fedogda_s/seed_1/tune_fedogda_s_abs_seed1_alpha0p5_cm2_wd0p03,abs,fedogda_s,1,tune_fedogda_s_abs_seed1_alpha0p5_cm2_wd0p03,legacy_sample_weighted,
rerun_protocol_v1_tuning,results/rerun_protocol_v1_tuning/fedogda_s_pilot_alpha0p5/abs/fedogda_s/seed_1/tune_fedogda_s_abs_seed1_alpha0p5_cm10_wd0p1,abs,fedogda_s,1,tune_fedogda_s_abs_seed1_alpha0p5_cm10_wd0p1,legacy_sample_weighted,
rerun_protocol_v1_tuning,results/rerun_protocol_v1_tuning/fedogda_s_pilot_alpha0p5/abs/fedogda_s/seed_1/tune_fedogda_s_abs_seed1_alpha0p5_cm10_wd0p01,abs,fedogda_s,1,tune_fedogda_s_abs_seed1_alpha0p5_cm10_wd0p01,legacy_sample_weighted,
rerun_protocol_v1_tuning,results/rerun_protocol_v1_tuning/fedogda_s_pilot_alpha0p5/abs/fedogda_s/seed_1/tune_fedogda_s_abs_seed1_alpha0p5_cm20_wd0p03,abs,fedogda_s,1,tune_fedogda_s_abs_seed1_alpha0p5_cm20_wd0p03,legacy_sample_weighted,
rerun_protocol_v1_tuning,results/rerun_protocol_v1_tuning/fedogda_s_pilot_alpha0p5/abs/fedogda_s/seed_1/tune_fedogda_s_abs_seed1_alpha0p5_cm5_wd0p03,abs,fedogda_s,1,tune_fedogda_s_abs_seed1_alpha0p5_cm5_wd0p03,legacy_sample_weighted,
rerun_protocol_v1_tuning,results/rerun_protocol_v1_tuning/fedogda_s_pilot_alpha0p5/abs/fedogda_s/seed_1/tune_fedogda_s_abs_seed1_alpha0p5_cm5_wd0p001,abs,fedogda_s,1,tune_fedogda_s_abs_seed1_alpha0p5_cm5_wd0p001,legacy_sample_weighted,
rerun_protocol_v1_tuning,results/rerun_protocol_v1_tuning/fedogda_s_pilot_alpha0p5/abs/fedogda_s/seed_1/tune_fedogda_s_abs_seed1_alpha0p5_cm10_wd0p03,abs,fedogda_s,1,tune_fedogda_s_abs_seed1_alpha0p5_cm10_wd0p03,legacy_sample_weighted,
rerun_protocol_v1_tuning,results/rerun_protocol_v1_tuning/fedogda_s_pilot_alpha0p5/abs/fedogda_s/seed_1/tune_fedogda_s_abs_seed1_alpha0p5_cm2_wd0p1,abs,fedogda_s,1,tune_fedogda_s_abs_seed1_alpha0p5_cm2_wd0p1,legacy_sample_weighted,
rerun_protocol_v1_tuning,results/rerun_protocol_v1_tuning/fedogda_s_pilot_alpha0p5/abs/fedogda_s/seed_1/tune_fedogda_s_abs_seed1_alpha0p5_cm20_wd0p1,abs,fedogda_s,1,tune_fedogda_s_abs_seed1_alpha0p5_cm20_wd0p1,legacy_sample_weighted,
rerun_protocol_v1_tuning,results/rerun_protocol_v1_tuning/fedogda_s_pilot_alpha0p5/abs/fedogda_s/seed_1/tune_fedogda_s_abs_seed1_alpha0p5_cm20_wd0p001,abs,fedogda_s,1,tune_fedogda_s_abs_seed1_alpha0p5_cm20_wd0p001,legacy_sample_weighted,
rerun_protocol_v1_tuning,results/rerun_protocol_v1_tuning/fedogda_s_pilot_alpha0p5/abs/fedogda_s/seed_1/tune_fedogda_s_abs_seed1_alpha0p5_cm5_wd0p01,abs,fedogda_s,1,tune_fedogda_s_abs_seed1_alpha0p5_cm5_wd0p01,legacy_sample_weighted,
rerun_protocol_v1_tuning,results/rerun_protocol_v1_tuning/fedogda_s_pilot_alpha0p5/abs/fedogda_s/seed_1/tune_fedogda_s_abs_seed1_alpha0p5_cm20_wd0p01,abs,fedogda_s,1,tune_fedogda_s_abs_seed1_alpha0p5_cm20_wd0p01,legacy_sample_weighted,
rerun_protocol_v1_tuning,results/rerun_protocol_v1_tuning/fedogda_s_pilot_alpha0p5/abs/fedogda_s/seed_1/tune_fedogda_s_abs_seed1_alpha0p5_cm2_wd0p01,abs,fedogda_s,1,tune_fedogda_s_abs_seed1_alpha0p5_cm2_wd0p01,legacy_sample_weighted,
rerun_protocol_v1_tuning,results/rerun_protocol_v1_tuning/fedogda_s_pilot_alpha0p5/abs/fedogda_s/seed_1/tune_fedogda_s_abs_seed1_alpha0p5_cm10_wd0p001,abs,fedogda_s,1,tune_fedogda_s_abs_seed1_alpha0p5_cm10_wd0p001,legacy_sample_weighted,
rerun_protocol_v1_tuning,results/rerun_protocol_v1_tuning/fedogda_s_pilot_alpha0p5/abs/fedogda_s/seed_1/tune_fedogda_s_abs_seed1_alpha0p5_cm5_wd0p1,abs,fedogda_s,1,tune_fedogda_s_abs_seed1_alpha0p5_cm5_wd0p1,legacy_sample_weighted,
rerun_protocol_v1_tuning,results/rerun_protocol_v1_tuning/fedogda_s_pilot_alpha0p5/abs/fedogda_s/seed_1/tune_fedogda_s_abs_seed1_alpha0p5_cm2_wd0p001,abs,fedogda_s,1,tune_fedogda_s_abs_seed1_alpha0p5_cm2_wd0p001,legacy_sample_weighted,
rerun_protocol_v1_tuning,results/rerun_protocol_v1_tuning/fedogda_s_pilot_alpha0p5/abs/fedogda_s/seed_2/tune_fedogda_s_abs_seed2_alpha0p5_cm10_wd0p1,abs,fedogda_s,2,tune_fedogda_s_abs_seed2_alpha0p5_cm10_wd0p1,legacy_sample_weighted,
rerun_protocol_v1_tuning,results/rerun_protocol_v1_tuning/fedogda_s_pilot_alpha0p5/abs/fedogda_s/seed_2/tune_fedogda_s_abs_seed2_alpha0p5_cm20_wd0p01,abs,fedogda_s,2,tune_fedogda_s_abs_seed2_alpha0p5_cm20_wd0p01,legacy_sample_weighted,
rerun_protocol_v1_tuning,results/rerun_protocol_v1_tuning/fedogda_s_pilot_alpha0p5/abs/fedogda_s/seed_2/tune_fedogda_s_abs_seed2_alpha0p5_cm2_wd0p03,abs,fedogda_s,2,tune_fedogda_s_abs_seed2_alpha0p5_cm2_wd0p03,legacy_sample_weighted,
rerun_protocol_v1_tuning,results/rerun_protocol_v1_tuning/fedogda_s_pilot_alpha0p5/abs/fedogda_s/seed_2/tune_fedogda_s_abs_seed2_alpha0p5_cm10_wd0p001,abs,fedogda_s,2,tune_fedogda_s_abs_seed2_alpha0p5_cm10_wd0p001,legacy_sample_weighted,
rerun_protocol_v1_tuning,results/rerun_protocol_v1_tuning/fedogda_s_pilot_alpha0p5/abs/fedogda_s/seed_2/tune_fedogda_s_abs_seed2_alpha0p5_cm5_wd0p03,abs,fedogda_s,2,tune_fedogda_s_abs_seed2_alpha0p5_cm5_wd0p03,legacy_sample_weighted,
rerun_protocol_v1_tuning,results/rerun_protocol_v1_tuning/fedogda_s_pilot_alpha0p5/abs/fedogda_s/seed_2/tune_fedogda_s_abs_seed2_alpha0p5_cm20_wd0p001,abs,fedogda_s,2,tune_fedogda_s_abs_seed2_alpha0p5_cm20_wd0p001,legacy_sample_weighted,
rerun_protocol_v1_tuning,results/rerun_protocol_v1_tuning/fedogda_s_pilot_alpha0p5/abs/fedogda_s/seed_2/tune_fedogda_s_abs_seed2_alpha0p5_cm5_wd0p01,abs,fedogda_s,2,tune_fedogda_s_abs_seed2_alpha0p5_cm5_wd0p01,legacy_sample_weighted,
rerun_protocol_v1_tuning,results/rerun_protocol_v1_tuning/fedogda_s_pilot_alpha0p5/abs/fedogda_s/seed_2/tune_fedogda_s_abs_seed2_alpha0p5_cm20_wd0p1,abs,fedogda_s,2,tune_fedogda_s_abs_seed2_alpha0p5_cm20_wd0p1,legacy_sample_weighted,
rerun_protocol_v1_tuning,results/rerun_protocol_v1_tuning/fedogda_s_pilot_alpha0p5/abs/fedogda_s/seed_2/tune_fedogda_s_abs_seed2_alpha0p5_cm2_wd0p1,abs,fedogda_s,2,tune_fedogda_s_abs_seed2_alpha0p5_cm2_wd0p1,legacy_sample_weighted,
rerun_protocol_v1_tuning,results/rerun_protocol_v1_tuning/fedogda_s_pilot_alpha0p5/abs/fedogda_s/seed_2/tune_fedogda_s_abs_seed2_alpha0p5_cm20_wd0p03,abs,fedogda_s,2,tune_fedogda_s_abs_seed2_alpha0p5_cm20_wd0p03,legacy_sample_weighted,
rerun_protocol_v1_tuning,results/rerun_protocol_v1_tuning/fedogda_s_pilot_alpha0p5/abs/fedogda_s/seed_2/tune_fedogda_s_abs_seed2_alpha0p5_cm10_wd0p01,abs,fedogda_s,2,tune_fedogda_s_abs_seed2_alpha0p5_cm10_wd0p01,legacy_sample_weighted,
rerun_protocol_v1_tuning,results/rerun_protocol_v1_tuning/fedogda_s_pilot_alpha0p5/abs/fedogda_s/seed_2/tune_fedogda_s_abs_seed2_alpha0p5_cm5_wd0p1,abs,fedogda_s,2,tune_fedogda_s_abs_seed2_alpha0p5_cm5_wd0p1,legacy_sample_weighted,
rerun_protocol_v1_tuning,results/rerun_protocol_v1_tuning/fedogda_s_pilot_alpha0p5/abs/fedogda_s/seed_2/tune_fedogda_s_abs_seed2_alpha0p5_cm2_wd0p001,abs,fedogda_s,2,tune_fedogda_s_abs_seed2_alpha0p5_cm2_wd0p001,legacy_sample_weighted,
rerun_protocol_v1_tuning,results/rerun_protocol_v1_tuning/fedogda_s_pilot_alpha0p5/abs/fedogda_s/seed_2/tune_fedogda_s_abs_seed2_alpha0p5_cm5_wd0p001,abs,fedogda_s,2,tune_fedogda_s_abs_seed2_alpha0p5_cm5_wd0p001,legacy_sample_weighted,
rerun_protocol_v1_tuning,results/rerun_protocol_v1_tuning/fedogda_s_pilot_alpha0p5/abs/fedogda_s/seed_2/tune_fedogda_s_abs_seed2_alpha0p5_cm2_wd0p01,abs,fedogda_s,2,tune_fedogda_s_abs_seed2_alpha0p5_cm2_wd0p01,legacy_sample_weighted,
rerun_protocol_v1_tuning,results/rerun_protocol_v1_tuning/fedogda_s_pilot_alpha0p5/abs/fedogda_s/seed_2/tune_fedogda_s_abs_seed2_alpha0p5_cm10_wd0p03,abs,fedogda_s,2,tune_fedogda_s_abs_seed2_alpha0p5_cm10_wd0p03,legacy_sample_weighted,
rerun_protocol_v1_tuning,results/rerun_protocol_v1_tuning/fedogda_s_pilot_alpha0p5/abs/fedogda_s/seed_0/tune_fedogda_s_abs_seed0_alpha0p5_cm20_wd0p01,abs,fedogda_s,0,tune_fedogda_s_abs_seed0_alpha0p5_cm20_wd0p01,legacy_sample_weighted,
rerun_protocol_v1_tuning,results/rerun_protocol_v1_tuning/fedogda_s_pilot_alpha0p5/abs/fedogda_s/seed_0/tune_fedogda_s_abs_seed0_alpha0p5_cm2_wd0p01,abs,fedogda_s,0,tune_fedogda_s_abs_seed0_alpha0p5_cm2_wd0p01,legacy_sample_weighted,
rerun_protocol_v1_tuning,results/rerun_protocol_v1_tuning/fedogda_s_pilot_alpha0p5/abs/fedogda_s/seed_0/tune_fedogda_s_abs_seed0_alpha0p5_cm2_wd0p03,abs,fedogda_s,0,tune_fedogda_s_abs_seed0_alpha0p5_cm2_wd0p03,legacy_sample_weighted,
rerun_protocol_v1_tuning,results/rerun_protocol_v1_tuning/fedogda_s_pilot_alpha0p5/abs/fedogda_s/seed_0/tune_fedogda_s_abs_seed0_alpha0p5_cm2_wd0p001,abs,fedogda_s,0,tune_fedogda_s_abs_seed0_alpha0p5_cm2_wd0p001,legacy_sample_weighted,
rerun_protocol_v1_tuning,results/rerun_protocol_v1_tuning/fedogda_s_pilot_alpha0p5/abs/fedogda_s/seed_0/tune_fedogda_s_abs_seed0_alpha0p5_cm5_wd0p01,abs,fedogda_s,0,tune_fedogda_s_abs_seed0_alpha0p5_cm5_wd0p01,legacy_sample_weighted,
rerun_protocol_v1_tuning,results/rerun_protocol_v1_tuning/fedogda_s_pilot_alpha0p5/abs/fedogda_s/seed_0/tune_fedogda_s_abs_seed0_alpha0p5_cm10_wd0p1,abs,fedogda_s,0,tune_fedogda_s_abs_seed0_alpha0p5_cm10_wd0p1,legacy_sample_weighted,
rerun_protocol_v1_tuning,results/rerun_protocol_v1_tuning/fedogda_s_pilot_alpha0p5/abs/fedogda_s/seed_0/tune_fedogda_s_abs_seed0_alpha0p5_cm10_wd0p001,abs,fedogda_s,0,tune_fedogda_s_abs_seed0_alpha0p5_cm10_wd0p001,legacy_sample_weighted,
rerun_protocol_v1_tuning,results/rerun_protocol_v1_tuning/fedogda_s_pilot_alpha0p5/abs/fedogda_s/seed_0/tune_fedogda_s_abs_seed0_alpha0p5_cm20_wd0p1,abs,fedogda_s,0,tune_fedogda_s_abs_seed0_alpha0p5_cm20_wd0p1,legacy_sample_weighted,
rerun_protocol_v1_tuning,results/rerun_protocol_v1_tuning/fedogda_s_pilot_alpha0p5/abs/fedogda_s/seed_0/tune_fedogda_s_abs_seed0_alpha0p5_cm10_wd0p01,abs,fedogda_s,0,tune_fedogda_s_abs_seed0_alpha0p5_cm10_wd0p01,legacy_sample_weighted,
rerun_protocol_v1_tuning,results/rerun_protocol_v1_tuning/fedogda_s_pilot_alpha0p5/abs/fedogda_s/seed_0/tune_fedogda_s_abs_seed0_alpha0p5_cm5_wd0p03,abs,fedogda_s,0,tune_fedogda_s_abs_seed0_alpha0p5_cm5_wd0p03,legacy_sample_weighted,
rerun_protocol_v1_tuning,results/rerun_protocol_v1_tuning/fedogda_s_pilot_alpha0p5/abs/fedogda_s/seed_0/tune_fedogda_s_abs_seed0_alpha0p5_cm5_wd0p001,abs,fedogda_s,0,tune_fedogda_s_abs_seed0_alpha0p5_cm5_wd0p001,legacy_sample_weighted,
rerun_protocol_v1_tuning,results/rerun_protocol_v1_tuning/fedogda_s_pilot_alpha0p5/abs/fedogda_s/seed_0/tune_fedogda_s_abs_seed0_alpha0p5_cm10_wd0p03,abs,fedogda_s,0,tune_fedogda_s_abs_seed0_alpha0p5_cm10_wd0p03,legacy_sample_weighted,
rerun_protocol_v1_tuning,results/rerun_protocol_v1_tuning/fedogda_s_pilot_alpha0p5/abs/fedogda_s/seed_0/tune_fedogda_s_abs_seed0_alpha0p5_cm20_wd0p001,abs,fedogda_s,0,tune_fedogda_s_abs_seed0_alpha0p5_cm20_wd0p001,legacy_sample_weighted,
rerun_protocol_v1_tuning,results/rerun_protocol_v1_tuning/fedogda_s_pilot_alpha0p5/abs/fedogda_s/seed_0/tune_fedogda_s_abs_seed0_alpha0p5_cm5_wd0p1,abs,fedogda_s,0,tune_fedogda_s_abs_seed0_alpha0p5_cm5_wd0p1,legacy_sample_weighted,
rerun_protocol_v1_tuning,results/rerun_protocol_v1_tuning/fedogda_s_pilot_alpha0p5/abs/fedogda_s/seed_0/tune_fedogda_s_abs_seed0_alpha0p5_cm20_wd0p03,abs,fedogda_s,0,tune_fedogda_s_abs_seed0_alpha0p5_cm20_wd0p03,legacy_sample_weighted,
rerun_protocol_v1_tuning,results/rerun_protocol_v1_tuning/fedogda_s_pilot_alpha0p5/abs/fedogda_s/seed_0/tune_fedogda_s_abs_seed0_alpha0p5_cm2_wd0p1,abs,fedogda_s,0,tune_fedogda_s_abs_seed0_alpha0p5_cm2_wd0p1,legacy_sample_weighted,
rerun_protocol_v1_tuning,results/rerun_protocol_v1_tuning/fedogda_s_pilot_alpha0p5/linear/fedogda_s/seed_1/tune_fedogda_s_linear_seed1_alpha0p5_cm5_wd0p01,linear,fedogda_s,1,tune_fedogda_s_linear_seed1_alpha0p5_cm5_wd0p01,legacy_sample_weighted,
rerun_protocol_v1_tuning,results/rerun_protocol_v1_tuning/fedogda_s_pilot_alpha0p5/linear/fedogda_s/seed_1/tune_fedogda_s_linear_seed1_alpha0p5_cm10_wd0p1,linear,fedogda_s,1,tune_fedogda_s_linear_seed1_alpha0p5_cm10_wd0p1,legacy_sample_weighted,
rerun_protocol_v1_tuning,results/rerun_protocol_v1_tuning/fedogda_s_pilot_alpha0p5/linear/fedogda_s/seed_1/tune_fedogda_s_linear_seed1_alpha0p5_cm20_wd0p01,linear,fedogda_s,1,tune_fedogda_s_linear_seed1_alpha0p5_cm20_wd0p01,legacy_sample_weighted,
rerun_protocol_v1_tuning,results/rerun_protocol_v1_tuning/fedogda_s_pilot_alpha0p5/linear/fedogda_s/seed_1/tune_fedogda_s_linear_seed1_alpha0p5_cm10_wd0p001,linear,fedogda_s,1,tune_fedogda_s_linear_seed1_alpha0p5_cm10_wd0p001,legacy_sample_weighted,
rerun_protocol_v1_tuning,results/rerun_protocol_v1_tuning/fedogda_s_pilot_alpha0p5/linear/fedogda_s/seed_1/tune_fedogda_s_linear_seed1_alpha0p5_cm20_wd0p03,linear,fedogda_s,1,tune_fedogda_s_linear_seed1_alpha0p5_cm20_wd0p03,legacy_sample_weighted,
rerun_protocol_v1_tuning,results/rerun_protocol_v1_tuning/fedogda_s_pilot_alpha0p5/linear/fedogda_s/seed_1/tune_fedogda_s_linear_seed1_alpha0p5_cm20_wd0p001,linear,fedogda_s,1,tune_fedogda_s_linear_seed1_alpha0p5_cm20_wd0p001,legacy_sample_weighted,
rerun_protocol_v1_tuning,results/rerun_protocol_v1_tuning/fedogda_s_pilot_alpha0p5/linear/fedogda_s/seed_1/tune_fedogda_s_linear_seed1_alpha0p5_cm10_wd0p01,linear,fedogda_s,1,tune_fedogda_s_linear_seed1_alpha0p5_cm10_wd0p01,legacy_sample_weighted,
rerun_protocol_v1_tuning,results/rerun_protocol_v1_tuning/fedogda_s_pilot_alpha0p5/linear/fedogda_s/seed_1/tune_fedogda_s_linear_seed1_alpha0p5_cm5_wd0p001,linear,fedogda_s,1,tune_fedogda_s_linear_seed1_alpha0p5_cm5_wd0p001,legacy_sample_weighted,
rerun_protocol_v1_tuning,results/rerun_protocol_v1_tuning/fedogda_s_pilot_alpha0p5/linear/fedogda_s/seed_1/tune_fedogda_s_linear_seed1_alpha0p5_cm2_wd0p1,linear,fedogda_s,1,tune_fedogda_s_linear_seed1_alpha0p5_cm2_wd0p1,legacy_sample_weighted,
rerun_protocol_v1_tuning,results/rerun_protocol_v1_tuning/fedogda_s_pilot_alpha0p5/linear/fedogda_s/seed_1/tune_fedogda_s_linear_seed1_alpha0p5_cm10_wd0p03,linear,fedogda_s,1,tune_fedogda_s_linear_seed1_alpha0p5_cm10_wd0p03,legacy_sample_weighted,
rerun_protocol_v1_tuning,results/rerun_protocol_v1_tuning/fedogda_s_pilot_alpha0p5/linear/fedogda_s/seed_1/tune_fedogda_s_linear_seed1_alpha0p5_cm2_wd0p03,linear,fedogda_s,1,tune_fedogda_s_linear_seed1_alpha0p5_cm2_wd0p03,legacy_sample_weighted,
rerun_protocol_v1_tuning,results/rerun_protocol_v1_tuning/fedogda_s_pilot_alpha0p5/linear/fedogda_s/seed_1/tune_fedogda_s_linear_seed1_alpha0p5_cm20_wd0p1,linear,fedogda_s,1,tune_fedogda_s_linear_seed1_alpha0p5_cm20_wd0p1,legacy_sample_weighted,
rerun_protocol_v1_tuning,results/rerun_protocol_v1_tuning/fedogda_s_pilot_alpha0p5/linear/fedogda_s/seed_1/tune_fedogda_s_linear_seed1_alpha0p5_cm2_wd0p001,linear,fedogda_s,1,tune_fedogda_s_linear_seed1_alpha0p5_cm2_wd0p001,legacy_sample_weighted,
rerun_protocol_v1_tuning,results/rerun_protocol_v1_tuning/fedogda_s_pilot_alpha0p5/linear/fedogda_s/seed_1/tune_fedogda_s_linear_seed1_alpha0p5_cm5_wd0p03,linear,fedogda_s,1,tune_fedogda_s_linear_seed1_alpha0p5_cm5_wd0p03,legacy_sample_weighted,
rerun_protocol_v1_tuning,results/rerun_protocol_v1_tuning/fedogda_s_pilot_alpha0p5/linear/fedogda_s/seed_1/tune_fedogda_s_linear_seed1_alpha0p5_cm2_wd0p01,linear,fedogda_s,1,tune_fedogda_s_linear_seed1_alpha0p5_cm2_wd0p01,legacy_sample_weighted,
rerun_protocol_v1_tuning,results/rerun_protocol_v1_tuning/fedogda_s_pilot_alpha0p5/linear/fedogda_s/seed_1/tune_fedogda_s_linear_seed1_alpha0p5_cm5_wd0p1,linear,fedogda_s,1,tune_fedogda_s_linear_seed1_alpha0p5_cm5_wd0p1,legacy_sample_weighted,
rerun_protocol_v1_tuning,results/rerun_protocol_v1_tuning/fedogda_s_pilot_alpha0p5/linear/fedogda_s/seed_2/tune_fedogda_s_linear_seed2_alpha0p5_cm2_wd0p03,linear,fedogda_s,2,tune_fedogda_s_linear_seed2_alpha0p5_cm2_wd0p03,legacy_sample_weighted,
rerun_protocol_v1_tuning,results/rerun_protocol_v1_tuning/fedogda_s_pilot_alpha0p5/linear/fedogda_s/seed_2/tune_fedogda_s_linear_seed2_alpha0p5_cm20_wd0p03,linear,fedogda_s,2,tune_fedogda_s_linear_seed2_alpha0p5_cm20_wd0p03,legacy_sample_weighted,
rerun_protocol_v1_tuning,results/rerun_protocol_v1_tuning/fedogda_s_pilot_alpha0p5/linear/fedogda_s/seed_2/tune_fedogda_s_linear_seed2_alpha0p5_cm10_wd0p1,linear,fedogda_s,2,tune_fedogda_s_linear_seed2_alpha0p5_cm10_wd0p1,legacy_sample_weighted,
rerun_protocol_v1_tuning,results/rerun_protocol_v1_tuning/fedogda_s_pilot_alpha0p5/linear/fedogda_s/seed_2/tune_fedogda_s_linear_seed2_alpha0p5_cm2_wd0p1,linear,fedogda_s,2,tune_fedogda_s_linear_seed2_alpha0p5_cm2_wd0p1,legacy_sample_weighted,
rerun_protocol_v1_tuning,results/rerun_protocol_v1_tuning/fedogda_s_pilot_alpha0p5/linear/fedogda_s/seed_2/tune_fedogda_s_linear_seed2_alpha0p5_cm10_wd0p001,linear,fedogda_s,2,tune_fedogda_s_linear_seed2_alpha0p5_cm10_wd0p001,legacy_sample_weighted,
rerun_protocol_v1_tuning,results/rerun_protocol_v1_tuning/fedogda_s_pilot_alpha0p5/linear/fedogda_s/seed_2/tune_fedogda_s_linear_seed2_alpha0p5_cm10_wd0p03,linear,fedogda_s,2,tune_fedogda_s_linear_seed2_alpha0p5_cm10_wd0p03,legacy_sample_weighted,
rerun_protocol_v1_tuning,results/rerun_protocol_v1_tuning/fedogda_s_pilot_alpha0p5/linear/fedogda_s/seed_2/tune_fedogda_s_linear_seed2_alpha0p5_cm5_wd0p03,linear,fedogda_s,2,tune_fedogda_s_linear_seed2_alpha0p5_cm5_wd0p03,legacy_sample_weighted,
rerun_protocol_v1_tuning,results/rerun_protocol_v1_tuning/fedogda_s_pilot_alpha0p5/linear/fedogda_s/seed_2/tune_fedogda_s_linear_seed2_alpha0p5_cm10_wd0p01,linear,fedogda_s,2,tune_fedogda_s_linear_seed2_alpha0p5_cm10_wd0p01,legacy_sample_weighted,
rerun_protocol_v1_tuning,results/rerun_protocol_v1_tuning/fedogda_s_pilot_alpha0p5/linear/fedogda_s/seed_2/tune_fedogda_s_linear_seed2_alpha0p5_cm5_wd0p01,linear,fedogda_s,2,tune_fedogda_s_linear_seed2_alpha0p5_cm5_wd0p01,legacy_sample_weighted,
rerun_protocol_v1_tuning,results/rerun_protocol_v1_tuning/fedogda_s_pilot_alpha0p5/linear/fedogda_s/seed_2/tune_fedogda_s_linear_seed2_alpha0p5_cm5_wd0p1,linear,fedogda_s,2,tune_fedogda_s_linear_seed2_alpha0p5_cm5_wd0p1,legacy_sample_weighted,
rerun_protocol_v1_tuning,results/rerun_protocol_v1_tuning/fedogda_s_pilot_alpha0p5/linear/fedogda_s/seed_2/tune_fedogda_s_linear_seed2_alpha0p5_cm5_wd0p001,linear,fedogda_s,2,tune_fedogda_s_linear_seed2_alpha0p5_cm5_wd0p001,legacy_sample_weighted,
rerun_protocol_v1_tuning,results/rerun_protocol_v1_tuning/fedogda_s_pilot_alpha0p5/linear/fedogda_s/seed_2/tune_fedogda_s_linear_seed2_alpha0p5_cm2_wd0p001,linear,fedogda_s,2,tune_fedogda_s_linear_seed2_alpha0p5_cm2_wd0p001,legacy_sample_weighted,
rerun_protocol_v1_tuning,results/rerun_protocol_v1_tuning/fedogda_s_pilot_alpha0p5/linear/fedogda_s/seed_2/tune_fedogda_s_linear_seed2_alpha0p5_cm20_wd0p001,linear,fedogda_s,2,tune_fedogda_s_linear_seed2_alpha0p5_cm20_wd0p001,legacy_sample_weighted,
rerun_protocol_v1_tuning,results/rerun_protocol_v1_tuning/fedogda_s_pilot_alpha0p5/linear/fedogda_s/seed_2/tune_fedogda_s_linear_seed2_alpha0p5_cm20_wd0p1,linear,fedogda_s,2,tune_fedogda_s_linear_seed2_alpha0p5_cm20_wd0p1,legacy_sample_weighted,
rerun_protocol_v1_tuning,results/rerun_protocol_v1_tuning/fedogda_s_pilot_alpha0p5/linear/fedogda_s/seed_2/tune_fedogda_s_linear_seed2_alpha0p5_cm20_wd0p01,linear,fedogda_s,2,tune_fedogda_s_linear_seed2_alpha0p5_cm20_wd0p01,legacy_sample_weighted,
rerun_protocol_v1_tuning,results/rerun_protocol_v1_tuning/fedogda_s_pilot_alpha0p5/linear/fedogda_s/seed_2/tune_fedogda_s_linear_seed2_alpha0p5_cm2_wd0p01,linear,fedogda_s,2,tune_fedogda_s_linear_seed2_alpha0p5_cm2_wd0p01,legacy_sample_weighted,
rerun_protocol_v1_tuning,results/rerun_protocol_v1_tuning/fedogda_s_pilot_alpha0p5/linear/fedogda_s/seed_0/tune_fedogda_s_linear_seed0_alpha0p5_cm2_wd0p01,linear,fedogda_s,0,tune_fedogda_s_linear_seed0_alpha0p5_cm2_wd0p01,legacy_sample_weighted,
rerun_protocol_v1_tuning,results/rerun_protocol_v1_tuning/fedogda_s_pilot_alpha0p5/linear/fedogda_s/seed_0/tune_fedogda_s_linear_seed0_alpha0p5_cm10_wd0p03,linear,fedogda_s,0,tune_fedogda_s_linear_seed0_alpha0p5_cm10_wd0p03,legacy_sample_weighted,
rerun_protocol_v1_tuning,results/rerun_protocol_v1_tuning/fedogda_s_pilot_alpha0p5/linear/fedogda_s/seed_0/tune_fedogda_s_linear_seed0_alpha0p5_cm20_wd0p01,linear,fedogda_s,0,tune_fedogda_s_linear_seed0_alpha0p5_cm20_wd0p01,legacy_sample_weighted,
rerun_protocol_v1_tuning,results/rerun_protocol_v1_tuning/fedogda_s_pilot_alpha0p5/linear/fedogda_s/seed_0/tune_fedogda_s_linear_seed0_alpha0p5_cm5_wd0p03,linear,fedogda_s,0,tune_fedogda_s_linear_seed0_alpha0p5_cm5_wd0p03,legacy_sample_weighted,
rerun_protocol_v1_tuning,results/rerun_protocol_v1_tuning/fedogda_s_pilot_alpha0p5/linear/fedogda_s/seed_0/tune_fedogda_s_linear_seed0_alpha0p5_cm10_wd0p001,linear,fedogda_s,0,tune_fedogda_s_linear_seed0_alpha0p5_cm10_wd0p001,legacy_sample_weighted,
rerun_protocol_v1_tuning,results/rerun_protocol_v1_tuning/fedogda_s_pilot_alpha0p5/linear/fedogda_s/seed_0/tune_fedogda_s_linear_seed0_alpha0p5_cm2_wd0p03,linear,fedogda_s,0,tune_fedogda_s_linear_seed0_alpha0p5_cm2_wd0p03,legacy_sample_weighted,
rerun_protocol_v1_tuning,results/rerun_protocol_v1_tuning/fedogda_s_pilot_alpha0p5/linear/fedogda_s/seed_0/tune_fedogda_s_linear_seed0_alpha0p5_cm20_wd0p001,linear,fedogda_s,0,tune_fedogda_s_linear_seed0_alpha0p5_cm20_wd0p001,legacy_sample_weighted,
rerun_protocol_v1_tuning,results/rerun_protocol_v1_tuning/fedogda_s_pilot_alpha0p5/linear/fedogda_s/seed_0/tune_fedogda_s_linear_seed0_alpha0p5_cm5_wd0p1,linear,fedogda_s,0,tune_fedogda_s_linear_seed0_alpha0p5_cm5_wd0p1,legacy_sample_weighted,
rerun_protocol_v1_tuning,results/rerun_protocol_v1_tuning/fedogda_s_pilot_alpha0p5/linear/fedogda_s/seed_0/tune_fedogda_s_linear_seed0_alpha0p5_cm20_wd0p1,linear,fedogda_s,0,tune_fedogda_s_linear_seed0_alpha0p5_cm20_wd0p1,legacy_sample_weighted,
rerun_protocol_v1_tuning,results/rerun_protocol_v1_tuning/fedogda_s_pilot_alpha0p5/linear/fedogda_s/seed_0/tune_fedogda_s_linear_seed0_alpha0p5_cm20_wd0p03,linear,fedogda_s,0,tune_fedogda_s_linear_seed0_alpha0p5_cm20_wd0p03,legacy_sample_weighted,
rerun_protocol_v1_tuning,results/rerun_protocol_v1_tuning/fedogda_s_pilot_alpha0p5/linear/fedogda_s/seed_0/tune_fedogda_s_linear_seed0_alpha0p5_cm5_wd0p001,linear,fedogda_s,0,tune_fedogda_s_linear_seed0_alpha0p5_cm5_wd0p001,legacy_sample_weighted,
rerun_protocol_v1_tuning,results/rerun_protocol_v1_tuning/fedogda_s_pilot_alpha0p5/linear/fedogda_s/seed_0/tune_fedogda_s_linear_seed0_alpha0p5_cm2_wd0p001,linear,fedogda_s,0,tune_fedogda_s_linear_seed0_alpha0p5_cm2_wd0p001,legacy_sample_weighted,
rerun_protocol_v1_tuning,results/rerun_protocol_v1_tuning/fedogda_s_pilot_alpha0p5/linear/fedogda_s/seed_0/tune_fedogda_s_linear_seed0_alpha0p5_cm2_wd0p1,linear,fedogda_s,0,tune_fedogda_s_linear_seed0_alpha0p5_cm2_wd0p1,legacy_sample_weighted,
rerun_protocol_v1_tuning,results/rerun_protocol_v1_tuning/fedogda_s_pilot_alpha0p5/linear/fedogda_s/seed_0/tune_fedogda_s_linear_seed0_alpha0p5_cm5_wd0p01,linear,fedogda_s,0,tune_fedogda_s_linear_seed0_alpha0p5_cm5_wd0p01,legacy_sample_weighted,
rerun_protocol_v1_tuning,results/rerun_protocol_v1_tuning/fedogda_s_pilot_alpha0p5/linear/fedogda_s/seed_0/tune_fedogda_s_linear_seed0_alpha0p5_cm10_wd0p01,linear,fedogda_s,0,tune_fedogda_s_linear_seed0_alpha0p5_cm10_wd0p01,legacy_sample_weighted,
rerun_protocol_v1_tuning,results/rerun_protocol_v1_tuning/fedogda_s_pilot_alpha0p5/linear/fedogda_s/seed_0/tune_fedogda_s_linear_seed0_alpha0p5_cm10_wd0p1,linear,fedogda_s,0,tune_fedogda_s_linear_seed0_alpha0p5_cm10_wd0p1,legacy_sample_weighted,
rerun_protocol_v1_tuning,results/rerun_protocol_v1_tuning/fedogda_s_pilot_alpha0p5/step/fedogda_s/seed_1/tune_fedogda_s_step_seed1_alpha0p5_cm2_wd0p03,step,fedogda_s,1,tune_fedogda_s_step_seed1_alpha0p5_cm2_wd0p03,legacy_sample_weighted,
rerun_protocol_v1_tuning,results/rerun_protocol_v1_tuning/fedogda_s_pilot_alpha0p5/step/fedogda_s/seed_1/tune_fedogda_s_step_seed1_alpha0p5_cm10_wd0p1,step,fedogda_s,1,tune_fedogda_s_step_seed1_alpha0p5_cm10_wd0p1,legacy_sample_weighted,
rerun_protocol_v1_tuning,results/rerun_protocol_v1_tuning/fedogda_s_pilot_alpha0p5/step/fedogda_s/seed_1/tune_fedogda_s_step_seed1_alpha0p5_cm20_wd0p1,step,fedogda_s,1,tune_fedogda_s_step_seed1_alpha0p5_cm20_wd0p1,legacy_sample_weighted,
rerun_protocol_v1_tuning,results/rerun_protocol_v1_tuning/fedogda_s_pilot_alpha0p5/step/fedogda_s/seed_1/tune_fedogda_s_step_seed1_alpha0p5_cm20_wd0p03,step,fedogda_s,1,tune_fedogda_s_step_seed1_alpha0p5_cm20_wd0p03,legacy_sample_weighted,
rerun_protocol_v1_tuning,results/rerun_protocol_v1_tuning/fedogda_s_pilot_alpha0p5/step/fedogda_s/seed_1/tune_fedogda_s_step_seed1_alpha0p5_cm2_wd0p01,step,fedogda_s,1,tune_fedogda_s_step_seed1_alpha0p5_cm2_wd0p01,legacy_sample_weighted,
rerun_protocol_v1_tuning,results/rerun_protocol_v1_tuning/fedogda_s_pilot_alpha0p5/step/fedogda_s/seed_1/tune_fedogda_s_step_seed1_alpha0p5_cm5_wd0p01,step,fedogda_s,1,tune_fedogda_s_step_seed1_alpha0p5_cm5_wd0p01,legacy_sample_weighted,
rerun_protocol_v1_tuning,results/rerun_protocol_v1_tuning/fedogda_s_pilot_alpha0p5/step/fedogda_s/seed_1/tune_fedogda_s_step_seed1_alpha0p5_cm10_wd0p001,step,fedogda_s,1,tune_fedogda_s_step_seed1_alpha0p5_cm10_wd0p001,legacy_sample_weighted,
rerun_protocol_v1_tuning,results/rerun_protocol_v1_tuning/fedogda_s_pilot_alpha0p5/step/fedogda_s/seed_1/tune_fedogda_s_step_seed1_alpha0p5_cm5_wd0p001,step,fedogda_s,1,tune_fedogda_s_step_seed1_alpha0p5_cm5_wd0p001,legacy_sample_weighted,
rerun_protocol_v1_tuning,results/rerun_protocol_v1_tuning/fedogda_s_pilot_alpha0p5/step/fedogda_s/seed_1/tune_fedogda_s_step_seed1_alpha0p5_cm5_wd0p03,step,fedogda_s,1,tune_fedogda_s_step_seed1_alpha0p5_cm5_wd0p03,legacy_sample_weighted,
rerun_protocol_v1_tuning,results/rerun_protocol_v1_tuning/fedogda_s_pilot_alpha0p5/step/fedogda_s/seed_1/tune_fedogda_s_step_seed1_alpha0p5_cm2_wd0p001,step,fedogda_s,1,tune_fedogda_s_step_seed1_alpha0p5_cm2_wd0p001,legacy_sample_weighted,
rerun_protocol_v1_tuning,results/rerun_protocol_v1_tuning/fedogda_s_pilot_alpha0p5/step/fedogda_s/seed_1/tune_fedogda_s_step_seed1_alpha0p5_cm20_wd0p01,step,fedogda_s,1,tune_fedogda_s_step_seed1_alpha0p5_cm20_wd0p01,legacy_sample_weighted,
rerun_protocol_v1_tuning,results/rerun_protocol_v1_tuning/fedogda_s_pilot_alpha0p5/step/fedogda_s/seed_1/tune_fedogda_s_step_seed1_alpha0p5_cm10_wd0p01,step,fedogda_s,1,tune_fedogda_s_step_seed1_alpha0p5_cm10_wd0p01,legacy_sample_weighted,
rerun_protocol_v1_tuning,results/rerun_protocol_v1_tuning/fedogda_s_pilot_alpha0p5/step/fedogda_s/seed_1/tune_fedogda_s_step_seed1_alpha0p5_cm10_wd0p03,step,fedogda_s,1,tune_fedogda_s_step_seed1_alpha0p5_cm10_wd0p03,legacy_sample_weighted,
rerun_protocol_v1_tuning,results/rerun_protocol_v1_tuning/fedogda_s_pilot_alpha0p5/step/fedogda_s/seed_1/tune_fedogda_s_step_seed1_alpha0p5_cm5_wd0p1,step,fedogda_s,1,tune_fedogda_s_step_seed1_alpha0p5_cm5_wd0p1,legacy_sample_weighted,
rerun_protocol_v1_tuning,results/rerun_protocol_v1_tuning/fedogda_s_pilot_alpha0p5/step/fedogda_s/seed_1/tune_fedogda_s_step_seed1_alpha0p5_cm2_wd0p1,step,fedogda_s,1,tune_fedogda_s_step_seed1_alpha0p5_cm2_wd0p1,legacy_sample_weighted,
rerun_protocol_v1_tuning,results/rerun_protocol_v1_tuning/fedogda_s_pilot_alpha0p5/step/fedogda_s/seed_1/tune_fedogda_s_step_seed1_alpha0p5_cm20_wd0p001,step,fedogda_s,1,tune_fedogda_s_step_seed1_alpha0p5_cm20_wd0p001,legacy_sample_weighted,
rerun_protocol_v1_tuning,results/rerun_protocol_v1_tuning/fedogda_s_pilot_alpha0p5/step/fedogda_s/seed_2/tune_fedogda_s_step_seed2_alpha0p5_cm20_wd0p001,step,fedogda_s,2,tune_fedogda_s_step_seed2_alpha0p5_cm20_wd0p001,legacy_sample_weighted,
rerun_protocol_v1_tuning,results/rerun_protocol_v1_tuning/fedogda_s_pilot_alpha0p5/step/fedogda_s/seed_2/tune_fedogda_s_step_seed2_alpha0p5_cm2_wd0p1,step,fedogda_s,2,tune_fedogda_s_step_seed2_alpha0p5_cm2_wd0p1,legacy_sample_weighted,
rerun_protocol_v1_tuning,results/rerun_protocol_v1_tuning/fedogda_s_pilot_alpha0p5/step/fedogda_s/seed_2/tune_fedogda_s_step_seed2_alpha0p5_cm10_wd0p1,step,fedogda_s,2,tune_fedogda_s_step_seed2_alpha0p5_cm10_wd0p1,legacy_sample_weighted,
rerun_protocol_v1_tuning,results/rerun_protocol_v1_tuning/fedogda_s_pilot_alpha0p5/step/fedogda_s/seed_2/tune_fedogda_s_step_seed2_alpha0p5_cm2_wd0p001,step,fedogda_s,2,tune_fedogda_s_step_seed2_alpha0p5_cm2_wd0p001,legacy_sample_weighted,
rerun_protocol_v1_tuning,results/rerun_protocol_v1_tuning/fedogda_s_pilot_alpha0p5/step/fedogda_s/seed_2/tune_fedogda_s_step_seed2_alpha0p5_cm5_wd0p01,step,fedogda_s,2,tune_fedogda_s_step_seed2_alpha0p5_cm5_wd0p01,legacy_sample_weighted,
rerun_protocol_v1_tuning,results/rerun_protocol_v1_tuning/fedogda_s_pilot_alpha0p5/step/fedogda_s/seed_2/tune_fedogda_s_step_seed2_alpha0p5_cm2_wd0p01,step,fedogda_s,2,tune_fedogda_s_step_seed2_alpha0p5_cm2_wd0p01,legacy_sample_weighted,
rerun_protocol_v1_tuning,results/rerun_protocol_v1_tuning/fedogda_s_pilot_alpha0p5/step/fedogda_s/seed_2/tune_fedogda_s_step_seed2_alpha0p5_cm10_wd0p03,step,fedogda_s,2,tune_fedogda_s_step_seed2_alpha0p5_cm10_wd0p03,legacy_sample_weighted,
rerun_protocol_v1_tuning,results/rerun_protocol_v1_tuning/fedogda_s_pilot_alpha0p5/step/fedogda_s/seed_2/tune_fedogda_s_step_seed2_alpha0p5_cm5_wd0p1,step,fedogda_s,2,tune_fedogda_s_step_seed2_alpha0p5_cm5_wd0p1,legacy_sample_weighted,
rerun_protocol_v1_tuning,results/rerun_protocol_v1_tuning/fedogda_s_pilot_alpha0p5/step/fedogda_s/seed_2/tune_fedogda_s_step_seed2_alpha0p5_cm2_wd0p03,step,fedogda_s,2,tune_fedogda_s_step_seed2_alpha0p5_cm2_wd0p03,legacy_sample_weighted,
rerun_protocol_v1_tuning,results/rerun_protocol_v1_tuning/fedogda_s_pilot_alpha0p5/step/fedogda_s/seed_2/tune_fedogda_s_step_seed2_alpha0p5_cm20_wd0p1,step,fedogda_s,2,tune_fedogda_s_step_seed2_alpha0p5_cm20_wd0p1,legacy_sample_weighted,
rerun_protocol_v1_tuning,results/rerun_protocol_v1_tuning/fedogda_s_pilot_alpha0p5/step/fedogda_s/seed_2/tune_fedogda_s_step_seed2_alpha0p5_cm10_wd0p001,step,fedogda_s,2,tune_fedogda_s_step_seed2_alpha0p5_cm10_wd0p001,legacy_sample_weighted,
rerun_protocol_v1_tuning,results/rerun_protocol_v1_tuning/fedogda_s_pilot_alpha0p5/step/fedogda_s/seed_2/tune_fedogda_s_step_seed2_alpha0p5_cm20_wd0p03,step,fedogda_s,2,tune_fedogda_s_step_seed2_alpha0p5_cm20_wd0p03,legacy_sample_weighted,
rerun_protocol_v1_tuning,results/rerun_protocol_v1_tuning/fedogda_s_pilot_alpha0p5/step/fedogda_s/seed_2/tune_fedogda_s_step_seed2_alpha0p5_cm10_wd0p01,step,fedogda_s,2,tune_fedogda_s_step_seed2_alpha0p5_cm10_wd0p01,legacy_sample_weighted,
rerun_protocol_v1_tuning,results/rerun_protocol_v1_tuning/fedogda_s_pilot_alpha0p5/step/fedogda_s/seed_2/tune_fedogda_s_step_seed2_alpha0p5_cm20_wd0p01,step,fedogda_s,2,tune_fedogda_s_step_seed2_alpha0p5_cm20_wd0p01,legacy_sample_weighted,
rerun_protocol_v1_tuning,results/rerun_protocol_v1_tuning/fedogda_s_pilot_alpha0p5/step/fedogda_s/seed_2/tune_fedogda_s_step_seed2_alpha0p5_cm5_wd0p03,step,fedogda_s,2,tune_fedogda_s_step_seed2_alpha0p5_cm5_wd0p03,legacy_sample_weighted,
rerun_protocol_v1_tuning,results/rerun_protocol_v1_tuning/fedogda_s_pilot_alpha0p5/step/fedogda_s/seed_2/tune_fedogda_s_step_seed2_alpha0p5_cm5_wd0p001,step,fedogda_s,2,tune_fedogda_s_step_seed2_alpha0p5_cm5_wd0p001,legacy_sample_weighted,
rerun_protocol_v1_tuning,results/rerun_protocol_v1_tuning/fedogda_s_pilot_alpha0p5/step/fedogda_s/seed_0/tune_fedogda_s_step_seed0_alpha0p5_cm10_wd0p001,step,fedogda_s,0,tune_fedogda_s_step_seed0_alpha0p5_cm10_wd0p001,legacy_sample_weighted,
rerun_protocol_v1_tuning,results/rerun_protocol_v1_tuning/fedogda_s_pilot_alpha0p5/step/fedogda_s/seed_0/tune_fedogda_s_step_seed0_alpha0p5_cm2_wd0p001,step,fedogda_s,0,tune_fedogda_s_step_seed0_alpha0p5_cm2_wd0p001,legacy_sample_weighted,
rerun_protocol_v1_tuning,results/rerun_protocol_v1_tuning/fedogda_s_pilot_alpha0p5/step/fedogda_s/seed_0/tune_fedogda_s_step_seed0_alpha0p5_cm20_wd0p001,step,fedogda_s,0,tune_fedogda_s_step_seed0_alpha0p5_cm20_wd0p001,legacy_sample_weighted,
rerun_protocol_v1_tuning,results/rerun_protocol_v1_tuning/fedogda_s_pilot_alpha0p5/step/fedogda_s/seed_0/tune_fedogda_s_step_seed0_alpha0p5_cm10_wd0p1,step,fedogda_s,0,tune_fedogda_s_step_seed0_alpha0p5_cm10_wd0p1,legacy_sample_weighted,
rerun_protocol_v1_tuning,results/rerun_protocol_v1_tuning/fedogda_s_pilot_alpha0p5/step/fedogda_s/seed_0/tune_fedogda_s_step_seed0_alpha0p5_cm10_wd0p03,step,fedogda_s,0,tune_fedogda_s_step_seed0_alpha0p5_cm10_wd0p03,legacy_sample_weighted,
rerun_protocol_v1_tuning,results/rerun_protocol_v1_tuning/fedogda_s_pilot_alpha0p5/step/fedogda_s/seed_0/tune_fedogda_s_step_seed0_alpha0p5_cm5_wd0p001,step,fedogda_s,0,tune_fedogda_s_step_seed0_alpha0p5_cm5_wd0p001,legacy_sample_weighted,
rerun_protocol_v1_tuning,results/rerun_protocol_v1_tuning/fedogda_s_pilot_alpha0p5/step/fedogda_s/seed_0/tune_fedogda_s_step_seed0_alpha0p5_cm20_wd0p03,step,fedogda_s,0,tune_fedogda_s_step_seed0_alpha0p5_cm20_wd0p03,legacy_sample_weighted,
rerun_protocol_v1_tuning,results/rerun_protocol_v1_tuning/fedogda_s_pilot_alpha0p5/step/fedogda_s/seed_0/tune_fedogda_s_step_seed0_alpha0p5_cm5_wd0p01,step,fedogda_s,0,tune_fedogda_s_step_seed0_alpha0p5_cm5_wd0p01,legacy_sample_weighted,
rerun_protocol_v1_tuning,results/rerun_protocol_v1_tuning/fedogda_s_pilot_alpha0p5/step/fedogda_s/seed_0/tune_fedogda_s_step_seed0_alpha0p5_cm2_wd0p03,step,fedogda_s,0,tune_fedogda_s_step_seed0_alpha0p5_cm2_wd0p03,legacy_sample_weighted,
rerun_protocol_v1_tuning,results/rerun_protocol_v1_tuning/fedogda_s_pilot_alpha0p5/step/fedogda_s/seed_0/tune_fedogda_s_step_seed0_alpha0p5_cm5_wd0p1,step,fedogda_s,0,tune_fedogda_s_step_seed0_alpha0p5_cm5_wd0p1,legacy_sample_weighted,
rerun_protocol_v1_tuning,results/rerun_protocol_v1_tuning/fedogda_s_pilot_alpha0p5/step/fedogda_s/seed_0/tune_fedogda_s_step_seed0_alpha0p5_cm20_wd0p1,step,fedogda_s,0,tune_fedogda_s_step_seed0_alpha0p5_cm20_wd0p1,legacy_sample_weighted,
rerun_protocol_v1_tuning,results/rerun_protocol_v1_tuning/fedogda_s_pilot_alpha0p5/step/fedogda_s/seed_0/tune_fedogda_s_step_seed0_alpha0p5_cm20_wd0p01,step,fedogda_s,0,tune_fedogda_s_step_seed0_alpha0p5_cm20_wd0p01,legacy_sample_weighted,
rerun_protocol_v1_tuning,results/rerun_protocol_v1_tuning/fedogda_s_pilot_alpha0p5/step/fedogda_s/seed_0/tune_fedogda_s_step_seed0_alpha0p5_cm2_wd0p01,step,fedogda_s,0,tune_fedogda_s_step_seed0_alpha0p5_cm2_wd0p01,legacy_sample_weighted,
rerun_protocol_v1_tuning,results/rerun_protocol_v1_tuning/fedogda_s_pilot_alpha0p5/step/fedogda_s/seed_0/tune_fedogda_s_step_seed0_alpha0p5_cm2_wd0p1,step,fedogda_s,0,tune_fedogda_s_step_seed0_alpha0p5_cm2_wd0p1,legacy_sample_weighted,
rerun_protocol_v1_tuning,results/rerun_protocol_v1_tuning/fedogda_s_pilot_alpha0p5/step/fedogda_s/seed_0/tune_fedogda_s_step_seed0_alpha0p5_cm10_wd0p01,step,fedogda_s,0,tune_fedogda_s_step_seed0_alpha0p5_cm10_wd0p01,legacy_sample_weighted,
rerun_protocol_v1_tuning,results/rerun_protocol_v1_tuning/fedogda_s_pilot_alpha0p5/step/fedogda_s/seed_0/tune_fedogda_s_step_seed0_alpha0p5_cm5_wd0p03,step,fedogda_s,0,tune_fedogda_s_step_seed0_alpha0p5_cm5_wd0p03,legacy_sample_weighted,
rerun_protocol_v1_real_images_abs_remaining_safe_speedup_v1_20260719_123539,results/rerun_protocol_v1_real_images_abs_remaining_safe_speedup_v1_20260719_123539/cifar10_z/fedogda_s/seed_1/highdim_abs_cifar10_z_fedogda_s_seed1_alpha0p1,cifar10_z,fedogda_s,1,highdim_abs_cifar10_z_fedogda_s_seed1_alpha0p1,legacy_sample_weighted,
rerun_protocol_v1_real_images_abs_remaining_safe_speedup_v1_20260719_123539,results/rerun_protocol_v1_real_images_abs_remaining_safe_speedup_v1_20260719_123539/cifar10_z/fedogda_s/seed_1/highdim_abs_cifar10_z_fedogda_s_seed1_alpha0p5,cifar10_z,fedogda_s,1,highdim_abs_cifar10_z_fedogda_s_seed1_alpha0p5,legacy_sample_weighted,
rerun_protocol_v1_real_images_abs_remaining_safe_speedup_v1_20260719_123539,results/rerun_protocol_v1_real_images_abs_remaining_safe_speedup_v1_20260719_123539/cifar10_z/fedogda_s/seed_4/highdim_abs_cifar10_z_fedogda_s_seed4_alpha0p5,cifar10_z,fedogda_s,4,highdim_abs_cifar10_z_fedogda_s_seed4_alpha0p5,legacy_sample_weighted,
rerun_protocol_v1_real_images_abs_remaining_safe_speedup_v1_20260719_123539,results/rerun_protocol_v1_real_images_abs_remaining_safe_speedup_v1_20260719_123539/cifar10_z/fedogda_s/seed_4/highdim_abs_cifar10_z_fedogda_s_seed4_alpha0p1,cifar10_z,fedogda_s,4,highdim_abs_cifar10_z_fedogda_s_seed4_alpha0p1,legacy_sample_weighted,
rerun_protocol_v1_real_images_abs_remaining_safe_speedup_v1_20260719_123539,results/rerun_protocol_v1_real_images_abs_remaining_safe_speedup_v1_20260719_123539/cifar10_z/fedogda_s/seed_2/highdim_abs_cifar10_z_fedogda_s_seed2_alpha0p1,cifar10_z,fedogda_s,2,highdim_abs_cifar10_z_fedogda_s_seed2_alpha0p1,legacy_sample_weighted,
rerun_protocol_v1_real_images_abs_remaining_safe_speedup_v1_20260719_123539,results/rerun_protocol_v1_real_images_abs_remaining_safe_speedup_v1_20260719_123539/cifar10_z/fedogda_s/seed_2/highdim_abs_cifar10_z_fedogda_s_seed2_alpha0p5,cifar10_z,fedogda_s,2,highdim_abs_cifar10_z_fedogda_s_seed2_alpha0p5,legacy_sample_weighted,
rerun_protocol_v1_real_images_abs_remaining_safe_speedup_v1_20260719_123539,results/rerun_protocol_v1_real_images_abs_remaining_safe_speedup_v1_20260719_123539/cifar10_z/fedogda_s/seed_3/highdim_abs_cifar10_z_fedogda_s_seed3_alpha0p1,cifar10_z,fedogda_s,3,highdim_abs_cifar10_z_fedogda_s_seed3_alpha0p1,legacy_sample_weighted,
rerun_protocol_v1_real_images_abs_remaining_safe_speedup_v1_20260719_123539,results/rerun_protocol_v1_real_images_abs_remaining_safe_speedup_v1_20260719_123539/cifar10_z/fedogda_s/seed_3/highdim_abs_cifar10_z_fedogda_s_seed3_alpha0p5,cifar10_z,fedogda_s,3,highdim_abs_cifar10_z_fedogda_s_seed3_alpha0p5,legacy_sample_weighted,
rerun_protocol_v1_real_images_abs_remaining_safe_speedup_v1_20260719_123539,results/rerun_protocol_v1_real_images_abs_remaining_safe_speedup_v1_20260719_123539/cifar10_z/fedogda_s/seed_0/highdim_abs_cifar10_z_fedogda_s_seed0_alpha0p5,cifar10_z,fedogda_s,0,highdim_abs_cifar10_z_fedogda_s_seed0_alpha0p5,legacy_sample_weighted,
rerun_protocol_v1_real_images_abs_remaining_safe_speedup_v1_20260719_123539,results/rerun_protocol_v1_real_images_abs_remaining_safe_speedup_v1_20260719_123539/cifar10_z/fedogda_s/seed_0/highdim_abs_cifar10_z_fedogda_s_seed0_alpha0p1,cifar10_z,fedogda_s,0,highdim_abs_cifar10_z_fedogda_s_seed0_alpha0p1,legacy_sample_weighted,
rerun_protocol_v1_real_images_abs_remaining_safe_speedup_v1_20260719_123539,results/rerun_protocol_v1_real_images_abs_remaining_safe_speedup_v1_20260719_123539/cifar10_z/fedgda_s/seed_1/highdim_abs_cifar10_z_fedgda_s_seed1_alpha0p1,cifar10_z,fedgda_s,1,highdim_abs_cifar10_z_fedgda_s_seed1_alpha0p1,legacy_sample_weighted,
rerun_protocol_v1_real_images_abs_remaining_safe_speedup_v1_20260719_123539,results/rerun_protocol_v1_real_images_abs_remaining_safe_speedup_v1_20260719_123539/cifar10_z/fedgda_s/seed_1/highdim_abs_cifar10_z_fedgda_s_seed1_alpha0p5,cifar10_z,fedgda_s,1,highdim_abs_cifar10_z_fedgda_s_seed1_alpha0p5,legacy_sample_weighted,
rerun_protocol_v1_real_images_abs_remaining_safe_speedup_v1_20260719_123539,results/rerun_protocol_v1_real_images_abs_remaining_safe_speedup_v1_20260719_123539/cifar10_z/fedgda_s/seed_4/highdim_abs_cifar10_z_fedgda_s_seed4_alpha0p1,cifar10_z,fedgda_s,4,highdim_abs_cifar10_z_fedgda_s_seed4_alpha0p1,legacy_sample_weighted,
rerun_protocol_v1_real_images_abs_remaining_safe_speedup_v1_20260719_123539,results/rerun_protocol_v1_real_images_abs_remaining_safe_speedup_v1_20260719_123539/cifar10_z/fedgda_s/seed_4/highdim_abs_cifar10_z_fedgda_s_seed4_alpha0p5,cifar10_z,fedgda_s,4,highdim_abs_cifar10_z_fedgda_s_seed4_alpha0p5,legacy_sample_weighted,
rerun_protocol_v1_real_images_abs_remaining_safe_speedup_v1_20260719_123539,results/rerun_protocol_v1_real_images_abs_remaining_safe_speedup_v1_20260719_123539/cifar10_z/fedgda_s/seed_2/highdim_abs_cifar10_z_fedgda_s_seed2_alpha0p1,cifar10_z,fedgda_s,2,highdim_abs_cifar10_z_fedgda_s_seed2_alpha0p1,legacy_sample_weighted,
rerun_protocol_v1_real_images_abs_remaining_safe_speedup_v1_20260719_123539,results/rerun_protocol_v1_real_images_abs_remaining_safe_speedup_v1_20260719_123539/cifar10_z/fedgda_s/seed_2/highdim_abs_cifar10_z_fedgda_s_seed2_alpha0p5,cifar10_z,fedgda_s,2,highdim_abs_cifar10_z_fedgda_s_seed2_alpha0p5,legacy_sample_weighted,
rerun_protocol_v1_real_images_abs_remaining_safe_speedup_v1_20260719_123539,results/rerun_protocol_v1_real_images_abs_remaining_safe_speedup_v1_20260719_123539/cifar10_z/fedgda_s/seed_3/highdim_abs_cifar10_z_fedgda_s_seed3_alpha0p1,cifar10_z,fedgda_s,3,highdim_abs_cifar10_z_fedgda_s_seed3_alpha0p1,legacy_sample_weighted,
rerun_protocol_v1_real_images_abs_remaining_safe_speedup_v1_20260719_123539,results/rerun_protocol_v1_real_images_abs_remaining_safe_speedup_v1_20260719_123539/cifar10_z/fedgda_s/seed_3/highdim_abs_cifar10_z_fedgda_s_seed3_alpha0p5,cifar10_z,fedgda_s,3,highdim_abs_cifar10_z_fedgda_s_seed3_alpha0p5,legacy_sample_weighted,
rerun_protocol_v1_real_images_abs_remaining_safe_speedup_v1_20260719_123539,results/rerun_protocol_v1_real_images_abs_remaining_safe_speedup_v1_20260719_123539/cifar10_z/fedgda_s/seed_0/highdim_abs_cifar10_z_fedgda_s_seed0_alpha0p5,cifar10_z,fedgda_s,0,highdim_abs_cifar10_z_fedgda_s_seed0_alpha0p5,legacy_sample_weighted,
rerun_protocol_v1_real_images_abs_remaining_safe_speedup_v1_20260719_123539,results/rerun_protocol_v1_real_images_abs_remaining_safe_speedup_v1_20260719_123539/cifar10_z/fedgda_s/seed_0/highdim_abs_cifar10_z_fedgda_s_seed0_alpha0p1,cifar10_z,fedgda_s,0,highdim_abs_cifar10_z_fedgda_s_seed0_alpha0p1,legacy_sample_weighted,
rerun_protocol_v1_real_images_abs_remaining_safe_speedup_v1_20260719_123539,results/rerun_protocol_v1_real_images_abs_remaining_safe_speedup_v1_20260719_123539/cifar10_x/fedogda_s/seed_1/highdim_abs_cifar10_x_fedogda_s_seed1_alpha0p1,cifar10_x,fedogda_s,1,highdim_abs_cifar10_x_fedogda_s_seed1_alpha0p1,legacy_sample_weighted,
rerun_protocol_v1_real_images_abs_remaining_safe_speedup_v1_20260719_123539,results/rerun_protocol_v1_real_images_abs_remaining_safe_speedup_v1_20260719_123539/cifar10_x/fedogda_s/seed_4/highdim_abs_cifar10_x_fedogda_s_seed4_alpha0p1,cifar10_x,fedogda_s,4,highdim_abs_cifar10_x_fedogda_s_seed4_alpha0p1,legacy_sample_weighted,
rerun_protocol_v1_real_images_abs_remaining_safe_speedup_v1_20260719_123539,results/rerun_protocol_v1_real_images_abs_remaining_safe_speedup_v1_20260719_123539/cifar10_x/fedogda_s/seed_4/highdim_abs_cifar10_x_fedogda_s_seed4_alpha0p5,cifar10_x,fedogda_s,4,highdim_abs_cifar10_x_fedogda_s_seed4_alpha0p5,legacy_sample_weighted,
rerun_protocol_v1_real_images_abs_remaining_safe_speedup_v1_20260719_123539,results/rerun_protocol_v1_real_images_abs_remaining_safe_speedup_v1_20260719_123539/cifar10_x/fedogda_s/seed_2/highdim_abs_cifar10_x_fedogda_s_seed2_alpha0p1,cifar10_x,fedogda_s,2,highdim_abs_cifar10_x_fedogda_s_seed2_alpha0p1,legacy_sample_weighted,
rerun_protocol_v1_real_images_abs_remaining_safe_speedup_v1_20260719_123539,results/rerun_protocol_v1_real_images_abs_remaining_safe_speedup_v1_20260719_123539/cifar10_x/fedogda_s/seed_3/highdim_abs_cifar10_x_fedogda_s_seed3_alpha0p5,cifar10_x,fedogda_s,3,highdim_abs_cifar10_x_fedogda_s_seed3_alpha0p5,legacy_sample_weighted,
rerun_protocol_v1_real_images_abs_remaining_safe_speedup_v1_20260719_123539,results/rerun_protocol_v1_real_images_abs_remaining_safe_speedup_v1_20260719_123539/cifar10_x/fedogda_s/seed_3/highdim_abs_cifar10_x_fedogda_s_seed3_alpha0p1,cifar10_x,fedogda_s,3,highdim_abs_cifar10_x_fedogda_s_seed3_alpha0p1,legacy_sample_weighted,
rerun_protocol_v1_real_images_abs_remaining_safe_speedup_v1_20260719_123539,results/rerun_protocol_v1_real_images_abs_remaining_safe_speedup_v1_20260719_123539/cifar10_x/fedogda_s/seed_0/highdim_abs_cifar10_x_fedogda_s_seed0_alpha0p1,cifar10_x,fedogda_s,0,highdim_abs_cifar10_x_fedogda_s_seed0_alpha0p1,legacy_sample_weighted,
rerun_protocol_v1_real_images_abs_remaining_safe_speedup_v1_20260719_123539,results/rerun_protocol_v1_real_images_abs_remaining_safe_speedup_v1_20260719_123539/cifar10_x/fedgda_s/seed_1/highdim_abs_cifar10_x_fedgda_s_seed1_alpha0p1,cifar10_x,fedgda_s,1,highdim_abs_cifar10_x_fedgda_s_seed1_alpha0p1,legacy_sample_weighted,
rerun_protocol_v1_real_images_abs_remaining_safe_speedup_v1_20260719_123539,results/rerun_protocol_v1_real_images_abs_remaining_safe_speedup_v1_20260719_123539/cifar10_x/fedgda_s/seed_4/highdim_abs_cifar10_x_fedgda_s_seed4_alpha0p1,cifar10_x,fedgda_s,4,highdim_abs_cifar10_x_fedgda_s_seed4_alpha0p1,legacy_sample_weighted,
rerun_protocol_v1_real_images_abs_remaining_safe_speedup_v1_20260719_123539,results/rerun_protocol_v1_real_images_abs_remaining_safe_speedup_v1_20260719_123539/cifar10_x/fedgda_s/seed_2/highdim_abs_cifar10_x_fedgda_s_seed2_alpha0p1,cifar10_x,fedgda_s,2,highdim_abs_cifar10_x_fedgda_s_seed2_alpha0p1,legacy_sample_weighted,
rerun_protocol_v1_real_images_abs_remaining_safe_speedup_v1_20260719_123539,results/rerun_protocol_v1_real_images_abs_remaining_safe_speedup_v1_20260719_123539/cifar10_x/fedgda_s/seed_3/highdim_abs_cifar10_x_fedgda_s_seed3_alpha0p1,cifar10_x,fedgda_s,3,highdim_abs_cifar10_x_fedgda_s_seed3_alpha0p1,legacy_sample_weighted,
rerun_protocol_v1_real_images_abs_remaining_safe_speedup_v1_20260719_123539,results/rerun_protocol_v1_real_images_abs_remaining_safe_speedup_v1_20260719_123539/cifar10_x/fedgda_s/seed_0/highdim_abs_cifar10_x_fedgda_s_seed0_alpha0p1,cifar10_x,fedgda_s,0,highdim_abs_cifar10_x_fedgda_s_seed0_alpha0p1,legacy_sample_weighted,
rerun_protocol_v1_real_images_abs_remaining_safe_speedup_v1_20260719_123539,results/rerun_protocol_v1_real_images_abs_remaining_safe_speedup_v1_20260719_123539/femnist_z/fedogda_s/seed_1/highdim_abs_femnist_z_fedogda_s_seed1_alpha0p1,femnist_z,fedogda_s,1,highdim_abs_femnist_z_fedogda_s_seed1_alpha0p1,legacy_sample_weighted,
rerun_protocol_v1_real_images_abs_remaining_safe_speedup_v1_20260719_123539,results/rerun_protocol_v1_real_images_abs_remaining_safe_speedup_v1_20260719_123539/femnist_z/fedogda_s/seed_4/highdim_abs_femnist_z_fedogda_s_seed4_alpha0p1,femnist_z,fedogda_s,4,highdim_abs_femnist_z_fedogda_s_seed4_alpha0p1,legacy_sample_weighted,
rerun_protocol_v1_real_images_abs_remaining_safe_speedup_v1_20260719_123539,results/rerun_protocol_v1_real_images_abs_remaining_safe_speedup_v1_20260719_123539/femnist_z/fedogda_s/seed_2/highdim_abs_femnist_z_fedogda_s_seed2_alpha0p1,femnist_z,fedogda_s,2,highdim_abs_femnist_z_fedogda_s_seed2_alpha0p1,legacy_sample_weighted,
rerun_protocol_v1_real_images_abs_remaining_safe_speedup_v1_20260719_123539,results/rerun_protocol_v1_real_images_abs_remaining_safe_speedup_v1_20260719_123539/femnist_z/fedogda_s/seed_3/highdim_abs_femnist_z_fedogda_s_seed3_alpha0p1,femnist_z,fedogda_s,3,highdim_abs_femnist_z_fedogda_s_seed3_alpha0p1,legacy_sample_weighted,
rerun_protocol_v1_real_images_abs_remaining_safe_speedup_v1_20260719_123539,results/rerun_protocol_v1_real_images_abs_remaining_safe_speedup_v1_20260719_123539/femnist_z/fedogda_s/seed_0/highdim_abs_femnist_z_fedogda_s_seed0_alpha0p1,femnist_z,fedogda_s,0,highdim_abs_femnist_z_fedogda_s_seed0_alpha0p1,legacy_sample_weighted,
rerun_protocol_v1_real_images_abs_remaining_safe_speedup_v1_20260719_123539,results/rerun_protocol_v1_real_images_abs_remaining_safe_speedup_v1_20260719_123539/femnist_z/fedgda_s/seed_1/highdim_abs_femnist_z_fedgda_s_seed1_alpha0p1,femnist_z,fedgda_s,1,highdim_abs_femnist_z_fedgda_s_seed1_alpha0p1,legacy_sample_weighted,
rerun_protocol_v1_real_images_abs_remaining_safe_speedup_v1_20260719_123539,results/rerun_protocol_v1_real_images_abs_remaining_safe_speedup_v1_20260719_123539/femnist_z/fedgda_s/seed_4/highdim_abs_femnist_z_fedgda_s_seed4_alpha0p1,femnist_z,fedgda_s,4,highdim_abs_femnist_z_fedgda_s_seed4_alpha0p1,legacy_sample_weighted,
rerun_protocol_v1_real_images_abs_remaining_safe_speedup_v1_20260719_123539,results/rerun_protocol_v1_real_images_abs_remaining_safe_speedup_v1_20260719_123539/femnist_z/fedgda_s/seed_2/highdim_abs_femnist_z_fedgda_s_seed2_alpha0p1,femnist_z,fedgda_s,2,highdim_abs_femnist_z_fedgda_s_seed2_alpha0p1,legacy_sample_weighted,
rerun_protocol_v1_real_images_abs_remaining_safe_speedup_v1_20260719_123539,results/rerun_protocol_v1_real_images_abs_remaining_safe_speedup_v1_20260719_123539/femnist_z/fedgda_s/seed_3/highdim_abs_femnist_z_fedgda_s_seed3_alpha0p1,femnist_z,fedgda_s,3,highdim_abs_femnist_z_fedgda_s_seed3_alpha0p1,legacy_sample_weighted,
rerun_protocol_v1_real_images_abs_remaining_safe_speedup_v1_20260719_123539,results/rerun_protocol_v1_real_images_abs_remaining_safe_speedup_v1_20260719_123539/femnist_z/fedgda_s/seed_0/highdim_abs_femnist_z_fedgda_s_seed0_alpha0p1,femnist_z,fedgda_s,0,highdim_abs_femnist_z_fedgda_s_seed0_alpha0p1,legacy_sample_weighted,
rerun_protocol_v1_real_images_abs_remaining_safe_speedup_v1_20260719_123539,results/rerun_protocol_v1_real_images_abs_remaining_safe_speedup_v1_20260719_123539/cifar10_xz/fedogda_s/seed_1/highdim_abs_cifar10_xz_fedogda_s_seed1_alpha0p1,cifar10_xz,fedogda_s,1,highdim_abs_cifar10_xz_fedogda_s_seed1_alpha0p1,legacy_sample_weighted,
rerun_protocol_v1_real_images_abs_remaining_safe_speedup_v1_20260719_123539,results/rerun_protocol_v1_real_images_abs_remaining_safe_speedup_v1_20260719_123539/cifar10_xz/fedogda_s/seed_1/highdim_abs_cifar10_xz_fedogda_s_seed1_alpha0p5,cifar10_xz,fedogda_s,1,highdim_abs_cifar10_xz_fedogda_s_seed1_alpha0p5,legacy_sample_weighted,
rerun_protocol_v1_real_images_abs_remaining_safe_speedup_v1_20260719_123539,results/rerun_protocol_v1_real_images_abs_remaining_safe_speedup_v1_20260719_123539/cifar10_xz/fedogda_s/seed_4/highdim_abs_cifar10_xz_fedogda_s_seed4_alpha0p5,cifar10_xz,fedogda_s,4,highdim_abs_cifar10_xz_fedogda_s_seed4_alpha0p5,legacy_sample_weighted,
rerun_protocol_v1_real_images_abs_remaining_safe_speedup_v1_20260719_123539,results/rerun_protocol_v1_real_images_abs_remaining_safe_speedup_v1_20260719_123539/cifar10_xz/fedogda_s/seed_4/highdim_abs_cifar10_xz_fedogda_s_seed4_alpha0p1,cifar10_xz,fedogda_s,4,highdim_abs_cifar10_xz_fedogda_s_seed4_alpha0p1,legacy_sample_weighted,
rerun_protocol_v1_real_images_abs_remaining_safe_speedup_v1_20260719_123539,results/rerun_protocol_v1_real_images_abs_remaining_safe_speedup_v1_20260719_123539/cifar10_xz/fedogda_s/seed_2/highdim_abs_cifar10_xz_fedogda_s_seed2_alpha0p1,cifar10_xz,fedogda_s,2,highdim_abs_cifar10_xz_fedogda_s_seed2_alpha0p1,legacy_sample_weighted,
rerun_protocol_v1_real_images_abs_remaining_safe_speedup_v1_20260719_123539,results/rerun_protocol_v1_real_images_abs_remaining_safe_speedup_v1_20260719_123539/cifar10_xz/fedogda_s/seed_2/highdim_abs_cifar10_xz_fedogda_s_seed2_alpha0p5,cifar10_xz,fedogda_s,2,highdim_abs_cifar10_xz_fedogda_s_seed2_alpha0p5,legacy_sample_weighted,
rerun_protocol_v1_real_images_abs_remaining_safe_speedup_v1_20260719_123539,results/rerun_protocol_v1_real_images_abs_remaining_safe_speedup_v1_20260719_123539/cifar10_xz/fedogda_s/seed_3/highdim_abs_cifar10_xz_fedogda_s_seed3_alpha0p1,cifar10_xz,fedogda_s,3,highdim_abs_cifar10_xz_fedogda_s_seed3_alpha0p1,legacy_sample_weighted,
rerun_protocol_v1_real_images_abs_remaining_safe_speedup_v1_20260719_123539,results/rerun_protocol_v1_real_images_abs_remaining_safe_speedup_v1_20260719_123539/cifar10_xz/fedogda_s/seed_3/highdim_abs_cifar10_xz_fedogda_s_seed3_alpha0p5,cifar10_xz,fedogda_s,3,highdim_abs_cifar10_xz_fedogda_s_seed3_alpha0p5,legacy_sample_weighted,
rerun_protocol_v1_real_images_abs_remaining_safe_speedup_v1_20260719_123539,results/rerun_protocol_v1_real_images_abs_remaining_safe_speedup_v1_20260719_123539/cifar10_xz/fedogda_s/seed_0/highdim_abs_cifar10_xz_fedogda_s_seed0_alpha0p1,cifar10_xz,fedogda_s,0,highdim_abs_cifar10_xz_fedogda_s_seed0_alpha0p1,legacy_sample_weighted,
rerun_protocol_v1_real_images_abs_remaining_safe_speedup_v1_20260719_123539,results/rerun_protocol_v1_real_images_abs_remaining_safe_speedup_v1_20260719_123539/cifar10_xz/fedogda_s/seed_0/highdim_abs_cifar10_xz_fedogda_s_seed0_alpha0p5,cifar10_xz,fedogda_s,0,highdim_abs_cifar10_xz_fedogda_s_seed0_alpha0p5,legacy_sample_weighted,
rerun_protocol_v1_real_images_abs_remaining_safe_speedup_v1_20260719_123539,results/rerun_protocol_v1_real_images_abs_remaining_safe_speedup_v1_20260719_123539/cifar10_xz/fedgda_s/seed_1/highdim_abs_cifar10_xz_fedgda_s_seed1_alpha0p1,cifar10_xz,fedgda_s,1,highdim_abs_cifar10_xz_fedgda_s_seed1_alpha0p1,legacy_sample_weighted,
rerun_protocol_v1_real_images_abs_remaining_safe_speedup_v1_20260719_123539,results/rerun_protocol_v1_real_images_abs_remaining_safe_speedup_v1_20260719_123539/cifar10_xz/fedgda_s/seed_1/highdim_abs_cifar10_xz_fedgda_s_seed1_alpha0p5,cifar10_xz,fedgda_s,1,highdim_abs_cifar10_xz_fedgda_s_seed1_alpha0p5,legacy_sample_weighted,
rerun_protocol_v1_real_images_abs_remaining_safe_speedup_v1_20260719_123539,results/rerun_protocol_v1_real_images_abs_remaining_safe_speedup_v1_20260719_123539/cifar10_xz/fedgda_s/seed_4/highdim_abs_cifar10_xz_fedgda_s_seed4_alpha0p1,cifar10_xz,fedgda_s,4,highdim_abs_cifar10_xz_fedgda_s_seed4_alpha0p1,legacy_sample_weighted,
rerun_protocol_v1_real_images_abs_remaining_safe_speedup_v1_20260719_123539,results/rerun_protocol_v1_real_images_abs_remaining_safe_speedup_v1_20260719_123539/cifar10_xz/fedgda_s/seed_4/highdim_abs_cifar10_xz_fedgda_s_seed4_alpha0p5,cifar10_xz,fedgda_s,4,highdim_abs_cifar10_xz_fedgda_s_seed4_alpha0p5,legacy_sample_weighted,
rerun_protocol_v1_real_images_abs_remaining_safe_speedup_v1_20260719_123539,results/rerun_protocol_v1_real_images_abs_remaining_safe_speedup_v1_20260719_123539/cifar10_xz/fedgda_s/seed_2/highdim_abs_cifar10_xz_fedgda_s_seed2_alpha0p5,cifar10_xz,fedgda_s,2,highdim_abs_cifar10_xz_fedgda_s_seed2_alpha0p5,legacy_sample_weighted,
rerun_protocol_v1_real_images_abs_remaining_safe_speedup_v1_20260719_123539,results/rerun_protocol_v1_real_images_abs_remaining_safe_speedup_v1_20260719_123539/cifar10_xz/fedgda_s/seed_2/highdim_abs_cifar10_xz_fedgda_s_seed2_alpha0p1,cifar10_xz,fedgda_s,2,highdim_abs_cifar10_xz_fedgda_s_seed2_alpha0p1,legacy_sample_weighted,
rerun_protocol_v1_real_images_abs_remaining_safe_speedup_v1_20260719_123539,results/rerun_protocol_v1_real_images_abs_remaining_safe_speedup_v1_20260719_123539/cifar10_xz/fedgda_s/seed_3/highdim_abs_cifar10_xz_fedgda_s_seed3_alpha0p1,cifar10_xz,fedgda_s,3,highdim_abs_cifar10_xz_fedgda_s_seed3_alpha0p1,legacy_sample_weighted,
rerun_protocol_v1_real_images_abs_remaining_safe_speedup_v1_20260719_123539,results/rerun_protocol_v1_real_images_abs_remaining_safe_speedup_v1_20260719_123539/cifar10_xz/fedgda_s/seed_3/highdim_abs_cifar10_xz_fedgda_s_seed3_alpha0p5,cifar10_xz,fedgda_s,3,highdim_abs_cifar10_xz_fedgda_s_seed3_alpha0p5,legacy_sample_weighted,
rerun_protocol_v1_real_images_abs_remaining_safe_speedup_v1_20260719_123539,results/rerun_protocol_v1_real_images_abs_remaining_safe_speedup_v1_20260719_123539/cifar10_xz/fedgda_s/seed_0/highdim_abs_cifar10_xz_fedgda_s_seed0_alpha0p5,cifar10_xz,fedgda_s,0,highdim_abs_cifar10_xz_fedgda_s_seed0_alpha0p5,legacy_sample_weighted,
rerun_protocol_v1_real_images_abs_remaining_safe_speedup_v1_20260719_123539,results/rerun_protocol_v1_real_images_abs_remaining_safe_speedup_v1_20260719_123539/cifar10_xz/fedgda_s/seed_0/highdim_abs_cifar10_xz_fedgda_s_seed0_alpha0p1,cifar10_xz,fedgda_s,0,highdim_abs_cifar10_xz_fedgda_s_seed0_alpha0p1,legacy_sample_weighted,
rerun_protocol_v1_real_images_abs_remaining_safe_speedup_v1_20260719_123539,results/rerun_protocol_v1_real_images_abs_remaining_safe_speedup_v1_20260719_123539/femnist_x/fedogda_s/seed_1/highdim_abs_femnist_x_fedogda_s_seed1_alpha0p1,femnist_x,fedogda_s,1,highdim_abs_femnist_x_fedogda_s_seed1_alpha0p1,legacy_sample_weighted,
rerun_protocol_v1_real_images_abs_remaining_safe_speedup_v1_20260719_123539,results/rerun_protocol_v1_real_images_abs_remaining_safe_speedup_v1_20260719_123539/femnist_x/fedogda_s/seed_4/highdim_abs_femnist_x_fedogda_s_seed4_alpha0p1,femnist_x,fedogda_s,4,highdim_abs_femnist_x_fedogda_s_seed4_alpha0p1,legacy_sample_weighted,
rerun_protocol_v1_real_images_abs_remaining_safe_speedup_v1_20260719_123539,results/rerun_protocol_v1_real_images_abs_remaining_safe_speedup_v1_20260719_123539/femnist_x/fedogda_s/seed_2/highdim_abs_femnist_x_fedogda_s_seed2_alpha0p1,femnist_x,fedogda_s,2,highdim_abs_femnist_x_fedogda_s_seed2_alpha0p1,legacy_sample_weighted,
rerun_protocol_v1_real_images_abs_remaining_safe_speedup_v1_20260719_123539,results/rerun_protocol_v1_real_images_abs_remaining_safe_speedup_v1_20260719_123539/femnist_x/fedogda_s/seed_3/highdim_abs_femnist_x_fedogda_s_seed3_alpha0p1,femnist_x,fedogda_s,3,highdim_abs_femnist_x_fedogda_s_seed3_alpha0p1,legacy_sample_weighted,
rerun_protocol_v1_real_images_abs_remaining_safe_speedup_v1_20260719_123539,results/rerun_protocol_v1_real_images_abs_remaining_safe_speedup_v1_20260719_123539/femnist_x/fedogda_s/seed_0/highdim_abs_femnist_x_fedogda_s_seed0_alpha0p1,femnist_x,fedogda_s,0,highdim_abs_femnist_x_fedogda_s_seed0_alpha0p1,legacy_sample_weighted,
rerun_protocol_v1_real_images_abs_remaining_safe_speedup_v1_20260719_123539,results/rerun_protocol_v1_real_images_abs_remaining_safe_speedup_v1_20260719_123539/femnist_x/fedgda_s/seed_1/highdim_abs_femnist_x_fedgda_s_seed1_alpha0p5,femnist_x,fedgda_s,1,highdim_abs_femnist_x_fedgda_s_seed1_alpha0p5,legacy_sample_weighted,
rerun_protocol_v1_real_images_abs_remaining_safe_speedup_v1_20260719_123539,results/rerun_protocol_v1_real_images_abs_remaining_safe_speedup_v1_20260719_123539/femnist_x/fedgda_s/seed_1/highdim_abs_femnist_x_fedgda_s_seed1_alpha0p1,femnist_x,fedgda_s,1,highdim_abs_femnist_x_fedgda_s_seed1_alpha0p1,legacy_sample_weighted,
rerun_protocol_v1_real_images_abs_remaining_safe_speedup_v1_20260719_123539,results/rerun_protocol_v1_real_images_abs_remaining_safe_speedup_v1_20260719_123539/femnist_x/fedgda_s/seed_4/highdim_abs_femnist_x_fedgda_s_seed4_alpha0p1,femnist_x,fedgda_s,4,highdim_abs_femnist_x_fedgda_s_seed4_alpha0p1,legacy_sample_weighted,
rerun_protocol_v1_real_images_abs_remaining_safe_speedup_v1_20260719_123539,results/rerun_protocol_v1_real_images_abs_remaining_safe_speedup_v1_20260719_123539/femnist_x/fedgda_s/seed_2/highdim_abs_femnist_x_fedgda_s_seed2_alpha0p1,femnist_x,fedgda_s,2,highdim_abs_femnist_x_fedgda_s_seed2_alpha0p1,legacy_sample_weighted,
rerun_protocol_v1_real_images_abs_remaining_safe_speedup_v1_20260719_123539,results/rerun_protocol_v1_real_images_abs_remaining_safe_speedup_v1_20260719_123539/femnist_x/fedgda_s/seed_3/highdim_abs_femnist_x_fedgda_s_seed3_alpha0p1,femnist_x,fedgda_s,3,highdim_abs_femnist_x_fedgda_s_seed3_alpha0p1,legacy_sample_weighted,
rerun_protocol_v1_real_images_abs_remaining_safe_speedup_v1_20260719_123539,results/rerun_protocol_v1_real_images_abs_remaining_safe_speedup_v1_20260719_123539/femnist_x/fedgda_s/seed_0/highdim_abs_femnist_x_fedgda_s_seed0_alpha0p1,femnist_x,fedgda_s,0,highdim_abs_femnist_x_fedgda_s_seed0_alpha0p1,legacy_sample_weighted,
rerun_protocol_v1_real_images_abs_remaining_safe_speedup_v1_20260719_123539,results/rerun_protocol_v1_real_images_abs_remaining_safe_speedup_v1_20260719_123539/femnist_x/fedgda_s/seed_0/highdim_abs_femnist_x_fedgda_s_seed0_alpha0p5,femnist_x,fedgda_s,0,highdim_abs_femnist_x_fedgda_s_seed0_alpha0p5,legacy_sample_weighted,
rerun_protocol_v1_real_images_abs_remaining_safe_speedup_v1_20260719_123539,results/rerun_protocol_v1_real_images_abs_remaining_safe_speedup_v1_20260719_123539/femnist_xz/fedogda_s/seed_1/highdim_abs_femnist_xz_fedogda_s_seed1_alpha0p1,femnist_xz,fedogda_s,1,highdim_abs_femnist_xz_fedogda_s_seed1_alpha0p1,legacy_sample_weighted,
rerun_protocol_v1_real_images_abs_remaining_safe_speedup_v1_20260719_123539,results/rerun_protocol_v1_real_images_abs_remaining_safe_speedup_v1_20260719_123539/femnist_xz/fedogda_s/seed_4/highdim_abs_femnist_xz_fedogda_s_seed4_alpha0p1,femnist_xz,fedogda_s,4,highdim_abs_femnist_xz_fedogda_s_seed4_alpha0p1,legacy_sample_weighted,
rerun_protocol_v1_real_images_abs_remaining_safe_speedup_v1_20260719_123539,results/rerun_protocol_v1_real_images_abs_remaining_safe_speedup_v1_20260719_123539/femnist_xz/fedogda_s/seed_2/highdim_abs_femnist_xz_fedogda_s_seed2_alpha0p1,femnist_xz,fedogda_s,2,highdim_abs_femnist_xz_fedogda_s_seed2_alpha0p1,legacy_sample_weighted,
rerun_protocol_v1_real_images_abs_remaining_safe_speedup_v1_20260719_123539,results/rerun_protocol_v1_real_images_abs_remaining_safe_speedup_v1_20260719_123539/femnist_xz/fedogda_s/seed_3/highdim_abs_femnist_xz_fedogda_s_seed3_alpha0p1,femnist_xz,fedogda_s,3,highdim_abs_femnist_xz_fedogda_s_seed3_alpha0p1,legacy_sample_weighted,
rerun_protocol_v1_real_images_abs_remaining_safe_speedup_v1_20260719_123539,results/rerun_protocol_v1_real_images_abs_remaining_safe_speedup_v1_20260719_123539/femnist_xz/fedogda_s/seed_0/highdim_abs_femnist_xz_fedogda_s_seed0_alpha0p1,femnist_xz,fedogda_s,0,highdim_abs_femnist_xz_fedogda_s_seed0_alpha0p1,legacy_sample_weighted,
rerun_protocol_v1_real_images_abs_remaining_safe_speedup_v1_20260719_123539,results/rerun_protocol_v1_real_images_abs_remaining_safe_speedup_v1_20260719_123539/femnist_xz/fedgda_s/seed_1/highdim_abs_femnist_xz_fedgda_s_seed1_alpha0p1,femnist_xz,fedgda_s,1,highdim_abs_femnist_xz_fedgda_s_seed1_alpha0p1,legacy_sample_weighted,
rerun_protocol_v1_real_images_abs_remaining_safe_speedup_v1_20260719_123539,results/rerun_protocol_v1_real_images_abs_remaining_safe_speedup_v1_20260719_123539/femnist_xz/fedgda_s/seed_4/highdim_abs_femnist_xz_fedgda_s_seed4_alpha0p1,femnist_xz,fedgda_s,4,highdim_abs_femnist_xz_fedgda_s_seed4_alpha0p1,legacy_sample_weighted,
rerun_protocol_v1_real_images_abs_remaining_safe_speedup_v1_20260719_123539,results/rerun_protocol_v1_real_images_abs_remaining_safe_speedup_v1_20260719_123539/femnist_xz/fedgda_s/seed_2/highdim_abs_femnist_xz_fedgda_s_seed2_alpha0p1,femnist_xz,fedgda_s,2,highdim_abs_femnist_xz_fedgda_s_seed2_alpha0p1,legacy_sample_weighted,
rerun_protocol_v1_real_images_abs_remaining_safe_speedup_v1_20260719_123539,results/rerun_protocol_v1_real_images_abs_remaining_safe_speedup_v1_20260719_123539/femnist_xz/fedgda_s/seed_3/highdim_abs_femnist_xz_fedgda_s_seed3_alpha0p1,femnist_xz,fedgda_s,3,highdim_abs_femnist_xz_fedgda_s_seed3_alpha0p1,legacy_sample_weighted,
rerun_protocol_v1_real_images_abs_remaining_safe_speedup_v1_20260719_123539,results/rerun_protocol_v1_real_images_abs_remaining_safe_speedup_v1_20260719_123539/femnist_xz/fedgda_s/seed_0/highdim_abs_femnist_xz_fedgda_s_seed0_alpha0p1,femnist_xz,fedgda_s,0,highdim_abs_femnist_xz_fedgda_s_seed0_alpha0p1,legacy_sample_weighted,
abs,results/abs/fedogda_s/seed_1/repo_pilot_seed1,abs,fedogda_s,1,repo_pilot_seed1,legacy_sample_weighted,
abs,results/abs/fedogda_s/seed_4/repo_pilot_seed4,abs,fedogda_s,4,repo_pilot_seed4,legacy_sample_weighted,
abs,results/abs/fedogda_s/seed_2/repo_pilot_seed2,abs,fedogda_s,2,repo_pilot_seed2,legacy_sample_weighted,
abs,results/abs/fedogda_s/seed_3/repo_pilot_seed3,abs,fedogda_s,3,repo_pilot_seed3,legacy_sample_weighted,
abs,results/abs/fedogda_s/seed_0/repo_pilot_seed0,abs,fedogda_s,0,repo_pilot_seed0,legacy_sample_weighted,
abs,results/abs/fedogda_s/seed_0/smoke,abs,fedogda_s,0,smoke,legacy_sample_weighted,
abs,results/abs/fedogda_d/seed_0/smoke,abs,fedogda_d,0,smoke,legacy_sample_weighted,
abs,results/abs/fedgda_s/seed_1/repo_pilot_seed1,abs,fedgda_s,1,repo_pilot_seed1,legacy_sample_weighted,
abs,results/abs/fedgda_s/seed_4/repo_pilot_seed4,abs,fedgda_s,4,repo_pilot_seed4,legacy_sample_weighted,
abs,results/abs/fedgda_s/seed_2/repo_pilot_seed2,abs,fedgda_s,2,repo_pilot_seed2,legacy_sample_weighted,
abs,results/abs/fedgda_s/seed_3/repo_pilot_seed3,abs,fedgda_s,3,repo_pilot_seed3,legacy_sample_weighted,
abs,results/abs/fedgda_s/seed_0/repo_pilot_seed0,abs,fedgda_s,0,repo_pilot_seed0,legacy_sample_weighted,
abs,results/abs/fedgda_s/seed_0/smoke,abs,fedgda_s,0,smoke,legacy_sample_weighted,
centralized_lowdim_v1_smoke,results/centralized_lowdim_v1_smoke/abs/gda/seed_0,abs,gda,0,centralized_abs_gda_seed0,legacy_sample_weighted,
centralized_lowdim_v1_smoke,results/centralized_lowdim_v1_smoke/abs/oadam/seed_0,abs,oadam,0,centralized_abs_oadam_seed0,legacy_sample_weighted,
centralized_lowdim_v1_smoke,results/centralized_lowdim_v1_smoke/abs/sgda/seed_0,abs,sgda,0,centralized_abs_sgda_seed0,legacy_sample_weighted,
curve_fitting_tuning,results/curve_fitting_tuning/fedogda_s_focused_v3/step/fedogda_s/seed_0/v3_screen_step_proxy_step_fedogda_s_seed0_alpha0p5_T600_R7_batch256_glr0p005_cm15_lam0p1_slr1,step,fedogda_s,0,v3_screen_step_proxy_step_fedogda_s_seed0_alpha0p5_T600_R7_batch256_glr0p005_cm15_lam0p1_slr1,legacy_sample_weighted,
curve_fitting_tuning,results/curve_fitting_tuning/fedogda_s_focused_v3/step/fedogda_s/seed_0/v3_screen_step_proxy_step_fedogda_s_seed0_alpha0p5_T600_R7_batch256_glr0p003_cm10_lam0p05_slr2,step,fedogda_s,0,v3_screen_step_proxy_step_fedogda_s_seed0_alpha0p5_T600_R7_batch256_glr0p003_cm10_lam0p05_slr2,legacy_sample_weighted,
curve_fitting_tuning,results/curve_fitting_tuning/fedogda_s_focused_v3/step/fedogda_s/seed_0/v3_screen_step_proxy_step_fedogda_s_seed0_alpha0p5_T600_R7_batch256_glr0p003_cm15_lam0p05_slr2,step,fedogda_s,0,v3_screen_step_proxy_step_fedogda_s_seed0_alpha0p5_T600_R7_batch256_glr0p003_cm15_lam0p05_slr2,legacy_sample_weighted,
curve_fitting_tuning,results/curve_fitting_tuning/fedogda_s_focused_v3/step/fedogda_s/seed_0/v3_screen_step_proxy_step_fedogda_s_seed0_alpha0p5_T600_R7_batch256_glr0p003_cm20_lam0p1_slr1p5,step,fedogda_s,0,v3_screen_step_proxy_step_fedogda_s_seed0_alpha0p5_T600_R7_batch256_glr0p003_cm20_lam0p1_slr1p5,legacy_sample_weighted,
curve_fitting_tuning,results/curve_fitting_tuning/fedogda_s_focused_v3/step/fedogda_s/seed_0/v3_screen_step_proxy_step_fedogda_s_seed0_alpha0p5_T600_R7_batch256_glr0p003_cm15_lam0p1_slr2,step,fedogda_s,0,v3_screen_step_proxy_step_fedogda_s_seed0_alpha0p5_T600_R7_batch256_glr0p003_cm15_lam0p1_slr2,legacy_sample_weighted,
curve_fitting_tuning,results/curve_fitting_tuning/fedogda_s_focused_v3/step/fedogda_s/seed_0/v3_screen_step_proxy_step_fedogda_s_seed0_alpha0p5_T600_R7_batch256_glr0p0075_cm20_lam0p05_slr1p5,step,fedogda_s,0,v3_screen_step_proxy_step_fedogda_s_seed0_alpha0p5_T600_R7_batch256_glr0p0075_cm20_lam0p05_slr1p5,legacy_sample_weighted,
curve_fitting_tuning,results/curve_fitting_tuning/fedogda_s_focused_v3/step/fedogda_s/seed_0/v3_screen_step_proxy_step_fedogda_s_seed0_alpha0p5_T600_R7_batch256_glr0p003_cm10_lam0p05_slr1p5,step,fedogda_s,0,v3_screen_step_proxy_step_fedogda_s_seed0_alpha0p5_T600_R7_batch256_glr0p003_cm10_lam0p05_slr1p5,legacy_sample_weighted,
curve_fitting_tuning,results/curve_fitting_tuning/fedogda_s_focused_v3/step/fedogda_s/seed_0/v3_screen_step_proxy_step_fedogda_s_seed0_alpha0p5_T600_R7_batch256_glr0p005_cm15_lam0p1_slr2,step,fedogda_s,0,v3_screen_step_proxy_step_fedogda_s_seed0_alpha0p5_T600_R7_batch256_glr0p005_cm15_lam0p1_slr2,legacy_sample_weighted,
curve_fitting_tuning,results/curve_fitting_tuning/fedogda_s_focused_v3/step/fedogda_s/seed_0/v3_screen_step_proxy_step_fedogda_s_seed0_alpha0p5_T600_R7_batch256_glr0p003_cm10_lam0p1_slr1p5,step,fedogda_s,0,v3_screen_step_proxy_step_fedogda_s_seed0_alpha0p5_T600_R7_batch256_glr0p003_cm10_lam0p1_slr1p5,legacy_sample_weighted,
curve_fitting_tuning,results/curve_fitting_tuning/fedogda_s_focused_v3/step/fedogda_s/seed_0/v3_screen_step_proxy_step_fedogda_s_seed0_alpha0p5_T600_R7_batch256_glr0p003_cm20_lam0p1_slr1,step,fedogda_s,0,v3_screen_step_proxy_step_fedogda_s_seed0_alpha0p5_T600_R7_batch256_glr0p003_cm20_lam0p1_slr1,legacy_sample_weighted,
curve_fitting_tuning,results/curve_fitting_tuning/fedogda_s_focused_v3/step/fedogda_s/seed_0/v3_screen_step_proxy_step_fedogda_s_seed0_alpha0p5_T600_R7_batch256_glr0p005_cm10_lam0p1_slr2,step,fedogda_s,0,v3_screen_step_proxy_step_fedogda_s_seed0_alpha0p5_T600_R7_batch256_glr0p005_cm10_lam0p1_slr2,legacy_sample_weighted,
curve_fitting_tuning,results/curve_fitting_tuning/fedogda_s_focused_v3/step/fedogda_s/seed_0/v3_screen_step_proxy_step_fedogda_s_seed0_alpha0p5_T600_R7_batch256_glr0p0075_cm15_lam0p1_slr1p5,step,fedogda_s,0,v3_screen_step_proxy_step_fedogda_s_seed0_alpha0p5_T600_R7_batch256_glr0p0075_cm15_lam0p1_slr1p5,legacy_sample_weighted,
curve_fitting_tuning,results/curve_fitting_tuning/fedogda_s_focused_v3/step/fedogda_s/seed_0/v3_screen_step_proxy_step_fedogda_s_seed0_alpha0p5_T600_R7_batch256_glr0p0075_cm10_lam0p05_slr1p5,step,fedogda_s,0,v3_screen_step_proxy_step_fedogda_s_seed0_alpha0p5_T600_R7_batch256_glr0p0075_cm10_lam0p05_slr1p5,legacy_sample_weighted,
curve_fitting_tuning,results/curve_fitting_tuning/fedogda_s_focused_v3/step/fedogda_s/seed_0/v3_screen_step_proxy_step_fedogda_s_seed0_alpha0p5_T600_R7_batch256_glr0p005_cm20_lam0p05_slr1,step,fedogda_s,0,v3_screen_step_proxy_step_fedogda_s_seed0_alpha0p5_T600_R7_batch256_glr0p005_cm20_lam0p05_slr1,legacy_sample_weighted,
curve_fitting_tuning,results/curve_fitting_tuning/fedogda_s_focused_v3/step/fedogda_s/seed_0/v3_screen_step_proxy_step_fedogda_s_seed0_alpha0p5_T600_R7_batch256_glr0p0075_cm15_lam0p1_slr2,step,fedogda_s,0,v3_screen_step_proxy_step_fedogda_s_seed0_alpha0p5_T600_R7_batch256_glr0p0075_cm15_lam0p1_slr2,legacy_sample_weighted,
curve_fitting_tuning,results/curve_fitting_tuning/fedogda_s_focused_v3/step/fedogda_s/seed_0/v3_screen_step_proxy_step_fedogda_s_seed0_alpha0p5_T600_R7_batch256_glr0p005_cm20_lam0p1_slr2,step,fedogda_s,0,v3_screen_step_proxy_step_fedogda_s_seed0_alpha0p5_T600_R7_batch256_glr0p005_cm20_lam0p1_slr2,legacy_sample_weighted,
curve_fitting_tuning,results/curve_fitting_tuning/fedogda_s_focused_v3/step/fedogda_s/seed_0/v3_screen_step_proxy_step_fedogda_s_seed0_alpha0p5_T600_R7_batch256_glr0p003_cm10_lam0p1_slr2,step,fedogda_s,0,v3_screen_step_proxy_step_fedogda_s_seed0_alpha0p5_T600_R7_batch256_glr0p003_cm10_lam0p1_slr2,legacy_sample_weighted,
curve_fitting_tuning,results/curve_fitting_tuning/fedogda_s_focused_v3/step/fedogda_s/seed_0/v3_screen_step_proxy_step_fedogda_s_seed0_alpha0p5_T600_R7_batch256_glr0p003_cm10_lam0p05_slr1,step,fedogda_s,0,v3_screen_step_proxy_step_fedogda_s_seed0_alpha0p5_T600_R7_batch256_glr0p003_cm10_lam0p05_slr1,legacy_sample_weighted,
curve_fitting_tuning,results/curve_fitting_tuning/fedogda_s_focused_v3/step/fedogda_s/seed_0/v3_screen_step_proxy_step_fedogda_s_seed0_alpha0p5_T600_R7_batch256_glr0p003_cm10_lam0p1_slr1,step,fedogda_s,0,v3_screen_step_proxy_step_fedogda_s_seed0_alpha0p5_T600_R7_batch256_glr0p003_cm10_lam0p1_slr1,legacy_sample_weighted,
curve_fitting_tuning,results/curve_fitting_tuning/fedogda_s_focused_v3/step/fedogda_s/seed_0/v3_screen_step_proxy_step_fedogda_s_seed0_alpha0p5_T600_R7_batch256_glr0p005_cm10_lam0p05_slr2,step,fedogda_s,0,v3_screen_step_proxy_step_fedogda_s_seed0_alpha0p5_T600_R7_batch256_glr0p005_cm10_lam0p05_slr2,legacy_sample_weighted,
curve_fitting_tuning,results/curve_fitting_tuning/fedogda_s_focused_v3/step/fedogda_s/seed_0/v3_screen_step_proxy_step_fedogda_s_seed0_alpha0p5_T600_R7_batch256_glr0p005_cm10_lam0p05_slr1,step,fedogda_s,0,v3_screen_step_proxy_step_fedogda_s_seed0_alpha0p5_T600_R7_batch256_glr0p005_cm10_lam0p05_slr1,legacy_sample_weighted,
curve_fitting_tuning,results/curve_fitting_tuning/fedogda_s_focused_v3/step/fedogda_s/seed_0/v3_screen_step_proxy_step_fedogda_s_seed0_alpha0p5_T600_R7_batch256_glr0p005_cm15_lam0p05_slr2,step,fedogda_s,0,v3_screen_step_proxy_step_fedogda_s_seed0_alpha0p5_T600_R7_batch256_glr0p005_cm15_lam0p05_slr2,legacy_sample_weighted,
curve_fitting_tuning,results/curve_fitting_tuning/fedogda_s_focused_v3/step/fedogda_s/seed_0/v3_screen_step_proxy_step_fedogda_s_seed0_alpha0p5_T600_R7_batch256_glr0p005_cm15_lam0p1_slr1p5,step,fedogda_s,0,v3_screen_step_proxy_step_fedogda_s_seed0_alpha0p5_T600_R7_batch256_glr0p005_cm15_lam0p1_slr1p5,legacy_sample_weighted,
curve_fitting_tuning,results/curve_fitting_tuning/fedogda_s_focused_v3/step/fedogda_s/seed_0/v3_screen_step_proxy_step_fedogda_s_seed0_alpha0p5_T600_R7_batch256_glr0p0075_cm15_lam0p05_slr1p5,step,fedogda_s,0,v3_screen_step_proxy_step_fedogda_s_seed0_alpha0p5_T600_R7_batch256_glr0p0075_cm15_lam0p05_slr1p5,legacy_sample_weighted,
curve_fitting_tuning,results/curve_fitting_tuning/fedogda_s_focused_v3/step/fedogda_s/seed_0/v3_screen_step_proxy_step_fedogda_s_seed0_alpha0p5_T600_R7_batch256_glr0p0075_cm10_lam0p1_slr2,step,fedogda_s,0,v3_screen_step_proxy_step_fedogda_s_seed0_alpha0p5_T600_R7_batch256_glr0p0075_cm10_lam0p1_slr2,legacy_sample_weighted,
curve_fitting_tuning,results/curve_fitting_tuning/fedogda_s_focused_v3/step/fedogda_s/seed_0/v3_screen_step_proxy_step_fedogda_s_seed0_alpha0p5_T600_R7_batch256_glr0p005_cm15_lam0p05_slr1,step,fedogda_s,0,v3_screen_step_proxy_step_fedogda_s_seed0_alpha0p5_T600_R7_batch256_glr0p005_cm15_lam0p05_slr1,legacy_sample_weighted,
curve_fitting_tuning,results/curve_fitting_tuning/fedogda_s_focused_v3/step/fedogda_s/seed_0/v3_screen_step_proxy_step_fedogda_s_seed0_alpha0p5_T600_R7_batch256_glr0p005_cm20_lam0p1_slr1,step,fedogda_s,0,v3_screen_step_proxy_step_fedogda_s_seed0_alpha0p5_T600_R7_batch256_glr0p005_cm20_lam0p1_slr1,legacy_sample_weighted,
curve_fitting_tuning,results/curve_fitting_tuning/fedogda_s_focused_v3/step/fedogda_s/seed_0/v3_screen_step_proxy_step_fedogda_s_seed0_alpha0p5_T600_R7_batch256_glr0p005_cm10_lam0p1_slr1p5,step,fedogda_s,0,v3_screen_step_proxy_step_fedogda_s_seed0_alpha0p5_T600_R7_batch256_glr0p005_cm10_lam0p1_slr1p5,legacy_sample_weighted,
curve_fitting_tuning,results/curve_fitting_tuning/fedogda_s_focused_v3/step/fedogda_s/seed_0/v3_screen_step_proxy_step_fedogda_s_seed0_alpha0p5_T600_R7_batch256_glr0p003_cm20_lam0p05_slr2,step,fedogda_s,0,v3_screen_step_proxy_step_fedogda_s_seed0_alpha0p5_T600_R7_batch256_glr0p003_cm20_lam0p05_slr2,legacy_sample_weighted,
curve_fitting_tuning,results/curve_fitting_tuning/fedogda_s_focused_v3/step/fedogda_s/seed_0/v3_screen_step_proxy_step_fedogda_s_seed0_alpha0p5_T600_R7_batch256_glr0p0075_cm10_lam0p05_slr2,step,fedogda_s,0,v3_screen_step_proxy_step_fedogda_s_seed0_alpha0p5_T600_R7_batch256_glr0p0075_cm10_lam0p05_slr2,legacy_sample_weighted,
curve_fitting_tuning,results/curve_fitting_tuning/fedogda_s_focused_v3/step/fedogda_s/seed_0/v3_screen_step_proxy_step_fedogda_s_seed0_alpha0p5_T600_R7_batch256_glr0p0075_cm15_lam0p05_slr1,step,fedogda_s,0,v3_screen_step_proxy_step_fedogda_s_seed0_alpha0p5_T600_R7_batch256_glr0p0075_cm15_lam0p05_slr1,legacy_sample_weighted,
curve_fitting_tuning,results/curve_fitting_tuning/fedogda_s_focused_v3/step/fedogda_s/seed_0/v3_screen_step_proxy_step_fedogda_s_seed0_alpha0p5_T600_R7_batch256_glr0p003_cm15_lam0p1_slr1,step,fedogda_s,0,v3_screen_step_proxy_step_fedogda_s_seed0_alpha0p5_T600_R7_batch256_glr0p003_cm15_lam0p1_slr1,legacy_sample_weighted,
curve_fitting_tuning,results/curve_fitting_tuning/fedogda_s_focused_v3/step/fedogda_s/seed_0/v3_screen_step_proxy_step_fedogda_s_seed0_alpha0p5_T600_R7_batch256_glr0p003_cm20_lam0p1_slr2,step,fedogda_s,0,v3_screen_step_proxy_step_fedogda_s_seed0_alpha0p5_T600_R7_batch256_glr0p003_cm20_lam0p1_slr2,legacy_sample_weighted,
curve_fitting_tuning,results/curve_fitting_tuning/fedogda_s_focused_v3/step/fedogda_s/seed_0/v3_screen_step_proxy_step_fedogda_s_seed0_alpha0p5_T600_R7_batch256_glr0p0075_cm10_lam0p1_slr1,step,fedogda_s,0,v3_screen_step_proxy_step_fedogda_s_seed0_alpha0p5_T600_R7_batch256_glr0p0075_cm10_lam0p1_slr1,legacy_sample_weighted,
curve_fitting_tuning,results/curve_fitting_tuning/fedogda_s_focused_v3/step/fedogda_s/seed_0/v3_screen_step_proxy_step_fedogda_s_seed0_alpha0p5_T600_R7_batch256_glr0p003_cm15_lam0p05_slr1p5,step,fedogda_s,0,v3_screen_step_proxy_step_fedogda_s_seed0_alpha0p5_T600_R7_batch256_glr0p003_cm15_lam0p05_slr1p5,legacy_sample_weighted,
curve_fitting_tuning,results/curve_fitting_tuning/fedogda_s_focused_v3/step/fedogda_s/seed_0/v3_screen_step_proxy_step_fedogda_s_seed0_alpha0p5_T600_R7_batch256_glr0p005_cm20_lam0p05_slr1p5,step,fedogda_s,0,v3_screen_step_proxy_step_fedogda_s_seed0_alpha0p5_T600_R7_batch256_glr0p005_cm20_lam0p05_slr1p5,legacy_sample_weighted,
curve_fitting_tuning,results/curve_fitting_tuning/fedogda_s_focused_v3/step/fedogda_s/seed_0/v3_screen_step_proxy_step_fedogda_s_seed0_alpha0p5_T600_R7_batch256_glr0p005_cm10_lam0p1_slr1,step,fedogda_s,0,v3_screen_step_proxy_step_fedogda_s_seed0_alpha0p5_T600_R7_batch256_glr0p005_cm10_lam0p1_slr1,legacy_sample_weighted,
curve_fitting_tuning,results/curve_fitting_tuning/fedogda_s_focused_v3/step/fedogda_s/seed_0/v3_screen_step_proxy_step_fedogda_s_seed0_alpha0p5_T600_R7_batch256_glr0p003_cm20_lam0p05_slr1p5,step,fedogda_s,0,v3_screen_step_proxy_step_fedogda_s_seed0_alpha0p5_T600_R7_batch256_glr0p003_cm20_lam0p05_slr1p5,legacy_sample_weighted,
curve_fitting_tuning,results/curve_fitting_tuning/fedogda_s_focused_v3/step/fedogda_s/seed_0/v3_screen_step_proxy_step_fedogda_s_seed0_alpha0p5_T600_R7_batch256_glr0p003_cm15_lam0p05_slr1,step,fedogda_s,0,v3_screen_step_proxy_step_fedogda_s_seed0_alpha0p5_T600_R7_batch256_glr0p003_cm15_lam0p05_slr1,legacy_sample_weighted,
curve_fitting_tuning,results/curve_fitting_tuning/fedogda_s_focused_v3/step/fedogda_s/seed_0/v3_screen_step_proxy_step_fedogda_s_seed0_alpha0p5_T600_R7_batch256_glr0p005_cm20_lam0p1_slr1p5,step,fedogda_s,0,v3_screen_step_proxy_step_fedogda_s_seed0_alpha0p5_T600_R7_batch256_glr0p005_cm20_lam0p1_slr1p5,legacy_sample_weighted,
curve_fitting_tuning,results/curve_fitting_tuning/fedogda_s_focused_v3/step/fedogda_s/seed_0/v3_screen_step_proxy_step_fedogda_s_seed0_alpha0p5_T600_R7_batch256_glr0p0075_cm10_lam0p1_slr1p5,step,fedogda_s,0,v3_screen_step_proxy_step_fedogda_s_seed0_alpha0p5_T600_R7_batch256_glr0p0075_cm10_lam0p1_slr1p5,legacy_sample_weighted,
curve_fitting_tuning,results/curve_fitting_tuning/fedogda_s_focused_v3/step/fedogda_s/seed_0/v3_screen_step_proxy_step_fedogda_s_seed0_alpha0p5_T600_R7_batch256_glr0p0075_cm15_lam0p1_slr1,step,fedogda_s,0,v3_screen_step_proxy_step_fedogda_s_seed0_alpha0p5_T600_R7_batch256_glr0p0075_cm15_lam0p1_slr1,legacy_sample_weighted,
curve_fitting_tuning,results/curve_fitting_tuning/fedogda_s_focused_v3/step/fedogda_s/seed_0/v3_screen_step_proxy_step_fedogda_s_seed0_alpha0p5_T600_R7_batch256_glr0p0075_cm20_lam0p05_slr1,step,fedogda_s,0,v3_screen_step_proxy_step_fedogda_s_seed0_alpha0p5_T600_R7_batch256_glr0p0075_cm20_lam0p05_slr1,legacy_sample_weighted,
curve_fitting_tuning,results/curve_fitting_tuning/fedogda_s_focused_v3/step/fedogda_s/seed_0/v3_screen_step_proxy_step_fedogda_s_seed0_alpha0p5_T600_R7_batch256_glr0p005_cm20_lam0p05_slr2,step,fedogda_s,0,v3_screen_step_proxy_step_fedogda_s_seed0_alpha0p5_T600_R7_batch256_glr0p005_cm20_lam0p05_slr2,legacy_sample_weighted,
curve_fitting_tuning,results/curve_fitting_tuning/fedogda_s_focused_v3/step/fedogda_s/seed_0/v3_screen_step_proxy_step_fedogda_s_seed0_alpha0p5_T600_R7_batch256_glr0p003_cm15_lam0p1_slr1p5,step,fedogda_s,0,v3_screen_step_proxy_step_fedogda_s_seed0_alpha0p5_T600_R7_batch256_glr0p003_cm15_lam0p1_slr1p5,legacy_sample_weighted,
curve_fitting_tuning,results/curve_fitting_tuning/fedogda_s_focused_v3/step/fedogda_s/seed_0/v3_screen_step_proxy_step_fedogda_s_seed0_alpha0p5_T600_R7_batch256_glr0p0075_cm10_lam0p05_slr1,step,fedogda_s,0,v3_screen_step_proxy_step_fedogda_s_seed0_alpha0p5_T600_R7_batch256_glr0p0075_cm10_lam0p05_slr1,legacy_sample_weighted,
curve_fitting_tuning,results/curve_fitting_tuning/fedogda_s_focused_v3/step/fedogda_s/seed_0/v3_screen_step_proxy_step_fedogda_s_seed0_alpha0p5_T600_R7_batch256_glr0p005_cm10_lam0p05_slr1p5,step,fedogda_s,0,v3_screen_step_proxy_step_fedogda_s_seed0_alpha0p5_T600_R7_batch256_glr0p005_cm10_lam0p05_slr1p5,legacy_sample_weighted,
curve_fitting_tuning,results/curve_fitting_tuning/fedogda_s_focused_v3/step/fedogda_s/seed_0/v3_screen_step_proxy_step_fedogda_s_seed0_alpha0p5_T600_R7_batch256_glr0p005_cm15_lam0p05_slr1p5,step,fedogda_s,0,v3_screen_step_proxy_step_fedogda_s_seed0_alpha0p5_T600_R7_batch256_glr0p005_cm15_lam0p05_slr1p5,legacy_sample_weighted,
curve_fitting_tuning,results/curve_fitting_tuning/fedogda_s_focused_v3/step/fedogda_s/seed_0/v3_screen_step_proxy_step_fedogda_s_seed0_alpha0p5_T600_R7_batch256_glr0p0075_cm15_lam0p05_slr2,step,fedogda_s,0,v3_screen_step_proxy_step_fedogda_s_seed0_alpha0p5_T600_R7_batch256_glr0p0075_cm15_lam0p05_slr2,legacy_sample_weighted,
curve_fitting_tuning,results/curve_fitting_tuning/fedogda_s_focused_v3/step/fedogda_s/seed_0/v3_screen_step_proxy_step_fedogda_s_seed0_alpha0p5_T600_R7_batch256_glr0p003_cm20_lam0p05_slr1,step,fedogda_s,0,v3_screen_step_proxy_step_fedogda_s_seed0_alpha0p5_T600_R7_batch256_glr0p003_cm20_lam0p05_slr1,legacy_sample_weighted,
curve_fitting_tuning,results/curve_fitting_tuning/fedogda_s_focused_v3/sin/fedogda_s/seed_0/v3_screen_sine_sin_fedogda_s_seed0_alpha1_T500_R3_batch256_glr0p005_cm10_lam0p03_slr1,sin,fedogda_s,0,v3_screen_sine_sin_fedogda_s_seed0_alpha1_T500_R3_batch256_glr0p005_cm10_lam0p03_slr1,legacy_sample_weighted,
curve_fitting_tuning,results/curve_fitting_tuning/fedogda_s_focused_v3/sin/fedogda_s/seed_0/v3_screen_sine_sin_fedogda_s_seed0_alpha1_T500_R3_batch256_glr0p0075_cm12_lam0p01_slr1p5,sin,fedogda_s,0,v3_screen_sine_sin_fedogda_s_seed0_alpha1_T500_R3_batch256_glr0p0075_cm12_lam0p01_slr1p5,legacy_sample_weighted,
curve_fitting_tuning,results/curve_fitting_tuning/fedogda_s_focused_v3/sin/fedogda_s/seed_0/v3_screen_sine_sin_fedogda_s_seed0_alpha1_T500_R3_batch256_glr0p004_cm10_lam0p03_slr1p5,sin,fedogda_s,0,v3_screen_sine_sin_fedogda_s_seed0_alpha1_T500_R3_batch256_glr0p004_cm10_lam0p03_slr1p5,legacy_sample_weighted,
curve_fitting_tuning,results/curve_fitting_tuning/fedogda_s_focused_v3/sin/fedogda_s/seed_0/v3_screen_sine_sin_fedogda_s_seed0_alpha1_T500_R3_batch256_glr0p0075_cm12_lam0p03_slr1p5,sin,fedogda_s,0,v3_screen_sine_sin_fedogda_s_seed0_alpha1_T500_R3_batch256_glr0p0075_cm12_lam0p03_slr1p5,legacy_sample_weighted,
curve_fitting_tuning,results/curve_fitting_tuning/fedogda_s_focused_v3/sin/fedogda_s/seed_0/v3_screen_sine_sin_fedogda_s_seed0_alpha1_T500_R3_batch256_glr0p01_cm10_lam0p03_slr1p5,sin,fedogda_s,0,v3_screen_sine_sin_fedogda_s_seed0_alpha1_T500_R3_batch256_glr0p01_cm10_lam0p03_slr1p5,legacy_sample_weighted,
curve_fitting_tuning,results/curve_fitting_tuning/fedogda_s_focused_v3/sin/fedogda_s/seed_0/v3_screen_sine_sin_fedogda_s_seed0_alpha1_T500_R3_batch256_glr0p004_cm8_lam0p01_slr1,sin,fedogda_s,0,v3_screen_sine_sin_fedogda_s_seed0_alpha1_T500_R3_batch256_glr0p004_cm8_lam0p01_slr1,legacy_sample_weighted,
curve_fitting_tuning,results/curve_fitting_tuning/fedogda_s_focused_v3/sin/fedogda_s/seed_0/v3_screen_sine_sin_fedogda_s_seed0_alpha1_T500_R3_batch256_glr0p01_cm12_lam0p01_slr1p5,sin,fedogda_s,0,v3_screen_sine_sin_fedogda_s_seed0_alpha1_T500_R3_batch256_glr0p01_cm12_lam0p01_slr1p5,legacy_sample_weighted,
curve_fitting_tuning,results/curve_fitting_tuning/fedogda_s_focused_v3/sin/fedogda_s/seed_0/v3_screen_sine_sin_fedogda_s_seed0_alpha1_T500_R3_batch256_glr0p005_cm8_lam0p01_slr1p5,sin,fedogda_s,0,v3_screen_sine_sin_fedogda_s_seed0_alpha1_T500_R3_batch256_glr0p005_cm8_lam0p01_slr1p5,legacy_sample_weighted,
curve_fitting_tuning,results/curve_fitting_tuning/fedogda_s_focused_v3/sin/fedogda_s/seed_0/v3_screen_sine_sin_fedogda_s_seed0_alpha1_T500_R3_batch256_glr0p01_cm6_lam0p01_slr1,sin,fedogda_s,0,v3_screen_sine_sin_fedogda_s_seed0_alpha1_T500_R3_batch256_glr0p01_cm6_lam0p01_slr1,legacy_sample_weighted,
curve_fitting_tuning,results/curve_fitting_tuning/fedogda_s_focused_v3/sin/fedogda_s/seed_0/v3_screen_sine_sin_fedogda_s_seed0_alpha1_T500_R3_batch256_glr0p005_cm6_lam0p01_slr1,sin,fedogda_s,0,v3_screen_sine_sin_fedogda_s_seed0_alpha1_T500_R3_batch256_glr0p005_cm6_lam0p01_slr1,legacy_sample_weighted,
curve_fitting_tuning,results/curve_fitting_tuning/fedogda_s_focused_v3/sin/fedogda_s/seed_0/v3_screen_sine_sin_fedogda_s_seed0_alpha1_T500_R3_batch256_glr0p005_cm8_lam0p01_slr1,sin,fedogda_s,0,v3_screen_sine_sin_fedogda_s_seed0_alpha1_T500_R3_batch256_glr0p005_cm8_lam0p01_slr1,legacy_sample_weighted,
curve_fitting_tuning,results/curve_fitting_tuning/fedogda_s_focused_v3/sin/fedogda_s/seed_0/v3_screen_sine_sin_fedogda_s_seed0_alpha1_T500_R3_batch256_glr0p01_cm6_lam0p01_slr1p5,sin,fedogda_s,0,v3_screen_sine_sin_fedogda_s_seed0_alpha1_T500_R3_batch256_glr0p01_cm6_lam0p01_slr1p5,legacy_sample_weighted,
curve_fitting_tuning,results/curve_fitting_tuning/fedogda_s_focused_v3/sin/fedogda_s/seed_0/v3_screen_sine_sin_fedogda_s_seed0_alpha1_T500_R3_batch256_glr0p005_cm8_lam0p03_slr1p5,sin,fedogda_s,0,v3_screen_sine_sin_fedogda_s_seed0_alpha1_T500_R3_batch256_glr0p005_cm8_lam0p03_slr1p5,legacy_sample_weighted,
curve_fitting_tuning,results/curve_fitting_tuning/fedogda_s_focused_v3/sin/fedogda_s/seed_0/v3_screen_sine_sin_fedogda_s_seed0_alpha1_T500_R3_batch256_glr0p01_cm8_lam0p01_slr1p5,sin,fedogda_s,0,v3_screen_sine_sin_fedogda_s_seed0_alpha1_T500_R3_batch256_glr0p01_cm8_lam0p01_slr1p5,legacy_sample_weighted,
curve_fitting_tuning,results/curve_fitting_tuning/fedogda_s_focused_v3/sin/fedogda_s/seed_0/v3_screen_sine_sin_fedogda_s_seed0_alpha1_T500_R3_batch256_glr0p005_cm10_lam0p01_slr1,sin,fedogda_s,0,v3_screen_sine_sin_fedogda_s_seed0_alpha1_T500_R3_batch256_glr0p005_cm10_lam0p01_slr1,legacy_sample_weighted,
curve_fitting_tuning,results/curve_fitting_tuning/fedogda_s_focused_v3/sin/fedogda_s/seed_0/v3_screen_sine_sin_fedogda_s_seed0_alpha1_T500_R3_batch256_glr0p005_cm10_lam0p01_slr1p5,sin,fedogda_s,0,v3_screen_sine_sin_fedogda_s_seed0_alpha1_T500_R3_batch256_glr0p005_cm10_lam0p01_slr1p5,legacy_sample_weighted,
curve_fitting_tuning,results/curve_fitting_tuning/fedogda_s_focused_v3/sin/fedogda_s/seed_0/v3_screen_sine_sin_fedogda_s_seed0_alpha1_T500_R3_batch256_glr0p0075_cm8_lam0p01_slr1p5,sin,fedogda_s,0,v3_screen_sine_sin_fedogda_s_seed0_alpha1_T500_R3_batch256_glr0p0075_cm8_lam0p01_slr1p5,legacy_sample_weighted,
curve_fitting_tuning,results/curve_fitting_tuning/fedogda_s_focused_v3/sin/fedogda_s/seed_0/v3_screen_sine_sin_fedogda_s_seed0_alpha1_T500_R3_batch256_glr0p005_cm6_lam0p01_slr1p5,sin,fedogda_s,0,v3_screen_sine_sin_fedogda_s_seed0_alpha1_T500_R3_batch256_glr0p005_cm6_lam0p01_slr1p5,legacy_sample_weighted,
curve_fitting_tuning,results/curve_fitting_tuning/fedogda_s_focused_v3/sin/fedogda_s/seed_0/v3_screen_sine_sin_fedogda_s_seed0_alpha1_T500_R3_batch256_glr0p01_cm8_lam0p03_slr1p5,sin,fedogda_s,0,v3_screen_sine_sin_fedogda_s_seed0_alpha1_T500_R3_batch256_glr0p01_cm8_lam0p03_slr1p5,legacy_sample_weighted,
curve_fitting_tuning,results/curve_fitting_tuning/fedogda_s_focused_v3/sin/fedogda_s/seed_0/v3_screen_sine_sin_fedogda_s_seed0_alpha1_T500_R3_batch256_glr0p004_cm10_lam0p01_slr1,sin,fedogda_s,0,v3_screen_sine_sin_fedogda_s_seed0_alpha1_T500_R3_batch256_glr0p004_cm10_lam0p01_slr1,legacy_sample_weighted,
curve_fitting_tuning,results/curve_fitting_tuning/fedogda_s_focused_v3/sin/fedogda_s/seed_0/v3_screen_sine_sin_fedogda_s_seed0_alpha1_T500_R3_batch256_glr0p0075_cm12_lam0p01_slr1,sin,fedogda_s,0,v3_screen_sine_sin_fedogda_s_seed0_alpha1_T500_R3_batch256_glr0p0075_cm12_lam0p01_slr1,legacy_sample_weighted,
curve_fitting_tuning,results/curve_fitting_tuning/fedogda_s_focused_v3/sin/fedogda_s/seed_0/v3_screen_sine_sin_fedogda_s_seed0_alpha1_T500_R3_batch256_glr0p004_cm12_lam0p03_slr1,sin,fedogda_s,0,v3_screen_sine_sin_fedogda_s_seed0_alpha1_T500_R3_batch256_glr0p004_cm12_lam0p03_slr1,legacy_sample_weighted,
curve_fitting_tuning,results/curve_fitting_tuning/fedogda_s_focused_v3/sin/fedogda_s/seed_0/v3_screen_sine_sin_fedogda_s_seed0_alpha1_T500_R3_batch256_glr0p01_cm6_lam0p03_slr1,sin,fedogda_s,0,v3_screen_sine_sin_fedogda_s_seed0_alpha1_T500_R3_batch256_glr0p01_cm6_lam0p03_slr1,legacy_sample_weighted,
curve_fitting_tuning,results/curve_fitting_tuning/fedogda_s_focused_v3/sin/fedogda_s/seed_0/v3_screen_sine_sin_fedogda_s_seed0_alpha1_T500_R3_batch256_glr0p004_cm12_lam0p03_slr1p5,sin,fedogda_s,0,v3_screen_sine_sin_fedogda_s_seed0_alpha1_T500_R3_batch256_glr0p004_cm12_lam0p03_slr1p5,legacy_sample_weighted,
curve_fitting_tuning,results/curve_fitting_tuning/fedogda_s_focused_v3/sin/fedogda_s/seed_0/v3_screen_sine_sin_fedogda_s_seed0_alpha1_T500_R3_batch256_glr0p0075_cm6_lam0p03_slr1,sin,fedogda_s,0,v3_screen_sine_sin_fedogda_s_seed0_alpha1_T500_R3_batch256_glr0p0075_cm6_lam0p03_slr1,legacy_sample_weighted,
curve_fitting_tuning,results/curve_fitting_tuning/fedogda_s_focused_v3/sin/fedogda_s/seed_0/v3_screen_sine_sin_fedogda_s_seed0_alpha1_T500_R3_batch256_glr0p0075_cm6_lam0p01_slr1p5,sin,fedogda_s,0,v3_screen_sine_sin_fedogda_s_seed0_alpha1_T500_R3_batch256_glr0p0075_cm6_lam0p01_slr1p5,legacy_sample_weighted,
curve_fitting_tuning,results/curve_fitting_tuning/fedogda_s_focused_v3/sin/fedogda_s/seed_0/v3_screen_sine_sin_fedogda_s_seed0_alpha1_T500_R3_batch256_glr0p004_cm6_lam0p01_slr1,sin,fedogda_s,0,v3_screen_sine_sin_fedogda_s_seed0_alpha1_T500_R3_batch256_glr0p004_cm6_lam0p01_slr1,legacy_sample_weighted,
curve_fitting_tuning,results/curve_fitting_tuning/fedogda_s_focused_v3/sin/fedogda_s/seed_0/v3_screen_sine_sin_fedogda_s_seed0_alpha1_T500_R3_batch256_glr0p004_cm8_lam0p03_slr1p5,sin,fedogda_s,0,v3_screen_sine_sin_fedogda_s_seed0_alpha1_T500_R3_batch256_glr0p004_cm8_lam0p03_slr1p5,legacy_sample_weighted,
curve_fitting_tuning,results/curve_fitting_tuning/fedogda_s_focused_v3/sin/fedogda_s/seed_0/v3_screen_sine_sin_fedogda_s_seed0_alpha1_T500_R3_batch256_glr0p004_cm8_lam0p01_slr1p5,sin,fedogda_s,0,v3_screen_sine_sin_fedogda_s_seed0_alpha1_T500_R3_batch256_glr0p004_cm8_lam0p01_slr1p5,legacy_sample_weighted,
curve_fitting_tuning,results/curve_fitting_tuning/fedogda_s_focused_v3/sin/fedogda_s/seed_0/v3_screen_sine_sin_fedogda_s_seed0_alpha1_T500_R3_batch256_glr0p0075_cm12_lam0p03_slr1,sin,fedogda_s,0,v3_screen_sine_sin_fedogda_s_seed0_alpha1_T500_R3_batch256_glr0p0075_cm12_lam0p03_slr1,legacy_sample_weighted,
curve_fitting_tuning,results/curve_fitting_tuning/fedogda_s_focused_v3/sin/fedogda_s/seed_0/v3_screen_sine_sin_fedogda_s_seed0_alpha1_T500_R3_batch256_glr0p0075_cm10_lam0p03_slr1p5,sin,fedogda_s,0,v3_screen_sine_sin_fedogda_s_seed0_alpha1_T500_R3_batch256_glr0p0075_cm10_lam0p03_slr1p5,legacy_sample_weighted,
curve_fitting_tuning,results/curve_fitting_tuning/fedogda_s_focused_v3/sin/fedogda_s/seed_0/v3_screen_sine_sin_fedogda_s_seed0_alpha1_T500_R3_batch256_glr0p005_cm12_lam0p03_slr1p5,sin,fedogda_s,0,v3_screen_sine_sin_fedogda_s_seed0_alpha1_T500_R3_batch256_glr0p005_cm12_lam0p03_slr1p5,legacy_sample_weighted,
curve_fitting_tuning,results/curve_fitting_tuning/fedogda_s_focused_v3/sin/fedogda_s/seed_0/v3_screen_sine_sin_fedogda_s_seed0_alpha1_T500_R3_batch256_glr0p01_cm12_lam0p01_slr1,sin,fedogda_s,0,v3_screen_sine_sin_fedogda_s_seed0_alpha1_T500_R3_batch256_glr0p01_cm12_lam0p01_slr1,legacy_sample_weighted,
curve_fitting_tuning,results/curve_fitting_tuning/fedogda_s_focused_v3/sin/fedogda_s/seed_0/v3_screen_sine_sin_fedogda_s_seed0_alpha1_T500_R3_batch256_glr0p004_cm12_lam0p01_slr1,sin,fedogda_s,0,v3_screen_sine_sin_fedogda_s_seed0_alpha1_T500_R3_batch256_glr0p004_cm12_lam0p01_slr1,legacy_sample_weighted,
curve_fitting_tuning,results/curve_fitting_tuning/fedogda_s_focused_v3/sin/fedogda_s/seed_0/v3_screen_sine_sin_fedogda_s_seed0_alpha1_T500_R3_batch256_glr0p005_cm12_lam0p01_slr1,sin,fedogda_s,0,v3_screen_sine_sin_fedogda_s_seed0_alpha1_T500_R3_batch256_glr0p005_cm12_lam0p01_slr1,legacy_sample_weighted,
curve_fitting_tuning,results/curve_fitting_tuning/fedogda_s_focused_v3/sin/fedogda_s/seed_0/v3_screen_sine_sin_fedogda_s_seed0_alpha1_T500_R3_batch256_glr0p005_cm12_lam0p03_slr1,sin,fedogda_s,0,v3_screen_sine_sin_fedogda_s_seed0_alpha1_T500_R3_batch256_glr0p005_cm12_lam0p03_slr1,legacy_sample_weighted,
curve_fitting_tuning,results/curve_fitting_tuning/fedogda_s_focused_v3/sin/fedogda_s/seed_0/v3_screen_sine_sin_fedogda_s_seed0_alpha1_T500_R3_batch256_glr0p005_cm10_lam0p03_slr1p5,sin,fedogda_s,0,v3_screen_sine_sin_fedogda_s_seed0_alpha1_T500_R3_batch256_glr0p005_cm10_lam0p03_slr1p5,legacy_sample_weighted,
curve_fitting_tuning,results/curve_fitting_tuning/fedogda_s_focused_v3/sin/fedogda_s/seed_0/v3_screen_sine_sin_fedogda_s_seed0_alpha1_T500_R3_batch256_glr0p004_cm12_lam0p01_slr1p5,sin,fedogda_s,0,v3_screen_sine_sin_fedogda_s_seed0_alpha1_T500_R3_batch256_glr0p004_cm12_lam0p01_slr1p5,legacy_sample_weighted,
curve_fitting_tuning,results/curve_fitting_tuning/fedogda_s_focused_v3/sin/fedogda_s/seed_0/v3_screen_sine_sin_fedogda_s_seed0_alpha1_T500_R3_batch256_glr0p01_cm10_lam0p01_slr1,sin,fedogda_s,0,v3_screen_sine_sin_fedogda_s_seed0_alpha1_T500_R3_batch256_glr0p01_cm10_lam0p01_slr1,legacy_sample_weighted,
curve_fitting_tuning,results/curve_fitting_tuning/fedogda_s_focused_v3/sin/fedogda_s/seed_0/v3_screen_sine_sin_fedogda_s_seed0_alpha1_T500_R3_batch256_glr0p004_cm10_lam0p03_slr1,sin,fedogda_s,0,v3_screen_sine_sin_fedogda_s_seed0_alpha1_T500_R3_batch256_glr0p004_cm10_lam0p03_slr1,legacy_sample_weighted,
curve_fitting_tuning,results/curve_fitting_tuning/fedogda_s_focused_v3/sin/fedogda_s/seed_0/v3_screen_sine_sin_fedogda_s_seed0_alpha1_T500_R3_batch256_glr0p0075_cm8_lam0p01_slr1,sin,fedogda_s,0,v3_screen_sine_sin_fedogda_s_seed0_alpha1_T500_R3_batch256_glr0p0075_cm8_lam0p01_slr1,legacy_sample_weighted,
curve_fitting_tuning,results/curve_fitting_tuning/fedogda_s_focused_v3/sin/fedogda_s/seed_0/v3_screen_sine_sin_fedogda_s_seed0_alpha1_T500_R3_batch256_glr0p005_cm8_lam0p03_slr1,sin,fedogda_s,0,v3_screen_sine_sin_fedogda_s_seed0_alpha1_T500_R3_batch256_glr0p005_cm8_lam0p03_slr1,legacy_sample_weighted,
curve_fitting_tuning,results/curve_fitting_tuning/fedogda_s_focused_v3/sin/fedogda_s/seed_0/v3_screen_sine_sin_fedogda_s_seed0_alpha1_T500_R3_batch256_glr0p01_cm12_lam0p03_slr1,sin,fedogda_s,0,v3_screen_sine_sin_fedogda_s_seed0_alpha1_T500_R3_batch256_glr0p01_cm12_lam0p03_slr1,legacy_sample_weighted,
curve_fitting_tuning,results/curve_fitting_tuning/fedogda_s_focused_v3/sin/fedogda_s/seed_0/v3_screen_sine_sin_fedogda_s_seed0_alpha1_T500_R3_batch256_glr0p01_cm6_lam0p03_slr1p5,sin,fedogda_s,0,v3_screen_sine_sin_fedogda_s_seed0_alpha1_T500_R3_batch256_glr0p01_cm6_lam0p03_slr1p5,legacy_sample_weighted,
curve_fitting_tuning,results/curve_fitting_tuning/fedogda_s_focused_v3/sin/fedogda_s/seed_0/v3_screen_sine_sin_fedogda_s_seed0_alpha1_T500_R3_batch256_glr0p0075_cm6_lam0p03_slr1p5,sin,fedogda_s,0,v3_screen_sine_sin_fedogda_s_seed0_alpha1_T500_R3_batch256_glr0p0075_cm6_lam0p03_slr1p5,legacy_sample_weighted,
curve_fitting_tuning,results/curve_fitting_tuning/fedogda_s_focused_v3/sin/fedogda_s/seed_0/v3_screen_sine_sin_fedogda_s_seed0_alpha1_T500_R3_batch256_glr0p01_cm8_lam0p03_slr1,sin,fedogda_s,0,v3_screen_sine_sin_fedogda_s_seed0_alpha1_T500_R3_batch256_glr0p01_cm8_lam0p03_slr1,legacy_sample_weighted,
curve_fitting_tuning,results/curve_fitting_tuning/fedogda_s_focused_v3/sin/fedogda_s/seed_0/v3_screen_sine_sin_fedogda_s_seed0_alpha1_T500_R3_batch256_glr0p004_cm8_lam0p03_slr1,sin,fedogda_s,0,v3_screen_sine_sin_fedogda_s_seed0_alpha1_T500_R3_batch256_glr0p004_cm8_lam0p03_slr1,legacy_sample_weighted,
curve_fitting_tuning,results/curve_fitting_tuning/fedogda_s_focused_v3/sin/fedogda_s/seed_0/v3_screen_sine_sin_fedogda_s_seed0_alpha1_T500_R3_batch256_glr0p004_cm6_lam0p03_slr1p5,sin,fedogda_s,0,v3_screen_sine_sin_fedogda_s_seed0_alpha1_T500_R3_batch256_glr0p004_cm6_lam0p03_slr1p5,legacy_sample_weighted,
curve_fitting_tuning,results/curve_fitting_tuning/fedogda_s_focused_v3/sin/fedogda_s/seed_0/v3_screen_sine_sin_fedogda_s_seed0_alpha1_T500_R3_batch256_glr0p005_cm6_lam0p03_slr1,sin,fedogda_s,0,v3_screen_sine_sin_fedogda_s_seed0_alpha1_T500_R3_batch256_glr0p005_cm6_lam0p03_slr1,legacy_sample_weighted,
curve_fitting_tuning,results/curve_fitting_tuning/fedogda_s_focused_v3/sin/fedogda_s/seed_0/v3_screen_sine_sin_fedogda_s_seed0_alpha1_T500_R3_batch256_glr0p004_cm6_lam0p01_slr1p5,sin,fedogda_s,0,v3_screen_sine_sin_fedogda_s_seed0_alpha1_T500_R3_batch256_glr0p004_cm6_lam0p01_slr1p5,legacy_sample_weighted,
curve_fitting_tuning,results/curve_fitting_tuning/fedogda_s_focused_v3/sin/fedogda_s/seed_0/v3_screen_sine_sin_fedogda_s_seed0_alpha1_T500_R3_batch256_glr0p0075_cm10_lam0p01_slr1,sin,fedogda_s,0,v3_screen_sine_sin_fedogda_s_seed0_alpha1_T500_R3_batch256_glr0p0075_cm10_lam0p01_slr1,legacy_sample_weighted,
curve_fitting_tuning,results/curve_fitting_tuning/fedogda_s_focused_v3/sin/fedogda_s/seed_0/v3_screen_sine_sin_fedogda_s_seed0_alpha1_T500_R3_batch256_glr0p01_cm8_lam0p01_slr1,sin,fedogda_s,0,v3_screen_sine_sin_fedogda_s_seed0_alpha1_T500_R3_batch256_glr0p01_cm8_lam0p01_slr1,legacy_sample_weighted,
curve_fitting_tuning,results/curve_fitting_tuning/fedogda_s_focused_v3/sin/fedogda_s/seed_0/v3_screen_sine_sin_fedogda_s_seed0_alpha1_T500_R3_batch256_glr0p005_cm6_lam0p03_slr1p5,sin,fedogda_s,0,v3_screen_sine_sin_fedogda_s_seed0_alpha1_T500_R3_batch256_glr0p005_cm6_lam0p03_slr1p5,legacy_sample_weighted,
curve_fitting_tuning,results/curve_fitting_tuning/fedogda_s_focused_v3/sin/fedogda_s/seed_0/v3_screen_sine_sin_fedogda_s_seed0_alpha1_T500_R3_batch256_glr0p01_cm10_lam0p03_slr1,sin,fedogda_s,0,v3_screen_sine_sin_fedogda_s_seed0_alpha1_T500_R3_batch256_glr0p01_cm10_lam0p03_slr1,legacy_sample_weighted,
curve_fitting_tuning,results/curve_fitting_tuning/fedogda_s_focused_v3/sin/fedogda_s/seed_0/v3_screen_sine_sin_fedogda_s_seed0_alpha1_T500_R3_batch256_glr0p0075_cm6_lam0p01_slr1,sin,fedogda_s,0,v3_screen_sine_sin_fedogda_s_seed0_alpha1_T500_R3_batch256_glr0p0075_cm6_lam0p01_slr1,legacy_sample_weighted,
curve_fitting_tuning,results/curve_fitting_tuning/fedogda_s_focused_v3/sin/fedogda_s/seed_0/v3_screen_sine_sin_fedogda_s_seed0_alpha1_T500_R3_batch256_glr0p0075_cm10_lam0p01_slr1p5,sin,fedogda_s,0,v3_screen_sine_sin_fedogda_s_seed0_alpha1_T500_R3_batch256_glr0p0075_cm10_lam0p01_slr1p5,legacy_sample_weighted,
curve_fitting_tuning,results/curve_fitting_tuning/fedogda_s_focused_v3/sin/fedogda_s/seed_0/v3_screen_sine_sin_fedogda_s_seed0_alpha1_T500_R3_batch256_glr0p01_cm12_lam0p03_slr1p5,sin,fedogda_s,0,v3_screen_sine_sin_fedogda_s_seed0_alpha1_T500_R3_batch256_glr0p01_cm12_lam0p03_slr1p5,legacy_sample_weighted,
curve_fitting_tuning,results/curve_fitting_tuning/fedogda_s_focused_v3/sin/fedogda_s/seed_0/v3_screen_sine_sin_fedogda_s_seed0_alpha1_T500_R3_batch256_glr0p0075_cm8_lam0p03_slr1,sin,fedogda_s,0,v3_screen_sine_sin_fedogda_s_seed0_alpha1_T500_R3_batch256_glr0p0075_cm8_lam0p03_slr1,legacy_sample_weighted,
curve_fitting_tuning,results/curve_fitting_tuning/fedogda_s_focused_v3/sin/fedogda_s/seed_0/v3_screen_sine_sin_fedogda_s_seed0_alpha1_T500_R3_batch256_glr0p0075_cm8_lam0p03_slr1p5,sin,fedogda_s,0,v3_screen_sine_sin_fedogda_s_seed0_alpha1_T500_R3_batch256_glr0p0075_cm8_lam0p03_slr1p5,legacy_sample_weighted,
curve_fitting_tuning,results/curve_fitting_tuning/fedogda_s_focused_v3/sin/fedogda_s/seed_0/v3_screen_sine_sin_fedogda_s_seed0_alpha1_T500_R3_batch256_glr0p004_cm10_lam0p01_slr1p5,sin,fedogda_s,0,v3_screen_sine_sin_fedogda_s_seed0_alpha1_T500_R3_batch256_glr0p004_cm10_lam0p01_slr1p5,legacy_sample_weighted,
curve_fitting_tuning,results/curve_fitting_tuning/fedogda_s_focused_v3/sin/fedogda_s/seed_0/v3_screen_sine_sin_fedogda_s_seed0_alpha1_T500_R3_batch256_glr0p005_cm12_lam0p01_slr1p5,sin,fedogda_s,0,v3_screen_sine_sin_fedogda_s_seed0_alpha1_T500_R3_batch256_glr0p005_cm12_lam0p01_slr1p5,legacy_sample_weighted,
curve_fitting_tuning,results/curve_fitting_tuning/fedogda_s_focused_v3/sin/fedogda_s/seed_0/v3_screen_sine_sin_fedogda_s_seed0_alpha1_T500_R3_batch256_glr0p004_cm6_lam0p03_slr1,sin,fedogda_s,0,v3_screen_sine_sin_fedogda_s_seed0_alpha1_T500_R3_batch256_glr0p004_cm6_lam0p03_slr1,legacy_sample_weighted,
curve_fitting_tuning,results/curve_fitting_tuning/fedogda_s_focused_v3/sin/fedogda_s/seed_0/v3_screen_sine_sin_fedogda_s_seed0_alpha1_T500_R3_batch256_glr0p0075_cm10_lam0p03_slr1,sin,fedogda_s,0,v3_screen_sine_sin_fedogda_s_seed0_alpha1_T500_R3_batch256_glr0p0075_cm10_lam0p03_slr1,legacy_sample_weighted,
curve_fitting_tuning,results/curve_fitting_tuning/fedogda_s_focused_v3/sin/fedogda_s/seed_0/v3_screen_sine_sin_fedogda_s_seed0_alpha1_T500_R3_batch256_glr0p01_cm10_lam0p01_slr1p5,sin,fedogda_s,0,v3_screen_sine_sin_fedogda_s_seed0_alpha1_T500_R3_batch256_glr0p01_cm10_lam0p01_slr1p5,legacy_sample_weighted,
curve_fitting_tuning,results/curve_fitting_tuning/fedogda_s_sine_fast_v4/sin/fedogda_s/seed_1/v4_stage_c_confirm_sin_fedogda_s_seed1_alpha1_T1000_R3_batch256_glr0p01_cm7_lam0p005_slr1p75,sin,fedogda_s,1,v4_stage_c_confirm_sin_fedogda_s_seed1_alpha1_T1000_R3_batch256_glr0p01_cm7_lam0p005_slr1p75,legacy_sample_weighted,
curve_fitting_tuning,results/curve_fitting_tuning/fedogda_s_sine_fast_v4/sin/fedogda_s/seed_1/v4_stage_c_confirm_sin_fedogda_s_seed1_alpha1_T1000_R3_batch256_glr0p01_cm8_lam0p01_slr1p5,sin,fedogda_s,1,v4_stage_c_confirm_sin_fedogda_s_seed1_alpha1_T1000_R3_batch256_glr0p01_cm8_lam0p01_slr1p5,legacy_sample_weighted,
curve_fitting_tuning,results/curve_fitting_tuning/fedogda_s_sine_fast_v4/sin/fedogda_s/seed_2/v4_stage_c_confirm_sin_fedogda_s_seed2_alpha1_T1000_R3_batch256_glr0p01_cm7_lam0p005_slr1p75,sin,fedogda_s,2,v4_stage_c_confirm_sin_fedogda_s_seed2_alpha1_T1000_R3_batch256_glr0p01_cm7_lam0p005_slr1p75,legacy_sample_weighted,
curve_fitting_tuning,results/curve_fitting_tuning/fedogda_s_sine_fast_v4/sin/fedogda_s/seed_2/v4_stage_c_confirm_sin_fedogda_s_seed2_alpha1_T1000_R3_batch256_glr0p01_cm8_lam0p01_slr1p5,sin,fedogda_s,2,v4_stage_c_confirm_sin_fedogda_s_seed2_alpha1_T1000_R3_batch256_glr0p01_cm8_lam0p01_slr1p5,legacy_sample_weighted,
curve_fitting_tuning,results/curve_fitting_tuning/fedogda_s_sine_fast_v4/sin/fedogda_s/seed_0/v4_stage_a_boundary_probe_sin_fedogda_s_seed0_alpha1_T500_R3_batch256_glr0p015_cm5_lam0p01_slr1p5,sin,fedogda_s,0,v4_stage_a_boundary_probe_sin_fedogda_s_seed0_alpha1_T500_R3_batch256_glr0p015_cm5_lam0p01_slr1p5,legacy_sample_weighted,
curve_fitting_tuning,results/curve_fitting_tuning/fedogda_s_sine_fast_v4/sin/fedogda_s/seed_0/v4_stage_a_boundary_probe_sin_fedogda_s_seed0_alpha1_T500_R3_batch256_glr0p015_cm7_lam0p005_slr1p5,sin,fedogda_s,0,v4_stage_a_boundary_probe_sin_fedogda_s_seed0_alpha1_T500_R3_batch256_glr0p015_cm7_lam0p005_slr1p5,legacy_sample_weighted,
curve_fitting_tuning,results/curve_fitting_tuning/fedogda_s_sine_fast_v4/sin/fedogda_s/seed_0/v4_stage_a_boundary_probe_sin_fedogda_s_seed0_alpha1_T500_R3_batch256_glr0p015_cm9_lam0p005_slr1p5,sin,fedogda_s,0,v4_stage_a_boundary_probe_sin_fedogda_s_seed0_alpha1_T500_R3_batch256_glr0p015_cm9_lam0p005_slr1p5,legacy_sample_weighted,
curve_fitting_tuning,results/curve_fitting_tuning/fedogda_s_sine_fast_v4/sin/fedogda_s/seed_0/v4_stage_b_server_lr_probe_sin_fedogda_s_seed0_alpha1_T500_R3_batch256_glr0p0125_cm6_lam0p005_slr2,sin,fedogda_s,0,v4_stage_b_server_lr_probe_sin_fedogda_s_seed0_alpha1_T500_R3_batch256_glr0p0125_cm6_lam0p005_slr2,legacy_sample_weighted,
curve_fitting_tuning,results/curve_fitting_tuning/fedogda_s_sine_fast_v4/sin/fedogda_s/seed_0/v4_stage_a_boundary_probe_sin_fedogda_s_seed0_alpha1_T500_R3_batch256_glr0p0125_cm9_lam0p005_slr1p5,sin,fedogda_s,0,v4_stage_a_boundary_probe_sin_fedogda_s_seed0_alpha1_T500_R3_batch256_glr0p0125_cm9_lam0p005_slr1p5,legacy_sample_weighted,
curve_fitting_tuning,results/curve_fitting_tuning/fedogda_s_sine_fast_v4/sin/fedogda_s/seed_0/v4_stage_b_server_lr_probe_sin_fedogda_s_seed0_alpha1_T500_R3_batch256_glr0p0125_cm9_lam0p005_slr1p75,sin,fedogda_s,0,v4_stage_b_server_lr_probe_sin_fedogda_s_seed0_alpha1_T500_R3_batch256_glr0p0125_cm9_lam0p005_slr1p75,legacy_sample_weighted,
curve_fitting_tuning,results/curve_fitting_tuning/fedogda_s_sine_fast_v4/sin/fedogda_s/seed_0/v4_stage_c_confirm_sin_fedogda_s_seed0_alpha1_T1000_R3_batch256_glr0p01_cm8_lam0p01_slr1p5,sin,fedogda_s,0,v4_stage_c_confirm_sin_fedogda_s_seed0_alpha1_T1000_R3_batch256_glr0p01_cm8_lam0p01_slr1p5,legacy_sample_weighted,
curve_fitting_tuning,results/curve_fitting_tuning/fedogda_s_sine_fast_v4/sin/fedogda_s/seed_0/v4_stage_b_server_lr_probe_sin_fedogda_s_seed0_alpha1_T500_R3_batch256_glr0p0125_cm9_lam0p005_slr2,sin,fedogda_s,0,v4_stage_b_server_lr_probe_sin_fedogda_s_seed0_alpha1_T500_R3_batch256_glr0p0125_cm9_lam0p005_slr2,legacy_sample_weighted,
curve_fitting_tuning,results/curve_fitting_tuning/fedogda_s_sine_fast_v4/sin/fedogda_s/seed_0/v4_stage_c_confirm_sin_fedogda_s_seed0_alpha1_T1000_R3_batch256_glr0p01_cm7_lam0p005_slr1p75,sin,fedogda_s,0,v4_stage_c_confirm_sin_fedogda_s_seed0_alpha1_T1000_R3_batch256_glr0p01_cm7_lam0p005_slr1p75,legacy_sample_weighted,
curve_fitting_tuning,results/curve_fitting_tuning/fedogda_s_sine_fast_v4/sin/fedogda_s/seed_0/v4_stage_a_boundary_probe_sin_fedogda_s_seed0_alpha1_T500_R3_batch256_glr0p0125_cm6_lam0p005_slr1p5,sin,fedogda_s,0,v4_stage_a_boundary_probe_sin_fedogda_s_seed0_alpha1_T500_R3_batch256_glr0p0125_cm6_lam0p005_slr1p5,legacy_sample_weighted,
curve_fitting_tuning,results/curve_fitting_tuning/fedogda_s_sine_fast_v4/sin/fedogda_s/seed_0/v4_stage_a_boundary_probe_sin_fedogda_s_seed0_alpha1_T500_R3_batch256_glr0p0125_cm7_lam0p01_slr1p5,sin,fedogda_s,0,v4_stage_a_boundary_probe_sin_fedogda_s_seed0_alpha1_T500_R3_batch256_glr0p0125_cm7_lam0p01_slr1p5,legacy_sample_weighted,
curve_fitting_tuning,results/curve_fitting_tuning/fedogda_s_sine_fast_v4/sin/fedogda_s/seed_0/v4_stage_a_boundary_probe_sin_fedogda_s_seed0_alpha1_T500_R3_batch256_glr0p015_cm6_lam0p01_slr1p5,sin,fedogda_s,0,v4_stage_a_boundary_probe_sin_fedogda_s_seed0_alpha1_T500_R3_batch256_glr0p015_cm6_lam0p01_slr1p5,legacy_sample_weighted,
curve_fitting_tuning,results/curve_fitting_tuning/fedogda_s_sine_fast_v4/sin/fedogda_s/seed_0/v4_stage_a_boundary_probe_sin_fedogda_s_seed0_alpha1_T500_R3_batch256_glr0p015_cm7_lam0p01_slr1p5,sin,fedogda_s,0,v4_stage_a_boundary_probe_sin_fedogda_s_seed0_alpha1_T500_R3_batch256_glr0p015_cm7_lam0p01_slr1p5,legacy_sample_weighted,
curve_fitting_tuning,results/curve_fitting_tuning/fedogda_s_sine_fast_v4/sin/fedogda_s/seed_0/v4_stage_a_boundary_probe_sin_fedogda_s_seed0_alpha1_T500_R3_batch256_glr0p0125_cm9_lam0p01_slr1p5,sin,fedogda_s,0,v4_stage_a_boundary_probe_sin_fedogda_s_seed0_alpha1_T500_R3_batch256_glr0p0125_cm9_lam0p01_slr1p5,legacy_sample_weighted,
curve_fitting_tuning,results/curve_fitting_tuning/fedogda_s_sine_fast_v4/sin/fedogda_s/seed_0/v4_stage_b_server_lr_probe_sin_fedogda_s_seed0_alpha1_T500_R3_batch256_glr0p0125_cm6_lam0p005_slr1p75,sin,fedogda_s,0,v4_stage_b_server_lr_probe_sin_fedogda_s_seed0_alpha1_T500_R3_batch256_glr0p0125_cm6_lam0p005_slr1p75,legacy_sample_weighted,
curve_fitting_tuning,results/curve_fitting_tuning/fedogda_s_sine_fast_v4/sin/fedogda_s/seed_0/v4_stage_a_boundary_probe_sin_fedogda_s_seed0_alpha1_T500_R3_batch256_glr0p015_cm5_lam0p005_slr1p5,sin,fedogda_s,0,v4_stage_a_boundary_probe_sin_fedogda_s_seed0_alpha1_T500_R3_batch256_glr0p015_cm5_lam0p005_slr1p5,legacy_sample_weighted,
curve_fitting_tuning,results/curve_fitting_tuning/fedogda_s_sine_fast_v4/sin/fedogda_s/seed_0/v4_stage_b_server_lr_probe_sin_fedogda_s_seed0_alpha1_T500_R3_batch256_glr0p01_cm7_lam0p005_slr2,sin,fedogda_s,0,v4_stage_b_server_lr_probe_sin_fedogda_s_seed0_alpha1_T500_R3_batch256_glr0p01_cm7_lam0p005_slr2,legacy_sample_weighted,
curve_fitting_tuning,results/curve_fitting_tuning/fedogda_s_sine_fast_v4/sin/fedogda_s/seed_0/v4_stage_a_boundary_probe_sin_fedogda_s_seed0_alpha1_T500_R3_batch256_glr0p01_cm7_lam0p005_slr1p5,sin,fedogda_s,0,v4_stage_a_boundary_probe_sin_fedogda_s_seed0_alpha1_T500_R3_batch256_glr0p01_cm7_lam0p005_slr1p5,legacy_sample_weighted,
curve_fitting_tuning,results/curve_fitting_tuning/fedogda_s_sine_fast_v4/sin/fedogda_s/seed_0/v4_stage_a_boundary_probe_sin_fedogda_s_seed0_alpha1_T500_R3_batch256_glr0p01_cm9_lam0p01_slr1p5,sin,fedogda_s,0,v4_stage_a_boundary_probe_sin_fedogda_s_seed0_alpha1_T500_R3_batch256_glr0p01_cm9_lam0p01_slr1p5,legacy_sample_weighted,
curve_fitting_tuning,results/curve_fitting_tuning/fedogda_s_sine_fast_v4/sin/fedogda_s/seed_0/v4_stage_a_boundary_probe_sin_fedogda_s_seed0_alpha1_T500_R3_batch256_glr0p015_cm9_lam0p01_slr1p5,sin,fedogda_s,0,v4_stage_a_boundary_probe_sin_fedogda_s_seed0_alpha1_T500_R3_batch256_glr0p015_cm9_lam0p01_slr1p5,legacy_sample_weighted,
curve_fitting_tuning,results/curve_fitting_tuning/fedogda_s_sine_fast_v4/sin/fedogda_s/seed_0/v4_stage_a_boundary_probe_sin_fedogda_s_seed0_alpha1_T500_R3_batch256_glr0p0125_cm7_lam0p005_slr1p5,sin,fedogda_s,0,v4_stage_a_boundary_probe_sin_fedogda_s_seed0_alpha1_T500_R3_batch256_glr0p0125_cm7_lam0p005_slr1p5,legacy_sample_weighted,
curve_fitting_tuning,results/curve_fitting_tuning/fedogda_s_sine_fast_v4/sin/fedogda_s/seed_0/v4_stage_a_boundary_probe_sin_fedogda_s_seed0_alpha1_T500_R3_batch256_glr0p015_cm6_lam0p005_slr1p5,sin,fedogda_s,0,v4_stage_a_boundary_probe_sin_fedogda_s_seed0_alpha1_T500_R3_batch256_glr0p015_cm6_lam0p005_slr1p5,legacy_sample_weighted,
curve_fitting_tuning,results/curve_fitting_tuning/fedogda_s_sine_fast_v4/sin/fedogda_s/seed_0/v4_stage_a_boundary_probe_sin_fedogda_s_seed0_alpha1_T500_R3_batch256_glr0p015_cm8_lam0p005_slr1p5,sin,fedogda_s,0,v4_stage_a_boundary_probe_sin_fedogda_s_seed0_alpha1_T500_R3_batch256_glr0p015_cm8_lam0p005_slr1p5,legacy_sample_weighted,
curve_fitting_tuning,results/curve_fitting_tuning/fedogda_s_sine_fast_v4/sin/fedogda_s/seed_0/v4_stage_a_boundary_probe_sin_fedogda_s_seed0_alpha1_T500_R3_batch256_glr0p015_cm8_lam0p01_slr1p5,sin,fedogda_s,0,v4_stage_a_boundary_probe_sin_fedogda_s_seed0_alpha1_T500_R3_batch256_glr0p015_cm8_lam0p01_slr1p5,legacy_sample_weighted,
curve_fitting_tuning,results/curve_fitting_tuning/fedogda_s_sine_fast_v4/sin/fedogda_s/seed_0/v4_stage_a_boundary_probe_sin_fedogda_s_seed0_alpha1_T500_R3_batch256_glr0p0125_cm8_lam0p01_slr1p5,sin,fedogda_s,0,v4_stage_a_boundary_probe_sin_fedogda_s_seed0_alpha1_T500_R3_batch256_glr0p0125_cm8_lam0p01_slr1p5,legacy_sample_weighted,
curve_fitting_tuning,results/curve_fitting_tuning/fedogda_s_sine_fast_v4/sin/fedogda_s/seed_0/v4_stage_a_boundary_probe_sin_fedogda_s_seed0_alpha1_T500_R3_batch256_glr0p01_cm9_lam0p005_slr1p5,sin,fedogda_s,0,v4_stage_a_boundary_probe_sin_fedogda_s_seed0_alpha1_T500_R3_batch256_glr0p01_cm9_lam0p005_slr1p5,legacy_sample_weighted,
curve_fitting_tuning,results/curve_fitting_tuning/fedogda_s_sine_fast_v4/sin/fedogda_s/seed_0/v4_stage_a_boundary_probe_sin_fedogda_s_seed0_alpha1_T500_R3_batch256_glr0p01_cm7_lam0p01_slr1p5,sin,fedogda_s,0,v4_stage_a_boundary_probe_sin_fedogda_s_seed0_alpha1_T500_R3_batch256_glr0p01_cm7_lam0p01_slr1p5,legacy_sample_weighted,
curve_fitting_tuning,results/curve_fitting_tuning/fedogda_s_sine_fast_v4/sin/fedogda_s/seed_0/v4_stage_a_boundary_probe_sin_fedogda_s_seed0_alpha1_T500_R3_batch256_glr0p0125_cm5_lam0p01_slr1p5,sin,fedogda_s,0,v4_stage_a_boundary_probe_sin_fedogda_s_seed0_alpha1_T500_R3_batch256_glr0p0125_cm5_lam0p01_slr1p5,legacy_sample_weighted,
curve_fitting_tuning,results/curve_fitting_tuning/fedogda_s_sine_fast_v4/sin/fedogda_s/seed_0/v4_stage_a_boundary_probe_sin_fedogda_s_seed0_alpha1_T500_R3_batch256_glr0p0125_cm6_lam0p01_slr1p5,sin,fedogda_s,0,v4_stage_a_boundary_probe_sin_fedogda_s_seed0_alpha1_T500_R3_batch256_glr0p0125_cm6_lam0p01_slr1p5,legacy_sample_weighted,
curve_fitting_tuning,results/curve_fitting_tuning/fedogda_s_sine_fast_v4/sin/fedogda_s/seed_0/v4_stage_a_boundary_probe_sin_fedogda_s_seed0_alpha1_T500_R3_batch256_glr0p0125_cm5_lam0p005_slr1p5,sin,fedogda_s,0,v4_stage_a_boundary_probe_sin_fedogda_s_seed0_alpha1_T500_R3_batch256_glr0p0125_cm5_lam0p005_slr1p5,legacy_sample_weighted,
curve_fitting_tuning,results/curve_fitting_tuning/fedogda_s_sine_fast_v4/sin/fedogda_s/seed_0/v4_stage_a_boundary_probe_sin_fedogda_s_seed0_alpha1_T500_R3_batch256_glr0p0125_cm8_lam0p005_slr1p5,sin,fedogda_s,0,v4_stage_a_boundary_probe_sin_fedogda_s_seed0_alpha1_T500_R3_batch256_glr0p0125_cm8_lam0p005_slr1p5,legacy_sample_weighted,
curve_fitting_tuning,results/curve_fitting_tuning/fedogda_s_sine_fast_v4/sin/fedogda_s/seed_0/v4_stage_b_server_lr_probe_sin_fedogda_s_seed0_alpha1_T500_R3_batch256_glr0p01_cm7_lam0p005_slr1p75,sin,fedogda_s,0,v4_stage_b_server_lr_probe_sin_fedogda_s_seed0_alpha1_T500_R3_batch256_glr0p01_cm7_lam0p005_slr1p75,legacy_sample_weighted,
curve_fitting_tuning,results/curve_fitting_tuning/optimistic_curve_screen_v2/step/fedogda_s/seed_0/curvefit_step_fedogda_s_seed0_alpha0p5_T1500_R7_batch256_glr0p005_cm15_lam1_slr1p5,step,fedogda_s,0,curvefit_step_fedogda_s_seed0_alpha0p5_T1500_R7_batch256_glr0p005_cm15_lam1_slr1p5,legacy_sample_weighted,
curve_fitting_tuning,results/curve_fitting_tuning/optimistic_curve_screen_v2/step/fedogda_s/seed_0/curvefit_step_fedogda_s_seed0_alpha0p5_T1500_R7_batch256_glr0p005_cm15_lam0p3_slr1p5,step,fedogda_s,0,curvefit_step_fedogda_s_seed0_alpha0p5_T1500_R7_batch256_glr0p005_cm15_lam0p3_slr1p5,legacy_sample_weighted,
curve_fitting_tuning,results/curve_fitting_tuning/optimistic_curve_screen_v2/step/fedogda_s/seed_0/curvefit_step_fedogda_s_seed0_alpha0p5_T1500_R7_batch256_glr0p02_cm15_lam0p3_slr1p5,step,fedogda_s,0,curvefit_step_fedogda_s_seed0_alpha0p5_T1500_R7_batch256_glr0p02_cm15_lam0p3_slr1p5,legacy_sample_weighted,
curve_fitting_tuning,results/curve_fitting_tuning/optimistic_curve_screen_v2/step/fedogda_s/seed_0/curvefit_step_fedogda_s_seed0_alpha0p5_T1500_R7_batch256_glr0p005_cm15_lam0p1_slr1p5,step,fedogda_s,0,curvefit_step_fedogda_s_seed0_alpha0p5_T1500_R7_batch256_glr0p005_cm15_lam0p1_slr1p5,legacy_sample_weighted,
curve_fitting_tuning,results/curve_fitting_tuning/optimistic_curve_screen_v2/step/fedogda_s/seed_0/curvefit_step_fedogda_s_seed0_alpha0p5_T1500_R7_batch256_glr0p01_cm15_lam0p3_slr1p5,step,fedogda_s,0,curvefit_step_fedogda_s_seed0_alpha0p5_T1500_R7_batch256_glr0p01_cm15_lam0p3_slr1p5,legacy_sample_weighted,
curve_fitting_tuning,results/curve_fitting_tuning/optimistic_curve_screen_v2/sin/fedogda_s/seed_0/curvefit_sin_fedogda_s_seed0_alpha1p0_T500_R3_batch256_glr0p005_cm10_lam0p03_slr1p5,sin,fedogda_s,0,curvefit_sin_fedogda_s_seed0_alpha1p0_T500_R3_batch256_glr0p005_cm10_lam0p03_slr1p5,legacy_sample_weighted,
curve_fitting_tuning,results/curve_fitting_tuning/optimistic_curve_screen_v2/sin/fedogda_s/seed_0/curvefit_sin_fedogda_s_seed0_alpha1p0_T500_R3_batch256_glr0p002_cm15_lam0p03_slr1p5,sin,fedogda_s,0,curvefit_sin_fedogda_s_seed0_alpha1p0_T500_R3_batch256_glr0p002_cm15_lam0p03_slr1p5,legacy_sample_weighted,
curve_fitting_tuning,results/curve_fitting_tuning/optimistic_curve_screen_v2/sin/fedogda_s/seed_0/curvefit_sin_fedogda_s_seed0_alpha1p0_T500_R3_batch256_glr0p002_cm15_lam0p1_slr1p5,sin,fedogda_s,0,curvefit_sin_fedogda_s_seed0_alpha1p0_T500_R3_batch256_glr0p002_cm15_lam0p1_slr1p5,legacy_sample_weighted,
curve_fitting_tuning,results/curve_fitting_tuning/optimistic_curve_screen_v2/sin/fedogda_s/seed_0/curvefit_sin_fedogda_s_seed0_alpha1p0_T500_R3_batch256_glr0p01_cm10_lam0p03_slr1p5,sin,fedogda_s,0,curvefit_sin_fedogda_s_seed0_alpha1p0_T500_R3_batch256_glr0p01_cm10_lam0p03_slr1p5,legacy_sample_weighted,
curve_fitting_tuning,results/curve_fitting_tuning/optimistic_curve_screen_v2/sin/fedogda_s/seed_0/curvefit_sin_fedogda_s_seed0_alpha1p0_T500_R3_batch256_glr0p005_cm10_lam0p1_slr1p5,sin,fedogda_s,0,curvefit_sin_fedogda_s_seed0_alpha1p0_T500_R3_batch256_glr0p005_cm10_lam0p1_slr1p5,legacy_sample_weighted,
curve_fitting_tuning,results/curve_fitting_tuning/optimistic_curve_screen_v2/sin/fedogda_s/seed_0/curvefit_sin_fedogda_s_seed0_alpha1p0_T500_R3_batch256_glr0p01_cm15_lam0p03_slr1p5,sin,fedogda_s,0,curvefit_sin_fedogda_s_seed0_alpha1p0_T500_R3_batch256_glr0p01_cm15_lam0p03_slr1p5,legacy_sample_weighted,
curve_fitting_tuning,results/curve_fitting_tuning/optimistic_curve_screen_v2/sin/fedogda_s/seed_0/curvefit_sin_fedogda_s_seed0_alpha1p0_T500_R3_batch256_glr0p01_cm10_lam0p1_slr1p5,sin,fedogda_s,0,curvefit_sin_fedogda_s_seed0_alpha1p0_T500_R3_batch256_glr0p01_cm10_lam0p1_slr1p5,legacy_sample_weighted,
curve_fitting_tuning,results/curve_fitting_tuning/optimistic_curve_screen_v2/sin/fedogda_s/seed_0/curvefit_sin_fedogda_s_seed0_alpha1p0_T500_R3_batch256_glr0p005_cm15_lam0p03_slr1p5,sin,fedogda_s,0,curvefit_sin_fedogda_s_seed0_alpha1p0_T500_R3_batch256_glr0p005_cm15_lam0p03_slr1p5,legacy_sample_weighted,
curve_fitting_tuning,results/curve_fitting_tuning/optimistic_curve_screen_v2/sin/fedogda_s/seed_0/curvefit_sin_fedogda_s_seed0_alpha1p0_T500_R3_batch256_glr0p002_cm10_lam0p03_slr1p5,sin,fedogda_s,0,curvefit_sin_fedogda_s_seed0_alpha1p0_T500_R3_batch256_glr0p002_cm10_lam0p03_slr1p5,legacy_sample_weighted,
curve_fitting_tuning,results/curve_fitting_tuning/optimistic_curve_screen_v2/sin/fedogda_s/seed_0/curvefit_sin_fedogda_s_seed0_alpha1p0_T500_R3_batch256_glr0p002_cm10_lam0p1_slr1p5,sin,fedogda_s,0,curvefit_sin_fedogda_s_seed0_alpha1p0_T500_R3_batch256_glr0p002_cm10_lam0p1_slr1p5,legacy_sample_weighted,
curve_fitting_tuning,results/curve_fitting_tuning/optimistic_curve_screen_v2/sin/fedogda_s/seed_0/curvefit_sin_fedogda_s_seed0_alpha1p0_T500_R3_batch256_glr0p01_cm15_lam0p1_slr1p5,sin,fedogda_s,0,curvefit_sin_fedogda_s_seed0_alpha1p0_T500_R3_batch256_glr0p01_cm15_lam0p1_slr1p5,legacy_sample_weighted,
curve_fitting_tuning,results/curve_fitting_tuning/optimistic_curve_screen_v2/sin/fedogda_s/seed_0/curvefit_sin_fedogda_s_seed0_alpha1p0_T500_R3_batch256_glr0p005_cm15_lam0p1_slr1p5,sin,fedogda_s,0,curvefit_sin_fedogda_s_seed0_alpha1p0_T500_R3_batch256_glr0p005_cm15_lam0p1_slr1p5,legacy_sample_weighted,
curve_fitting_tuning,results/curve_fitting_tuning/optimistic_curve_screen_v1/sin/fedogda_s/seed_0/curvefit_sin_fedogda_s_seed0_alpha1p0_T500_R3_batch256_glr0p002_wd0p001_cm15_slr1p5,sin,fedogda_s,0,curvefit_sin_fedogda_s_seed0_alpha1p0_T500_R3_batch256_glr0p002_wd0p001_cm15_slr1p5,legacy_sample_weighted,
curve_fitting_tuning,results/curve_fitting_tuning/optimistic_curve_screen_v1/sin/fedogda_s/seed_0/curvefit_sin_fedogda_s_seed0_alpha1p0_T500_R3_batch256_glr0p001_wd0p001_cm15_slr1p5,sin,fedogda_s,0,curvefit_sin_fedogda_s_seed0_alpha1p0_T500_R3_batch256_glr0p001_wd0p001_cm15_slr1p5,legacy_sample_weighted,
curve_fitting_tuning,results/curve_fitting_tuning/optimistic_curve_screen_v1/sin/fedogda_s/seed_0/curvefit_sin_fedogda_s_seed0_alpha1p0_T500_R3_batch256_glr0p001_wd0p01_cm15_slr1p5,sin,fedogda_s,0,curvefit_sin_fedogda_s_seed0_alpha1p0_T500_R3_batch256_glr0p001_wd0p01_cm15_slr1p5,legacy_sample_weighted,
curve_fitting_tuning,results/curve_fitting_tuning/step_geetika_repro_v1/step/fedogda_s/seed_0/curvefit_step_geetika_repro_fedogda_s_seed0_alpha0p5_T1500_R7_batch256_glr0p01_wd0p02_cm15_slr1p5,step,fedogda_s,0,curvefit_step_geetika_repro_fedogda_s_seed0_alpha0p5_T1500_R7_batch256_glr0p01_wd0p02_cm15_slr1p5,legacy_sample_weighted,
curve_fitting_tuning,results/curve_fitting_tuning/step_geetika_repro_v1/step/fedogda_d/seed_0/curvefit_step_geetika_repro_fedogda_d_partialfb_seed0_alpha0p5_T1500_R7_batch0_glr0p01_wd0p02_cm15_slr1p5,step,fedogda_d,0,curvefit_step_geetika_repro_fedogda_d_partialfb_seed0_alpha0p5_T1500_R7_batch0_glr0p01_wd0p02_cm15_slr1p5,legacy_sample_weighted,
curve_fitting_tuning,results/curve_fitting_tuning/step_geetika_repro_v1/step/fedgda_d/seed_0/curvefit_step_geetika_repro_fedgda_d_partialfb_seed0_alpha0p5_T1500_R7_batch0_glr0p03_wd0p02_cm15_slr1p5,step,fedgda_d,0,curvefit_step_geetika_repro_fedgda_d_partialfb_seed0_alpha0p5_T1500_R7_batch0_glr0p03_wd0p02_cm15_slr1p5,legacy_sample_weighted,
curve_fitting_tuning,results/curve_fitting_tuning/step_geetika_repro_v1/step/fedgda_s/seed_0/curvefit_step_geetika_repro_fedgda_s_seed0_alpha0p5_T1500_R7_batch256_glr0p03_wd0p02_cm15_slr1p5,step,fedgda_s,0,curvefit_step_geetika_repro_fedgda_s_seed0_alpha0p5_T1500_R7_batch256_glr0p03_wd0p02_cm15_slr1p5,legacy_sample_weighted,
curve_fitting_tuning,results/curve_fitting_tuning/step_fedogda_d_mini_v1/step/fedogda_d/seed_0/curvefit_step_fedogda_d_seed0_alpha0p1_T200_R3_cm15_slr1p5_glr0p005,step,fedogda_d,0,curvefit_step_fedogda_d_seed0_alpha0p1_T200_R3_cm15_slr1p5_glr0p005,legacy_sample_weighted,
curve_fitting_tuning,results/curve_fitting_tuning/step_fedogda_d_mini_v1/step/fedogda_d/seed_0/curvefit_step_fedogda_d_seed0_alpha0p1_T200_R3_cm15_slr1p5_glr0p002,step,fedogda_d,0,curvefit_step_fedogda_d_seed0_alpha0p1_T200_R3_cm15_slr1p5_glr0p002,legacy_sample_weighted,
curve_fitting_tuning,results/curve_fitting_tuning/fedogda_s_step_fast_v5/step/fedogda_s/seed_1/v5_stage_b_confirm_step_fedogda_s_seed1_alpha0p5_T1500_R7_batch256_glr0p005_cm15_lam0p1_slr1p5,step,fedogda_s,1,v5_stage_b_confirm_step_fedogda_s_seed1_alpha0p5_T1500_R7_batch256_glr0p005_cm15_lam0p1_slr1p5,legacy_sample_weighted,
curve_fitting_tuning,results/curve_fitting_tuning/fedogda_s_step_fast_v5/step/fedogda_s/seed_1/v5_stage_b_confirm_step_fedogda_s_seed1_alpha0p5_T1500_R7_batch256_glr0p0075_cm20_lam0p05_slr1,step,fedogda_s,1,v5_stage_b_confirm_step_fedogda_s_seed1_alpha0p5_T1500_R7_batch256_glr0p0075_cm20_lam0p05_slr1,legacy_sample_weighted,
curve_fitting_tuning,results/curve_fitting_tuning/fedogda_s_step_fast_v5/step/fedogda_s/seed_2/v5_stage_b_confirm_step_fedogda_s_seed2_alpha0p5_T1500_R7_batch256_glr0p005_cm15_lam0p1_slr1p5,step,fedogda_s,2,v5_stage_b_confirm_step_fedogda_s_seed2_alpha0p5_T1500_R7_batch256_glr0p005_cm15_lam0p1_slr1p5,legacy_sample_weighted,
curve_fitting_tuning,results/curve_fitting_tuning/fedogda_s_step_fast_v5/step/fedogda_s/seed_2/v5_stage_b_confirm_step_fedogda_s_seed2_alpha0p5_T1500_R7_batch256_glr0p0075_cm20_lam0p05_slr1,step,fedogda_s,2,v5_stage_b_confirm_step_fedogda_s_seed2_alpha0p5_T1500_R7_batch256_glr0p0075_cm20_lam0p05_slr1,legacy_sample_weighted,
curve_fitting_tuning,results/curve_fitting_tuning/fedogda_s_step_fast_v5/step/fedogda_s/seed_0/v5_stage_a_full_budget_probe_step_fedogda_s_seed0_alpha0p5_T1500_R7_batch256_glr0p005_cm15_lam0p1_slr1p5,step,fedogda_s,0,v5_stage_a_full_budget_probe_step_fedogda_s_seed0_alpha0p5_T1500_R7_batch256_glr0p005_cm15_lam0p1_slr1p5,legacy_sample_weighted,
curve_fitting_tuning,results/curve_fitting_tuning/fedogda_s_step_fast_v5/step/fedogda_s/seed_0/v5_stage_a_full_budget_probe_step_fedogda_s_seed0_alpha0p5_T1500_R7_batch256_glr0p005_cm15_lam0p075_slr1p5,step,fedogda_s,0,v5_stage_a_full_budget_probe_step_fedogda_s_seed0_alpha0p5_T1500_R7_batch256_glr0p005_cm15_lam0p075_slr1p5,legacy_sample_weighted,
curve_fitting_tuning,results/curve_fitting_tuning/fedogda_s_step_fast_v5/step/fedogda_s/seed_0/v5_stage_a_full_budget_probe_step_fedogda_s_seed0_alpha0p5_T1500_R7_batch256_glr0p005_cm18_lam0p1_slr1p5,step,fedogda_s,0,v5_stage_a_full_budget_probe_step_fedogda_s_seed0_alpha0p5_T1500_R7_batch256_glr0p005_cm18_lam0p1_slr1p5,legacy_sample_weighted,
curve_fitting_tuning,results/curve_fitting_tuning/fedogda_s_step_fast_v5/step/fedogda_s/seed_0/v5_stage_a_full_budget_probe_step_fedogda_s_seed0_alpha0p5_T1500_R7_batch256_glr0p005_cm15_lam0p05_slr1p5,step,fedogda_s,0,v5_stage_a_full_budget_probe_step_fedogda_s_seed0_alpha0p5_T1500_R7_batch256_glr0p005_cm15_lam0p05_slr1p5,legacy_sample_weighted,
curve_fitting_tuning,results/curve_fitting_tuning/fedogda_s_step_fast_v5/step/fedogda_s/seed_0/v5_stage_a_full_budget_probe_step_fedogda_s_seed0_alpha0p5_T1500_R7_batch256_glr0p005_cm15_lam0p15_slr1p5,step,fedogda_s,0,v5_stage_a_full_budget_probe_step_fedogda_s_seed0_alpha0p5_T1500_R7_batch256_glr0p005_cm15_lam0p15_slr1p5,legacy_sample_weighted,
curve_fitting_tuning,results/curve_fitting_tuning/fedogda_s_step_fast_v5/step/fedogda_s/seed_0/v5_stage_a_full_budget_probe_step_fedogda_s_seed0_alpha0p5_T1500_R7_batch256_glr0p005_cm15_lam0p125_slr1p5,step,fedogda_s,0,v5_stage_a_full_budget_probe_step_fedogda_s_seed0_alpha0p5_T1500_R7_batch256_glr0p005_cm15_lam0p125_slr1p5,legacy_sample_weighted,
curve_fitting_tuning,results/curve_fitting_tuning/fedogda_s_step_fast_v5/step/fedogda_s/seed_0/v5_stage_a_full_budget_probe_step_fedogda_s_seed0_alpha0p5_T1500_R7_batch256_glr0p0075_cm20_lam0p05_slr1,step,fedogda_s,0,v5_stage_a_full_budget_probe_step_fedogda_s_seed0_alpha0p5_T1500_R7_batch256_glr0p0075_cm20_lam0p05_slr1,legacy_sample_weighted,
curve_fitting_tuning,results/curve_fitting_tuning/fedogda_s_step_fast_v5/step/fedogda_s/seed_0/v5_stage_a_full_budget_probe_step_fedogda_s_seed0_alpha0p5_T1500_R7_batch256_glr0p004_cm15_lam0p1_slr1p5,step,fedogda_s,0,v5_stage_a_full_budget_probe_step_fedogda_s_seed0_alpha0p5_T1500_R7_batch256_glr0p004_cm15_lam0p1_slr1p5,legacy_sample_weighted,
curve_fitting_tuning,results/curve_fitting_tuning/fedogda_s_step_fast_v5/step/fedogda_s/seed_0/v5_stage_a_full_budget_probe_step_fedogda_s_seed0_alpha0p5_T1500_R7_batch256_glr0p005_cm15_lam0p1_slr1p75,step,fedogda_s,0,v5_stage_a_full_budget_probe_step_fedogda_s_seed0_alpha0p5_T1500_R7_batch256_glr0p005_cm15_lam0p1_slr1p75,legacy_sample_weighted,
curve_fitting_tuning,results/curve_fitting_tuning/fedogda_s_step_fast_v5/step/fedogda_s/seed_0/v5_stage_a_full_budget_probe_step_fedogda_s_seed0_alpha0p5_T1500_R7_batch256_glr0p006_cm15_lam0p1_slr1p5,step,fedogda_s,0,v5_stage_a_full_budget_probe_step_fedogda_s_seed0_alpha0p5_T1500_R7_batch256_glr0p006_cm15_lam0p1_slr1p5,legacy_sample_weighted,
curve_fitting_tuning,results/curve_fitting_tuning/fedogda_s_step_fast_v5/step/fedogda_s/seed_0/v5_stage_a_full_budget_probe_step_fedogda_s_seed0_alpha0p5_T1500_R7_batch256_glr0p005_cm15_lam0p1_slr1p25,step,fedogda_s,0,v5_stage_a_full_budget_probe_step_fedogda_s_seed0_alpha0p5_T1500_R7_batch256_glr0p005_cm15_lam0p1_slr1p25,legacy_sample_weighted,
curve_fitting_tuning,results/curve_fitting_tuning/fedogda_s_step_fast_v5/step/fedogda_s/seed_0/v5_stage_a_full_budget_probe_step_fedogda_s_seed0_alpha0p5_T1500_R7_batch256_glr0p0075_cm15_lam0p1_slr1p5,step,fedogda_s,0,v5_stage_a_full_budget_probe_step_fedogda_s_seed0_alpha0p5_T1500_R7_batch256_glr0p0075_cm15_lam0p1_slr1p5,legacy_sample_weighted,
curve_fitting_tuning,results/curve_fitting_tuning/fedogda_s_step_fast_v5/step/fedogda_s/seed_0/v5_stage_a_full_budget_probe_step_fedogda_s_seed0_alpha0p5_T1500_R7_batch256_glr0p005_cm15_lam0p1_slr1,step,fedogda_s,0,v5_stage_a_full_budget_probe_step_fedogda_s_seed0_alpha0p5_T1500_R7_batch256_glr0p005_cm15_lam0p1_slr1,legacy_sample_weighted,
rerun_protocol_v1_real_images_abs_alpha1,results/rerun_protocol_v1_real_images_abs_alpha1/cifar10_x/fedogda_s/seed_1/highdim_abs_cifar10_x_fedogda_s_seed1_alpha1,cifar10_x,fedogda_s,1,highdim_abs_cifar10_x_fedogda_s_seed1_alpha1,legacy_sample_weighted,
rerun_protocol_v1_real_images_abs_alpha1,results/rerun_protocol_v1_real_images_abs_alpha1/cifar10_x/fedogda_s/seed_4/highdim_abs_cifar10_x_fedogda_s_seed4_alpha1,cifar10_x,fedogda_s,4,highdim_abs_cifar10_x_fedogda_s_seed4_alpha1,legacy_sample_weighted,
rerun_protocol_v1_real_images_abs_alpha1,results/rerun_protocol_v1_real_images_abs_alpha1/cifar10_x/fedogda_s/seed_2/highdim_abs_cifar10_x_fedogda_s_seed2_alpha1,cifar10_x,fedogda_s,2,highdim_abs_cifar10_x_fedogda_s_seed2_alpha1,legacy_sample_weighted,
rerun_protocol_v1_real_images_abs_alpha1,results/rerun_protocol_v1_real_images_abs_alpha1/cifar10_x/fedogda_s/seed_3/highdim_abs_cifar10_x_fedogda_s_seed3_alpha1,cifar10_x,fedogda_s,3,highdim_abs_cifar10_x_fedogda_s_seed3_alpha1,legacy_sample_weighted,
rerun_protocol_v1_real_images_abs_alpha1,results/rerun_protocol_v1_real_images_abs_alpha1/cifar10_x/fedogda_s/seed_0/highdim_abs_cifar10_x_fedogda_s_seed0_alpha1,cifar10_x,fedogda_s,0,highdim_abs_cifar10_x_fedogda_s_seed0_alpha1,legacy_sample_weighted,
rerun_protocol_v1_real_images_abs_alpha1,results/rerun_protocol_v1_real_images_abs_alpha1/cifar10_x/fedgda_s/seed_1/highdim_abs_cifar10_x_fedgda_s_seed1_alpha1,cifar10_x,fedgda_s,1,highdim_abs_cifar10_x_fedgda_s_seed1_alpha1,legacy_sample_weighted,
rerun_protocol_v1_real_images_abs_alpha1,results/rerun_protocol_v1_real_images_abs_alpha1/cifar10_x/fedgda_s/seed_4/highdim_abs_cifar10_x_fedgda_s_seed4_alpha1,cifar10_x,fedgda_s,4,highdim_abs_cifar10_x_fedgda_s_seed4_alpha1,legacy_sample_weighted,
rerun_protocol_v1_real_images_abs_alpha1,results/rerun_protocol_v1_real_images_abs_alpha1/cifar10_x/fedgda_s/seed_2/highdim_abs_cifar10_x_fedgda_s_seed2_alpha1,cifar10_x,fedgda_s,2,highdim_abs_cifar10_x_fedgda_s_seed2_alpha1,legacy_sample_weighted,
rerun_protocol_v1_real_images_abs_alpha1,results/rerun_protocol_v1_real_images_abs_alpha1/cifar10_x/fedgda_s/seed_3/highdim_abs_cifar10_x_fedgda_s_seed3_alpha1,cifar10_x,fedgda_s,3,highdim_abs_cifar10_x_fedgda_s_seed3_alpha1,legacy_sample_weighted,
rerun_protocol_v1_real_images_abs_alpha1,results/rerun_protocol_v1_real_images_abs_alpha1/cifar10_x/fedgda_s/seed_0/highdim_abs_cifar10_x_fedgda_s_seed0_alpha1,cifar10_x,fedgda_s,0,highdim_abs_cifar10_x_fedgda_s_seed0_alpha1,legacy_sample_weighted,
rerun_protocol_v1_real_images_abs_alpha1,results/rerun_protocol_v1_real_images_abs_alpha1/cifar10_xz/fedgda_s/seed_0/highdim_abs_cifar10_xz_fedgda_s_seed0_alpha1,cifar10_xz,fedgda_s,0,highdim_abs_cifar10_xz_fedgda_s_seed0_alpha1,legacy_sample_weighted,
_smoke,results/_smoke/real_image_abs/cifar10_x_fedgda_s/cifar10_x/fedgda_s/seed_0/tune_cifar10_x_fedgda_s_seed0_lr0p003_wd0p05,cifar10_x,fedgda_s,0,tune_cifar10_x_fedgda_s_seed0_lr0p003_wd0p05,legacy_sample_weighted,
_smoke,results/_smoke/real_image_abs/cifar10_x_fedogda_s/cifar10_x/fedogda_s/seed_0/tune_cifar10_x_fedogda_s_seed0_lr0p003_wd0p05,cifar10_x,fedogda_s,0,tune_cifar10_x_fedogda_s_seed0_lr0p003_wd0p05,legacy_sample_weighted,
_smoke,results/_smoke/real_image_abs/femnist_x_fedogda_s/femnist_x/fedogda_s/seed_0/tune_femnist_x_fedogda_s_seed0_lr0p003_wd0p05,femnist_x,fedogda_s,0,tune_femnist_x_fedogda_s_seed0_lr0p003_wd0p05,legacy_sample_weighted,
_smoke,results/_smoke/real_image_abs/femnist_x_fedgda_s/femnist_x/fedgda_s/seed_0/tune_femnist_x_fedgda_s_seed0_lr0p003_wd0p05,femnist_x,fedgda_s,0,tune_femnist_x_fedgda_s_seed0_lr0p003_wd0p05,legacy_sample_weighted,
rerun_protocol_v1_real_images_abs_alpha0p5,results/rerun_protocol_v1_real_images_abs_alpha0p5/cifar10_z/fedogda_s/seed_1/highdim_abs_cifar10_z_fedogda_s_seed1_alpha0p5,cifar10_z,fedogda_s,1,highdim_abs_cifar10_z_fedogda_s_seed1_alpha0p5,legacy_sample_weighted,
rerun_protocol_v1_real_images_abs_alpha0p5,results/rerun_protocol_v1_real_images_abs_alpha0p5/cifar10_z/fedogda_s/seed_4/highdim_abs_cifar10_z_fedogda_s_seed4_alpha0p5,cifar10_z,fedogda_s,4,highdim_abs_cifar10_z_fedogda_s_seed4_alpha0p5,legacy_sample_weighted,
rerun_protocol_v1_real_images_abs_alpha0p5,results/rerun_protocol_v1_real_images_abs_alpha0p5/cifar10_z/fedogda_s/seed_2/highdim_abs_cifar10_z_fedogda_s_seed2_alpha0p5,cifar10_z,fedogda_s,2,highdim_abs_cifar10_z_fedogda_s_seed2_alpha0p5,legacy_sample_weighted,
rerun_protocol_v1_real_images_abs_alpha0p5,results/rerun_protocol_v1_real_images_abs_alpha0p5/cifar10_z/fedogda_s/seed_3/highdim_abs_cifar10_z_fedogda_s_seed3_alpha0p5,cifar10_z,fedogda_s,3,highdim_abs_cifar10_z_fedogda_s_seed3_alpha0p5,legacy_sample_weighted,
rerun_protocol_v1_real_images_abs_alpha0p5,results/rerun_protocol_v1_real_images_abs_alpha0p5/cifar10_z/fedogda_s/seed_0/highdim_abs_cifar10_z_fedogda_s_seed0_alpha0p5,cifar10_z,fedogda_s,0,highdim_abs_cifar10_z_fedogda_s_seed0_alpha0p5,legacy_sample_weighted,
rerun_protocol_v1_real_images_abs_alpha0p5,results/rerun_protocol_v1_real_images_abs_alpha0p5/cifar10_z/fedgda_s/seed_1/highdim_abs_cifar10_z_fedgda_s_seed1_alpha0p5,cifar10_z,fedgda_s,1,highdim_abs_cifar10_z_fedgda_s_seed1_alpha0p5,legacy_sample_weighted,
rerun_protocol_v1_real_images_abs_alpha0p5,results/rerun_protocol_v1_real_images_abs_alpha0p5/cifar10_z/fedgda_s/seed_4/highdim_abs_cifar10_z_fedgda_s_seed4_alpha0p5,cifar10_z,fedgda_s,4,highdim_abs_cifar10_z_fedgda_s_seed4_alpha0p5,legacy_sample_weighted,
rerun_protocol_v1_real_images_abs_alpha0p5,results/rerun_protocol_v1_real_images_abs_alpha0p5/cifar10_z/fedgda_s/seed_2/highdim_abs_cifar10_z_fedgda_s_seed2_alpha0p5,cifar10_z,fedgda_s,2,highdim_abs_cifar10_z_fedgda_s_seed2_alpha0p5,legacy_sample_weighted,
rerun_protocol_v1_real_images_abs_alpha0p5,results/rerun_protocol_v1_real_images_abs_alpha0p5/cifar10_z/fedgda_s/seed_3/highdim_abs_cifar10_z_fedgda_s_seed3_alpha0p5,cifar10_z,fedgda_s,3,highdim_abs_cifar10_z_fedgda_s_seed3_alpha0p5,legacy_sample_weighted,
rerun_protocol_v1_real_images_abs_alpha0p5,results/rerun_protocol_v1_real_images_abs_alpha0p5/cifar10_z/fedgda_s/seed_0/highdim_abs_cifar10_z_fedgda_s_seed0_alpha0p5,cifar10_z,fedgda_s,0,highdim_abs_cifar10_z_fedgda_s_seed0_alpha0p5,legacy_sample_weighted,
rerun_protocol_v1_real_images_abs_alpha0p5,results/rerun_protocol_v1_real_images_abs_alpha0p5/cifar10_x/fedogda_s/seed_1/highdim_abs_cifar10_x_fedogda_s_seed1_alpha0p5,cifar10_x,fedogda_s,1,highdim_abs_cifar10_x_fedogda_s_seed1_alpha0p5,legacy_sample_weighted,
rerun_protocol_v1_real_images_abs_alpha0p5,results/rerun_protocol_v1_real_images_abs_alpha0p5/cifar10_x/fedogda_s/seed_4/highdim_abs_cifar10_x_fedogda_s_seed4_alpha0p5,cifar10_x,fedogda_s,4,highdim_abs_cifar10_x_fedogda_s_seed4_alpha0p5,legacy_sample_weighted,
rerun_protocol_v1_real_images_abs_alpha0p5,results/rerun_protocol_v1_real_images_abs_alpha0p5/cifar10_x/fedogda_s/seed_2/highdim_abs_cifar10_x_fedogda_s_seed2_alpha0p5,cifar10_x,fedogda_s,2,highdim_abs_cifar10_x_fedogda_s_seed2_alpha0p5,legacy_sample_weighted,
rerun_protocol_v1_real_images_abs_alpha0p5,results/rerun_protocol_v1_real_images_abs_alpha0p5/cifar10_x/fedogda_s/seed_3/highdim_abs_cifar10_x_fedogda_s_seed3_alpha0p5,cifar10_x,fedogda_s,3,highdim_abs_cifar10_x_fedogda_s_seed3_alpha0p5,legacy_sample_weighted,
rerun_protocol_v1_real_images_abs_alpha0p5,results/rerun_protocol_v1_real_images_abs_alpha0p5/cifar10_x/fedogda_s/seed_0/highdim_abs_cifar10_x_fedogda_s_seed0_alpha0p5,cifar10_x,fedogda_s,0,highdim_abs_cifar10_x_fedogda_s_seed0_alpha0p5,legacy_sample_weighted,
rerun_protocol_v1_real_images_abs_alpha0p5,results/rerun_protocol_v1_real_images_abs_alpha0p5/cifar10_x/fedgda_s/seed_1/highdim_abs_cifar10_x_fedgda_s_seed1_alpha0p5,cifar10_x,fedgda_s,1,highdim_abs_cifar10_x_fedgda_s_seed1_alpha0p5,legacy_sample_weighted,
rerun_protocol_v1_real_images_abs_alpha0p5,results/rerun_protocol_v1_real_images_abs_alpha0p5/cifar10_x/fedgda_s/seed_4/highdim_abs_cifar10_x_fedgda_s_seed4_alpha0p5,cifar10_x,fedgda_s,4,highdim_abs_cifar10_x_fedgda_s_seed4_alpha0p5,legacy_sample_weighted,
rerun_protocol_v1_real_images_abs_alpha0p5,results/rerun_protocol_v1_real_images_abs_alpha0p5/cifar10_x/fedgda_s/seed_2/highdim_abs_cifar10_x_fedgda_s_seed2_alpha0p5,cifar10_x,fedgda_s,2,highdim_abs_cifar10_x_fedgda_s_seed2_alpha0p5,legacy_sample_weighted,
rerun_protocol_v1_real_images_abs_alpha0p5,results/rerun_protocol_v1_real_images_abs_alpha0p5/cifar10_x/fedgda_s/seed_3/highdim_abs_cifar10_x_fedgda_s_seed3_alpha0p5,cifar10_x,fedgda_s,3,highdim_abs_cifar10_x_fedgda_s_seed3_alpha0p5,legacy_sample_weighted,
rerun_protocol_v1_real_images_abs_alpha0p5,results/rerun_protocol_v1_real_images_abs_alpha0p5/cifar10_x/fedgda_s/seed_0/highdim_abs_cifar10_x_fedgda_s_seed0_alpha0p5,cifar10_x,fedgda_s,0,highdim_abs_cifar10_x_fedgda_s_seed0_alpha0p5,legacy_sample_weighted,
rerun_protocol_v1_real_images_abs_alpha0p5,results/rerun_protocol_v1_real_images_abs_alpha0p5/cifar10_xz/fedogda_s/seed_1/highdim_abs_cifar10_xz_fedogda_s_seed1_alpha0p5,cifar10_xz,fedogda_s,1,highdim_abs_cifar10_xz_fedogda_s_seed1_alpha0p5,legacy_sample_weighted,
rerun_protocol_v1_real_images_abs_alpha0p5,results/rerun_protocol_v1_real_images_abs_alpha0p5/cifar10_xz/fedogda_s/seed_4/highdim_abs_cifar10_xz_fedogda_s_seed4_alpha0p5,cifar10_xz,fedogda_s,4,highdim_abs_cifar10_xz_fedogda_s_seed4_alpha0p5,legacy_sample_weighted,
rerun_protocol_v1_real_images_abs_alpha0p5,results/rerun_protocol_v1_real_images_abs_alpha0p5/cifar10_xz/fedogda_s/seed_2/highdim_abs_cifar10_xz_fedogda_s_seed2_alpha0p5,cifar10_xz,fedogda_s,2,highdim_abs_cifar10_xz_fedogda_s_seed2_alpha0p5,legacy_sample_weighted,
rerun_protocol_v1_real_images_abs_alpha0p5,results/rerun_protocol_v1_real_images_abs_alpha0p5/cifar10_xz/fedogda_s/seed_3/highdim_abs_cifar10_xz_fedogda_s_seed3_alpha0p5,cifar10_xz,fedogda_s,3,highdim_abs_cifar10_xz_fedogda_s_seed3_alpha0p5,legacy_sample_weighted,
rerun_protocol_v1_real_images_abs_alpha0p5,results/rerun_protocol_v1_real_images_abs_alpha0p5/cifar10_xz/fedogda_s/seed_0/highdim_abs_cifar10_xz_fedogda_s_seed0_alpha0p5,cifar10_xz,fedogda_s,0,highdim_abs_cifar10_xz_fedogda_s_seed0_alpha0p5,legacy_sample_weighted,
rerun_protocol_v1_real_images_abs_alpha0p5,results/rerun_protocol_v1_real_images_abs_alpha0p5/cifar10_xz/fedgda_s/seed_1/highdim_abs_cifar10_xz_fedgda_s_seed1_alpha0p5,cifar10_xz,fedgda_s,1,highdim_abs_cifar10_xz_fedgda_s_seed1_alpha0p5,legacy_sample_weighted,
rerun_protocol_v1_real_images_abs_alpha0p5,results/rerun_protocol_v1_real_images_abs_alpha0p5/cifar10_xz/fedgda_s/seed_4/highdim_abs_cifar10_xz_fedgda_s_seed4_alpha0p5,cifar10_xz,fedgda_s,4,highdim_abs_cifar10_xz_fedgda_s_seed4_alpha0p5,legacy_sample_weighted,
rerun_protocol_v1_real_images_abs_alpha0p5,results/rerun_protocol_v1_real_images_abs_alpha0p5/cifar10_xz/fedgda_s/seed_2/highdim_abs_cifar10_xz_fedgda_s_seed2_alpha0p5,cifar10_xz,fedgda_s,2,highdim_abs_cifar10_xz_fedgda_s_seed2_alpha0p5,legacy_sample_weighted,
rerun_protocol_v1_real_images_abs_alpha0p5,results/rerun_protocol_v1_real_images_abs_alpha0p5/cifar10_xz/fedgda_s/seed_3/highdim_abs_cifar10_xz_fedgda_s_seed3_alpha0p5,cifar10_xz,fedgda_s,3,highdim_abs_cifar10_xz_fedgda_s_seed3_alpha0p5,legacy_sample_weighted,
rerun_protocol_v1_real_images_abs_alpha0p5,results/rerun_protocol_v1_real_images_abs_alpha0p5/cifar10_xz/fedgda_s/seed_0/highdim_abs_cifar10_xz_fedgda_s_seed0_alpha0p5,cifar10_xz,fedgda_s,0,highdim_abs_cifar10_xz_fedgda_s_seed0_alpha0p5,legacy_sample_weighted,
rerun_protocol_v1_real_images_abs_alpha0p5,results/rerun_protocol_v1_real_images_abs_alpha0p5/femnist_x/fedgda_s/seed_1/highdim_abs_femnist_x_fedgda_s_seed1_alpha0p5,femnist_x,fedgda_s,1,highdim_abs_femnist_x_fedgda_s_seed1_alpha0p5,legacy_sample_weighted,
rerun_protocol_v1_real_images_abs_alpha0p5,results/rerun_protocol_v1_real_images_abs_alpha0p5/femnist_x/fedgda_s/seed_4/highdim_abs_femnist_x_fedgda_s_seed4_alpha0p5,femnist_x,fedgda_s,4,highdim_abs_femnist_x_fedgda_s_seed4_alpha0p5,legacy_sample_weighted,
rerun_protocol_v1_real_images_abs_alpha0p5,results/rerun_protocol_v1_real_images_abs_alpha0p5/femnist_x/fedgda_s/seed_2/highdim_abs_femnist_x_fedgda_s_seed2_alpha0p5,femnist_x,fedgda_s,2,highdim_abs_femnist_x_fedgda_s_seed2_alpha0p5,legacy_sample_weighted,
rerun_protocol_v1_real_images_abs_alpha0p5,results/rerun_protocol_v1_real_images_abs_alpha0p5/femnist_x/fedgda_s/seed_3/highdim_abs_femnist_x_fedgda_s_seed3_alpha0p5,femnist_x,fedgda_s,3,highdim_abs_femnist_x_fedgda_s_seed3_alpha0p5,legacy_sample_weighted,
rerun_protocol_v1_real_images_abs_alpha0p5,results/rerun_protocol_v1_real_images_abs_alpha0p5/femnist_x/fedgda_s/seed_0/highdim_abs_femnist_x_fedgda_s_seed0_alpha0p5,femnist_x,fedgda_s,0,highdim_abs_femnist_x_fedgda_s_seed0_alpha0p5,legacy_sample_weighted,
centralized_lowdim_v1_smoke_tiny,results/centralized_lowdim_v1_smoke_tiny/abs/gda/seed_0,abs,gda,0,centralized_abs_gda_seed0,legacy_sample_weighted,
centralized_lowdim_v1_smoke_tiny,results/centralized_lowdim_v1_smoke_tiny/abs/oadam/seed_0,abs,oadam,0,centralized_abs_oadam_seed0,legacy_sample_weighted,
centralized_lowdim_v1_smoke_tiny,results/centralized_lowdim_v1_smoke_tiny/abs/sgda/seed_0,abs,sgda,0,centralized_abs_sgda_seed0,legacy_sample_weighted,
sine_fedogda_tuning,results/sine_fedogda_tuning/stage_A1_mini_deterministic/sin/fedogda_d/seed_0/stage_A1_mini_sin_fedogda_d_seed0_alpha1p0_R3_cm15_slr1p5_glr0p001,sin,fedogda_d,0,stage_A1_mini_sin_fedogda_d_seed0_alpha1p0_R3_cm15_slr1p5_glr0p001,legacy_sample_weighted,
sine_fedogda_tuning,results/sine_fedogda_tuning/stage_A1_mini_deterministic/sin/fedogda_d/seed_0/stage_A1_mini_sin_fedogda_d_seed0_alpha1p0_R2_cm10_slr1p5_glr0p0005,sin,fedogda_d,0,stage_A1_mini_sin_fedogda_d_seed0_alpha1p0_R2_cm10_slr1p5_glr0p0005,legacy_sample_weighted,
sine_fedogda_tuning,results/sine_fedogda_tuning/stage_A1_mini_deterministic/sin/fedogda_d/seed_0/stage_A1_mini_sin_fedogda_d_seed0_alpha1p0_R3_cm10_slr1p5_glr0p001,sin,fedogda_d,0,stage_A1_mini_sin_fedogda_d_seed0_alpha1p0_R3_cm10_slr1p5_glr0p001,legacy_sample_weighted,
sine_fedogda_tuning,results/sine_fedogda_tuning/stage_A1_mini_deterministic/sin/fedogda_d/seed_0/stage_A1_mini_sin_fedogda_d_seed0_alpha1p0_R3_cm10_slr1p5_glr0p0005,sin,fedogda_d,0,stage_A1_mini_sin_fedogda_d_seed0_alpha1p0_R3_cm10_slr1p5_glr0p0005,legacy_sample_weighted,
sine_fedogda_tuning,results/sine_fedogda_tuning/stage_A1_mini_deterministic/sin/fedogda_d/seed_0/stage_A1_mini_sin_fedogda_d_seed0_alpha1p0_R2_cm15_slr1p5_glr0p002,sin,fedogda_d,0,stage_A1_mini_sin_fedogda_d_seed0_alpha1p0_R2_cm15_slr1p5_glr0p002,legacy_sample_weighted,
sine_fedogda_tuning,results/sine_fedogda_tuning/stage_A1_mini_deterministic/sin/fedogda_d/seed_0/stage_A1_mini_sin_fedogda_d_seed0_alpha1p0_R2_cm10_slr1p5_glr0p001,sin,fedogda_d,0,stage_A1_mini_sin_fedogda_d_seed0_alpha1p0_R2_cm10_slr1p5_glr0p001,legacy_sample_weighted,
sine_fedogda_tuning,results/sine_fedogda_tuning/stage_A1_mini_deterministic/sin/fedogda_d/seed_0/stage_A1_mini_sin_fedogda_d_seed0_alpha1p0_R2_cm15_slr1p5_glr0p0005,sin,fedogda_d,0,stage_A1_mini_sin_fedogda_d_seed0_alpha1p0_R2_cm15_slr1p5_glr0p0005,legacy_sample_weighted,
sine_fedogda_tuning,results/sine_fedogda_tuning/stage_A1_mini_deterministic/sin/fedogda_d/seed_0/stage_A1_mini_sin_fedogda_d_seed0_alpha1p0_R2_cm15_slr1p5_glr0p001,sin,fedogda_d,0,stage_A1_mini_sin_fedogda_d_seed0_alpha1p0_R2_cm15_slr1p5_glr0p001,legacy_sample_weighted,
sine_fedogda_tuning,results/sine_fedogda_tuning/stage_A1_mini_deterministic/sin/fedogda_d/seed_0/stage_A1_mini_sin_fedogda_d_seed0_alpha1p0_R3_cm10_slr1p5_glr0p002,sin,fedogda_d,0,stage_A1_mini_sin_fedogda_d_seed0_alpha1p0_R3_cm10_slr1p5_glr0p002,legacy_sample_weighted,
sine_fedogda_tuning,results/sine_fedogda_tuning/stage_A1_mini_deterministic/sin/fedogda_d/seed_0/stage_A1_mini_sin_fedogda_d_seed0_alpha1p0_R3_cm15_slr1p5_glr0p002,sin,fedogda_d,0,stage_A1_mini_sin_fedogda_d_seed0_alpha1p0_R3_cm15_slr1p5_glr0p002,legacy_sample_weighted,
sine_fedogda_tuning,results/sine_fedogda_tuning/stage_A1_mini_deterministic/sin/fedogda_d/seed_0/stage_A1_mini_sin_fedogda_d_seed0_alpha1p0_R2_cm10_slr1p5_glr0p002,sin,fedogda_d,0,stage_A1_mini_sin_fedogda_d_seed0_alpha1p0_R2_cm10_slr1p5_glr0p002,legacy_sample_weighted,
sine_fedogda_tuning,results/sine_fedogda_tuning/stage_A1_mini_deterministic/sin/fedogda_d/seed_0/stage_A1_mini_sin_fedogda_d_seed0_alpha1p0_R3_cm15_slr1p5_glr0p0005,sin,fedogda_d,0,stage_A1_mini_sin_fedogda_d_seed0_alpha1p0_R3_cm15_slr1p5_glr0p0005,legacy_sample_weighted,
sine_fedogda_tuning,results/sine_fedogda_tuning/stage_A2_from_A1_mini/sin/fedogda_d/seed_1/stage_A2_from_A1_mini_sin_fedogda_d_seed1_alpha1p0_R3_cm15_slr1.5_glr0p002,sin,fedogda_d,1,stage_A2_from_A1_mini_sin_fedogda_d_seed1_alpha1p0_R3_cm15_slr1.5_glr0p002,legacy_sample_weighted,
sine_fedogda_tuning,results/sine_fedogda_tuning/stage_A2_from_A1_mini/sin/fedogda_d/seed_2/stage_A2_from_A1_mini_sin_fedogda_d_seed2_alpha1p0_R3_cm15_slr1.5_glr0p002,sin,fedogda_d,2,stage_A2_from_A1_mini_sin_fedogda_d_seed2_alpha1p0_R3_cm15_slr1.5_glr0p002,legacy_sample_weighted,
sine_fedogda_tuning,results/sine_fedogda_tuning/stage_A2_from_A1_mini/sin/fedogda_d/seed_0/stage_A2_from_A1_mini_sin_fedogda_d_seed0_alpha1p0_R3_cm15_slr1.5_glr0p002,sin,fedogda_d,0,stage_A2_from_A1_mini_sin_fedogda_d_seed0_alpha1p0_R3_cm15_slr1.5_glr0p002,legacy_sample_weighted,
step,results/step/fedogda_s/seed_0/step_repo_pilot_seed0,step,fedogda_s,0,step_repo_pilot_seed0,legacy_sample_weighted,
step,results/step/fedgda_s/seed_0/step_repo_pilot_seed0,step,fedgda_s,0,step_repo_pilot_seed0,legacy_sample_weighted,
rerun_protocol_v1_real_images_abs_remaining_safe_speedup_v2_20260719_233531,results/rerun_protocol_v1_real_images_abs_remaining_safe_speedup_v2_20260719_233531/cifar10_z/fedogda_s/seed_1/highdim_abs_cifar10_z_fedogda_s_seed1_alpha1,cifar10_z,fedogda_s,1,highdim_abs_cifar10_z_fedogda_s_seed1_alpha1,legacy_sample_weighted,
rerun_protocol_v1_real_images_abs_remaining_safe_speedup_v2_20260719_233531,results/rerun_protocol_v1_real_images_abs_remaining_safe_speedup_v2_20260719_233531/cifar10_z/fedogda_s/seed_4/highdim_abs_cifar10_z_fedogda_s_seed4_alpha1,cifar10_z,fedogda_s,4,highdim_abs_cifar10_z_fedogda_s_seed4_alpha1,legacy_sample_weighted,
rerun_protocol_v1_real_images_abs_remaining_safe_speedup_v2_20260719_233531,results/rerun_protocol_v1_real_images_abs_remaining_safe_speedup_v2_20260719_233531/cifar10_z/fedogda_s/seed_2/highdim_abs_cifar10_z_fedogda_s_seed2_alpha1,cifar10_z,fedogda_s,2,highdim_abs_cifar10_z_fedogda_s_seed2_alpha1,legacy_sample_weighted,
rerun_protocol_v1_real_images_abs_remaining_safe_speedup_v2_20260719_233531,results/rerun_protocol_v1_real_images_abs_remaining_safe_speedup_v2_20260719_233531/cifar10_z/fedogda_s/seed_3/highdim_abs_cifar10_z_fedogda_s_seed3_alpha1,cifar10_z,fedogda_s,3,highdim_abs_cifar10_z_fedogda_s_seed3_alpha1,legacy_sample_weighted,
rerun_protocol_v1_real_images_abs_remaining_safe_speedup_v2_20260719_233531,results/rerun_protocol_v1_real_images_abs_remaining_safe_speedup_v2_20260719_233531/cifar10_z/fedogda_s/seed_0/highdim_abs_cifar10_z_fedogda_s_seed0_alpha1,cifar10_z,fedogda_s,0,highdim_abs_cifar10_z_fedogda_s_seed0_alpha1,legacy_sample_weighted,
rerun_protocol_v1_real_images_abs_remaining_safe_speedup_v2_20260719_233531,results/rerun_protocol_v1_real_images_abs_remaining_safe_speedup_v2_20260719_233531/cifar10_z/fedgda_s/seed_1/highdim_abs_cifar10_z_fedgda_s_seed1_alpha1,cifar10_z,fedgda_s,1,highdim_abs_cifar10_z_fedgda_s_seed1_alpha1,legacy_sample_weighted,
rerun_protocol_v1_real_images_abs_remaining_safe_speedup_v2_20260719_233531,results/rerun_protocol_v1_real_images_abs_remaining_safe_speedup_v2_20260719_233531/cifar10_z/fedgda_s/seed_4/highdim_abs_cifar10_z_fedgda_s_seed4_alpha1,cifar10_z,fedgda_s,4,highdim_abs_cifar10_z_fedgda_s_seed4_alpha1,legacy_sample_weighted,
rerun_protocol_v1_real_images_abs_remaining_safe_speedup_v2_20260719_233531,results/rerun_protocol_v1_real_images_abs_remaining_safe_speedup_v2_20260719_233531/cifar10_z/fedgda_s/seed_2/highdim_abs_cifar10_z_fedgda_s_seed2_alpha1,cifar10_z,fedgda_s,2,highdim_abs_cifar10_z_fedgda_s_seed2_alpha1,legacy_sample_weighted,
rerun_protocol_v1_real_images_abs_remaining_safe_speedup_v2_20260719_233531,results/rerun_protocol_v1_real_images_abs_remaining_safe_speedup_v2_20260719_233531/cifar10_z/fedgda_s/seed_3/highdim_abs_cifar10_z_fedgda_s_seed3_alpha1,cifar10_z,fedgda_s,3,highdim_abs_cifar10_z_fedgda_s_seed3_alpha1,legacy_sample_weighted,
rerun_protocol_v1_real_images_abs_remaining_safe_speedup_v2_20260719_233531,results/rerun_protocol_v1_real_images_abs_remaining_safe_speedup_v2_20260719_233531/cifar10_z/fedgda_s/seed_0/highdim_abs_cifar10_z_fedgda_s_seed0_alpha1,cifar10_z,fedgda_s,0,highdim_abs_cifar10_z_fedgda_s_seed0_alpha1,legacy_sample_weighted,
rerun_protocol_v1_real_images_abs_remaining_safe_speedup_v2_20260719_233531,results/rerun_protocol_v1_real_images_abs_remaining_safe_speedup_v2_20260719_233531/femnist_z/fedogda_s/seed_1/highdim_abs_femnist_z_fedogda_s_seed1_alpha0p5,femnist_z,fedogda_s,1,highdim_abs_femnist_z_fedogda_s_seed1_alpha0p5,legacy_sample_weighted,
rerun_protocol_v1_real_images_abs_remaining_safe_speedup_v2_20260719_233531,results/rerun_protocol_v1_real_images_abs_remaining_safe_speedup_v2_20260719_233531/femnist_z/fedogda_s/seed_1/highdim_abs_femnist_z_fedogda_s_seed1_alpha1,femnist_z,fedogda_s,1,highdim_abs_femnist_z_fedogda_s_seed1_alpha1,legacy_sample_weighted,
rerun_protocol_v1_real_images_abs_remaining_safe_speedup_v2_20260719_233531,results/rerun_protocol_v1_real_images_abs_remaining_safe_speedup_v2_20260719_233531/femnist_z/fedogda_s/seed_4/highdim_abs_femnist_z_fedogda_s_seed4_alpha0p5,femnist_z,fedogda_s,4,highdim_abs_femnist_z_fedogda_s_seed4_alpha0p5,legacy_sample_weighted,
rerun_protocol_v1_real_images_abs_remaining_safe_speedup_v2_20260719_233531,results/rerun_protocol_v1_real_images_abs_remaining_safe_speedup_v2_20260719_233531/femnist_z/fedogda_s/seed_4/highdim_abs_femnist_z_fedogda_s_seed4_alpha1,femnist_z,fedogda_s,4,highdim_abs_femnist_z_fedogda_s_seed4_alpha1,legacy_sample_weighted,
rerun_protocol_v1_real_images_abs_remaining_safe_speedup_v2_20260719_233531,results/rerun_protocol_v1_real_images_abs_remaining_safe_speedup_v2_20260719_233531/femnist_z/fedogda_s/seed_2/highdim_abs_femnist_z_fedogda_s_seed2_alpha1,femnist_z,fedogda_s,2,highdim_abs_femnist_z_fedogda_s_seed2_alpha1,legacy_sample_weighted,
rerun_protocol_v1_real_images_abs_remaining_safe_speedup_v2_20260719_233531,results/rerun_protocol_v1_real_images_abs_remaining_safe_speedup_v2_20260719_233531/femnist_z/fedogda_s/seed_2/highdim_abs_femnist_z_fedogda_s_seed2_alpha0p5,femnist_z,fedogda_s,2,highdim_abs_femnist_z_fedogda_s_seed2_alpha0p5,legacy_sample_weighted,
rerun_protocol_v1_real_images_abs_remaining_safe_speedup_v2_20260719_233531,results/rerun_protocol_v1_real_images_abs_remaining_safe_speedup_v2_20260719_233531/femnist_z/fedogda_s/seed_3/highdim_abs_femnist_z_fedogda_s_seed3_alpha0p5,femnist_z,fedogda_s,3,highdim_abs_femnist_z_fedogda_s_seed3_alpha0p5,legacy_sample_weighted,
rerun_protocol_v1_real_images_abs_remaining_safe_speedup_v2_20260719_233531,results/rerun_protocol_v1_real_images_abs_remaining_safe_speedup_v2_20260719_233531/femnist_z/fedogda_s/seed_3/highdim_abs_femnist_z_fedogda_s_seed3_alpha1,femnist_z,fedogda_s,3,highdim_abs_femnist_z_fedogda_s_seed3_alpha1,legacy_sample_weighted,
rerun_protocol_v1_real_images_abs_remaining_safe_speedup_v2_20260719_233531,results/rerun_protocol_v1_real_images_abs_remaining_safe_speedup_v2_20260719_233531/femnist_z/fedogda_s/seed_0/highdim_abs_femnist_z_fedogda_s_seed0_alpha0p5,femnist_z,fedogda_s,0,highdim_abs_femnist_z_fedogda_s_seed0_alpha0p5,legacy_sample_weighted,
rerun_protocol_v1_real_images_abs_remaining_safe_speedup_v2_20260719_233531,results/rerun_protocol_v1_real_images_abs_remaining_safe_speedup_v2_20260719_233531/femnist_z/fedogda_s/seed_0/highdim_abs_femnist_z_fedogda_s_seed0_alpha1,femnist_z,fedogda_s,0,highdim_abs_femnist_z_fedogda_s_seed0_alpha1,legacy_sample_weighted,
rerun_protocol_v1_real_images_abs_remaining_safe_speedup_v2_20260719_233531,results/rerun_protocol_v1_real_images_abs_remaining_safe_speedup_v2_20260719_233531/femnist_z/fedgda_s/seed_1/highdim_abs_femnist_z_fedgda_s_seed1_alpha1,femnist_z,fedgda_s,1,highdim_abs_femnist_z_fedgda_s_seed1_alpha1,legacy_sample_weighted,
rerun_protocol_v1_real_images_abs_remaining_safe_speedup_v2_20260719_233531,results/rerun_protocol_v1_real_images_abs_remaining_safe_speedup_v2_20260719_233531/femnist_z/fedgda_s/seed_1/highdim_abs_femnist_z_fedgda_s_seed1_alpha0p5,femnist_z,fedgda_s,1,highdim_abs_femnist_z_fedgda_s_seed1_alpha0p5,legacy_sample_weighted,
rerun_protocol_v1_real_images_abs_remaining_safe_speedup_v2_20260719_233531,results/rerun_protocol_v1_real_images_abs_remaining_safe_speedup_v2_20260719_233531/femnist_z/fedgda_s/seed_4/highdim_abs_femnist_z_fedgda_s_seed4_alpha1,femnist_z,fedgda_s,4,highdim_abs_femnist_z_fedgda_s_seed4_alpha1,legacy_sample_weighted,
rerun_protocol_v1_real_images_abs_remaining_safe_speedup_v2_20260719_233531,results/rerun_protocol_v1_real_images_abs_remaining_safe_speedup_v2_20260719_233531/femnist_z/fedgda_s/seed_4/highdim_abs_femnist_z_fedgda_s_seed4_alpha0p5,femnist_z,fedgda_s,4,highdim_abs_femnist_z_fedgda_s_seed4_alpha0p5,legacy_sample_weighted,
rerun_protocol_v1_real_images_abs_remaining_safe_speedup_v2_20260719_233531,results/rerun_protocol_v1_real_images_abs_remaining_safe_speedup_v2_20260719_233531/femnist_z/fedgda_s/seed_2/highdim_abs_femnist_z_fedgda_s_seed2_alpha1,femnist_z,fedgda_s,2,highdim_abs_femnist_z_fedgda_s_seed2_alpha1,legacy_sample_weighted,
rerun_protocol_v1_real_images_abs_remaining_safe_speedup_v2_20260719_233531,results/rerun_protocol_v1_real_images_abs_remaining_safe_speedup_v2_20260719_233531/femnist_z/fedgda_s/seed_2/highdim_abs_femnist_z_fedgda_s_seed2_alpha0p5,femnist_z,fedgda_s,2,highdim_abs_femnist_z_fedgda_s_seed2_alpha0p5,legacy_sample_weighted,
rerun_protocol_v1_real_images_abs_remaining_safe_speedup_v2_20260719_233531,results/rerun_protocol_v1_real_images_abs_remaining_safe_speedup_v2_20260719_233531/femnist_z/fedgda_s/seed_3/highdim_abs_femnist_z_fedgda_s_seed3_alpha0p5,femnist_z,fedgda_s,3,highdim_abs_femnist_z_fedgda_s_seed3_alpha0p5,legacy_sample_weighted,
rerun_protocol_v1_real_images_abs_remaining_safe_speedup_v2_20260719_233531,results/rerun_protocol_v1_real_images_abs_remaining_safe_speedup_v2_20260719_233531/femnist_z/fedgda_s/seed_3/highdim_abs_femnist_z_fedgda_s_seed3_alpha1,femnist_z,fedgda_s,3,highdim_abs_femnist_z_fedgda_s_seed3_alpha1,legacy_sample_weighted,
rerun_protocol_v1_real_images_abs_remaining_safe_speedup_v2_20260719_233531,results/rerun_protocol_v1_real_images_abs_remaining_safe_speedup_v2_20260719_233531/femnist_z/fedgda_s/seed_0/highdim_abs_femnist_z_fedgda_s_seed0_alpha1,femnist_z,fedgda_s,0,highdim_abs_femnist_z_fedgda_s_seed0_alpha1,legacy_sample_weighted,
rerun_protocol_v1_real_images_abs_remaining_safe_speedup_v2_20260719_233531,results/rerun_protocol_v1_real_images_abs_remaining_safe_speedup_v2_20260719_233531/femnist_z/fedgda_s/seed_0/highdim_abs_femnist_z_fedgda_s_seed0_alpha0p5,femnist_z,fedgda_s,0,highdim_abs_femnist_z_fedgda_s_seed0_alpha0p5,legacy_sample_weighted,
rerun_protocol_v1_real_images_abs_remaining_safe_speedup_v2_20260719_233531,results/rerun_protocol_v1_real_images_abs_remaining_safe_speedup_v2_20260719_233531/cifar10_xz/fedogda_s/seed_1/highdim_abs_cifar10_xz_fedogda_s_seed1_alpha1,cifar10_xz,fedogda_s,1,highdim_abs_cifar10_xz_fedogda_s_seed1_alpha1,legacy_sample_weighted,
rerun_protocol_v1_real_images_abs_remaining_safe_speedup_v2_20260719_233531,results/rerun_protocol_v1_real_images_abs_remaining_safe_speedup_v2_20260719_233531/cifar10_xz/fedogda_s/seed_4/highdim_abs_cifar10_xz_fedogda_s_seed4_alpha1,cifar10_xz,fedogda_s,4,highdim_abs_cifar10_xz_fedogda_s_seed4_alpha1,legacy_sample_weighted,
rerun_protocol_v1_real_images_abs_remaining_safe_speedup_v2_20260719_233531,results/rerun_protocol_v1_real_images_abs_remaining_safe_speedup_v2_20260719_233531/cifar10_xz/fedogda_s/seed_2/highdim_abs_cifar10_xz_fedogda_s_seed2_alpha1,cifar10_xz,fedogda_s,2,highdim_abs_cifar10_xz_fedogda_s_seed2_alpha1,legacy_sample_weighted,
rerun_protocol_v1_real_images_abs_remaining_safe_speedup_v2_20260719_233531,results/rerun_protocol_v1_real_images_abs_remaining_safe_speedup_v2_20260719_233531/cifar10_xz/fedogda_s/seed_3/highdim_abs_cifar10_xz_fedogda_s_seed3_alpha1,cifar10_xz,fedogda_s,3,highdim_abs_cifar10_xz_fedogda_s_seed3_alpha1,legacy_sample_weighted,
rerun_protocol_v1_real_images_abs_remaining_safe_speedup_v2_20260719_233531,results/rerun_protocol_v1_real_images_abs_remaining_safe_speedup_v2_20260719_233531/cifar10_xz/fedogda_s/seed_0/highdim_abs_cifar10_xz_fedogda_s_seed0_alpha1,cifar10_xz,fedogda_s,0,highdim_abs_cifar10_xz_fedogda_s_seed0_alpha1,legacy_sample_weighted,
rerun_protocol_v1_real_images_abs_remaining_safe_speedup_v2_20260719_233531,results/rerun_protocol_v1_real_images_abs_remaining_safe_speedup_v2_20260719_233531/cifar10_xz/fedgda_s/seed_1/highdim_abs_cifar10_xz_fedgda_s_seed1_alpha1,cifar10_xz,fedgda_s,1,highdim_abs_cifar10_xz_fedgda_s_seed1_alpha1,legacy_sample_weighted,
rerun_protocol_v1_real_images_abs_remaining_safe_speedup_v2_20260719_233531,results/rerun_protocol_v1_real_images_abs_remaining_safe_speedup_v2_20260719_233531/cifar10_xz/fedgda_s/seed_4/highdim_abs_cifar10_xz_fedgda_s_seed4_alpha1,cifar10_xz,fedgda_s,4,highdim_abs_cifar10_xz_fedgda_s_seed4_alpha1,legacy_sample_weighted,
rerun_protocol_v1_real_images_abs_remaining_safe_speedup_v2_20260719_233531,results/rerun_protocol_v1_real_images_abs_remaining_safe_speedup_v2_20260719_233531/cifar10_xz/fedgda_s/seed_2/highdim_abs_cifar10_xz_fedgda_s_seed2_alpha1,cifar10_xz,fedgda_s,2,highdim_abs_cifar10_xz_fedgda_s_seed2_alpha1,legacy_sample_weighted,
rerun_protocol_v1_real_images_abs_remaining_safe_speedup_v2_20260719_233531,results/rerun_protocol_v1_real_images_abs_remaining_safe_speedup_v2_20260719_233531/cifar10_xz/fedgda_s/seed_3/highdim_abs_cifar10_xz_fedgda_s_seed3_alpha1,cifar10_xz,fedgda_s,3,highdim_abs_cifar10_xz_fedgda_s_seed3_alpha1,legacy_sample_weighted,
rerun_protocol_v1_real_images_abs_remaining_safe_speedup_v2_20260719_233531,results/rerun_protocol_v1_real_images_abs_remaining_safe_speedup_v2_20260719_233531/femnist_x/fedogda_s/seed_1/highdim_abs_femnist_x_fedogda_s_seed1_alpha0p5,femnist_x,fedogda_s,1,highdim_abs_femnist_x_fedogda_s_seed1_alpha0p5,legacy_sample_weighted,
rerun_protocol_v1_real_images_abs_remaining_safe_speedup_v2_20260719_233531,results/rerun_protocol_v1_real_images_abs_remaining_safe_speedup_v2_20260719_233531/femnist_x/fedogda_s/seed_1/highdim_abs_femnist_x_fedogda_s_seed1_alpha1,femnist_x,fedogda_s,1,highdim_abs_femnist_x_fedogda_s_seed1_alpha1,legacy_sample_weighted,
rerun_protocol_v1_real_images_abs_remaining_safe_speedup_v2_20260719_233531,results/rerun_protocol_v1_real_images_abs_remaining_safe_speedup_v2_20260719_233531/femnist_x/fedogda_s/seed_4/highdim_abs_femnist_x_fedogda_s_seed4_alpha0p5,femnist_x,fedogda_s,4,highdim_abs_femnist_x_fedogda_s_seed4_alpha0p5,legacy_sample_weighted,
rerun_protocol_v1_real_images_abs_remaining_safe_speedup_v2_20260719_233531,results/rerun_protocol_v1_real_images_abs_remaining_safe_speedup_v2_20260719_233531/femnist_x/fedogda_s/seed_4/highdim_abs_femnist_x_fedogda_s_seed4_alpha1,femnist_x,fedogda_s,4,highdim_abs_femnist_x_fedogda_s_seed4_alpha1,legacy_sample_weighted,
rerun_protocol_v1_real_images_abs_remaining_safe_speedup_v2_20260719_233531,results/rerun_protocol_v1_real_images_abs_remaining_safe_speedup_v2_20260719_233531/femnist_x/fedogda_s/seed_2/highdim_abs_femnist_x_fedogda_s_seed2_alpha1,femnist_x,fedogda_s,2,highdim_abs_femnist_x_fedogda_s_seed2_alpha1,legacy_sample_weighted,
rerun_protocol_v1_real_images_abs_remaining_safe_speedup_v2_20260719_233531,results/rerun_protocol_v1_real_images_abs_remaining_safe_speedup_v2_20260719_233531/femnist_x/fedogda_s/seed_2/highdim_abs_femnist_x_fedogda_s_seed2_alpha0p5,femnist_x,fedogda_s,2,highdim_abs_femnist_x_fedogda_s_seed2_alpha0p5,legacy_sample_weighted,
rerun_protocol_v1_real_images_abs_remaining_safe_speedup_v2_20260719_233531,results/rerun_protocol_v1_real_images_abs_remaining_safe_speedup_v2_20260719_233531/femnist_x/fedogda_s/seed_3/highdim_abs_femnist_x_fedogda_s_seed3_alpha0p5,femnist_x,fedogda_s,3,highdim_abs_femnist_x_fedogda_s_seed3_alpha0p5,legacy_sample_weighted,
rerun_protocol_v1_real_images_abs_remaining_safe_speedup_v2_20260719_233531,results/rerun_protocol_v1_real_images_abs_remaining_safe_speedup_v2_20260719_233531/femnist_x/fedogda_s/seed_3/highdim_abs_femnist_x_fedogda_s_seed3_alpha1,femnist_x,fedogda_s,3,highdim_abs_femnist_x_fedogda_s_seed3_alpha1,legacy_sample_weighted,
rerun_protocol_v1_real_images_abs_remaining_safe_speedup_v2_20260719_233531,results/rerun_protocol_v1_real_images_abs_remaining_safe_speedup_v2_20260719_233531/femnist_x/fedogda_s/seed_0/highdim_abs_femnist_x_fedogda_s_seed0_alpha1,femnist_x,fedogda_s,0,highdim_abs_femnist_x_fedogda_s_seed0_alpha1,legacy_sample_weighted,
rerun_protocol_v1_real_images_abs_remaining_safe_speedup_v2_20260719_233531,results/rerun_protocol_v1_real_images_abs_remaining_safe_speedup_v2_20260719_233531/femnist_x/fedogda_s/seed_0/highdim_abs_femnist_x_fedogda_s_seed0_alpha0p5,femnist_x,fedogda_s,0,highdim_abs_femnist_x_fedogda_s_seed0_alpha0p5,legacy_sample_weighted,
rerun_protocol_v1_real_images_abs_remaining_safe_speedup_v2_20260719_233531,results/rerun_protocol_v1_real_images_abs_remaining_safe_speedup_v2_20260719_233531/femnist_x/fedgda_s/seed_1/highdim_abs_femnist_x_fedgda_s_seed1_alpha1,femnist_x,fedgda_s,1,highdim_abs_femnist_x_fedgda_s_seed1_alpha1,legacy_sample_weighted,
rerun_protocol_v1_real_images_abs_remaining_safe_speedup_v2_20260719_233531,results/rerun_protocol_v1_real_images_abs_remaining_safe_speedup_v2_20260719_233531/femnist_x/fedgda_s/seed_4/highdim_abs_femnist_x_fedgda_s_seed4_alpha0p5,femnist_x,fedgda_s,4,highdim_abs_femnist_x_fedgda_s_seed4_alpha0p5,legacy_sample_weighted,
rerun_protocol_v1_real_images_abs_remaining_safe_speedup_v2_20260719_233531,results/rerun_protocol_v1_real_images_abs_remaining_safe_speedup_v2_20260719_233531/femnist_x/fedgda_s/seed_4/highdim_abs_femnist_x_fedgda_s_seed4_alpha1,femnist_x,fedgda_s,4,highdim_abs_femnist_x_fedgda_s_seed4_alpha1,legacy_sample_weighted,
rerun_protocol_v1_real_images_abs_remaining_safe_speedup_v2_20260719_233531,results/rerun_protocol_v1_real_images_abs_remaining_safe_speedup_v2_20260719_233531/femnist_x/fedgda_s/seed_2/highdim_abs_femnist_x_fedgda_s_seed2_alpha0p5,femnist_x,fedgda_s,2,highdim_abs_femnist_x_fedgda_s_seed2_alpha0p5,legacy_sample_weighted,
rerun_protocol_v1_real_images_abs_remaining_safe_speedup_v2_20260719_233531,results/rerun_protocol_v1_real_images_abs_remaining_safe_speedup_v2_20260719_233531/femnist_x/fedgda_s/seed_2/highdim_abs_femnist_x_fedgda_s_seed2_alpha1,femnist_x,fedgda_s,2,highdim_abs_femnist_x_fedgda_s_seed2_alpha1,legacy_sample_weighted,
rerun_protocol_v1_real_images_abs_remaining_safe_speedup_v2_20260719_233531,results/rerun_protocol_v1_real_images_abs_remaining_safe_speedup_v2_20260719_233531/femnist_x/fedgda_s/seed_3/highdim_abs_femnist_x_fedgda_s_seed3_alpha0p5,femnist_x,fedgda_s,3,highdim_abs_femnist_x_fedgda_s_seed3_alpha0p5,legacy_sample_weighted,
rerun_protocol_v1_real_images_abs_remaining_safe_speedup_v2_20260719_233531,results/rerun_protocol_v1_real_images_abs_remaining_safe_speedup_v2_20260719_233531/femnist_x/fedgda_s/seed_3/highdim_abs_femnist_x_fedgda_s_seed3_alpha1,femnist_x,fedgda_s,3,highdim_abs_femnist_x_fedgda_s_seed3_alpha1,legacy_sample_weighted,
rerun_protocol_v1_real_images_abs_remaining_safe_speedup_v2_20260719_233531,results/rerun_protocol_v1_real_images_abs_remaining_safe_speedup_v2_20260719_233531/femnist_x/fedgda_s/seed_0/highdim_abs_femnist_x_fedgda_s_seed0_alpha1,femnist_x,fedgda_s,0,highdim_abs_femnist_x_fedgda_s_seed0_alpha1,legacy_sample_weighted,
rerun_protocol_v1_real_images_abs_remaining_safe_speedup_v2_20260719_233531,results/rerun_protocol_v1_real_images_abs_remaining_safe_speedup_v2_20260719_233531/femnist_xz/fedogda_s/seed_1/highdim_abs_femnist_xz_fedogda_s_seed1_alpha1,femnist_xz,fedogda_s,1,highdim_abs_femnist_xz_fedogda_s_seed1_alpha1,legacy_sample_weighted,
rerun_protocol_v1_real_images_abs_remaining_safe_speedup_v2_20260719_233531,results/rerun_protocol_v1_real_images_abs_remaining_safe_speedup_v2_20260719_233531/femnist_xz/fedogda_s/seed_1/highdim_abs_femnist_xz_fedogda_s_seed1_alpha0p5,femnist_xz,fedogda_s,1,highdim_abs_femnist_xz_fedogda_s_seed1_alpha0p5,legacy_sample_weighted,
rerun_protocol_v1_real_images_abs_remaining_safe_speedup_v2_20260719_233531,results/rerun_protocol_v1_real_images_abs_remaining_safe_speedup_v2_20260719_233531/femnist_xz/fedogda_s/seed_4/highdim_abs_femnist_xz_fedogda_s_seed4_alpha1,femnist_xz,fedogda_s,4,highdim_abs_femnist_xz_fedogda_s_seed4_alpha1,legacy_sample_weighted,
rerun_protocol_v1_real_images_abs_remaining_safe_speedup_v2_20260719_233531,results/rerun_protocol_v1_real_images_abs_remaining_safe_speedup_v2_20260719_233531/femnist_xz/fedogda_s/seed_4/highdim_abs_femnist_xz_fedogda_s_seed4_alpha0p5,femnist_xz,fedogda_s,4,highdim_abs_femnist_xz_fedogda_s_seed4_alpha0p5,legacy_sample_weighted,
rerun_protocol_v1_real_images_abs_remaining_safe_speedup_v2_20260719_233531,results/rerun_protocol_v1_real_images_abs_remaining_safe_speedup_v2_20260719_233531/femnist_xz/fedogda_s/seed_2/highdim_abs_femnist_xz_fedogda_s_seed2_alpha1,femnist_xz,fedogda_s,2,highdim_abs_femnist_xz_fedogda_s_seed2_alpha1,legacy_sample_weighted,
rerun_protocol_v1_real_images_abs_remaining_safe_speedup_v2_20260719_233531,results/rerun_protocol_v1_real_images_abs_remaining_safe_speedup_v2_20260719_233531/femnist_xz/fedogda_s/seed_2/highdim_abs_femnist_xz_fedogda_s_seed2_alpha0p5,femnist_xz,fedogda_s,2,highdim_abs_femnist_xz_fedogda_s_seed2_alpha0p5,legacy_sample_weighted,
rerun_protocol_v1_real_images_abs_remaining_safe_speedup_v2_20260719_233531,results/rerun_protocol_v1_real_images_abs_remaining_safe_speedup_v2_20260719_233531/femnist_xz/fedogda_s/seed_3/highdim_abs_femnist_xz_fedogda_s_seed3_alpha0p5,femnist_xz,fedogda_s,3,highdim_abs_femnist_xz_fedogda_s_seed3_alpha0p5,legacy_sample_weighted,
rerun_protocol_v1_real_images_abs_remaining_safe_speedup_v2_20260719_233531,results/rerun_protocol_v1_real_images_abs_remaining_safe_speedup_v2_20260719_233531/femnist_xz/fedogda_s/seed_3/highdim_abs_femnist_xz_fedogda_s_seed3_alpha1,femnist_xz,fedogda_s,3,highdim_abs_femnist_xz_fedogda_s_seed3_alpha1,legacy_sample_weighted,
rerun_protocol_v1_real_images_abs_remaining_safe_speedup_v2_20260719_233531,results/rerun_protocol_v1_real_images_abs_remaining_safe_speedup_v2_20260719_233531/femnist_xz/fedogda_s/seed_0/highdim_abs_femnist_xz_fedogda_s_seed0_alpha0p5,femnist_xz,fedogda_s,0,highdim_abs_femnist_xz_fedogda_s_seed0_alpha0p5,legacy_sample_weighted,
rerun_protocol_v1_real_images_abs_remaining_safe_speedup_v2_20260719_233531,results/rerun_protocol_v1_real_images_abs_remaining_safe_speedup_v2_20260719_233531/femnist_xz/fedogda_s/seed_0/highdim_abs_femnist_xz_fedogda_s_seed0_alpha1,femnist_xz,fedogda_s,0,highdim_abs_femnist_xz_fedogda_s_seed0_alpha1,legacy_sample_weighted,
rerun_protocol_v1_real_images_abs_remaining_safe_speedup_v2_20260719_233531,results/rerun_protocol_v1_real_images_abs_remaining_safe_speedup_v2_20260719_233531/femnist_xz/fedgda_s/seed_1/highdim_abs_femnist_xz_fedgda_s_seed1_alpha1,femnist_xz,fedgda_s,1,highdim_abs_femnist_xz_fedgda_s_seed1_alpha1,legacy_sample_weighted,
rerun_protocol_v1_real_images_abs_remaining_safe_speedup_v2_20260719_233531,results/rerun_protocol_v1_real_images_abs_remaining_safe_speedup_v2_20260719_233531/femnist_xz/fedgda_s/seed_1/highdim_abs_femnist_xz_fedgda_s_seed1_alpha0p5,femnist_xz,fedgda_s,1,highdim_abs_femnist_xz_fedgda_s_seed1_alpha0p5,legacy_sample_weighted,
rerun_protocol_v1_real_images_abs_remaining_safe_speedup_v2_20260719_233531,results/rerun_protocol_v1_real_images_abs_remaining_safe_speedup_v2_20260719_233531/femnist_xz/fedgda_s/seed_4/highdim_abs_femnist_xz_fedgda_s_seed4_alpha1,femnist_xz,fedgda_s,4,highdim_abs_femnist_xz_fedgda_s_seed4_alpha1,legacy_sample_weighted,
rerun_protocol_v1_real_images_abs_remaining_safe_speedup_v2_20260719_233531,results/rerun_protocol_v1_real_images_abs_remaining_safe_speedup_v2_20260719_233531/femnist_xz/fedgda_s/seed_4/highdim_abs_femnist_xz_fedgda_s_seed4_alpha0p5,femnist_xz,fedgda_s,4,highdim_abs_femnist_xz_fedgda_s_seed4_alpha0p5,legacy_sample_weighted,
rerun_protocol_v1_real_images_abs_remaining_safe_speedup_v2_20260719_233531,results/rerun_protocol_v1_real_images_abs_remaining_safe_speedup_v2_20260719_233531/femnist_xz/fedgda_s/seed_2/highdim_abs_femnist_xz_fedgda_s_seed2_alpha1,femnist_xz,fedgda_s,2,highdim_abs_femnist_xz_fedgda_s_seed2_alpha1,legacy_sample_weighted,
rerun_protocol_v1_real_images_abs_remaining_safe_speedup_v2_20260719_233531,results/rerun_protocol_v1_real_images_abs_remaining_safe_speedup_v2_20260719_233531/femnist_xz/fedgda_s/seed_2/highdim_abs_femnist_xz_fedgda_s_seed2_alpha0p5,femnist_xz,fedgda_s,2,highdim_abs_femnist_xz_fedgda_s_seed2_alpha0p5,legacy_sample_weighted,
rerun_protocol_v1_real_images_abs_remaining_safe_speedup_v2_20260719_233531,results/rerun_protocol_v1_real_images_abs_remaining_safe_speedup_v2_20260719_233531/femnist_xz/fedgda_s/seed_3/highdim_abs_femnist_xz_fedgda_s_seed3_alpha1,femnist_xz,fedgda_s,3,highdim_abs_femnist_xz_fedgda_s_seed3_alpha1,legacy_sample_weighted,
rerun_protocol_v1_real_images_abs_remaining_safe_speedup_v2_20260719_233531,results/rerun_protocol_v1_real_images_abs_remaining_safe_speedup_v2_20260719_233531/femnist_xz/fedgda_s/seed_3/highdim_abs_femnist_xz_fedgda_s_seed3_alpha0p5,femnist_xz,fedgda_s,3,highdim_abs_femnist_xz_fedgda_s_seed3_alpha0p5,legacy_sample_weighted,
rerun_protocol_v1_real_images_abs_remaining_safe_speedup_v2_20260719_233531,results/rerun_protocol_v1_real_images_abs_remaining_safe_speedup_v2_20260719_233531/femnist_xz/fedgda_s/seed_0/highdim_abs_femnist_xz_fedgda_s_seed0_alpha0p5,femnist_xz,fedgda_s,0,highdim_abs_femnist_xz_fedgda_s_seed0_alpha0p5,legacy_sample_weighted,
rerun_protocol_v1_real_images_abs_remaining_safe_speedup_v2_20260719_233531,results/rerun_protocol_v1_real_images_abs_remaining_safe_speedup_v2_20260719_233531/femnist_xz/fedgda_s/seed_0/highdim_abs_femnist_xz_fedgda_s_seed0_alpha1,femnist_xz,fedgda_s,0,highdim_abs_femnist_xz_fedgda_s_seed0_alpha1,legacy_sample_weighted,
_golden,results/_golden/abs/fedgda_d/seed_0/smoke,abs,fedgda_d,0,smoke,legacy_sample_weighted,
rerun_protocol_v1,results/rerun_protocol_v1/abs/fedogda_s/seed_1/rerun_protocol_v1_abs_fedogda_s_seed1_alpha0p5,abs,fedogda_s,1,rerun_protocol_v1_abs_fedogda_s_seed1_alpha0p5,legacy_sample_weighted,
rerun_protocol_v1,results/rerun_protocol_v1/abs/fedogda_s/seed_1/rerun_protocol_v1_abs_fedogda_s_seed1_alpha1p0,abs,fedogda_s,1,rerun_protocol_v1_abs_fedogda_s_seed1_alpha1p0,legacy_sample_weighted,
rerun_protocol_v1,results/rerun_protocol_v1/abs/fedogda_s/seed_1/rerun_protocol_v1_abs_fedogda_s_seed1_alpha0p1,abs,fedogda_s,1,rerun_protocol_v1_abs_fedogda_s_seed1_alpha0p1,legacy_sample_weighted,
rerun_protocol_v1,results/rerun_protocol_v1/abs/fedogda_s/seed_2/rerun_protocol_v1_abs_fedogda_s_seed2_alpha0p1,abs,fedogda_s,2,rerun_protocol_v1_abs_fedogda_s_seed2_alpha0p1,legacy_sample_weighted,
rerun_protocol_v1,results/rerun_protocol_v1/abs/fedogda_s/seed_2/rerun_protocol_v1_abs_fedogda_s_seed2_alpha1p0,abs,fedogda_s,2,rerun_protocol_v1_abs_fedogda_s_seed2_alpha1p0,legacy_sample_weighted,
rerun_protocol_v1,results/rerun_protocol_v1/abs/fedogda_s/seed_2/rerun_protocol_v1_abs_fedogda_s_seed2_alpha0p5,abs,fedogda_s,2,rerun_protocol_v1_abs_fedogda_s_seed2_alpha0p5,legacy_sample_weighted,
rerun_protocol_v1,results/rerun_protocol_v1/abs/fedogda_s/seed_0/rerun_protocol_v1_abs_fedogda_s_seed0_alpha1p0,abs,fedogda_s,0,rerun_protocol_v1_abs_fedogda_s_seed0_alpha1p0,legacy_sample_weighted,
rerun_protocol_v1,results/rerun_protocol_v1/abs/fedogda_s/seed_0/rerun_protocol_v1_abs_fedogda_s_seed0_alpha0p1,abs,fedogda_s,0,rerun_protocol_v1_abs_fedogda_s_seed0_alpha0p1,legacy_sample_weighted,
rerun_protocol_v1,results/rerun_protocol_v1/abs/fedogda_s/seed_0/rerun_protocol_v1_abs_fedogda_s_seed0_alpha0p5,abs,fedogda_s,0,rerun_protocol_v1_abs_fedogda_s_seed0_alpha0p5,legacy_sample_weighted,
rerun_protocol_v1,results/rerun_protocol_v1/abs/fedogda_d/seed_1/rerun_protocol_v1_abs_fedogda_d_seed1_alpha0p1,abs,fedogda_d,1,rerun_protocol_v1_abs_fedogda_d_seed1_alpha0p1,legacy_sample_weighted,
rerun_protocol_v1,results/rerun_protocol_v1/abs/fedogda_d/seed_1/rerun_protocol_v1_abs_fedogda_d_seed1_alpha0p5,abs,fedogda_d,1,rerun_protocol_v1_abs_fedogda_d_seed1_alpha0p5,legacy_sample_weighted,
rerun_protocol_v1,results/rerun_protocol_v1/abs/fedogda_d/seed_1/rerun_protocol_v1_abs_fedogda_d_seed1_alpha1p0,abs,fedogda_d,1,rerun_protocol_v1_abs_fedogda_d_seed1_alpha1p0,legacy_sample_weighted,
rerun_protocol_v1,results/rerun_protocol_v1/abs/fedogda_d/seed_2/rerun_protocol_v1_abs_fedogda_d_seed2_alpha1p0,abs,fedogda_d,2,rerun_protocol_v1_abs_fedogda_d_seed2_alpha1p0,legacy_sample_weighted,
rerun_protocol_v1,results/rerun_protocol_v1/abs/fedogda_d/seed_2/rerun_protocol_v1_abs_fedogda_d_seed2_alpha0p1,abs,fedogda_d,2,rerun_protocol_v1_abs_fedogda_d_seed2_alpha0p1,legacy_sample_weighted,
rerun_protocol_v1,results/rerun_protocol_v1/abs/fedogda_d/seed_2/rerun_protocol_v1_abs_fedogda_d_seed2_alpha0p5,abs,fedogda_d,2,rerun_protocol_v1_abs_fedogda_d_seed2_alpha0p5,legacy_sample_weighted,
rerun_protocol_v1,results/rerun_protocol_v1/abs/fedogda_d/seed_0/rerun_protocol_v1_abs_fedogda_d_seed0_alpha0p5,abs,fedogda_d,0,rerun_protocol_v1_abs_fedogda_d_seed0_alpha0p5,legacy_sample_weighted,
rerun_protocol_v1,results/rerun_protocol_v1/abs/fedogda_d/seed_0/rerun_protocol_v1_abs_fedogda_d_seed0_alpha1p0,abs,fedogda_d,0,rerun_protocol_v1_abs_fedogda_d_seed0_alpha1p0,legacy_sample_weighted,
rerun_protocol_v1,results/rerun_protocol_v1/abs/fedogda_d/seed_0/rerun_protocol_v1_abs_fedogda_d_seed0_alpha0p1,abs,fedogda_d,0,rerun_protocol_v1_abs_fedogda_d_seed0_alpha0p1,legacy_sample_weighted,
rerun_protocol_v1,results/rerun_protocol_v1/abs/fedgda_d/seed_1/rerun_protocol_v1_abs_fedgda_d_seed1_alpha1p0,abs,fedgda_d,1,rerun_protocol_v1_abs_fedgda_d_seed1_alpha1p0,legacy_sample_weighted,
rerun_protocol_v1,results/rerun_protocol_v1/abs/fedgda_d/seed_1/rerun_protocol_v1_abs_fedgda_d_seed1_alpha0p5,abs,fedgda_d,1,rerun_protocol_v1_abs_fedgda_d_seed1_alpha0p5,legacy_sample_weighted,
rerun_protocol_v1,results/rerun_protocol_v1/abs/fedgda_d/seed_1/rerun_protocol_v1_abs_fedgda_d_seed1_alpha0p1,abs,fedgda_d,1,rerun_protocol_v1_abs_fedgda_d_seed1_alpha0p1,legacy_sample_weighted,
rerun_protocol_v1,results/rerun_protocol_v1/abs/fedgda_d/seed_2/rerun_protocol_v1_abs_fedgda_d_seed2_alpha0p1,abs,fedgda_d,2,rerun_protocol_v1_abs_fedgda_d_seed2_alpha0p1,legacy_sample_weighted,
rerun_protocol_v1,results/rerun_protocol_v1/abs/fedgda_d/seed_2/rerun_protocol_v1_abs_fedgda_d_seed2_alpha1p0,abs,fedgda_d,2,rerun_protocol_v1_abs_fedgda_d_seed2_alpha1p0,legacy_sample_weighted,
rerun_protocol_v1,results/rerun_protocol_v1/abs/fedgda_d/seed_2/rerun_protocol_v1_abs_fedgda_d_seed2_alpha0p5,abs,fedgda_d,2,rerun_protocol_v1_abs_fedgda_d_seed2_alpha0p5,legacy_sample_weighted,
rerun_protocol_v1,results/rerun_protocol_v1/abs/fedgda_d/seed_0/rerun_protocol_v1_abs_fedgda_d_seed0_alpha1p0,abs,fedgda_d,0,rerun_protocol_v1_abs_fedgda_d_seed0_alpha1p0,legacy_sample_weighted,
rerun_protocol_v1,results/rerun_protocol_v1/abs/fedgda_d/seed_0/rerun_protocol_v1_abs_fedgda_d_seed0_alpha0p1,abs,fedgda_d,0,rerun_protocol_v1_abs_fedgda_d_seed0_alpha0p1,legacy_sample_weighted,
rerun_protocol_v1,results/rerun_protocol_v1/abs/fedgda_d/seed_0/rerun_protocol_v1_abs_fedgda_d_seed0_alpha0p5,abs,fedgda_d,0,rerun_protocol_v1_abs_fedgda_d_seed0_alpha0p5,legacy_sample_weighted,
rerun_protocol_v1,results/rerun_protocol_v1/abs/fedgda_s/seed_1/rerun_protocol_v1_abs_fedgda_s_seed1_alpha0p1,abs,fedgda_s,1,rerun_protocol_v1_abs_fedgda_s_seed1_alpha0p1,legacy_sample_weighted,
rerun_protocol_v1,results/rerun_protocol_v1/abs/fedgda_s/seed_1/rerun_protocol_v1_abs_fedgda_s_seed1_alpha1p0,abs,fedgda_s,1,rerun_protocol_v1_abs_fedgda_s_seed1_alpha1p0,legacy_sample_weighted,
rerun_protocol_v1,results/rerun_protocol_v1/abs/fedgda_s/seed_1/rerun_protocol_v1_abs_fedgda_s_seed1_alpha0p5,abs,fedgda_s,1,rerun_protocol_v1_abs_fedgda_s_seed1_alpha0p5,legacy_sample_weighted,
rerun_protocol_v1,results/rerun_protocol_v1/abs/fedgda_s/seed_2/rerun_protocol_v1_abs_fedgda_s_seed2_alpha0p1,abs,fedgda_s,2,rerun_protocol_v1_abs_fedgda_s_seed2_alpha0p1,legacy_sample_weighted,
rerun_protocol_v1,results/rerun_protocol_v1/abs/fedgda_s/seed_2/rerun_protocol_v1_abs_fedgda_s_seed2_alpha0p5,abs,fedgda_s,2,rerun_protocol_v1_abs_fedgda_s_seed2_alpha0p5,legacy_sample_weighted,
rerun_protocol_v1,results/rerun_protocol_v1/abs/fedgda_s/seed_2/rerun_protocol_v1_abs_fedgda_s_seed2_alpha1p0,abs,fedgda_s,2,rerun_protocol_v1_abs_fedgda_s_seed2_alpha1p0,legacy_sample_weighted,
rerun_protocol_v1,results/rerun_protocol_v1/abs/fedgda_s/seed_0/rerun_protocol_v1_abs_fedgda_s_seed0_alpha0p1,abs,fedgda_s,0,rerun_protocol_v1_abs_fedgda_s_seed0_alpha0p1,legacy_sample_weighted,
rerun_protocol_v1,results/rerun_protocol_v1/abs/fedgda_s/seed_0/rerun_protocol_v1_abs_fedgda_s_seed0_alpha1p0,abs,fedgda_s,0,rerun_protocol_v1_abs_fedgda_s_seed0_alpha1p0,legacy_sample_weighted,
rerun_protocol_v1,results/rerun_protocol_v1/abs/fedgda_s/seed_0/rerun_protocol_v1_abs_fedgda_s_seed0_alpha0p5,abs,fedgda_s,0,rerun_protocol_v1_abs_fedgda_s_seed0_alpha0p5,legacy_sample_weighted,
rerun_protocol_v1,results/rerun_protocol_v1/linear/fedogda_s/seed_1/rerun_protocol_v1_linear_fedogda_s_seed1_alpha1p0,linear,fedogda_s,1,rerun_protocol_v1_linear_fedogda_s_seed1_alpha1p0,legacy_sample_weighted,
rerun_protocol_v1,results/rerun_protocol_v1/linear/fedogda_s/seed_1/rerun_protocol_v1_linear_fedogda_s_seed1_alpha0p5,linear,fedogda_s,1,rerun_protocol_v1_linear_fedogda_s_seed1_alpha0p5,legacy_sample_weighted,
rerun_protocol_v1,results/rerun_protocol_v1/linear/fedogda_s/seed_1/rerun_protocol_v1_linear_fedogda_s_seed1_alpha0p1,linear,fedogda_s,1,rerun_protocol_v1_linear_fedogda_s_seed1_alpha0p1,legacy_sample_weighted,
rerun_protocol_v1,results/rerun_protocol_v1/linear/fedogda_s/seed_2/rerun_protocol_v1_linear_fedogda_s_seed2_alpha0p5,linear,fedogda_s,2,rerun_protocol_v1_linear_fedogda_s_seed2_alpha0p5,legacy_sample_weighted,
rerun_protocol_v1,results/rerun_protocol_v1/linear/fedogda_s/seed_2/rerun_protocol_v1_linear_fedogda_s_seed2_alpha0p1,linear,fedogda_s,2,rerun_protocol_v1_linear_fedogda_s_seed2_alpha0p1,legacy_sample_weighted,
rerun_protocol_v1,results/rerun_protocol_v1/linear/fedogda_s/seed_2/rerun_protocol_v1_linear_fedogda_s_seed2_alpha1p0,linear,fedogda_s,2,rerun_protocol_v1_linear_fedogda_s_seed2_alpha1p0,legacy_sample_weighted,
rerun_protocol_v1,results/rerun_protocol_v1/linear/fedogda_s/seed_0/rerun_protocol_v1_linear_fedogda_s_seed0_alpha0p5,linear,fedogda_s,0,rerun_protocol_v1_linear_fedogda_s_seed0_alpha0p5,legacy_sample_weighted,
rerun_protocol_v1,results/rerun_protocol_v1/linear/fedogda_s/seed_0/rerun_protocol_v1_linear_fedogda_s_seed0_alpha0p1,linear,fedogda_s,0,rerun_protocol_v1_linear_fedogda_s_seed0_alpha0p1,legacy_sample_weighted,
rerun_protocol_v1,results/rerun_protocol_v1/linear/fedogda_s/seed_0/rerun_protocol_v1_linear_fedogda_s_seed0_alpha1p0,linear,fedogda_s,0,rerun_protocol_v1_linear_fedogda_s_seed0_alpha1p0,legacy_sample_weighted,
rerun_protocol_v1,results/rerun_protocol_v1/linear/fedogda_d/seed_1/rerun_protocol_v1_linear_fedogda_d_seed1_alpha0p1,linear,fedogda_d,1,rerun_protocol_v1_linear_fedogda_d_seed1_alpha0p1,legacy_sample_weighted,
rerun_protocol_v1,results/rerun_protocol_v1/linear/fedogda_d/seed_1/rerun_protocol_v1_linear_fedogda_d_seed1_alpha1p0,linear,fedogda_d,1,rerun_protocol_v1_linear_fedogda_d_seed1_alpha1p0,legacy_sample_weighted,
rerun_protocol_v1,results/rerun_protocol_v1/linear/fedogda_d/seed_1/rerun_protocol_v1_linear_fedogda_d_seed1_alpha0p5,linear,fedogda_d,1,rerun_protocol_v1_linear_fedogda_d_seed1_alpha0p5,legacy_sample_weighted,
rerun_protocol_v1,results/rerun_protocol_v1/linear/fedogda_d/seed_2/rerun_protocol_v1_linear_fedogda_d_seed2_alpha0p5,linear,fedogda_d,2,rerun_protocol_v1_linear_fedogda_d_seed2_alpha0p5,legacy_sample_weighted,
rerun_protocol_v1,results/rerun_protocol_v1/linear/fedogda_d/seed_2/rerun_protocol_v1_linear_fedogda_d_seed2_alpha1p0,linear,fedogda_d,2,rerun_protocol_v1_linear_fedogda_d_seed2_alpha1p0,legacy_sample_weighted,
rerun_protocol_v1,results/rerun_protocol_v1/linear/fedogda_d/seed_2/rerun_protocol_v1_linear_fedogda_d_seed2_alpha0p1,linear,fedogda_d,2,rerun_protocol_v1_linear_fedogda_d_seed2_alpha0p1,legacy_sample_weighted,
rerun_protocol_v1,results/rerun_protocol_v1/linear/fedogda_d/seed_0/rerun_protocol_v1_linear_fedogda_d_seed0_alpha0p5,linear,fedogda_d,0,rerun_protocol_v1_linear_fedogda_d_seed0_alpha0p5,legacy_sample_weighted,
rerun_protocol_v1,results/rerun_protocol_v1/linear/fedogda_d/seed_0/rerun_protocol_v1_linear_fedogda_d_seed0_alpha0p1,linear,fedogda_d,0,rerun_protocol_v1_linear_fedogda_d_seed0_alpha0p1,legacy_sample_weighted,
rerun_protocol_v1,results/rerun_protocol_v1/linear/fedogda_d/seed_0/rerun_protocol_v1_linear_fedogda_d_seed0_alpha1p0,linear,fedogda_d,0,rerun_protocol_v1_linear_fedogda_d_seed0_alpha1p0,legacy_sample_weighted,
rerun_protocol_v1,results/rerun_protocol_v1/linear/fedgda_d/seed_1/rerun_protocol_v1_linear_fedgda_d_seed1_alpha0p1,linear,fedgda_d,1,rerun_protocol_v1_linear_fedgda_d_seed1_alpha0p1,legacy_sample_weighted,
rerun_protocol_v1,results/rerun_protocol_v1/linear/fedgda_d/seed_1/rerun_protocol_v1_linear_fedgda_d_seed1_alpha0p5,linear,fedgda_d,1,rerun_protocol_v1_linear_fedgda_d_seed1_alpha0p5,legacy_sample_weighted,
rerun_protocol_v1,results/rerun_protocol_v1/linear/fedgda_d/seed_1/rerun_protocol_v1_linear_fedgda_d_seed1_alpha1p0,linear,fedgda_d,1,rerun_protocol_v1_linear_fedgda_d_seed1_alpha1p0,legacy_sample_weighted,
rerun_protocol_v1,results/rerun_protocol_v1/linear/fedgda_d/seed_2/rerun_protocol_v1_linear_fedgda_d_seed2_alpha0p5,linear,fedgda_d,2,rerun_protocol_v1_linear_fedgda_d_seed2_alpha0p5,legacy_sample_weighted,
rerun_protocol_v1,results/rerun_protocol_v1/linear/fedgda_d/seed_2/rerun_protocol_v1_linear_fedgda_d_seed2_alpha1p0,linear,fedgda_d,2,rerun_protocol_v1_linear_fedgda_d_seed2_alpha1p0,legacy_sample_weighted,
rerun_protocol_v1,results/rerun_protocol_v1/linear/fedgda_d/seed_2/rerun_protocol_v1_linear_fedgda_d_seed2_alpha0p1,linear,fedgda_d,2,rerun_protocol_v1_linear_fedgda_d_seed2_alpha0p1,legacy_sample_weighted,
rerun_protocol_v1,results/rerun_protocol_v1/linear/fedgda_d/seed_0/rerun_protocol_v1_linear_fedgda_d_seed0_alpha1p0,linear,fedgda_d,0,rerun_protocol_v1_linear_fedgda_d_seed0_alpha1p0,legacy_sample_weighted,
rerun_protocol_v1,results/rerun_protocol_v1/linear/fedgda_d/seed_0/rerun_protocol_v1_linear_fedgda_d_seed0_alpha0p1,linear,fedgda_d,0,rerun_protocol_v1_linear_fedgda_d_seed0_alpha0p1,legacy_sample_weighted,
rerun_protocol_v1,results/rerun_protocol_v1/linear/fedgda_d/seed_0/rerun_protocol_v1_linear_fedgda_d_seed0_alpha0p5,linear,fedgda_d,0,rerun_protocol_v1_linear_fedgda_d_seed0_alpha0p5,legacy_sample_weighted,
rerun_protocol_v1,results/rerun_protocol_v1/linear/fedgda_s/seed_1/rerun_protocol_v1_linear_fedgda_s_seed1_alpha1p0,linear,fedgda_s,1,rerun_protocol_v1_linear_fedgda_s_seed1_alpha1p0,legacy_sample_weighted,
rerun_protocol_v1,results/rerun_protocol_v1/linear/fedgda_s/seed_1/rerun_protocol_v1_linear_fedgda_s_seed1_alpha0p5,linear,fedgda_s,1,rerun_protocol_v1_linear_fedgda_s_seed1_alpha0p5,legacy_sample_weighted,
rerun_protocol_v1,results/rerun_protocol_v1/linear/fedgda_s/seed_1/rerun_protocol_v1_linear_fedgda_s_seed1_alpha0p1,linear,fedgda_s,1,rerun_protocol_v1_linear_fedgda_s_seed1_alpha0p1,legacy_sample_weighted,
rerun_protocol_v1,results/rerun_protocol_v1/linear/fedgda_s/seed_2/rerun_protocol_v1_linear_fedgda_s_seed2_alpha0p1,linear,fedgda_s,2,rerun_protocol_v1_linear_fedgda_s_seed2_alpha0p1,legacy_sample_weighted,
rerun_protocol_v1,results/rerun_protocol_v1/linear/fedgda_s/seed_2/rerun_protocol_v1_linear_fedgda_s_seed2_alpha0p5,linear,fedgda_s,2,rerun_protocol_v1_linear_fedgda_s_seed2_alpha0p5,legacy_sample_weighted,
rerun_protocol_v1,results/rerun_protocol_v1/linear/fedgda_s/seed_2/rerun_protocol_v1_linear_fedgda_s_seed2_alpha1p0,linear,fedgda_s,2,rerun_protocol_v1_linear_fedgda_s_seed2_alpha1p0,legacy_sample_weighted,
rerun_protocol_v1,results/rerun_protocol_v1/linear/fedgda_s/seed_0/rerun_protocol_v1_linear_fedgda_s_seed0_alpha0p5,linear,fedgda_s,0,rerun_protocol_v1_linear_fedgda_s_seed0_alpha0p5,legacy_sample_weighted,
rerun_protocol_v1,results/rerun_protocol_v1/linear/fedgda_s/seed_0/rerun_protocol_v1_linear_fedgda_s_seed0_alpha0p1,linear,fedgda_s,0,rerun_protocol_v1_linear_fedgda_s_seed0_alpha0p1,legacy_sample_weighted,
rerun_protocol_v1,results/rerun_protocol_v1/linear/fedgda_s/seed_0/rerun_protocol_v1_linear_fedgda_s_seed0_alpha1p0,linear,fedgda_s,0,rerun_protocol_v1_linear_fedgda_s_seed0_alpha1p0,legacy_sample_weighted,
rerun_protocol_v1,results/rerun_protocol_v1/step/fedogda_s/seed_1/rerun_protocol_v1_step_fedogda_s_seed1_alpha0p1,step,fedogda_s,1,rerun_protocol_v1_step_fedogda_s_seed1_alpha0p1,legacy_sample_weighted,
rerun_protocol_v1,results/rerun_protocol_v1/step/fedogda_s/seed_1/rerun_protocol_v1_step_fedogda_s_seed1_alpha0p5,step,fedogda_s,1,rerun_protocol_v1_step_fedogda_s_seed1_alpha0p5,legacy_sample_weighted,
rerun_protocol_v1,results/rerun_protocol_v1/step/fedogda_s/seed_1/rerun_protocol_v1_step_fedogda_s_seed1_alpha1p0,step,fedogda_s,1,rerun_protocol_v1_step_fedogda_s_seed1_alpha1p0,legacy_sample_weighted,
rerun_protocol_v1,results/rerun_protocol_v1/step/fedogda_s/seed_2/rerun_protocol_v1_step_fedogda_s_seed2_alpha0p1,step,fedogda_s,2,rerun_protocol_v1_step_fedogda_s_seed2_alpha0p1,legacy_sample_weighted,
rerun_protocol_v1,results/rerun_protocol_v1/step/fedogda_s/seed_2/rerun_protocol_v1_step_fedogda_s_seed2_alpha1p0,step,fedogda_s,2,rerun_protocol_v1_step_fedogda_s_seed2_alpha1p0,legacy_sample_weighted,
rerun_protocol_v1,results/rerun_protocol_v1/step/fedogda_s/seed_2/rerun_protocol_v1_step_fedogda_s_seed2_alpha0p5,step,fedogda_s,2,rerun_protocol_v1_step_fedogda_s_seed2_alpha0p5,legacy_sample_weighted,
rerun_protocol_v1,results/rerun_protocol_v1/step/fedogda_s/seed_0/rerun_protocol_v1_step_fedogda_s_seed0_alpha1p0,step,fedogda_s,0,rerun_protocol_v1_step_fedogda_s_seed0_alpha1p0,legacy_sample_weighted,
rerun_protocol_v1,results/rerun_protocol_v1/step/fedogda_s/seed_0/rerun_protocol_v1_step_fedogda_s_seed0_alpha0p1,step,fedogda_s,0,rerun_protocol_v1_step_fedogda_s_seed0_alpha0p1,legacy_sample_weighted,
rerun_protocol_v1,results/rerun_protocol_v1/step/fedogda_s/seed_0/rerun_protocol_v1_step_fedogda_s_seed0_alpha0p5,step,fedogda_s,0,rerun_protocol_v1_step_fedogda_s_seed0_alpha0p5,legacy_sample_weighted,
rerun_protocol_v1,results/rerun_protocol_v1/step/fedogda_d/seed_1/rerun_protocol_v1_step_fedogda_d_seed1_alpha0p1,step,fedogda_d,1,rerun_protocol_v1_step_fedogda_d_seed1_alpha0p1,legacy_sample_weighted,
rerun_protocol_v1,results/rerun_protocol_v1/step/fedogda_d/seed_1/rerun_protocol_v1_step_fedogda_d_seed1_alpha1p0,step,fedogda_d,1,rerun_protocol_v1_step_fedogda_d_seed1_alpha1p0,legacy_sample_weighted,
rerun_protocol_v1,results/rerun_protocol_v1/step/fedogda_d/seed_1/rerun_protocol_v1_step_fedogda_d_seed1_alpha0p5,step,fedogda_d,1,rerun_protocol_v1_step_fedogda_d_seed1_alpha0p5,legacy_sample_weighted,
rerun_protocol_v1,results/rerun_protocol_v1/step/fedogda_d/seed_2/rerun_protocol_v1_step_fedogda_d_seed2_alpha0p1,step,fedogda_d,2,rerun_protocol_v1_step_fedogda_d_seed2_alpha0p1,legacy_sample_weighted,
rerun_protocol_v1,results/rerun_protocol_v1/step/fedogda_d/seed_2/rerun_protocol_v1_step_fedogda_d_seed2_alpha1p0,step,fedogda_d,2,rerun_protocol_v1_step_fedogda_d_seed2_alpha1p0,legacy_sample_weighted,
rerun_protocol_v1,results/rerun_protocol_v1/step/fedogda_d/seed_2/rerun_protocol_v1_step_fedogda_d_seed2_alpha0p5,step,fedogda_d,2,rerun_protocol_v1_step_fedogda_d_seed2_alpha0p5,legacy_sample_weighted,
rerun_protocol_v1,results/rerun_protocol_v1/step/fedogda_d/seed_0/rerun_protocol_v1_step_fedogda_d_seed0_alpha0p1,step,fedogda_d,0,rerun_protocol_v1_step_fedogda_d_seed0_alpha0p1,legacy_sample_weighted,
rerun_protocol_v1,results/rerun_protocol_v1/step/fedogda_d/seed_0/rerun_protocol_v1_step_fedogda_d_seed0_alpha0p5,step,fedogda_d,0,rerun_protocol_v1_step_fedogda_d_seed0_alpha0p5,legacy_sample_weighted,
rerun_protocol_v1,results/rerun_protocol_v1/step/fedogda_d/seed_0/rerun_protocol_v1_step_fedogda_d_seed0_alpha1p0,step,fedogda_d,0,rerun_protocol_v1_step_fedogda_d_seed0_alpha1p0,legacy_sample_weighted,
rerun_protocol_v1,results/rerun_protocol_v1/step/fedgda_d/seed_1/rerun_protocol_v1_step_fedgda_d_seed1_alpha0p5,step,fedgda_d,1,rerun_protocol_v1_step_fedgda_d_seed1_alpha0p5,legacy_sample_weighted,
rerun_protocol_v1,results/rerun_protocol_v1/step/fedgda_d/seed_1/rerun_protocol_v1_step_fedgda_d_seed1_alpha0p1,step,fedgda_d,1,rerun_protocol_v1_step_fedgda_d_seed1_alpha0p1,legacy_sample_weighted,
rerun_protocol_v1,results/rerun_protocol_v1/step/fedgda_d/seed_1/rerun_protocol_v1_step_fedgda_d_seed1_alpha1p0,step,fedgda_d,1,rerun_protocol_v1_step_fedgda_d_seed1_alpha1p0,legacy_sample_weighted,
rerun_protocol_v1,results/rerun_protocol_v1/step/fedgda_d/seed_2/rerun_protocol_v1_step_fedgda_d_seed2_alpha1p0,step,fedgda_d,2,rerun_protocol_v1_step_fedgda_d_seed2_alpha1p0,legacy_sample_weighted,
rerun_protocol_v1,results/rerun_protocol_v1/step/fedgda_d/seed_2/rerun_protocol_v1_step_fedgda_d_seed2_alpha0p5,step,fedgda_d,2,rerun_protocol_v1_step_fedgda_d_seed2_alpha0p5,legacy_sample_weighted,
rerun_protocol_v1,results/rerun_protocol_v1/step/fedgda_d/seed_2/rerun_protocol_v1_step_fedgda_d_seed2_alpha0p1,step,fedgda_d,2,rerun_protocol_v1_step_fedgda_d_seed2_alpha0p1,legacy_sample_weighted,
rerun_protocol_v1,results/rerun_protocol_v1/step/fedgda_d/seed_0/rerun_protocol_v1_step_fedgda_d_seed0_alpha0p1,step,fedgda_d,0,rerun_protocol_v1_step_fedgda_d_seed0_alpha0p1,legacy_sample_weighted,
rerun_protocol_v1,results/rerun_protocol_v1/step/fedgda_d/seed_0/rerun_protocol_v1_step_fedgda_d_seed0_alpha1p0,step,fedgda_d,0,rerun_protocol_v1_step_fedgda_d_seed0_alpha1p0,legacy_sample_weighted,
rerun_protocol_v1,results/rerun_protocol_v1/step/fedgda_d/seed_0/rerun_protocol_v1_step_fedgda_d_seed0_alpha0p5,step,fedgda_d,0,rerun_protocol_v1_step_fedgda_d_seed0_alpha0p5,legacy_sample_weighted,
rerun_protocol_v1,results/rerun_protocol_v1/step/fedgda_s/seed_1/rerun_protocol_v1_step_fedgda_s_seed1_alpha1p0,step,fedgda_s,1,rerun_protocol_v1_step_fedgda_s_seed1_alpha1p0,legacy_sample_weighted,
rerun_protocol_v1,results/rerun_protocol_v1/step/fedgda_s/seed_1/rerun_protocol_v1_step_fedgda_s_seed1_alpha0p5,step,fedgda_s,1,rerun_protocol_v1_step_fedgda_s_seed1_alpha0p5,legacy_sample_weighted,
rerun_protocol_v1,results/rerun_protocol_v1/step/fedgda_s/seed_1/rerun_protocol_v1_step_fedgda_s_seed1_alpha0p1,step,fedgda_s,1,rerun_protocol_v1_step_fedgda_s_seed1_alpha0p1,legacy_sample_weighted,
rerun_protocol_v1,results/rerun_protocol_v1/step/fedgda_s/seed_2/rerun_protocol_v1_step_fedgda_s_seed2_alpha0p1,step,fedgda_s,2,rerun_protocol_v1_step_fedgda_s_seed2_alpha0p1,legacy_sample_weighted,
rerun_protocol_v1,results/rerun_protocol_v1/step/fedgda_s/seed_2/rerun_protocol_v1_step_fedgda_s_seed2_alpha0p5,step,fedgda_s,2,rerun_protocol_v1_step_fedgda_s_seed2_alpha0p5,legacy_sample_weighted,
rerun_protocol_v1,results/rerun_protocol_v1/step/fedgda_s/seed_2/rerun_protocol_v1_step_fedgda_s_seed2_alpha1p0,step,fedgda_s,2,rerun_protocol_v1_step_fedgda_s_seed2_alpha1p0,legacy_sample_weighted,
rerun_protocol_v1,results/rerun_protocol_v1/step/fedgda_s/seed_0/rerun_protocol_v1_step_fedgda_s_seed0_alpha0p5,step,fedgda_s,0,rerun_protocol_v1_step_fedgda_s_seed0_alpha0p5,legacy_sample_weighted,
rerun_protocol_v1,results/rerun_protocol_v1/step/fedgda_s/seed_0/rerun_protocol_v1_step_fedgda_s_seed0_alpha1p0,step,fedgda_s,0,rerun_protocol_v1_step_fedgda_s_seed0_alpha1p0,legacy_sample_weighted,
rerun_protocol_v1,results/rerun_protocol_v1/step/fedgda_s/seed_0/rerun_protocol_v1_step_fedgda_s_seed0_alpha0p1,step,fedgda_s,0,rerun_protocol_v1_step_fedgda_s_seed0_alpha0p1,legacy_sample_weighted,
rerun_protocol_v1,results/rerun_protocol_v1/sin/fedogda_s/seed_1/rerun_protocol_v1_sin_fedogda_s_seed1_alpha0p5,sin,fedogda_s,1,rerun_protocol_v1_sin_fedogda_s_seed1_alpha0p5,legacy_sample_weighted,
rerun_protocol_v1,results/rerun_protocol_v1/sin/fedogda_s/seed_1/rerun_protocol_v1_sin_fedogda_s_seed1_alpha0p1,sin,fedogda_s,1,rerun_protocol_v1_sin_fedogda_s_seed1_alpha0p1,legacy_sample_weighted,
rerun_protocol_v1,results/rerun_protocol_v1/sin/fedogda_s/seed_1/rerun_protocol_v1_sin_fedogda_s_seed1_alpha1p0,sin,fedogda_s,1,rerun_protocol_v1_sin_fedogda_s_seed1_alpha1p0,legacy_sample_weighted,
rerun_protocol_v1,results/rerun_protocol_v1/sin/fedogda_s/seed_2/rerun_protocol_v1_sin_fedogda_s_seed2_alpha0p5,sin,fedogda_s,2,rerun_protocol_v1_sin_fedogda_s_seed2_alpha0p5,legacy_sample_weighted,
rerun_protocol_v1,results/rerun_protocol_v1/sin/fedogda_s/seed_2/rerun_protocol_v1_sin_fedogda_s_seed2_alpha1p0,sin,fedogda_s,2,rerun_protocol_v1_sin_fedogda_s_seed2_alpha1p0,legacy_sample_weighted,
rerun_protocol_v1,results/rerun_protocol_v1/sin/fedogda_s/seed_2/rerun_protocol_v1_sin_fedogda_s_seed2_alpha0p1,sin,fedogda_s,2,rerun_protocol_v1_sin_fedogda_s_seed2_alpha0p1,legacy_sample_weighted,
rerun_protocol_v1,results/rerun_protocol_v1/sin/fedogda_s/seed_0/rerun_protocol_v1_sin_fedogda_s_seed0_alpha1p0,sin,fedogda_s,0,rerun_protocol_v1_sin_fedogda_s_seed0_alpha1p0,legacy_sample_weighted,
rerun_protocol_v1,results/rerun_protocol_v1/sin/fedogda_s/seed_0/rerun_protocol_v1_sin_fedogda_s_seed0_alpha0p5,sin,fedogda_s,0,rerun_protocol_v1_sin_fedogda_s_seed0_alpha0p5,legacy_sample_weighted,
rerun_protocol_v1,results/rerun_protocol_v1/sin/fedogda_s/seed_0/rerun_protocol_v1_sin_fedogda_s_seed0_alpha0p1,sin,fedogda_s,0,rerun_protocol_v1_sin_fedogda_s_seed0_alpha0p1,legacy_sample_weighted,
rerun_protocol_v1,results/rerun_protocol_v1/sin/fedogda_d/seed_1/rerun_protocol_v1_sin_fedogda_d_seed1_alpha0p1,sin,fedogda_d,1,rerun_protocol_v1_sin_fedogda_d_seed1_alpha0p1,legacy_sample_weighted,
rerun_protocol_v1,results/rerun_protocol_v1/sin/fedogda_d/seed_1/rerun_protocol_v1_sin_fedogda_d_seed1_alpha1p0,sin,fedogda_d,1,rerun_protocol_v1_sin_fedogda_d_seed1_alpha1p0,legacy_sample_weighted,
rerun_protocol_v1,results/rerun_protocol_v1/sin/fedogda_d/seed_1/rerun_protocol_v1_sin_fedogda_d_seed1_alpha0p5,sin,fedogda_d,1,rerun_protocol_v1_sin_fedogda_d_seed1_alpha0p5,legacy_sample_weighted,
rerun_protocol_v1,results/rerun_protocol_v1/sin/fedogda_d/seed_2/rerun_protocol_v1_sin_fedogda_d_seed2_alpha1p0,sin,fedogda_d,2,rerun_protocol_v1_sin_fedogda_d_seed2_alpha1p0,legacy_sample_weighted,
rerun_protocol_v1,results/rerun_protocol_v1/sin/fedogda_d/seed_2/rerun_protocol_v1_sin_fedogda_d_seed2_alpha0p5,sin,fedogda_d,2,rerun_protocol_v1_sin_fedogda_d_seed2_alpha0p5,legacy_sample_weighted,
rerun_protocol_v1,results/rerun_protocol_v1/sin/fedogda_d/seed_2/rerun_protocol_v1_sin_fedogda_d_seed2_alpha0p1,sin,fedogda_d,2,rerun_protocol_v1_sin_fedogda_d_seed2_alpha0p1,legacy_sample_weighted,
rerun_protocol_v1,results/rerun_protocol_v1/sin/fedogda_d/seed_0/rerun_protocol_v1_sin_fedogda_d_seed0_alpha0p1,sin,fedogda_d,0,rerun_protocol_v1_sin_fedogda_d_seed0_alpha0p1,legacy_sample_weighted,
rerun_protocol_v1,results/rerun_protocol_v1/sin/fedogda_d/seed_0/rerun_protocol_v1_sin_fedogda_d_seed0_alpha0p5,sin,fedogda_d,0,rerun_protocol_v1_sin_fedogda_d_seed0_alpha0p5,legacy_sample_weighted,
rerun_protocol_v1,results/rerun_protocol_v1/sin/fedogda_d/seed_0/rerun_protocol_v1_sin_fedogda_d_seed0_alpha1p0,sin,fedogda_d,0,rerun_protocol_v1_sin_fedogda_d_seed0_alpha1p0,legacy_sample_weighted,
rerun_protocol_v1,results/rerun_protocol_v1/sin/fedgda_d/seed_1/rerun_protocol_v1_sin_fedgda_d_seed1_alpha1p0,sin,fedgda_d,1,rerun_protocol_v1_sin_fedgda_d_seed1_alpha1p0,legacy_sample_weighted,
rerun_protocol_v1,results/rerun_protocol_v1/sin/fedgda_d/seed_1/rerun_protocol_v1_sin_fedgda_d_seed1_alpha0p5,sin,fedgda_d,1,rerun_protocol_v1_sin_fedgda_d_seed1_alpha0p5,legacy_sample_weighted,
rerun_protocol_v1,results/rerun_protocol_v1/sin/fedgda_d/seed_1/rerun_protocol_v1_sin_fedgda_d_seed1_alpha0p1,sin,fedgda_d,1,rerun_protocol_v1_sin_fedgda_d_seed1_alpha0p1,legacy_sample_weighted,
rerun_protocol_v1,results/rerun_protocol_v1/sin/fedgda_d/seed_2/rerun_protocol_v1_sin_fedgda_d_seed2_alpha0p1,sin,fedgda_d,2,rerun_protocol_v1_sin_fedgda_d_seed2_alpha0p1,legacy_sample_weighted,
rerun_protocol_v1,results/rerun_protocol_v1/sin/fedgda_d/seed_2/rerun_protocol_v1_sin_fedgda_d_seed2_alpha0p5,sin,fedgda_d,2,rerun_protocol_v1_sin_fedgda_d_seed2_alpha0p5,legacy_sample_weighted,
rerun_protocol_v1,results/rerun_protocol_v1/sin/fedgda_d/seed_2/rerun_protocol_v1_sin_fedgda_d_seed2_alpha1p0,sin,fedgda_d,2,rerun_protocol_v1_sin_fedgda_d_seed2_alpha1p0,legacy_sample_weighted,
rerun_protocol_v1,results/rerun_protocol_v1/sin/fedgda_d/seed_0/rerun_protocol_v1_sin_fedgda_d_seed0_alpha1p0,sin,fedgda_d,0,rerun_protocol_v1_sin_fedgda_d_seed0_alpha1p0,legacy_sample_weighted,
rerun_protocol_v1,results/rerun_protocol_v1/sin/fedgda_d/seed_0/rerun_protocol_v1_sin_fedgda_d_seed0_alpha0p5,sin,fedgda_d,0,rerun_protocol_v1_sin_fedgda_d_seed0_alpha0p5,legacy_sample_weighted,
rerun_protocol_v1,results/rerun_protocol_v1/sin/fedgda_d/seed_0/rerun_protocol_v1_sin_fedgda_d_seed0_alpha0p1,sin,fedgda_d,0,rerun_protocol_v1_sin_fedgda_d_seed0_alpha0p1,legacy_sample_weighted,
rerun_protocol_v1,results/rerun_protocol_v1/sin/fedgda_s/seed_1/rerun_protocol_v1_sin_fedgda_s_seed1_alpha0p1,sin,fedgda_s,1,rerun_protocol_v1_sin_fedgda_s_seed1_alpha0p1,legacy_sample_weighted,
rerun_protocol_v1,results/rerun_protocol_v1/sin/fedgda_s/seed_1/rerun_protocol_v1_sin_fedgda_s_seed1_alpha1p0,sin,fedgda_s,1,rerun_protocol_v1_sin_fedgda_s_seed1_alpha1p0,legacy_sample_weighted,
rerun_protocol_v1,results/rerun_protocol_v1/sin/fedgda_s/seed_1/rerun_protocol_v1_sin_fedgda_s_seed1_alpha0p5,sin,fedgda_s,1,rerun_protocol_v1_sin_fedgda_s_seed1_alpha0p5,legacy_sample_weighted,
rerun_protocol_v1,results/rerun_protocol_v1/sin/fedgda_s/seed_2/rerun_protocol_v1_sin_fedgda_s_seed2_alpha0p5,sin,fedgda_s,2,rerun_protocol_v1_sin_fedgda_s_seed2_alpha0p5,legacy_sample_weighted,
rerun_protocol_v1,results/rerun_protocol_v1/sin/fedgda_s/seed_2/rerun_protocol_v1_sin_fedgda_s_seed2_alpha0p1,sin,fedgda_s,2,rerun_protocol_v1_sin_fedgda_s_seed2_alpha0p1,legacy_sample_weighted,
rerun_protocol_v1,results/rerun_protocol_v1/sin/fedgda_s/seed_2/rerun_protocol_v1_sin_fedgda_s_seed2_alpha1p0,sin,fedgda_s,2,rerun_protocol_v1_sin_fedgda_s_seed2_alpha1p0,legacy_sample_weighted,
rerun_protocol_v1,results/rerun_protocol_v1/sin/fedgda_s/seed_0/rerun_protocol_v1_sin_fedgda_s_seed0_alpha0p5,sin,fedgda_s,0,rerun_protocol_v1_sin_fedgda_s_seed0_alpha0p5,legacy_sample_weighted,
rerun_protocol_v1,results/rerun_protocol_v1/sin/fedgda_s/seed_0/rerun_protocol_v1_sin_fedgda_s_seed0_alpha1p0,sin,fedgda_s,0,rerun_protocol_v1_sin_fedgda_s_seed0_alpha1p0,legacy_sample_weighted,
rerun_protocol_v1,results/rerun_protocol_v1/sin/fedgda_s/seed_0/rerun_protocol_v1_sin_fedgda_s_seed0_alpha0p1,sin,fedgda_s,0,rerun_protocol_v1_sin_fedgda_s_seed0_alpha0p1,legacy_sample_weighted,
rerun_protocol_v1_real_images_abs_alpha1_tuning,results/rerun_protocol_v1_real_images_abs_alpha1_tuning/cifar10_z/fedogda_s/seed_0/tune_cifar10_z_fedogda_s_seed0_alpha1_lr0p01_wd0p05,cifar10_z,fedogda_s,0,tune_cifar10_z_fedogda_s_seed0_alpha1_lr0p01_wd0p05,legacy_sample_weighted,
rerun_protocol_v1_real_images_abs_alpha1_tuning,results/rerun_protocol_v1_real_images_abs_alpha1_tuning/cifar10_z/fedogda_s/seed_0/tune_cifar10_z_fedogda_s_seed0_alpha1_lr0p003_wd0p05,cifar10_z,fedogda_s,0,tune_cifar10_z_fedogda_s_seed0_alpha1_lr0p003_wd0p05,legacy_sample_weighted,
rerun_protocol_v1_real_images_abs_alpha1_tuning,results/rerun_protocol_v1_real_images_abs_alpha1_tuning/cifar10_z/fedgda_s/seed_0/tune_cifar10_z_fedgda_s_seed0_alpha1_lr0p01_wd0p05,cifar10_z,fedgda_s,0,tune_cifar10_z_fedgda_s_seed0_alpha1_lr0p01_wd0p05,legacy_sample_weighted,
rerun_protocol_v1_real_images_abs_alpha1_tuning,results/rerun_protocol_v1_real_images_abs_alpha1_tuning/cifar10_z/fedgda_s/seed_0/tune_cifar10_z_fedgda_s_seed0_alpha1_lr0p003_wd0p05,cifar10_z,fedgda_s,0,tune_cifar10_z_fedgda_s_seed0_alpha1_lr0p003_wd0p05,legacy_sample_weighted,
rerun_protocol_v1_real_images_abs_alpha1_tuning,results/rerun_protocol_v1_real_images_abs_alpha1_tuning/cifar10_x/fedogda_s/seed_0/tune_cifar10_x_fedogda_s_seed0_alpha1_lr0p003_wd0p05,cifar10_x,fedogda_s,0,tune_cifar10_x_fedogda_s_seed0_alpha1_lr0p003_wd0p05,legacy_sample_weighted,
rerun_protocol_v1_real_images_abs_alpha1_tuning,results/rerun_protocol_v1_real_images_abs_alpha1_tuning/cifar10_x/fedogda_s/seed_0/tune_cifar10_x_fedogda_s_seed0_alpha1_lr0p01_wd0p05,cifar10_x,fedogda_s,0,tune_cifar10_x_fedogda_s_seed0_alpha1_lr0p01_wd0p05,legacy_sample_weighted,
rerun_protocol_v1_real_images_abs_alpha1_tuning,results/rerun_protocol_v1_real_images_abs_alpha1_tuning/cifar10_x/fedgda_s/seed_0/tune_cifar10_x_fedgda_s_seed0_alpha1_lr0p01_wd0p05,cifar10_x,fedgda_s,0,tune_cifar10_x_fedgda_s_seed0_alpha1_lr0p01_wd0p05,legacy_sample_weighted,
rerun_protocol_v1_real_images_abs_alpha1_tuning,results/rerun_protocol_v1_real_images_abs_alpha1_tuning/cifar10_x/fedgda_s/seed_0/tune_cifar10_x_fedgda_s_seed0_alpha1_lr0p003_wd0p05,cifar10_x,fedgda_s,0,tune_cifar10_x_fedgda_s_seed0_alpha1_lr0p003_wd0p05,legacy_sample_weighted,
rerun_protocol_v1_real_images_abs_alpha1_tuning,results/rerun_protocol_v1_real_images_abs_alpha1_tuning/femnist_z/fedogda_s/seed_0/tune_femnist_z_fedogda_s_seed0_alpha1_lr0p01_wd0p05,femnist_z,fedogda_s,0,tune_femnist_z_fedogda_s_seed0_alpha1_lr0p01_wd0p05,legacy_sample_weighted,
rerun_protocol_v1_real_images_abs_alpha1_tuning,results/rerun_protocol_v1_real_images_abs_alpha1_tuning/femnist_z/fedogda_s/seed_0/tune_femnist_z_fedogda_s_seed0_alpha1_lr0p003_wd0p05,femnist_z,fedogda_s,0,tune_femnist_z_fedogda_s_seed0_alpha1_lr0p003_wd0p05,legacy_sample_weighted,
rerun_protocol_v1_real_images_abs_alpha1_tuning,results/rerun_protocol_v1_real_images_abs_alpha1_tuning/femnist_z/fedgda_s/seed_0/tune_femnist_z_fedgda_s_seed0_alpha1_lr0p003_wd0p05,femnist_z,fedgda_s,0,tune_femnist_z_fedgda_s_seed0_alpha1_lr0p003_wd0p05,legacy_sample_weighted,
rerun_protocol_v1_real_images_abs_alpha1_tuning,results/rerun_protocol_v1_real_images_abs_alpha1_tuning/femnist_z/fedgda_s/seed_0/tune_femnist_z_fedgda_s_seed0_alpha1_lr0p01_wd0p05,femnist_z,fedgda_s,0,tune_femnist_z_fedgda_s_seed0_alpha1_lr0p01_wd0p05,legacy_sample_weighted,
rerun_protocol_v1_real_images_abs_alpha1_tuning,results/rerun_protocol_v1_real_images_abs_alpha1_tuning/cifar10_xz/fedogda_s/seed_0/tune_cifar10_xz_fedogda_s_seed0_alpha1_lr0p01_wd0p05,cifar10_xz,fedogda_s,0,tune_cifar10_xz_fedogda_s_seed0_alpha1_lr0p01_wd0p05,legacy_sample_weighted,
rerun_protocol_v1_real_images_abs_alpha1_tuning,results/rerun_protocol_v1_real_images_abs_alpha1_tuning/cifar10_xz/fedogda_s/seed_0/tune_cifar10_xz_fedogda_s_seed0_alpha1_lr0p003_wd0p05,cifar10_xz,fedogda_s,0,tune_cifar10_xz_fedogda_s_seed0_alpha1_lr0p003_wd0p05,legacy_sample_weighted,
rerun_protocol_v1_real_images_abs_alpha1_tuning,results/rerun_protocol_v1_real_images_abs_alpha1_tuning/cifar10_xz/fedgda_s/seed_0/tune_cifar10_xz_fedgda_s_seed0_alpha1_lr0p003_wd0p05,cifar10_xz,fedgda_s,0,tune_cifar10_xz_fedgda_s_seed0_alpha1_lr0p003_wd0p05,legacy_sample_weighted,
rerun_protocol_v1_real_images_abs_alpha1_tuning,results/rerun_protocol_v1_real_images_abs_alpha1_tuning/cifar10_xz/fedgda_s/seed_0/tune_cifar10_xz_fedgda_s_seed0_alpha1_lr0p01_wd0p05,cifar10_xz,fedgda_s,0,tune_cifar10_xz_fedgda_s_seed0_alpha1_lr0p01_wd0p05,legacy_sample_weighted,
rerun_protocol_v1_real_images_abs_alpha1_tuning,results/rerun_protocol_v1_real_images_abs_alpha1_tuning/femnist_x/fedogda_s/seed_0/tune_femnist_x_fedogda_s_seed0_alpha1_lr0p01_wd0p05,femnist_x,fedogda_s,0,tune_femnist_x_fedogda_s_seed0_alpha1_lr0p01_wd0p05,legacy_sample_weighted,
rerun_protocol_v1_real_images_abs_alpha1_tuning,results/rerun_protocol_v1_real_images_abs_alpha1_tuning/femnist_x/fedogda_s/seed_0/tune_femnist_x_fedogda_s_seed0_alpha1_lr0p003_wd0p05,femnist_x,fedogda_s,0,tune_femnist_x_fedogda_s_seed0_alpha1_lr0p003_wd0p05,legacy_sample_weighted,
rerun_protocol_v1_real_images_abs_alpha1_tuning,results/rerun_protocol_v1_real_images_abs_alpha1_tuning/femnist_x/fedgda_s/seed_0/tune_femnist_x_fedgda_s_seed0_alpha1_lr0p01_wd0p05,femnist_x,fedgda_s,0,tune_femnist_x_fedgda_s_seed0_alpha1_lr0p01_wd0p05,legacy_sample_weighted,
rerun_protocol_v1_real_images_abs_alpha1_tuning,results/rerun_protocol_v1_real_images_abs_alpha1_tuning/femnist_x/fedgda_s/seed_0/tune_femnist_x_fedgda_s_seed0_alpha1_lr0p003_wd0p05,femnist_x,fedgda_s,0,tune_femnist_x_fedgda_s_seed0_alpha1_lr0p003_wd0p05,legacy_sample_weighted,
rerun_protocol_v1_real_images_abs_alpha1_tuning,results/rerun_protocol_v1_real_images_abs_alpha1_tuning/femnist_xz/fedogda_s/seed_0/tune_femnist_xz_fedogda_s_seed0_alpha1_lr0p01_wd0p05,femnist_xz,fedogda_s,0,tune_femnist_xz_fedogda_s_seed0_alpha1_lr0p01_wd0p05,legacy_sample_weighted,
rerun_protocol_v1_real_images_abs_alpha1_tuning,results/rerun_protocol_v1_real_images_abs_alpha1_tuning/femnist_xz/fedogda_s/seed_0/tune_femnist_xz_fedogda_s_seed0_alpha1_lr0p003_wd0p05,femnist_xz,fedogda_s,0,tune_femnist_xz_fedogda_s_seed0_alpha1_lr0p003_wd0p05,legacy_sample_weighted,
rerun_protocol_v1_real_images_abs_alpha1_tuning,results/rerun_protocol_v1_real_images_abs_alpha1_tuning/femnist_xz/fedgda_s/seed_0/tune_femnist_xz_fedgda_s_seed0_alpha1_lr0p01_wd0p05,femnist_xz,fedgda_s,0,tune_femnist_xz_fedgda_s_seed0_alpha1_lr0p01_wd0p05,legacy_sample_weighted,
rerun_protocol_v1_real_images_abs_alpha1_tuning,results/rerun_protocol_v1_real_images_abs_alpha1_tuning/femnist_xz/fedgda_s/seed_0/tune_femnist_xz_fedgda_s_seed0_alpha1_lr0p003_wd0p05,femnist_xz,fedgda_s,0,tune_femnist_xz_fedgda_s_seed0_alpha1_lr0p003_wd0p05,legacy_sample_weighted,
stability_probe_v1_20260722,results/stability_probe_v1_20260722/cifar10_x/fedgda_s/seed_0/probe_cifar10_x_fedgda_s_seed0_alpha0p1_lr0p001_cm3p0_slr1p0,cifar10_x,fedgda_s,0,probe_cifar10_x_fedgda_s_seed0_alpha0p1_lr0p001_cm3p0_slr1p0,legacy_sample_weighted,
stability_probe_v1_20260722,results/stability_probe_v1_20260722/cifar10_x/fedgda_s/seed_0/probe_cifar10_x_fedgda_s_seed0_alpha0p1_lr0p003_cm1p0_slr1p0,cifar10_x,fedgda_s,0,probe_cifar10_x_fedgda_s_seed0_alpha0p1_lr0p003_cm1p0_slr1p0,legacy_sample_weighted,
stability_probe_v1_20260722,results/stability_probe_v1_20260722/cifar10_x/fedgda_s/seed_0/probe_cifar10_x_fedgda_s_seed0_alpha0p1_lr0p001_cm3p0_slr1p5,cifar10_x,fedgda_s,0,probe_cifar10_x_fedgda_s_seed0_alpha0p1_lr0p001_cm3p0_slr1p5,legacy_sample_weighted,
stability_probe_v1_20260722,results/stability_probe_v1_20260722/cifar10_x/fedgda_s/seed_0/probe_cifar10_x_fedgda_s_seed0_alpha0p1_lr0p003_cm1p0_slr1p5,cifar10_x,fedgda_s,0,probe_cifar10_x_fedgda_s_seed0_alpha0p1_lr0p003_cm1p0_slr1p5,legacy_sample_weighted,
stability_probe_v1_20260722,results/stability_probe_v1_20260722/cifar10_x/fedgda_s/seed_0/probe_cifar10_x_fedgda_s_seed0_alpha0p1_lr0p001_cm1p0_slr1p5,cifar10_x,fedgda_s,0,probe_cifar10_x_fedgda_s_seed0_alpha0p1_lr0p001_cm1p0_slr1p5,legacy_sample_weighted,
stability_probe_v1_20260722,results/stability_probe_v1_20260722/cifar10_x/fedgda_s/seed_0/probe_cifar10_x_fedgda_s_seed0_alpha0p1_lr0p003_cm3p0_slr1p0,cifar10_x,fedgda_s,0,probe_cifar10_x_fedgda_s_seed0_alpha0p1_lr0p003_cm3p0_slr1p0,legacy_sample_weighted,
stability_probe_v1_20260722,results/stability_probe_v1_20260722/cifar10_x/fedgda_s/seed_0/probe_cifar10_x_fedgda_s_seed0_alpha0p1_lr0p003_cm3p0_slr1p5,cifar10_x,fedgda_s,0,probe_cifar10_x_fedgda_s_seed0_alpha0p1_lr0p003_cm3p0_slr1p5,legacy_sample_weighted,
stability_probe_v1_20260722,results/stability_probe_v1_20260722/cifar10_x/fedgda_s/seed_0/probe_cifar10_x_fedgda_s_seed0_alpha0p1_lr0p001_cm1p0_slr1p0,cifar10_x,fedgda_s,0,probe_cifar10_x_fedgda_s_seed0_alpha0p1_lr0p001_cm1p0_slr1p0,legacy_sample_weighted,
stability_probe_v1_20260722,results/stability_probe_v1_20260722/cifar10_xz/fedogda_s/seed_0/probe_cifar10_xz_fedogda_s_seed0_alpha0p1_lr0p003_cm3p0_slr1p5,cifar10_xz,fedogda_s,0,probe_cifar10_xz_fedogda_s_seed0_alpha0p1_lr0p003_cm3p0_slr1p5,legacy_sample_weighted,
stability_probe_v1_20260722,results/stability_probe_v1_20260722/cifar10_xz/fedogda_s/seed_0/probe_cifar10_xz_fedogda_s_seed0_alpha0p1_lr0p001_cm1p0_slr1p0,cifar10_xz,fedogda_s,0,probe_cifar10_xz_fedogda_s_seed0_alpha0p1_lr0p001_cm1p0_slr1p0,legacy_sample_weighted,
stability_probe_v1_20260722,results/stability_probe_v1_20260722/cifar10_xz/fedogda_s/seed_0/probe_cifar10_xz_fedogda_s_seed0_alpha0p1_lr0p003_cm1p0_slr1p0,cifar10_xz,fedogda_s,0,probe_cifar10_xz_fedogda_s_seed0_alpha0p1_lr0p003_cm1p0_slr1p0,legacy_sample_weighted,
stability_probe_v1_20260722,results/stability_probe_v1_20260722/cifar10_xz/fedogda_s/seed_0/probe_cifar10_xz_fedogda_s_seed0_alpha0p1_lr0p001_cm3p0_slr1p0,cifar10_xz,fedogda_s,0,probe_cifar10_xz_fedogda_s_seed0_alpha0p1_lr0p001_cm3p0_slr1p0,legacy_sample_weighted,
stability_probe_v1_20260722,results/stability_probe_v1_20260722/cifar10_xz/fedogda_s/seed_0/probe_cifar10_xz_fedogda_s_seed0_alpha0p1_lr0p001_cm1p0_slr1p5,cifar10_xz,fedogda_s,0,probe_cifar10_xz_fedogda_s_seed0_alpha0p1_lr0p001_cm1p0_slr1p5,legacy_sample_weighted,
stability_probe_v1_20260722,results/stability_probe_v1_20260722/cifar10_xz/fedogda_s/seed_0/probe_cifar10_xz_fedogda_s_seed0_alpha0p1_lr0p003_cm3p0_slr1p0,cifar10_xz,fedogda_s,0,probe_cifar10_xz_fedogda_s_seed0_alpha0p1_lr0p003_cm3p0_slr1p0,legacy_sample_weighted,
stability_probe_v1_20260722,results/stability_probe_v1_20260722/cifar10_xz/fedogda_s/seed_0/probe_cifar10_xz_fedogda_s_seed0_alpha0p1_lr0p001_cm3p0_slr1p5,cifar10_xz,fedogda_s,0,probe_cifar10_xz_fedogda_s_seed0_alpha0p1_lr0p001_cm3p0_slr1p5,legacy_sample_weighted,
stability_probe_v1_20260722,results/stability_probe_v1_20260722/cifar10_xz/fedogda_s/seed_0/probe_cifar10_xz_fedogda_s_seed0_alpha0p1_lr0p003_cm1p0_slr1p5,cifar10_xz,fedogda_s,0,probe_cifar10_xz_fedogda_s_seed0_alpha0p1_lr0p003_cm1p0_slr1p5,legacy_sample_weighted,
_profiling,results/_profiling/highdim_stochastic_gpu_util/baseline50/cifar10_z/fedogda_s/seed_0/baseline50_highdim_abs_cifar10_z_fedogda_s_seed0_alpha1_rounds50,cifar10_z,fedogda_s,0,baseline50_highdim_abs_cifar10_z_fedogda_s_seed0_alpha1_rounds50,legacy_sample_weighted,
_profiling,results/_profiling/highdim_stochastic_gpu_util/baseline50/cifar10_z/fedgda_s/seed_0/baseline50_highdim_abs_cifar10_z_fedgda_s_seed0_alpha1_rounds50,cifar10_z,fedgda_s,0,baseline50_highdim_abs_cifar10_z_fedgda_s_seed0_alpha1_rounds50,legacy_sample_weighted,
_profiling,results/_profiling/highdim_stochastic_gpu_util/baseline50/cifar10_x/fedogda_s/seed_0/baseline50_highdim_abs_cifar10_x_fedogda_s_seed0_alpha1_rounds50,cifar10_x,fedogda_s,0,baseline50_highdim_abs_cifar10_x_fedogda_s_seed0_alpha1_rounds50,legacy_sample_weighted,
_profiling,results/_profiling/highdim_stochastic_gpu_util/baseline50/cifar10_x/fedgda_s/seed_0/baseline50_highdim_abs_cifar10_x_fedgda_s_seed0_alpha1_rounds50,cifar10_x,fedgda_s,0,baseline50_highdim_abs_cifar10_x_fedgda_s_seed0_alpha1_rounds50,legacy_sample_weighted,
_profiling,results/_profiling/highdim_stochastic_gpu_util/baseline50/cifar10_xz/fedogda_s/seed_0/baseline50_highdim_abs_cifar10_xz_fedogda_s_seed0_alpha1_rounds50,cifar10_xz,fedogda_s,0,baseline50_highdim_abs_cifar10_xz_fedogda_s_seed0_alpha1_rounds50,legacy_sample_weighted,
_profiling,results/_profiling/highdim_stochastic_gpu_util/baseline50/cifar10_xz/fedgda_s/seed_0/baseline50_highdim_abs_cifar10_xz_fedgda_s_seed0_alpha1_rounds50,cifar10_xz,fedgda_s,0,baseline50_highdim_abs_cifar10_xz_fedgda_s_seed0_alpha1_rounds50,legacy_sample_weighted,
_profiling,results/_profiling/highdim_stochastic_gpu_util/auxreg_skip50/cifar10_x/fedgda_s/seed_0/auxreg_skip50_highdim_abs_cifar10_x_fedgda_s_seed0_alpha1_rounds50,cifar10_x,fedgda_s,0,auxreg_skip50_highdim_abs_cifar10_x_fedgda_s_seed0_alpha1_rounds50,legacy_sample_weighted,
_profiling,results/_profiling/highdim_stochastic_gpu_util/optimized5_smoke/cifar10_x/fedgda_s/seed_0/optimized5_smoke_highdim_abs_cifar10_x_fedgda_s_seed0_alpha1_rounds5,cifar10_x,fedgda_s,0,optimized5_smoke_highdim_abs_cifar10_x_fedgda_s_seed0_alpha1_rounds5,legacy_sample_weighted,
rerun_protocol_v1_smoke,results/rerun_protocol_v1_smoke/abs/fedgda_d/seed_0/tiny_full_gradient_seed0_alpha0p5,abs,fedgda_d,0,tiny_full_gradient_seed0_alpha0p5,legacy_sample_weighted,
centralized_lowdim_v1,results/centralized_lowdim_v1/abs/gda/seed_1,abs,gda,1,centralized_abs_gda_seed1,legacy_sample_weighted,
centralized_lowdim_v1,results/centralized_lowdim_v1/abs/gda/seed_2,abs,gda,2,centralized_abs_gda_seed2,legacy_sample_weighted,
centralized_lowdim_v1,results/centralized_lowdim_v1/abs/gda/seed_0,abs,gda,0,centralized_abs_gda_seed0,legacy_sample_weighted,
centralized_lowdim_v1,results/centralized_lowdim_v1/abs/oadam/seed_1,abs,oadam,1,centralized_abs_oadam_seed1,legacy_sample_weighted,
centralized_lowdim_v1,results/centralized_lowdim_v1/abs/oadam/seed_2,abs,oadam,2,centralized_abs_oadam_seed2,legacy_sample_weighted,
centralized_lowdim_v1,results/centralized_lowdim_v1/abs/oadam/seed_0,abs,oadam,0,centralized_abs_oadam_seed0,legacy_sample_weighted,
centralized_lowdim_v1,results/centralized_lowdim_v1/abs/sgda/seed_1,abs,sgda,1,centralized_abs_sgda_seed1,legacy_sample_weighted,
centralized_lowdim_v1,results/centralized_lowdim_v1/abs/sgda/seed_2,abs,sgda,2,centralized_abs_sgda_seed2,legacy_sample_weighted,
centralized_lowdim_v1,results/centralized_lowdim_v1/abs/sgda/seed_0,abs,sgda,0,centralized_abs_sgda_seed0,legacy_sample_weighted,
centralized_lowdim_v1,results/centralized_lowdim_v1/linear/gda/seed_1,linear,gda,1,centralized_linear_gda_seed1,legacy_sample_weighted,
centralized_lowdim_v1,results/centralized_lowdim_v1/linear/gda/seed_2,linear,gda,2,centralized_linear_gda_seed2,legacy_sample_weighted,
centralized_lowdim_v1,results/centralized_lowdim_v1/linear/gda/seed_0,linear,gda,0,centralized_linear_gda_seed0,legacy_sample_weighted,
centralized_lowdim_v1,results/centralized_lowdim_v1/linear/oadam/seed_1,linear,oadam,1,centralized_linear_oadam_seed1,legacy_sample_weighted,
centralized_lowdim_v1,results/centralized_lowdim_v1/linear/oadam/seed_2,linear,oadam,2,centralized_linear_oadam_seed2,legacy_sample_weighted,
centralized_lowdim_v1,results/centralized_lowdim_v1/linear/oadam/seed_0,linear,oadam,0,centralized_linear_oadam_seed0,legacy_sample_weighted,
centralized_lowdim_v1,results/centralized_lowdim_v1/linear/sgda/seed_1,linear,sgda,1,centralized_linear_sgda_seed1,legacy_sample_weighted,
centralized_lowdim_v1,results/centralized_lowdim_v1/linear/sgda/seed_2,linear,sgda,2,centralized_linear_sgda_seed2,legacy_sample_weighted,
centralized_lowdim_v1,results/centralized_lowdim_v1/linear/sgda/seed_0,linear,sgda,0,centralized_linear_sgda_seed0,legacy_sample_weighted,
centralized_lowdim_v1,results/centralized_lowdim_v1/step/gda/seed_1,step,gda,1,centralized_step_gda_seed1,legacy_sample_weighted,
centralized_lowdim_v1,results/centralized_lowdim_v1/step/gda/seed_2,step,gda,2,centralized_step_gda_seed2,legacy_sample_weighted,
centralized_lowdim_v1,results/centralized_lowdim_v1/step/gda/seed_0,step,gda,0,centralized_step_gda_seed0,legacy_sample_weighted,
centralized_lowdim_v1,results/centralized_lowdim_v1/step/oadam/seed_1,step,oadam,1,centralized_step_oadam_seed1,legacy_sample_weighted,
centralized_lowdim_v1,results/centralized_lowdim_v1/step/oadam/seed_2,step,oadam,2,centralized_step_oadam_seed2,legacy_sample_weighted,
centralized_lowdim_v1,results/centralized_lowdim_v1/step/oadam/seed_0,step,oadam,0,centralized_step_oadam_seed0,legacy_sample_weighted,
centralized_lowdim_v1,results/centralized_lowdim_v1/step/sgda/seed_1,step,sgda,1,centralized_step_sgda_seed1,legacy_sample_weighted,
centralized_lowdim_v1,results/centralized_lowdim_v1/step/sgda/seed_2,step,sgda,2,centralized_step_sgda_seed2,legacy_sample_weighted,
centralized_lowdim_v1,results/centralized_lowdim_v1/step/sgda/seed_0,step,sgda,0,centralized_step_sgda_seed0,legacy_sample_weighted,
centralized_lowdim_v1,results/centralized_lowdim_v1/sin/gda/seed_1,sin,gda,1,centralized_sin_gda_seed1,legacy_sample_weighted,
centralized_lowdim_v1,results/centralized_lowdim_v1/sin/gda/seed_2,sin,gda,2,centralized_sin_gda_seed2,legacy_sample_weighted,
centralized_lowdim_v1,results/centralized_lowdim_v1/sin/gda/seed_0,sin,gda,0,centralized_sin_gda_seed0,legacy_sample_weighted,
centralized_lowdim_v1,results/centralized_lowdim_v1/sin/oadam/seed_1,sin,oadam,1,centralized_sin_oadam_seed1,legacy_sample_weighted,
centralized_lowdim_v1,results/centralized_lowdim_v1/sin/oadam/seed_2,sin,oadam,2,centralized_sin_oadam_seed2,legacy_sample_weighted,
centralized_lowdim_v1,results/centralized_lowdim_v1/sin/oadam/seed_0,sin,oadam,0,centralized_sin_oadam_seed0,legacy_sample_weighted,
centralized_lowdim_v1,results/centralized_lowdim_v1/sin/sgda/seed_1,sin,sgda,1,centralized_sin_sgda_seed1,legacy_sample_weighted,
centralized_lowdim_v1,results/centralized_lowdim_v1/sin/sgda/seed_2,sin,sgda,2,centralized_sin_sgda_seed2,legacy_sample_weighted,
centralized_lowdim_v1,results/centralized_lowdim_v1/sin/sgda/seed_0,sin,sgda,0,centralized_sin_sgda_seed0,legacy_sample_weighted,
_failed,results/_failed/20260617_134220/abs/fedgda_s/seed_0/smoke,abs,fedgda_s,0,smoke,legacy_sample_weighted,
_failed,results/_failed/20260710T225238Z/real_image_abs_femnist_fedgda_s_image_indexing_bug/femnist_x/fedgda_s/seed_0/tune_femnist_x_fedgda_s_seed0_lr0p003_wd0p05,femnist_x,fedgda_s,0,tune_femnist_x_fedgda_s_seed0_lr0p003_wd0p05,legacy_sample_weighted,
_failed,results/_failed/20260710T225238Z/real_image_abs_femnist_fedogda_s_image_indexing_bug/femnist_x/fedogda_s/seed_0/tune_femnist_x_fedogda_s_seed0_lr0p003_wd0p05,femnist_x,fedogda_s,0,tune_femnist_x_fedogda_s_seed0_lr0p003_wd0p05,legacy_sample_weighted,
_failed,results/_failed/20260617_200552_fedgda_s_batch256/abs/fedgda_s/seed_0/smoke,abs,fedgda_s,0,smoke,legacy_sample_weighted,
rerun_protocol_v1_real_images_abs_alpha0p5_tuning,results/rerun_protocol_v1_real_images_abs_alpha0p5_tuning/cifar10_z/fedogda_s/seed_0/tune_cifar10_z_fedogda_s_seed0_lr0p01_wd0p05,cifar10_z,fedogda_s,0,tune_cifar10_z_fedogda_s_seed0_lr0p01_wd0p05,legacy_sample_weighted,
rerun_protocol_v1_real_images_abs_alpha0p5_tuning,results/rerun_protocol_v1_real_images_abs_alpha0p5_tuning/cifar10_z/fedogda_s/seed_0/tune_cifar10_z_fedogda_s_seed0_lr0p003_wd0p05,cifar10_z,fedogda_s,0,tune_cifar10_z_fedogda_s_seed0_lr0p003_wd0p05,legacy_sample_weighted,
rerun_protocol_v1_real_images_abs_alpha0p5_tuning,results/rerun_protocol_v1_real_images_abs_alpha0p5_tuning/cifar10_z/fedgda_s/seed_0/tune_cifar10_z_fedgda_s_seed0_lr0p003_wd0p05,cifar10_z,fedgda_s,0,tune_cifar10_z_fedgda_s_seed0_lr0p003_wd0p05,legacy_sample_weighted,
rerun_protocol_v1_real_images_abs_alpha0p5_tuning,results/rerun_protocol_v1_real_images_abs_alpha0p5_tuning/cifar10_z/fedgda_s/seed_0/tune_cifar10_z_fedgda_s_seed0_lr0p003_wd0p1,cifar10_z,fedgda_s,0,tune_cifar10_z_fedgda_s_seed0_lr0p003_wd0p1,legacy_sample_weighted,
rerun_protocol_v1_real_images_abs_alpha0p5_tuning,results/rerun_protocol_v1_real_images_abs_alpha0p5_tuning/cifar10_z/fedgda_s/seed_0/tune_cifar10_z_fedgda_s_seed0_lr0p01_wd0p05,cifar10_z,fedgda_s,0,tune_cifar10_z_fedgda_s_seed0_lr0p01_wd0p05,legacy_sample_weighted,
rerun_protocol_v1_real_images_abs_alpha0p5_tuning,results/rerun_protocol_v1_real_images_abs_alpha0p5_tuning/cifar10_x/fedogda_s/seed_0/tune_cifar10_x_fedogda_s_seed0_lr0p003_wd0p05,cifar10_x,fedogda_s,0,tune_cifar10_x_fedogda_s_seed0_lr0p003_wd0p05,legacy_sample_weighted,
rerun_protocol_v1_real_images_abs_alpha0p5_tuning,results/rerun_protocol_v1_real_images_abs_alpha0p5_tuning/cifar10_x/fedogda_s/seed_0/tune_cifar10_x_fedogda_s_seed0_lr0p01_wd0p05,cifar10_x,fedogda_s,0,tune_cifar10_x_fedogda_s_seed0_lr0p01_wd0p05,legacy_sample_weighted,
rerun_protocol_v1_real_images_abs_alpha0p5_tuning,results/rerun_protocol_v1_real_images_abs_alpha0p5_tuning/cifar10_x/fedgda_s/seed_0/tune_cifar10_x_fedgda_s_seed0_lr0p01_wd0p05,cifar10_x,fedgda_s,0,tune_cifar10_x_fedgda_s_seed0_lr0p01_wd0p05,legacy_sample_weighted,
rerun_protocol_v1_real_images_abs_alpha0p5_tuning,results/rerun_protocol_v1_real_images_abs_alpha0p5_tuning/cifar10_x/fedgda_s/seed_0/tune_cifar10_x_fedgda_s_seed0_lr0p01_wd0p1,cifar10_x,fedgda_s,0,tune_cifar10_x_fedgda_s_seed0_lr0p01_wd0p1,legacy_sample_weighted,
rerun_protocol_v1_real_images_abs_alpha0p5_tuning,results/rerun_protocol_v1_real_images_abs_alpha0p5_tuning/cifar10_x/fedgda_s/seed_0/tune_cifar10_x_fedgda_s_seed0_lr0p003_wd0p05,cifar10_x,fedgda_s,0,tune_cifar10_x_fedgda_s_seed0_lr0p003_wd0p05,legacy_sample_weighted,
rerun_protocol_v1_real_images_abs_alpha0p5_tuning,results/rerun_protocol_v1_real_images_abs_alpha0p5_tuning/cifar10_x/fedgda_s/seed_0/tune_cifar10_x_fedgda_s_seed0_lr0p003_wd0p1,cifar10_x,fedgda_s,0,tune_cifar10_x_fedgda_s_seed0_lr0p003_wd0p1,legacy_sample_weighted,
rerun_protocol_v1_real_images_abs_alpha0p5_tuning,results/rerun_protocol_v1_real_images_abs_alpha0p5_tuning/femnist_z/fedogda_s/seed_0/tune_femnist_z_fedogda_s_seed0_lr0p01_wd0p1,femnist_z,fedogda_s,0,tune_femnist_z_fedogda_s_seed0_lr0p01_wd0p1,legacy_sample_weighted,
rerun_protocol_v1_real_images_abs_alpha0p5_tuning,results/rerun_protocol_v1_real_images_abs_alpha0p5_tuning/femnist_z/fedogda_s/seed_0/tune_femnist_z_fedogda_s_seed0_lr0p01_wd0p05,femnist_z,fedogda_s,0,tune_femnist_z_fedogda_s_seed0_lr0p01_wd0p05,legacy_sample_weighted,
rerun_protocol_v1_real_images_abs_alpha0p5_tuning,results/rerun_protocol_v1_real_images_abs_alpha0p5_tuning/femnist_z/fedogda_s/seed_0/tune_femnist_z_fedogda_s_seed0_lr0p003_wd0p05,femnist_z,fedogda_s,0,tune_femnist_z_fedogda_s_seed0_lr0p003_wd0p05,legacy_sample_weighted,
rerun_protocol_v1_real_images_abs_alpha0p5_tuning,results/rerun_protocol_v1_real_images_abs_alpha0p5_tuning/femnist_z/fedogda_s/seed_0/tune_femnist_z_fedogda_s_seed0_lr0p003_wd0p1,femnist_z,fedogda_s,0,tune_femnist_z_fedogda_s_seed0_lr0p003_wd0p1,legacy_sample_weighted,
rerun_protocol_v1_real_images_abs_alpha0p5_tuning,results/rerun_protocol_v1_real_images_abs_alpha0p5_tuning/femnist_z/fedogda_d/seed_0/tune_femnist_z_fedogda_d_seed0_lr0p003_wd0p01,femnist_z,fedogda_d,0,tune_femnist_z_fedogda_d_seed0_lr0p003_wd0p01,legacy_sample_weighted,
rerun_protocol_v1_real_images_abs_alpha0p5_tuning,results/rerun_protocol_v1_real_images_abs_alpha0p5_tuning/femnist_z/fedogda_d/seed_0/tune_femnist_z_fedogda_d_seed0_lr0p001_wd0p01,femnist_z,fedogda_d,0,tune_femnist_z_fedogda_d_seed0_lr0p001_wd0p01,legacy_sample_weighted,
rerun_protocol_v1_real_images_abs_alpha0p5_tuning,results/rerun_protocol_v1_real_images_abs_alpha0p5_tuning/femnist_z/fedogda_d/seed_0/tune_femnist_z_fedogda_d_seed0_lr0p003_wd0p001,femnist_z,fedogda_d,0,tune_femnist_z_fedogda_d_seed0_lr0p003_wd0p001,legacy_sample_weighted,
rerun_protocol_v1_real_images_abs_alpha0p5_tuning,results/rerun_protocol_v1_real_images_abs_alpha0p5_tuning/femnist_z/fedogda_d/seed_0/tune_femnist_z_fedogda_d_seed0_lr0p001_wd0p001,femnist_z,fedogda_d,0,tune_femnist_z_fedogda_d_seed0_lr0p001_wd0p001,legacy_sample_weighted,
rerun_protocol_v1_real_images_abs_alpha0p5_tuning,results/rerun_protocol_v1_real_images_abs_alpha0p5_tuning/femnist_z/fedgda_d/seed_0/tune_femnist_z_fedgda_d_seed0_lr0p003_wd0p001,femnist_z,fedgda_d,0,tune_femnist_z_fedgda_d_seed0_lr0p003_wd0p001,legacy_sample_weighted,
rerun_protocol_v1_real_images_abs_alpha0p5_tuning,results/rerun_protocol_v1_real_images_abs_alpha0p5_tuning/femnist_z/fedgda_d/seed_0/tune_femnist_z_fedgda_d_seed0_lr0p003_wd0p01,femnist_z,fedgda_d,0,tune_femnist_z_fedgda_d_seed0_lr0p003_wd0p01,legacy_sample_weighted,
rerun_protocol_v1_real_images_abs_alpha0p5_tuning,results/rerun_protocol_v1_real_images_abs_alpha0p5_tuning/femnist_z/fedgda_d/seed_0/tune_femnist_z_fedgda_d_seed0_lr0p001_wd0p01,femnist_z,fedgda_d,0,tune_femnist_z_fedgda_d_seed0_lr0p001_wd0p01,legacy_sample_weighted,
rerun_protocol_v1_real_images_abs_alpha0p5_tuning,results/rerun_protocol_v1_real_images_abs_alpha0p5_tuning/femnist_z/fedgda_d/seed_0/tune_femnist_z_fedgda_d_seed0_lr0p001_wd0p001,femnist_z,fedgda_d,0,tune_femnist_z_fedgda_d_seed0_lr0p001_wd0p001,legacy_sample_weighted,
rerun_protocol_v1_real_images_abs_alpha0p5_tuning,results/rerun_protocol_v1_real_images_abs_alpha0p5_tuning/femnist_z/fedgda_s/seed_0/tune_femnist_z_fedgda_s_seed0_lr0p003_wd0p1,femnist_z,fedgda_s,0,tune_femnist_z_fedgda_s_seed0_lr0p003_wd0p1,legacy_sample_weighted,
rerun_protocol_v1_real_images_abs_alpha0p5_tuning,results/rerun_protocol_v1_real_images_abs_alpha0p5_tuning/femnist_z/fedgda_s/seed_0/tune_femnist_z_fedgda_s_seed0_lr0p01_wd0p1,femnist_z,fedgda_s,0,tune_femnist_z_fedgda_s_seed0_lr0p01_wd0p1,legacy_sample_weighted,
rerun_protocol_v1_real_images_abs_alpha0p5_tuning,results/rerun_protocol_v1_real_images_abs_alpha0p5_tuning/femnist_z/fedgda_s/seed_0/tune_femnist_z_fedgda_s_seed0_lr0p01_wd0p05,femnist_z,fedgda_s,0,tune_femnist_z_fedgda_s_seed0_lr0p01_wd0p05,legacy_sample_weighted,
rerun_protocol_v1_real_images_abs_alpha0p5_tuning,results/rerun_protocol_v1_real_images_abs_alpha0p5_tuning/femnist_z/fedgda_s/seed_0/tune_femnist_z_fedgda_s_seed0_lr0p003_wd0p05,femnist_z,fedgda_s,0,tune_femnist_z_fedgda_s_seed0_lr0p003_wd0p05,legacy_sample_weighted,
rerun_protocol_v1_real_images_abs_alpha0p5_tuning,results/rerun_protocol_v1_real_images_abs_alpha0p5_tuning/cifar10_xz/fedogda_s/seed_0/tune_cifar10_xz_fedogda_s_seed0_lr0p01_wd0p05,cifar10_xz,fedogda_s,0,tune_cifar10_xz_fedogda_s_seed0_lr0p01_wd0p05,legacy_sample_weighted,
rerun_protocol_v1_real_images_abs_alpha0p5_tuning,results/rerun_protocol_v1_real_images_abs_alpha0p5_tuning/cifar10_xz/fedogda_s/seed_0/tune_cifar10_xz_fedogda_s_seed0_lr0p003_wd0p05,cifar10_xz,fedogda_s,0,tune_cifar10_xz_fedogda_s_seed0_lr0p003_wd0p05,legacy_sample_weighted,
rerun_protocol_v1_real_images_abs_alpha0p5_tuning,results/rerun_protocol_v1_real_images_abs_alpha0p5_tuning/cifar10_xz/fedgda_s/seed_0/tune_cifar10_xz_fedgda_s_seed0_lr0p003_wd0p05,cifar10_xz,fedgda_s,0,tune_cifar10_xz_fedgda_s_seed0_lr0p003_wd0p05,legacy_sample_weighted,
rerun_protocol_v1_real_images_abs_alpha0p5_tuning,results/rerun_protocol_v1_real_images_abs_alpha0p5_tuning/cifar10_xz/fedgda_s/seed_0/tune_cifar10_xz_fedgda_s_seed0_lr0p01_wd0p05,cifar10_xz,fedgda_s,0,tune_cifar10_xz_fedgda_s_seed0_lr0p01_wd0p05,legacy_sample_weighted,
rerun_protocol_v1_real_images_abs_alpha0p5_tuning,results/rerun_protocol_v1_real_images_abs_alpha0p5_tuning/femnist_x/fedogda_s/seed_0/tune_femnist_x_fedogda_s_seed0_lr0p003_wd0p1,femnist_x,fedogda_s,0,tune_femnist_x_fedogda_s_seed0_lr0p003_wd0p1,legacy_sample_weighted,
rerun_protocol_v1_real_images_abs_alpha0p5_tuning,results/rerun_protocol_v1_real_images_abs_alpha0p5_tuning/femnist_x/fedogda_s/seed_0/tune_femnist_x_fedogda_s_seed0_lr0p01_wd0p05,femnist_x,fedogda_s,0,tune_femnist_x_fedogda_s_seed0_lr0p01_wd0p05,legacy_sample_weighted,
rerun_protocol_v1_real_images_abs_alpha0p5_tuning,results/rerun_protocol_v1_real_images_abs_alpha0p5_tuning/femnist_x/fedogda_s/seed_0/tune_femnist_x_fedogda_s_seed0_lr0p01_wd0p1,femnist_x,fedogda_s,0,tune_femnist_x_fedogda_s_seed0_lr0p01_wd0p1,legacy_sample_weighted,
rerun_protocol_v1_real_images_abs_alpha0p5_tuning,results/rerun_protocol_v1_real_images_abs_alpha0p5_tuning/femnist_x/fedogda_s/seed_0/tune_femnist_x_fedogda_s_seed0_lr0p003_wd0p05,femnist_x,fedogda_s,0,tune_femnist_x_fedogda_s_seed0_lr0p003_wd0p05,legacy_sample_weighted,
rerun_protocol_v1_real_images_abs_alpha0p5_tuning,results/rerun_protocol_v1_real_images_abs_alpha0p5_tuning/femnist_x/fedogda_d/seed_0/tune_femnist_x_fedogda_d_seed0_lr0p001_wd0p001,femnist_x,fedogda_d,0,tune_femnist_x_fedogda_d_seed0_lr0p001_wd0p001,legacy_sample_weighted,
rerun_protocol_v1_real_images_abs_alpha0p5_tuning,results/rerun_protocol_v1_real_images_abs_alpha0p5_tuning/femnist_x/fedogda_d/seed_0/tune_femnist_x_fedogda_d_seed0_lr0p003_wd0p001,femnist_x,fedogda_d,0,tune_femnist_x_fedogda_d_seed0_lr0p003_wd0p001,legacy_sample_weighted,
rerun_protocol_v1_real_images_abs_alpha0p5_tuning,results/rerun_protocol_v1_real_images_abs_alpha0p5_tuning/femnist_x/fedogda_d/seed_0/tune_femnist_x_fedogda_d_seed0_lr0p001_wd0p01,femnist_x,fedogda_d,0,tune_femnist_x_fedogda_d_seed0_lr0p001_wd0p01,legacy_sample_weighted,
rerun_protocol_v1_real_images_abs_alpha0p5_tuning,results/rerun_protocol_v1_real_images_abs_alpha0p5_tuning/femnist_x/fedogda_d/seed_0/tune_femnist_x_fedogda_d_seed0_lr0p003_wd0p01,femnist_x,fedogda_d,0,tune_femnist_x_fedogda_d_seed0_lr0p003_wd0p01,legacy_sample_weighted,
rerun_protocol_v1_real_images_abs_alpha0p5_tuning,results/rerun_protocol_v1_real_images_abs_alpha0p5_tuning/femnist_x/fedgda_d/seed_0/tune_femnist_x_fedgda_d_seed0_lr0p001_wd0p01,femnist_x,fedgda_d,0,tune_femnist_x_fedgda_d_seed0_lr0p001_wd0p01,legacy_sample_weighted,
rerun_protocol_v1_real_images_abs_alpha0p5_tuning,results/rerun_protocol_v1_real_images_abs_alpha0p5_tuning/femnist_x/fedgda_d/seed_0/tune_femnist_x_fedgda_d_seed0_lr0p003_wd0p001,femnist_x,fedgda_d,0,tune_femnist_x_fedgda_d_seed0_lr0p003_wd0p001,legacy_sample_weighted,
rerun_protocol_v1_real_images_abs_alpha0p5_tuning,results/rerun_protocol_v1_real_images_abs_alpha0p5_tuning/femnist_x/fedgda_d/seed_0/tune_femnist_x_fedgda_d_seed0_lr0p003_wd0p01,femnist_x,fedgda_d,0,tune_femnist_x_fedgda_d_seed0_lr0p003_wd0p01,legacy_sample_weighted,
rerun_protocol_v1_real_images_abs_alpha0p5_tuning,results/rerun_protocol_v1_real_images_abs_alpha0p5_tuning/femnist_x/fedgda_d/seed_0/tune_femnist_x_fedgda_d_seed0_lr0p001_wd0p001,femnist_x,fedgda_d,0,tune_femnist_x_fedgda_d_seed0_lr0p001_wd0p001,legacy_sample_weighted,
rerun_protocol_v1_real_images_abs_alpha0p5_tuning,results/rerun_protocol_v1_real_images_abs_alpha0p5_tuning/femnist_x/fedgda_s/seed_0/tune_femnist_x_fedgda_s_seed0_lr0p01_wd0p05,femnist_x,fedgda_s,0,tune_femnist_x_fedgda_s_seed0_lr0p01_wd0p05,legacy_sample_weighted,
rerun_protocol_v1_real_images_abs_alpha0p5_tuning,results/rerun_protocol_v1_real_images_abs_alpha0p5_tuning/femnist_x/fedgda_s/seed_0/tune_femnist_x_fedgda_s_seed0_lr0p01_wd0p1,femnist_x,fedgda_s,0,tune_femnist_x_fedgda_s_seed0_lr0p01_wd0p1,legacy_sample_weighted,
rerun_protocol_v1_real_images_abs_alpha0p5_tuning,results/rerun_protocol_v1_real_images_abs_alpha0p5_tuning/femnist_x/fedgda_s/seed_0/tune_femnist_x_fedgda_s_seed0_lr0p003_wd0p1,femnist_x,fedgda_s,0,tune_femnist_x_fedgda_s_seed0_lr0p003_wd0p1,legacy_sample_weighted,
rerun_protocol_v1_real_images_abs_alpha0p5_tuning,results/rerun_protocol_v1_real_images_abs_alpha0p5_tuning/femnist_x/fedgda_s/seed_0/tune_femnist_x_fedgda_s_seed0_lr0p003_wd0p05,femnist_x,fedgda_s,0,tune_femnist_x_fedgda_s_seed0_lr0p003_wd0p05,legacy_sample_weighted,
rerun_protocol_v1_real_images_abs_alpha0p5_tuning,results/rerun_protocol_v1_real_images_abs_alpha0p5_tuning/femnist_xz/fedogda_s/seed_0/tune_femnist_xz_fedogda_s_seed0_lr0p003_wd0p05,femnist_xz,fedogda_s,0,tune_femnist_xz_fedogda_s_seed0_lr0p003_wd0p05,legacy_sample_weighted,
rerun_protocol_v1_real_images_abs_alpha0p5_tuning,results/rerun_protocol_v1_real_images_abs_alpha0p5_tuning/femnist_xz/fedogda_s/seed_0/tune_femnist_xz_fedogda_s_seed0_lr0p01_wd0p05,femnist_xz,fedogda_s,0,tune_femnist_xz_fedogda_s_seed0_lr0p01_wd0p05,legacy_sample_weighted,
rerun_protocol_v1_real_images_abs_alpha0p5_tuning,results/rerun_protocol_v1_real_images_abs_alpha0p5_tuning/femnist_xz/fedgda_d/seed_0/tune_femnist_xz_fedgda_d_seed0_lr0p001_wd0p001,femnist_xz,fedgda_d,0,tune_femnist_xz_fedgda_d_seed0_lr0p001_wd0p001,legacy_sample_weighted,
rerun_protocol_v1_real_images_abs_alpha0p5_tuning,results/rerun_protocol_v1_real_images_abs_alpha0p5_tuning/femnist_xz/fedgda_d/seed_0/tune_femnist_xz_fedgda_d_seed0_lr0p001_wd0p01,femnist_xz,fedgda_d,0,tune_femnist_xz_fedgda_d_seed0_lr0p001_wd0p01,legacy_sample_weighted,
rerun_protocol_v1_real_images_abs_alpha0p5_tuning,results/rerun_protocol_v1_real_images_abs_alpha0p5_tuning/femnist_xz/fedgda_s/seed_0/tune_femnist_xz_fedgda_s_seed0_lr0p01_wd0p05,femnist_xz,fedgda_s,0,tune_femnist_xz_fedgda_s_seed0_lr0p01_wd0p05,legacy_sample_weighted,
rerun_protocol_v1_real_images_abs_alpha0p5_tuning,results/rerun_protocol_v1_real_images_abs_alpha0p5_tuning/femnist_xz/fedgda_s/seed_0/tune_femnist_xz_fedgda_s_seed0_lr0p003_wd0p1,femnist_xz,fedgda_s,0,tune_femnist_xz_fedgda_s_seed0_lr0p003_wd0p1,legacy_sample_weighted,
rerun_protocol_v1_real_images_abs_alpha0p5_tuning,results/rerun_protocol_v1_real_images_abs_alpha0p5_tuning/femnist_xz/fedgda_s/seed_0/tune_femnist_xz_fedgda_s_seed0_lr0p01_wd0p1,femnist_xz,fedgda_s,0,tune_femnist_xz_fedgda_s_seed0_lr0p01_wd0p1,legacy_sample_weighted,
rerun_protocol_v1_real_images_abs_alpha0p5_tuning,results/rerun_protocol_v1_real_images_abs_alpha0p5_tuning/femnist_xz/fedgda_s/seed_0/tune_femnist_xz_fedgda_s_seed0_lr0p003_wd0p05,femnist_xz,fedgda_s,0,tune_femnist_xz_fedgda_s_seed0_lr0p003_wd0p05,legacy_sample_weighted,
rerun_protocol_v1_real_images_abs_alpha0p1_tuning,results/rerun_protocol_v1_real_images_abs_alpha0p1_tuning/cifar10_z/fedogda_s/seed_0/tune_cifar10_z_fedogda_s_seed0_alpha0p1_lr0p01_wd0p05,cifar10_z,fedogda_s,0,tune_cifar10_z_fedogda_s_seed0_alpha0p1_lr0p01_wd0p05,legacy_sample_weighted,
rerun_protocol_v1_real_images_abs_alpha0p1_tuning,results/rerun_protocol_v1_real_images_abs_alpha0p1_tuning/cifar10_z/fedogda_s/seed_0/tune_cifar10_z_fedogda_s_seed0_alpha0p1_lr0p003_wd0p05,cifar10_z,fedogda_s,0,tune_cifar10_z_fedogda_s_seed0_alpha0p1_lr0p003_wd0p05,legacy_sample_weighted,
rerun_protocol_v1_real_images_abs_alpha0p1_tuning,results/rerun_protocol_v1_real_images_abs_alpha0p1_tuning/cifar10_z/fedgda_s/seed_0/tune_cifar10_z_fedgda_s_seed0_alpha0p1_lr0p01_wd0p05,cifar10_z,fedgda_s,0,tune_cifar10_z_fedgda_s_seed0_alpha0p1_lr0p01_wd0p05,legacy_sample_weighted,
rerun_protocol_v1_real_images_abs_alpha0p1_tuning,results/rerun_protocol_v1_real_images_abs_alpha0p1_tuning/cifar10_z/fedgda_s/seed_0/tune_cifar10_z_fedgda_s_seed0_alpha0p1_lr0p003_wd0p05,cifar10_z,fedgda_s,0,tune_cifar10_z_fedgda_s_seed0_alpha0p1_lr0p003_wd0p05,legacy_sample_weighted,
rerun_protocol_v1_real_images_abs_alpha0p1_tuning,results/rerun_protocol_v1_real_images_abs_alpha0p1_tuning/cifar10_x/fedogda_s/seed_0/tune_cifar10_x_fedogda_s_seed0_alpha0p1_lr0p003_wd0p05,cifar10_x,fedogda_s,0,tune_cifar10_x_fedogda_s_seed0_alpha0p1_lr0p003_wd0p05,legacy_sample_weighted,
rerun_protocol_v1_real_images_abs_alpha0p1_tuning,results/rerun_protocol_v1_real_images_abs_alpha0p1_tuning/cifar10_x/fedogda_s/seed_0/tune_cifar10_x_fedogda_s_seed0_alpha0p1_lr0p01_wd0p05,cifar10_x,fedogda_s,0,tune_cifar10_x_fedogda_s_seed0_alpha0p1_lr0p01_wd0p05,legacy_sample_weighted,
rerun_protocol_v1_real_images_abs_alpha0p1_tuning,results/rerun_protocol_v1_real_images_abs_alpha0p1_tuning/cifar10_x/fedgda_s/seed_0/tune_cifar10_x_fedgda_s_seed0_alpha0p1_lr0p003_wd0p05,cifar10_x,fedgda_s,0,tune_cifar10_x_fedgda_s_seed0_alpha0p1_lr0p003_wd0p05,legacy_sample_weighted,
rerun_protocol_v1_real_images_abs_alpha0p1_tuning,results/rerun_protocol_v1_real_images_abs_alpha0p1_tuning/cifar10_x/fedgda_s/seed_0/tune_cifar10_x_fedgda_s_seed0_alpha0p1_lr0p01_wd0p05,cifar10_x,fedgda_s,0,tune_cifar10_x_fedgda_s_seed0_alpha0p1_lr0p01_wd0p05,legacy_sample_weighted,
rerun_protocol_v1_real_images_abs_alpha0p1_tuning,results/rerun_protocol_v1_real_images_abs_alpha0p1_tuning/femnist_z/fedogda_s/seed_0/tune_femnist_z_fedogda_s_seed0_alpha0p1_lr0p003_wd0p05,femnist_z,fedogda_s,0,tune_femnist_z_fedogda_s_seed0_alpha0p1_lr0p003_wd0p05,legacy_sample_weighted,
rerun_protocol_v1_real_images_abs_alpha0p1_tuning,results/rerun_protocol_v1_real_images_abs_alpha0p1_tuning/femnist_z/fedogda_s/seed_0/tune_femnist_z_fedogda_s_seed0_alpha0p1_lr0p01_wd0p05,femnist_z,fedogda_s,0,tune_femnist_z_fedogda_s_seed0_alpha0p1_lr0p01_wd0p05,legacy_sample_weighted,
rerun_protocol_v1_real_images_abs_alpha0p1_tuning,results/rerun_protocol_v1_real_images_abs_alpha0p1_tuning/femnist_z/fedgda_s/seed_0/tune_femnist_z_fedgda_s_seed0_alpha0p1_lr0p003_wd0p05,femnist_z,fedgda_s,0,tune_femnist_z_fedgda_s_seed0_alpha0p1_lr0p003_wd0p05,legacy_sample_weighted,
rerun_protocol_v1_real_images_abs_alpha0p1_tuning,results/rerun_protocol_v1_real_images_abs_alpha0p1_tuning/femnist_z/fedgda_s/seed_0/tune_femnist_z_fedgda_s_seed0_alpha0p1_lr0p01_wd0p05,femnist_z,fedgda_s,0,tune_femnist_z_fedgda_s_seed0_alpha0p1_lr0p01_wd0p05,legacy_sample_weighted,
rerun_protocol_v1_real_images_abs_alpha0p1_tuning,results/rerun_protocol_v1_real_images_abs_alpha0p1_tuning/cifar10_xz/fedogda_s/seed_0/tune_cifar10_xz_fedogda_s_seed0_alpha0p1_lr0p01_wd0p05,cifar10_xz,fedogda_s,0,tune_cifar10_xz_fedogda_s_seed0_alpha0p1_lr0p01_wd0p05,legacy_sample_weighted,
rerun_protocol_v1_real_images_abs_alpha0p1_tuning,results/rerun_protocol_v1_real_images_abs_alpha0p1_tuning/cifar10_xz/fedogda_s/seed_0/tune_cifar10_xz_fedogda_s_seed0_alpha0p1_lr0p003_wd0p05,cifar10_xz,fedogda_s,0,tune_cifar10_xz_fedogda_s_seed0_alpha0p1_lr0p003_wd0p05,legacy_sample_weighted,
rerun_protocol_v1_real_images_abs_alpha0p1_tuning,results/rerun_protocol_v1_real_images_abs_alpha0p1_tuning/cifar10_xz/fedgda_s/seed_0/tune_cifar10_xz_fedgda_s_seed0_alpha0p1_lr0p003_wd0p05,cifar10_xz,fedgda_s,0,tune_cifar10_xz_fedgda_s_seed0_alpha0p1_lr0p003_wd0p05,legacy_sample_weighted,
rerun_protocol_v1_real_images_abs_alpha0p1_tuning,results/rerun_protocol_v1_real_images_abs_alpha0p1_tuning/cifar10_xz/fedgda_s/seed_0/tune_cifar10_xz_fedgda_s_seed0_alpha0p1_lr0p01_wd0p05,cifar10_xz,fedgda_s,0,tune_cifar10_xz_fedgda_s_seed0_alpha0p1_lr0p01_wd0p05,legacy_sample_weighted,
rerun_protocol_v1_real_images_abs_alpha0p1_tuning,results/rerun_protocol_v1_real_images_abs_alpha0p1_tuning/femnist_x/fedogda_s/seed_0/tune_femnist_x_fedogda_s_seed0_alpha0p1_lr0p003_wd0p05,femnist_x,fedogda_s,0,tune_femnist_x_fedogda_s_seed0_alpha0p1_lr0p003_wd0p05,legacy_sample_weighted,
rerun_protocol_v1_real_images_abs_alpha0p1_tuning,results/rerun_protocol_v1_real_images_abs_alpha0p1_tuning/femnist_x/fedogda_s/seed_0/tune_femnist_x_fedogda_s_seed0_alpha0p1_lr0p01_wd0p05,femnist_x,fedogda_s,0,tune_femnist_x_fedogda_s_seed0_alpha0p1_lr0p01_wd0p05,legacy_sample_weighted,
rerun_protocol_v1_real_images_abs_alpha0p1_tuning,results/rerun_protocol_v1_real_images_abs_alpha0p1_tuning/femnist_x/fedgda_s/seed_0/tune_femnist_x_fedgda_s_seed0_alpha0p1_lr0p003_wd0p05,femnist_x,fedgda_s,0,tune_femnist_x_fedgda_s_seed0_alpha0p1_lr0p003_wd0p05,legacy_sample_weighted,
rerun_protocol_v1_real_images_abs_alpha0p1_tuning,results/rerun_protocol_v1_real_images_abs_alpha0p1_tuning/femnist_x/fedgda_s/seed_0/tune_femnist_x_fedgda_s_seed0_alpha0p1_lr0p01_wd0p05,femnist_x,fedgda_s,0,tune_femnist_x_fedgda_s_seed0_alpha0p1_lr0p01_wd0p05,legacy_sample_weighted,
rerun_protocol_v1_real_images_abs_alpha0p1_tuning,results/rerun_protocol_v1_real_images_abs_alpha0p1_tuning/femnist_xz/fedogda_s/seed_0/tune_femnist_xz_fedogda_s_seed0_alpha0p1_lr0p01_wd0p05,femnist_xz,fedogda_s,0,tune_femnist_xz_fedogda_s_seed0_alpha0p1_lr0p01_wd0p05,legacy_sample_weighted,
rerun_protocol_v1_real_images_abs_alpha0p1_tuning,results/rerun_protocol_v1_real_images_abs_alpha0p1_tuning/femnist_xz/fedogda_s/seed_0/tune_femnist_xz_fedogda_s_seed0_alpha0p1_lr0p003_wd0p05,femnist_xz,fedogda_s,0,tune_femnist_xz_fedogda_s_seed0_alpha0p1_lr0p003_wd0p05,legacy_sample_weighted,
rerun_protocol_v1_real_images_abs_alpha0p1_tuning,results/rerun_protocol_v1_real_images_abs_alpha0p1_tuning/femnist_xz/fedgda_s/seed_0/tune_femnist_xz_fedgda_s_seed0_alpha0p1_lr0p003_wd0p05,femnist_xz,fedgda_s,0,tune_femnist_xz_fedgda_s_seed0_alpha0p1_lr0p003_wd0p05,legacy_sample_weighted,
rerun_protocol_v1_real_images_abs_alpha0p1_tuning,results/rerun_protocol_v1_real_images_abs_alpha0p1_tuning/femnist_xz/fedgda_s/seed_0/tune_femnist_xz_fedgda_s_seed0_alpha0p1_lr0p01_wd0p05,femnist_xz,fedgda_s,0,tune_femnist_xz_fedgda_s_seed0_alpha0p1_lr0p01_wd0p05,legacy_sample_weighted,
