source_family,dataset,method,method_label,alpha,seed,prediction_key_used,curve_mse,curve_mae,curve_max_abs_error,best_validation_mse,test_mse_at_best_validation,final_test_mse,included,prediction_path,result_dir
base_sweep,abs,fedgda_d,FedGDA-D,0.1,0,best_validation_prediction,0.0116103374545564,0.0874918001586946,0.4160634642420284,0.0113588839248119,0.0116103374545564,0.0116103374545564,True,results/rerun_protocol_v1/abs/fedgda_d/seed_0/rerun_protocol_v1_abs_fedgda_d_seed0_alpha0p1/predictions.npz,results/rerun_protocol_v1/abs/fedgda_d/seed_0/rerun_protocol_v1_abs_fedgda_d_seed0_alpha0p1
base_sweep,abs,fedgda_d,FedGDA-D,0.1,1,best_validation_prediction,0.0067379375553596,0.0693757370589387,0.3175162938145841,0.0065612445545074,0.0067379375553595,0.0080858826104512,True,results/rerun_protocol_v1/abs/fedgda_d/seed_1/rerun_protocol_v1_abs_fedgda_d_seed1_alpha0p1/predictions.npz,results/rerun_protocol_v1/abs/fedgda_d/seed_1/rerun_protocol_v1_abs_fedgda_d_seed1_alpha0p1
base_sweep,abs,fedgda_d,FedGDA-D,0.1,2,best_validation_prediction,0.0372963691566733,0.1595789308288549,0.7920724673756521,0.0363386139857354,0.0372963691566734,0.0372963691566734,True,results/rerun_protocol_v1/abs/fedgda_d/seed_2/rerun_protocol_v1_abs_fedgda_d_seed2_alpha0p1/predictions.npz,results/rerun_protocol_v1/abs/fedgda_d/seed_2/rerun_protocol_v1_abs_fedgda_d_seed2_alpha0p1
base_sweep,abs,fedgda_d,FedGDA-D,0.5,0,best_validation_prediction,0.0103339272561653,0.0821485602407359,0.4009614536142878,0.0101078552020007,0.0103339272561653,0.0103339272561653,True,results/rerun_protocol_v1/abs/fedgda_d/seed_0/rerun_protocol_v1_abs_fedgda_d_seed0_alpha0p5/predictions.npz,results/rerun_protocol_v1/abs/fedgda_d/seed_0/rerun_protocol_v1_abs_fedgda_d_seed0_alpha0p5
base_sweep,abs,fedgda_d,FedGDA-D,0.5,1,best_validation_prediction,0.0067967435180782,0.0696977185618476,0.32013736740421,0.0066178059687769,0.0067967435180782,0.0085850867438286,True,results/rerun_protocol_v1/abs/fedgda_d/seed_1/rerun_protocol_v1_abs_fedgda_d_seed1_alpha0p5/predictions.npz,results/rerun_protocol_v1/abs/fedgda_d/seed_1/rerun_protocol_v1_abs_fedgda_d_seed1_alpha0p5
base_sweep,abs,fedgda_d,FedGDA-D,0.5,2,best_validation_prediction,0.0361238569239145,0.1569441805473489,0.7761777218888104,0.035202733981553,0.0361238569239146,0.0361238569239146,True,results/rerun_protocol_v1/abs/fedgda_d/seed_2/rerun_protocol_v1_abs_fedgda_d_seed2_alpha0p5/predictions.npz,results/rerun_protocol_v1/abs/fedgda_d/seed_2/rerun_protocol_v1_abs_fedgda_d_seed2_alpha0p5
base_sweep,abs,fedgda_d,FedGDA-D,1.0,0,best_validation_prediction,0.0096877656021609,0.0793381885222823,0.395237362118602,0.0094931610131617,0.0096877656021609,0.0096877656021609,True,results/rerun_protocol_v1/abs/fedgda_d/seed_0/rerun_protocol_v1_abs_fedgda_d_seed0_alpha1p0/predictions.npz,results/rerun_protocol_v1/abs/fedgda_d/seed_0/rerun_protocol_v1_abs_fedgda_d_seed0_alpha1p0
base_sweep,abs,fedgda_d,FedGDA-D,1.0,1,best_validation_prediction,0.0069985737178872,0.070537802735742,0.3288946887887638,0.0068136035300523,0.0069985737178872,0.0095155269395834,True,results/rerun_protocol_v1/abs/fedgda_d/seed_1/rerun_protocol_v1_abs_fedgda_d_seed1_alpha1p0/predictions.npz,results/rerun_protocol_v1/abs/fedgda_d/seed_1/rerun_protocol_v1_abs_fedgda_d_seed1_alpha1p0
base_sweep,abs,fedgda_d,FedGDA-D,1.0,2,best_validation_prediction,0.0364878205931767,0.1577191563353857,0.7783179763787267,0.0355639180590691,0.0364878205931765,0.0364878205931765,True,results/rerun_protocol_v1/abs/fedgda_d/seed_2/rerun_protocol_v1_abs_fedgda_d_seed2_alpha1p0/predictions.npz,results/rerun_protocol_v1/abs/fedgda_d/seed_2/rerun_protocol_v1_abs_fedgda_d_seed2_alpha1p0
base_sweep,abs,fedgda_s,FedGDA-S,0.1,0,best_validation_prediction,0.000701467695507,0.0182377413180227,0.1132903622947676,0.0006777260996648,0.000701467695507,0.0027008256542297,True,results/rerun_protocol_v1/abs/fedgda_s/seed_0/rerun_protocol_v1_abs_fedgda_s_seed0_alpha0p1/predictions.npz,results/rerun_protocol_v1/abs/fedgda_s/seed_0/rerun_protocol_v1_abs_fedgda_s_seed0_alpha0p1
base_sweep,abs,fedgda_s,FedGDA-S,0.1,1,best_validation_prediction,0.0063998545048404,0.0677062956771189,0.3140563823528146,0.0062256801759515,0.0063998545048404,0.007709806988742,True,results/rerun_protocol_v1/abs/fedgda_s/seed_1/rerun_protocol_v1_abs_fedgda_s_seed1_alpha0p1/predictions.npz,results/rerun_protocol_v1/abs/fedgda_s/seed_1/rerun_protocol_v1_abs_fedgda_s_seed1_alpha0p1
base_sweep,abs,fedgda_s,FedGDA-S,0.1,2,best_validation_prediction,0.0013974706316965,0.02547548674902,0.1403233990180729,0.0013642446348014,0.0013974706316965,0.0060858001334773,True,results/rerun_protocol_v1/abs/fedgda_s/seed_2/rerun_protocol_v1_abs_fedgda_s_seed2_alpha0p1/predictions.npz,results/rerun_protocol_v1/abs/fedgda_s/seed_2/rerun_protocol_v1_abs_fedgda_s_seed2_alpha0p1
base_sweep,abs,fedgda_s,FedGDA-S,0.5,0,best_validation_prediction,0.0005328621876962,0.0159967191737542,0.1004118166052279,0.000523734151874,0.0005328621876962,0.0011184323427984,True,results/rerun_protocol_v1/abs/fedgda_s/seed_0/rerun_protocol_v1_abs_fedgda_s_seed0_alpha0p5/predictions.npz,results/rerun_protocol_v1/abs/fedgda_s/seed_0/rerun_protocol_v1_abs_fedgda_s_seed0_alpha0p5
base_sweep,abs,fedgda_s,FedGDA-S,0.5,1,best_validation_prediction,0.0065622324701178,0.0686814091647979,0.2718671433646999,0.0064190842400504,0.0065622324701178,0.0086412352460949,True,results/rerun_protocol_v1/abs/fedgda_s/seed_1/rerun_protocol_v1_abs_fedgda_s_seed1_alpha0p5/predictions.npz,results/rerun_protocol_v1/abs/fedgda_s/seed_1/rerun_protocol_v1_abs_fedgda_s_seed1_alpha0p5
base_sweep,abs,fedgda_s,FedGDA-S,0.5,2,best_validation_prediction,0.0010346327801986,0.0247577831515205,0.1224814734879219,0.0010057351698245,0.0010346327801986,0.0054777432178673,True,results/rerun_protocol_v1/abs/fedgda_s/seed_2/rerun_protocol_v1_abs_fedgda_s_seed2_alpha0p5/predictions.npz,results/rerun_protocol_v1/abs/fedgda_s/seed_2/rerun_protocol_v1_abs_fedgda_s_seed2_alpha0p5
base_sweep,abs,fedgda_s,FedGDA-S,1.0,0,best_validation_prediction,0.0006057864695677,0.0163553976465718,0.1009726377185481,0.0005863352658592,0.0006057864695677,0.0052234356849736,True,results/rerun_protocol_v1/abs/fedgda_s/seed_0/rerun_protocol_v1_abs_fedgda_s_seed0_alpha1p0/predictions.npz,results/rerun_protocol_v1/abs/fedgda_s/seed_0/rerun_protocol_v1_abs_fedgda_s_seed0_alpha1p0
base_sweep,abs,fedgda_s,FedGDA-S,1.0,1,best_validation_prediction,0.0069051239904745,0.0711559410905213,0.2666316601213063,0.0067637938333682,0.0069051239904745,0.0069988871506201,True,results/rerun_protocol_v1/abs/fedgda_s/seed_1/rerun_protocol_v1_abs_fedgda_s_seed1_alpha1p0/predictions.npz,results/rerun_protocol_v1/abs/fedgda_s/seed_1/rerun_protocol_v1_abs_fedgda_s_seed1_alpha1p0
base_sweep,abs,fedgda_s,FedGDA-S,1.0,2,best_validation_prediction,0.0010968679157301,0.0245550583759635,0.1296182074297397,0.0010598985846768,0.0010968679157301,0.0052824721715271,True,results/rerun_protocol_v1/abs/fedgda_s/seed_2/rerun_protocol_v1_abs_fedgda_s_seed2_alpha1p0/predictions.npz,results/rerun_protocol_v1/abs/fedgda_s/seed_2/rerun_protocol_v1_abs_fedgda_s_seed2_alpha1p0
base_sweep,abs,fedogda_d,FedOGDA-D,0.1,0,best_validation_prediction,0.0107982605128912,0.084174959736159,0.4047808760837215,0.0105681540142306,0.0107982605128913,0.0107982605128913,True,results/rerun_protocol_v1/abs/fedogda_d/seed_0/rerun_protocol_v1_abs_fedogda_d_seed0_alpha0p1/predictions.npz,results/rerun_protocol_v1/abs/fedogda_d/seed_0/rerun_protocol_v1_abs_fedogda_d_seed0_alpha0p1
base_sweep,abs,fedogda_d,FedOGDA-D,0.1,1,best_validation_prediction,0.0067872167072841,0.0696439395239605,0.317436871620413,0.0066106438795747,0.0067872167072841,0.0083906963986027,True,results/rerun_protocol_v1/abs/fedogda_d/seed_1/rerun_protocol_v1_abs_fedogda_d_seed1_alpha0p1/predictions.npz,results/rerun_protocol_v1/abs/fedogda_d/seed_1/rerun_protocol_v1_abs_fedogda_d_seed1_alpha0p1
base_sweep,abs,fedogda_d,FedOGDA-D,0.1,2,best_validation_prediction,0.0353013954127928,0.1551817319581709,0.7655850069631303,0.0344018038607198,0.0353013954127931,0.0353013954127931,True,results/rerun_protocol_v1/abs/fedogda_d/seed_2/rerun_protocol_v1_abs_fedogda_d_seed2_alpha0p1/predictions.npz,results/rerun_protocol_v1/abs/fedogda_d/seed_2/rerun_protocol_v1_abs_fedogda_d_seed2_alpha0p1
base_sweep,abs,fedogda_d,FedOGDA-D,0.5,0,best_validation_prediction,0.0091188163258097,0.076733745749692,0.3816267525685386,0.0089213594209803,0.0091188163258097,0.0091188163258097,True,results/rerun_protocol_v1/abs/fedogda_d/seed_0/rerun_protocol_v1_abs_fedogda_d_seed0_alpha0p5/predictions.npz,results/rerun_protocol_v1/abs/fedogda_d/seed_0/rerun_protocol_v1_abs_fedogda_d_seed0_alpha0p5
base_sweep,abs,fedogda_d,FedOGDA-D,0.5,1,best_validation_prediction,0.0068767171765257,0.0701196436114154,0.3225973559069963,0.006696059556379,0.0068767171765257,0.0090720217151677,True,results/rerun_protocol_v1/abs/fedogda_d/seed_1/rerun_protocol_v1_abs_fedogda_d_seed1_alpha0p5/predictions.npz,results/rerun_protocol_v1/abs/fedogda_d/seed_1/rerun_protocol_v1_abs_fedogda_d_seed1_alpha0p5
base_sweep,abs,fedogda_d,FedOGDA-D,0.5,2,best_validation_prediction,0.0337725555795278,0.1516587497072447,0.7445242934615506,0.0329192052451199,0.0337725555795279,0.0337725555795279,True,results/rerun_protocol_v1/abs/fedogda_d/seed_2/rerun_protocol_v1_abs_fedogda_d_seed2_alpha0p5/predictions.npz,results/rerun_protocol_v1/abs/fedogda_d/seed_2/rerun_protocol_v1_abs_fedogda_d_seed2_alpha0p5
base_sweep,abs,fedogda_d,FedOGDA-D,1.0,0,best_validation_prediction,0.0084268575833965,0.0735213294228807,0.3745725780208957,0.0082617368462706,0.0084268575833965,0.0084268575833965,True,results/rerun_protocol_v1/abs/fedogda_d/seed_0/rerun_protocol_v1_abs_fedogda_d_seed0_alpha1p0/predictions.npz,results/rerun_protocol_v1/abs/fedogda_d/seed_0/rerun_protocol_v1_abs_fedogda_d_seed0_alpha1p0
base_sweep,abs,fedogda_d,FedOGDA-D,1.0,1,best_validation_prediction,0.0070648165886723,0.0709225420516738,0.3291264321998062,0.0068799135431462,0.0070648165886723,0.0100364027496025,True,results/rerun_protocol_v1/abs/fedogda_d/seed_1/rerun_protocol_v1_abs_fedogda_d_seed1_alpha1p0/predictions.npz,results/rerun_protocol_v1/abs/fedogda_d/seed_1/rerun_protocol_v1_abs_fedogda_d_seed1_alpha1p0
base_sweep,abs,fedogda_d,FedOGDA-D,1.0,2,best_validation_prediction,0.0338798680146548,0.1519025672209966,0.7415992247190664,0.0330347210713479,0.0338798680146548,0.0338798680146548,True,results/rerun_protocol_v1/abs/fedogda_d/seed_2/rerun_protocol_v1_abs_fedogda_d_seed2_alpha1p0/predictions.npz,results/rerun_protocol_v1/abs/fedogda_d/seed_2/rerun_protocol_v1_abs_fedogda_d_seed2_alpha1p0
base_sweep,abs,fedogda_s,FedOGDA-S,0.1,0,best_validation_prediction,0.0042241316045634,0.0486084303943557,0.303570714510277,0.0041705649817944,0.0042241316045635,0.0042320397983268,True,results/rerun_protocol_v1/abs/fedogda_s/seed_0/rerun_protocol_v1_abs_fedogda_s_seed0_alpha0p1/predictions.npz,results/rerun_protocol_v1/abs/fedogda_s/seed_0/rerun_protocol_v1_abs_fedogda_s_seed0_alpha0p1
base_sweep,abs,fedogda_s,FedOGDA-S,0.1,1,best_validation_prediction,0.0064921149167895,0.0688796578128027,0.2434559063002008,0.0063707108276686,0.0064921149167895,0.014664088416751,True,results/rerun_protocol_v1/abs/fedogda_s/seed_1/rerun_protocol_v1_abs_fedogda_s_seed1_alpha0p1/predictions.npz,results/rerun_protocol_v1/abs/fedogda_s/seed_1/rerun_protocol_v1_abs_fedogda_s_seed1_alpha0p1
base_sweep,abs,fedogda_s,FedOGDA-S,0.1,2,best_validation_prediction,0.0253362970874134,0.1309103638923054,0.6017916300554147,0.0248071593146204,0.0253362970874135,0.0256229873368947,True,results/rerun_protocol_v1/abs/fedogda_s/seed_2/rerun_protocol_v1_abs_fedogda_s_seed2_alpha0p1/predictions.npz,results/rerun_protocol_v1/abs/fedogda_s/seed_2/rerun_protocol_v1_abs_fedogda_s_seed2_alpha0p1
base_sweep,abs,fedogda_s,FedOGDA-S,0.5,0,best_validation_prediction,0.0067017122918489,0.0653886374362637,0.3047456764607392,0.0065320756878727,0.0067017122918489,0.0067017122918489,True,results/rerun_protocol_v1/abs/fedogda_s/seed_0/rerun_protocol_v1_abs_fedogda_s_seed0_alpha0p5/predictions.npz,results/rerun_protocol_v1/abs/fedogda_s/seed_0/rerun_protocol_v1_abs_fedogda_s_seed0_alpha0p5
base_sweep,abs,fedogda_s,FedOGDA-S,0.5,1,best_validation_prediction,0.0069693772045246,0.0704133146868543,0.2773975925449905,0.0068283945338456,0.0069693772045246,0.0089884552767311,True,results/rerun_protocol_v1/abs/fedogda_s/seed_1/rerun_protocol_v1_abs_fedogda_s_seed1_alpha0p5/predictions.npz,results/rerun_protocol_v1/abs/fedogda_s/seed_1/rerun_protocol_v1_abs_fedogda_s_seed1_alpha0p5
base_sweep,abs,fedogda_s,FedOGDA-S,0.5,2,best_validation_prediction,0.0324166346743133,0.1497271240650751,0.6512901927808594,0.0317815520773255,0.0324166346743133,0.0324166346743133,True,results/rerun_protocol_v1/abs/fedogda_s/seed_2/rerun_protocol_v1_abs_fedogda_s_seed2_alpha0p5/predictions.npz,results/rerun_protocol_v1/abs/fedogda_s/seed_2/rerun_protocol_v1_abs_fedogda_s_seed2_alpha0p5
base_sweep,abs,fedogda_s,FedOGDA-S,1.0,0,best_validation_prediction,0.0071016967852039,0.06567072656491,0.3885953769153158,0.0070035988293627,0.0071016967852039,0.0071016967852039,True,results/rerun_protocol_v1/abs/fedogda_s/seed_0/rerun_protocol_v1_abs_fedogda_s_seed0_alpha1p0/predictions.npz,results/rerun_protocol_v1/abs/fedogda_s/seed_0/rerun_protocol_v1_abs_fedogda_s_seed0_alpha1p0
base_sweep,abs,fedogda_s,FedOGDA-S,1.0,1,best_validation_prediction,0.0067897827381245,0.0698613674504137,0.2720716368510265,0.0066381817929484,0.0067897827381245,0.0119517361010142,True,results/rerun_protocol_v1/abs/fedogda_s/seed_1/rerun_protocol_v1_abs_fedogda_s_seed1_alpha1p0/predictions.npz,results/rerun_protocol_v1/abs/fedogda_s/seed_1/rerun_protocol_v1_abs_fedogda_s_seed1_alpha1p0
base_sweep,abs,fedogda_s,FedOGDA-S,1.0,2,best_validation_prediction,0.0344150376825778,0.1528769572710351,0.7714116847390695,0.033496169643517,0.0344150376825777,0.0344150376825777,True,results/rerun_protocol_v1/abs/fedogda_s/seed_2/rerun_protocol_v1_abs_fedogda_s_seed2_alpha1p0/predictions.npz,results/rerun_protocol_v1/abs/fedogda_s/seed_2/rerun_protocol_v1_abs_fedogda_s_seed2_alpha1p0
base_sweep,linear,fedgda_d,FedGDA-D,0.1,0,best_validation_prediction,0.0004199429324609,0.0157986699310842,0.1197914342759767,0.0004173573645041,0.0004199429324609,0.0010586869489791,True,results/rerun_protocol_v1/linear/fedgda_d/seed_0/rerun_protocol_v1_linear_fedgda_d_seed0_alpha0p1/predictions.npz,results/rerun_protocol_v1/linear/fedgda_d/seed_0/rerun_protocol_v1_linear_fedgda_d_seed0_alpha0p1
base_sweep,linear,fedgda_d,FedGDA-D,0.1,1,best_validation_prediction,0.0014605749687742,0.0314936390329637,0.2020789009560029,0.0014581679929784,0.0014605749687742,0.0016355022140316,True,results/rerun_protocol_v1/linear/fedgda_d/seed_1/rerun_protocol_v1_linear_fedgda_d_seed1_alpha0p1/predictions.npz,results/rerun_protocol_v1/linear/fedgda_d/seed_1/rerun_protocol_v1_linear_fedgda_d_seed1_alpha0p1
base_sweep,linear,fedgda_d,FedGDA-D,0.1,2,best_validation_prediction,0.010981465111731,0.0855059944480154,0.5110967037439109,0.0108595727230222,0.0109814651117309,0.0120191330744313,True,results/rerun_protocol_v1/linear/fedgda_d/seed_2/rerun_protocol_v1_linear_fedgda_d_seed2_alpha0p1/predictions.npz,results/rerun_protocol_v1/linear/fedgda_d/seed_2/rerun_protocol_v1_linear_fedgda_d_seed2_alpha0p1
base_sweep,linear,fedgda_d,FedGDA-D,0.5,0,best_validation_prediction,0.0004200587930385,0.0157999928461857,0.1183461880713436,0.0004174359611956,0.0004200587930385,0.0012155682081471,True,results/rerun_protocol_v1/linear/fedgda_d/seed_0/rerun_protocol_v1_linear_fedgda_d_seed0_alpha0p5/predictions.npz,results/rerun_protocol_v1/linear/fedgda_d/seed_0/rerun_protocol_v1_linear_fedgda_d_seed0_alpha0p5
base_sweep,linear,fedgda_d,FedGDA-D,0.5,1,best_validation_prediction,0.0013492627216256,0.029332691562546,0.200081958443782,0.0013490594938817,0.0013492627216256,0.0030593528904176,True,results/rerun_protocol_v1/linear/fedgda_d/seed_1/rerun_protocol_v1_linear_fedgda_d_seed1_alpha0p5/predictions.npz,results/rerun_protocol_v1/linear/fedgda_d/seed_1/rerun_protocol_v1_linear_fedgda_d_seed1_alpha0p5
base_sweep,linear,fedgda_d,FedGDA-D,0.5,2,best_validation_prediction,0.0109298075390691,0.0860279903643961,0.4491386479904478,0.0106003532963832,0.0109298075390691,0.0109298075390691,True,results/rerun_protocol_v1/linear/fedgda_d/seed_2/rerun_protocol_v1_linear_fedgda_d_seed2_alpha0p5/predictions.npz,results/rerun_protocol_v1/linear/fedgda_d/seed_2/rerun_protocol_v1_linear_fedgda_d_seed2_alpha0p5
base_sweep,linear,fedgda_d,FedGDA-D,1.0,0,best_validation_prediction,0.0004227994945007,0.0156834103211887,0.1207001542858317,0.0004203832184381,0.0004227994945007,0.0011833382733803,True,results/rerun_protocol_v1/linear/fedgda_d/seed_0/rerun_protocol_v1_linear_fedgda_d_seed0_alpha1p0/predictions.npz,results/rerun_protocol_v1/linear/fedgda_d/seed_0/rerun_protocol_v1_linear_fedgda_d_seed0_alpha1p0
base_sweep,linear,fedgda_d,FedGDA-D,1.0,1,best_validation_prediction,0.0012460202309047,0.026803198923791,0.1972170251636662,0.0012464535657295,0.0012460202309047,0.0035468467741054,True,results/rerun_protocol_v1/linear/fedgda_d/seed_1/rerun_protocol_v1_linear_fedgda_d_seed1_alpha1p0/predictions.npz,results/rerun_protocol_v1/linear/fedgda_d/seed_1/rerun_protocol_v1_linear_fedgda_d_seed1_alpha1p0
base_sweep,linear,fedgda_d,FedGDA-D,1.0,2,best_validation_prediction,0.0108048738239335,0.0856159800995117,0.4455374414252671,0.0104819292188082,0.0108048738239335,0.0108048738239335,True,results/rerun_protocol_v1/linear/fedgda_d/seed_2/rerun_protocol_v1_linear_fedgda_d_seed2_alpha1p0/predictions.npz,results/rerun_protocol_v1/linear/fedgda_d/seed_2/rerun_protocol_v1_linear_fedgda_d_seed2_alpha1p0
base_sweep,linear,fedgda_s,FedGDA-S,0.1,0,best_validation_prediction,6.552064568177566e-05,0.005727058910017,0.0245926828637437,6.481662991840837e-05,6.552064568177548e-05,0.0008994462719826,True,results/rerun_protocol_v1/linear/fedgda_s/seed_0/rerun_protocol_v1_linear_fedgda_s_seed0_alpha0p1/predictions.npz,results/rerun_protocol_v1/linear/fedgda_s/seed_0/rerun_protocol_v1_linear_fedgda_s_seed0_alpha0p1
base_sweep,linear,fedgda_s,FedGDA-S,0.1,1,best_validation_prediction,0.0007707277504424,0.0258140137520892,0.0518785594092845,0.00076718821964,0.0007707277504424,0.0243907393099345,True,results/rerun_protocol_v1/linear/fedgda_s/seed_1/rerun_protocol_v1_linear_fedgda_s_seed1_alpha0p1/predictions.npz,results/rerun_protocol_v1/linear/fedgda_s/seed_1/rerun_protocol_v1_linear_fedgda_s_seed1_alpha0p1
base_sweep,linear,fedgda_s,FedGDA-S,0.1,2,best_validation_prediction,0.0003183418505488,0.0151706277291926,0.06931606560252,0.0003148451342411,0.0003183418505488,0.0049113747627645,True,results/rerun_protocol_v1/linear/fedgda_s/seed_2/rerun_protocol_v1_linear_fedgda_s_seed2_alpha0p1/predictions.npz,results/rerun_protocol_v1/linear/fedgda_s/seed_2/rerun_protocol_v1_linear_fedgda_s_seed2_alpha0p1
base_sweep,linear,fedgda_s,FedGDA-S,0.5,0,best_validation_prediction,0.0001665673211154,0.0113947884605433,0.07744724577989,0.000165564635571,0.0001665673211154,0.0023926975756404,True,results/rerun_protocol_v1/linear/fedgda_s/seed_0/rerun_protocol_v1_linear_fedgda_s_seed0_alpha0p5/predictions.npz,results/rerun_protocol_v1/linear/fedgda_s/seed_0/rerun_protocol_v1_linear_fedgda_s_seed0_alpha0p5
base_sweep,linear,fedgda_s,FedGDA-S,0.5,1,best_validation_prediction,0.000506919413258,0.0192090574229852,0.08819429222807,0.0005037077502202,0.0005069194132579,0.0173331805922615,True,results/rerun_protocol_v1/linear/fedgda_s/seed_1/rerun_protocol_v1_linear_fedgda_s_seed1_alpha0p5/predictions.npz,results/rerun_protocol_v1/linear/fedgda_s/seed_1/rerun_protocol_v1_linear_fedgda_s_seed1_alpha0p5
base_sweep,linear,fedgda_s,FedGDA-S,0.5,2,best_validation_prediction,0.0003959586262426,0.0167301303382454,0.083165490940674,0.0003896788935959,0.0003959586262426,0.0068096349686642,True,results/rerun_protocol_v1/linear/fedgda_s/seed_2/rerun_protocol_v1_linear_fedgda_s_seed2_alpha0p5/predictions.npz,results/rerun_protocol_v1/linear/fedgda_s/seed_2/rerun_protocol_v1_linear_fedgda_s_seed2_alpha0p5
base_sweep,linear,fedgda_s,FedGDA-S,1.0,0,best_validation_prediction,8.424079270976265e-05,0.0074806930898742,0.0227949010518691,8.541445515506145e-05,8.424079270976279e-05,0.0048459042252666,True,results/rerun_protocol_v1/linear/fedgda_s/seed_0/rerun_protocol_v1_linear_fedgda_s_seed0_alpha1p0/predictions.npz,results/rerun_protocol_v1/linear/fedgda_s/seed_0/rerun_protocol_v1_linear_fedgda_s_seed0_alpha1p0
base_sweep,linear,fedgda_s,FedGDA-S,1.0,1,best_validation_prediction,0.0006129201898141,0.0186190376177733,0.1350269105560044,0.0005866422902324,0.0006129201898141,0.0119802642393934,True,results/rerun_protocol_v1/linear/fedgda_s/seed_1/rerun_protocol_v1_linear_fedgda_s_seed1_alpha1p0/predictions.npz,results/rerun_protocol_v1/linear/fedgda_s/seed_1/rerun_protocol_v1_linear_fedgda_s_seed1_alpha1p0
base_sweep,linear,fedgda_s,FedGDA-S,1.0,2,best_validation_prediction,0.00055956868147,0.0204359457240922,0.065268608051054,0.0005648602861198,0.00055956868147,0.0051937497111933,True,results/rerun_protocol_v1/linear/fedgda_s/seed_2/rerun_protocol_v1_linear_fedgda_s_seed2_alpha1p0/predictions.npz,results/rerun_protocol_v1/linear/fedgda_s/seed_2/rerun_protocol_v1_linear_fedgda_s_seed2_alpha1p0
base_sweep,linear,fedogda_d,FedOGDA-D,0.1,0,best_validation_prediction,0.0004370743968414,0.016348013777257,0.112994418145933,0.0004357515235446,0.0004370743968414,0.0006158669172737,True,results/rerun_protocol_v1/linear/fedogda_d/seed_0/rerun_protocol_v1_linear_fedogda_d_seed0_alpha0p1/predictions.npz,results/rerun_protocol_v1/linear/fedogda_d/seed_0/rerun_protocol_v1_linear_fedogda_d_seed0_alpha0p1
base_sweep,linear,fedogda_d,FedOGDA-D,0.1,1,best_validation_prediction,0.0007680780602386,0.0226620556098431,0.1236800490040113,0.0007650735102023,0.0007680780602386,0.0016200587173734,True,results/rerun_protocol_v1/linear/fedogda_d/seed_1/rerun_protocol_v1_linear_fedogda_d_seed1_alpha0p1/predictions.npz,results/rerun_protocol_v1/linear/fedogda_d/seed_1/rerun_protocol_v1_linear_fedogda_d_seed1_alpha0p1
base_sweep,linear,fedogda_d,FedOGDA-D,0.1,2,best_validation_prediction,0.007580085655972,0.0724520281137842,0.3567766480293786,0.0074331012488534,0.007580085655972,0.007580085655972,True,results/rerun_protocol_v1/linear/fedogda_d/seed_2/rerun_protocol_v1_linear_fedogda_d_seed2_alpha0p1/predictions.npz,results/rerun_protocol_v1/linear/fedogda_d/seed_2/rerun_protocol_v1_linear_fedogda_d_seed2_alpha0p1
base_sweep,linear,fedogda_d,FedOGDA-D,0.5,0,best_validation_prediction,0.000436322900772,0.016154310108141,0.1112405732348758,0.0004351827969334,0.000436322900772,0.0006168476630115,True,results/rerun_protocol_v1/linear/fedogda_d/seed_0/rerun_protocol_v1_linear_fedogda_d_seed0_alpha0p5/predictions.npz,results/rerun_protocol_v1/linear/fedogda_d/seed_0/rerun_protocol_v1_linear_fedogda_d_seed0_alpha0p5
base_sweep,linear,fedogda_d,FedOGDA-D,0.5,1,best_validation_prediction,0.0007745383435478,0.0227029516823793,0.1276322330070527,0.0007714526017872,0.0007745383435478,0.0012345284050391,True,results/rerun_protocol_v1/linear/fedogda_d/seed_1/rerun_protocol_v1_linear_fedogda_d_seed1_alpha0p5/predictions.npz,results/rerun_protocol_v1/linear/fedogda_d/seed_1/rerun_protocol_v1_linear_fedogda_d_seed1_alpha0p5
base_sweep,linear,fedogda_d,FedOGDA-D,0.5,2,best_validation_prediction,0.0073101378474928,0.0709242661896257,0.3685751624192503,0.0071824633401492,0.0073101378474929,0.0073101378474929,True,results/rerun_protocol_v1/linear/fedogda_d/seed_2/rerun_protocol_v1_linear_fedogda_d_seed2_alpha0p5/predictions.npz,results/rerun_protocol_v1/linear/fedogda_d/seed_2/rerun_protocol_v1_linear_fedogda_d_seed2_alpha0p5
base_sweep,linear,fedogda_d,FedOGDA-D,1.0,0,best_validation_prediction,0.0004421956832766,0.0165761785370447,0.1113822626093385,0.0004411363103029,0.0004421956832766,0.0005809579606677,True,results/rerun_protocol_v1/linear/fedogda_d/seed_0/rerun_protocol_v1_linear_fedogda_d_seed0_alpha1p0/predictions.npz,results/rerun_protocol_v1/linear/fedogda_d/seed_0/rerun_protocol_v1_linear_fedogda_d_seed0_alpha1p0
base_sweep,linear,fedogda_d,FedOGDA-D,1.0,1,best_validation_prediction,0.0007688399388399,0.0225849569674931,0.1255407003296575,0.0007656886480202,0.0007688399388399,0.0011839151730021,True,results/rerun_protocol_v1/linear/fedogda_d/seed_1/rerun_protocol_v1_linear_fedogda_d_seed1_alpha1p0/predictions.npz,results/rerun_protocol_v1/linear/fedogda_d/seed_1/rerun_protocol_v1_linear_fedogda_d_seed1_alpha1p0
base_sweep,linear,fedogda_d,FedOGDA-D,1.0,2,best_validation_prediction,0.0072371062881135,0.0705661501336281,0.3678650944438719,0.0071141831772744,0.0072371062881135,0.0072371062881135,True,results/rerun_protocol_v1/linear/fedogda_d/seed_2/rerun_protocol_v1_linear_fedogda_d_seed2_alpha1p0/predictions.npz,results/rerun_protocol_v1/linear/fedogda_d/seed_2/rerun_protocol_v1_linear_fedogda_d_seed2_alpha1p0
base_sweep,linear,fedogda_s,FedOGDA-S,0.1,0,best_validation_prediction,0.0012622439249028,0.0221970508447226,0.2429099321963346,0.0012675884443516,0.0012622439249028,0.0019264149138423,True,results/rerun_protocol_v1/linear/fedogda_s/seed_0/rerun_protocol_v1_linear_fedogda_s_seed0_alpha0p1/predictions.npz,results/rerun_protocol_v1/linear/fedogda_s/seed_0/rerun_protocol_v1_linear_fedogda_s_seed0_alpha0p1
base_sweep,linear,fedogda_s,FedOGDA-S,0.1,1,best_validation_prediction,0.0008752994345104,0.0260072296342389,0.1248151967571666,0.0008709648846947,0.0008752994345104,0.0012667877245754,True,results/rerun_protocol_v1/linear/fedogda_s/seed_1/rerun_protocol_v1_linear_fedogda_s_seed1_alpha0p1/predictions.npz,results/rerun_protocol_v1/linear/fedogda_s/seed_1/rerun_protocol_v1_linear_fedogda_s_seed1_alpha0p1
base_sweep,linear,fedogda_s,FedOGDA-S,0.1,2,best_validation_prediction,0.0062367240918849,0.0649065847951975,0.3390130559969799,0.0060973828478771,0.0062367240918849,0.0062367240918849,True,results/rerun_protocol_v1/linear/fedogda_s/seed_2/rerun_protocol_v1_linear_fedogda_s_seed2_alpha0p1/predictions.npz,results/rerun_protocol_v1/linear/fedogda_s/seed_2/rerun_protocol_v1_linear_fedogda_s_seed2_alpha0p1
base_sweep,linear,fedogda_s,FedOGDA-S,0.5,0,best_validation_prediction,0.0007847149540269,0.018463808295314,0.1556925034326979,0.0007822137267112,0.0007847149540269,0.0011582412758197,True,results/rerun_protocol_v1/linear/fedogda_s/seed_0/rerun_protocol_v1_linear_fedogda_s_seed0_alpha0p5/predictions.npz,results/rerun_protocol_v1/linear/fedogda_s/seed_0/rerun_protocol_v1_linear_fedogda_s_seed0_alpha0p5
base_sweep,linear,fedogda_s,FedOGDA-S,0.5,1,best_validation_prediction,0.0007672509647585,0.021577747114817,0.1128700499404213,0.0007639782529321,0.0007672509647585,0.002052883076729,True,results/rerun_protocol_v1/linear/fedogda_s/seed_1/rerun_protocol_v1_linear_fedogda_s_seed1_alpha0p5/predictions.npz,results/rerun_protocol_v1/linear/fedogda_s/seed_1/rerun_protocol_v1_linear_fedogda_s_seed1_alpha0p5
base_sweep,linear,fedogda_s,FedOGDA-S,0.5,2,best_validation_prediction,0.0072510527533622,0.071068942471834,0.3294780910553589,0.007075657910292,0.0072510527533622,0.0072510527533622,True,results/rerun_protocol_v1/linear/fedogda_s/seed_2/rerun_protocol_v1_linear_fedogda_s_seed2_alpha0p5/predictions.npz,results/rerun_protocol_v1/linear/fedogda_s/seed_2/rerun_protocol_v1_linear_fedogda_s_seed2_alpha0p5
base_sweep,linear,fedogda_s,FedOGDA-S,1.0,0,best_validation_prediction,0.0003871207879862,0.0168093392279439,0.1098160896816951,0.0003851227021513,0.0003871207879862,0.001592070617061,True,results/rerun_protocol_v1/linear/fedogda_s/seed_0/rerun_protocol_v1_linear_fedogda_s_seed0_alpha1p0/predictions.npz,results/rerun_protocol_v1/linear/fedogda_s/seed_0/rerun_protocol_v1_linear_fedogda_s_seed0_alpha1p0
base_sweep,linear,fedogda_s,FedOGDA-S,1.0,1,best_validation_prediction,0.0007490467925889,0.0227626316142882,0.0833537463398974,0.0007430554121704,0.0007490467925889,0.0012842777566505,True,results/rerun_protocol_v1/linear/fedogda_s/seed_1/rerun_protocol_v1_linear_fedogda_s_seed1_alpha1p0/predictions.npz,results/rerun_protocol_v1/linear/fedogda_s/seed_1/rerun_protocol_v1_linear_fedogda_s_seed1_alpha1p0
base_sweep,linear,fedogda_s,FedOGDA-S,1.0,2,best_validation_prediction,0.006598469925796,0.06644571797626,0.3833636913062193,0.0065150092589236,0.006598469925796,0.006598469925796,True,results/rerun_protocol_v1/linear/fedogda_s/seed_2/rerun_protocol_v1_linear_fedogda_s_seed2_alpha1p0/predictions.npz,results/rerun_protocol_v1/linear/fedogda_s/seed_2/rerun_protocol_v1_linear_fedogda_s_seed2_alpha1p0
base_sweep,sin,fedgda_d,FedGDA-D,0.1,0,best_validation_prediction,0.0900098761932639,0.2467664427281525,0.9846364927516332,0.0873881748712739,0.0900098761932638,0.0900098761932638,True,results/rerun_protocol_v1/sin/fedgda_d/seed_0/rerun_protocol_v1_sin_fedgda_d_seed0_alpha0p1/predictions.npz,results/rerun_protocol_v1/sin/fedgda_d/seed_0/rerun_protocol_v1_sin_fedgda_d_seed0_alpha0p1
base_sweep,sin,fedgda_d,FedGDA-D,0.1,1,best_validation_prediction,0.0810931492497202,0.240479725766857,0.8324983209100785,0.0792761727084046,0.0810931492497198,0.0869695574480628,True,results/rerun_protocol_v1/sin/fedgda_d/seed_1/rerun_protocol_v1_sin_fedgda_d_seed1_alpha0p1/predictions.npz,results/rerun_protocol_v1/sin/fedgda_d/seed_1/rerun_protocol_v1_sin_fedgda_d_seed1_alpha0p1
base_sweep,sin,fedgda_d,FedGDA-D,0.1,2,best_validation_prediction,0.0873588048842143,0.2485453079510286,1.0229402634438325,0.0843723899663483,0.087358804884214,0.0874616845633023,True,results/rerun_protocol_v1/sin/fedgda_d/seed_2/rerun_protocol_v1_sin_fedgda_d_seed2_alpha0p1/predictions.npz,results/rerun_protocol_v1/sin/fedgda_d/seed_2/rerun_protocol_v1_sin_fedgda_d_seed2_alpha0p1
base_sweep,sin,fedgda_d,FedGDA-D,0.5,0,best_validation_prediction,0.0901691072308285,0.2465152508571687,0.987974292058154,0.0875315266330157,0.0901691072308283,0.0901691072308283,True,results/rerun_protocol_v1/sin/fedgda_d/seed_0/rerun_protocol_v1_sin_fedgda_d_seed0_alpha0p5/predictions.npz,results/rerun_protocol_v1/sin/fedgda_d/seed_0/rerun_protocol_v1_sin_fedgda_d_seed0_alpha0p5
base_sweep,sin,fedgda_d,FedGDA-D,0.5,1,best_validation_prediction,0.08109686035711,0.240227791347606,0.8376345134571553,0.0792586111256985,0.0810968603571106,0.0861627202145217,True,results/rerun_protocol_v1/sin/fedgda_d/seed_1/rerun_protocol_v1_sin_fedgda_d_seed1_alpha0p5/predictions.npz,results/rerun_protocol_v1/sin/fedgda_d/seed_1/rerun_protocol_v1_sin_fedgda_d_seed1_alpha0p5
base_sweep,sin,fedgda_d,FedGDA-D,0.5,2,best_validation_prediction,0.0873224635590061,0.2484509264859061,1.0244466938171153,0.0843309346093111,0.087322463559006,0.0874974316267286,True,results/rerun_protocol_v1/sin/fedgda_d/seed_2/rerun_protocol_v1_sin_fedgda_d_seed2_alpha0p5/predictions.npz,results/rerun_protocol_v1/sin/fedgda_d/seed_2/rerun_protocol_v1_sin_fedgda_d_seed2_alpha0p5
base_sweep,sin,fedgda_d,FedGDA-D,1.0,0,best_validation_prediction,0.0900600729460792,0.2465251484080134,0.990866280409548,0.0874083651831601,0.0900600729460791,0.0900600729460791,True,results/rerun_protocol_v1/sin/fedgda_d/seed_0/rerun_protocol_v1_sin_fedgda_d_seed0_alpha1p0/predictions.npz,results/rerun_protocol_v1/sin/fedgda_d/seed_0/rerun_protocol_v1_sin_fedgda_d_seed0_alpha1p0
base_sweep,sin,fedgda_d,FedGDA-D,1.0,1,best_validation_prediction,0.081030727470045,0.2405799196158197,0.8285833755727552,0.0792318304322165,0.0810307274700448,0.0862135237609412,True,results/rerun_protocol_v1/sin/fedgda_d/seed_1/rerun_protocol_v1_sin_fedgda_d_seed1_alpha1p0/predictions.npz,results/rerun_protocol_v1/sin/fedgda_d/seed_1/rerun_protocol_v1_sin_fedgda_d_seed1_alpha1p0
base_sweep,sin,fedgda_d,FedGDA-D,1.0,2,best_validation_prediction,0.0872297883039324,0.2482125208982925,1.0231960567172491,0.0842470175648451,0.0872297883039328,0.0874116120031301,True,results/rerun_protocol_v1/sin/fedgda_d/seed_2/rerun_protocol_v1_sin_fedgda_d_seed2_alpha1p0/predictions.npz,results/rerun_protocol_v1/sin/fedgda_d/seed_2/rerun_protocol_v1_sin_fedgda_d_seed2_alpha1p0
base_sweep,sin,fedgda_s,FedGDA-S,0.1,0,best_validation_prediction,0.0837320533183686,0.2340197437945025,1.007452924607558,0.0818945396412247,0.0837320533183688,0.0845600778228879,True,results/rerun_protocol_v1/sin/fedgda_s/seed_0/rerun_protocol_v1_sin_fedgda_s_seed0_alpha0p1/predictions.npz,results/rerun_protocol_v1/sin/fedgda_s/seed_0/rerun_protocol_v1_sin_fedgda_s_seed0_alpha0p1
base_sweep,sin,fedgda_s,FedGDA-S,0.1,1,best_validation_prediction,0.0725287397657262,0.2189436576665392,0.8685112619734857,0.0708039268367244,0.0725287397657261,0.0742767901123543,True,results/rerun_protocol_v1/sin/fedgda_s/seed_1/rerun_protocol_v1_sin_fedgda_s_seed1_alpha0p1/predictions.npz,results/rerun_protocol_v1/sin/fedgda_s/seed_1/rerun_protocol_v1_sin_fedgda_s_seed1_alpha0p1
base_sweep,sin,fedgda_s,FedGDA-S,0.1,2,best_validation_prediction,0.080110099842182,0.237123935379502,0.8663734132213999,0.0782855384804366,0.0801100998421825,0.0826077725238815,True,results/rerun_protocol_v1/sin/fedgda_s/seed_2/rerun_protocol_v1_sin_fedgda_s_seed2_alpha0p1/predictions.npz,results/rerun_protocol_v1/sin/fedgda_s/seed_2/rerun_protocol_v1_sin_fedgda_s_seed2_alpha0p1
base_sweep,sin,fedgda_s,FedGDA-S,0.5,0,best_validation_prediction,0.0808446501255546,0.2406996603027468,0.8563923293252715,0.0792361134606482,0.0808446501255546,0.0816933093903071,True,results/rerun_protocol_v1/sin/fedgda_s/seed_0/rerun_protocol_v1_sin_fedgda_s_seed0_alpha0p5/predictions.npz,results/rerun_protocol_v1/sin/fedgda_s/seed_0/rerun_protocol_v1_sin_fedgda_s_seed0_alpha0p5
base_sweep,sin,fedgda_s,FedGDA-S,0.5,1,best_validation_prediction,0.0708797547432649,0.2252463759837043,0.7876942888884686,0.0696237538934037,0.0708797547432649,0.0797272999799262,True,results/rerun_protocol_v1/sin/fedgda_s/seed_1/rerun_protocol_v1_sin_fedgda_s_seed1_alpha0p5/predictions.npz,results/rerun_protocol_v1/sin/fedgda_s/seed_1/rerun_protocol_v1_sin_fedgda_s_seed1_alpha0p5
base_sweep,sin,fedgda_s,FedGDA-S,0.5,2,best_validation_prediction,0.082377999023,0.2421098444715785,0.919347017947822,0.0800534094399952,0.0823779990229996,0.0834791484525208,True,results/rerun_protocol_v1/sin/fedgda_s/seed_2/rerun_protocol_v1_sin_fedgda_s_seed2_alpha0p5/predictions.npz,results/rerun_protocol_v1/sin/fedgda_s/seed_2/rerun_protocol_v1_sin_fedgda_s_seed2_alpha0p5
base_sweep,sin,fedgda_s,FedGDA-S,1.0,0,best_validation_prediction,0.0797854929083988,0.2280582528878717,0.9579635459536188,0.077858349104723,0.0797854929083989,0.0810871719098718,True,results/rerun_protocol_v1/sin/fedgda_s/seed_0/rerun_protocol_v1_sin_fedgda_s_seed0_alpha1p0/predictions.npz,results/rerun_protocol_v1/sin/fedgda_s/seed_0/rerun_protocol_v1_sin_fedgda_s_seed0_alpha1p0
base_sweep,sin,fedgda_s,FedGDA-S,1.0,1,best_validation_prediction,0.0756283265223583,0.2270372324963785,0.8374499356950946,0.0737639576598922,0.0756283265223583,0.0803896778833864,True,results/rerun_protocol_v1/sin/fedgda_s/seed_1/rerun_protocol_v1_sin_fedgda_s_seed1_alpha1p0/predictions.npz,results/rerun_protocol_v1/sin/fedgda_s/seed_1/rerun_protocol_v1_sin_fedgda_s_seed1_alpha1p0
base_sweep,sin,fedgda_s,FedGDA-S,1.0,2,best_validation_prediction,0.0805138040654369,0.2368727540348427,0.894920701777058,0.0787610110332211,0.0805138040654371,0.0834056959803923,True,results/rerun_protocol_v1/sin/fedgda_s/seed_2/rerun_protocol_v1_sin_fedgda_s_seed2_alpha1p0/predictions.npz,results/rerun_protocol_v1/sin/fedgda_s/seed_2/rerun_protocol_v1_sin_fedgda_s_seed2_alpha1p0
base_sweep,sin,fedogda_d,FedOGDA-D,0.1,0,best_validation_prediction,0.0899245297727739,0.2468357851538341,0.9839612635478472,0.087306127358294,0.0899245297727738,0.0899245297727738,True,results/rerun_protocol_v1/sin/fedogda_d/seed_0/rerun_protocol_v1_sin_fedogda_d_seed0_alpha0p1/predictions.npz,results/rerun_protocol_v1/sin/fedogda_d/seed_0/rerun_protocol_v1_sin_fedogda_d_seed0_alpha0p1
base_sweep,sin,fedogda_d,FedOGDA-D,0.1,1,best_validation_prediction,0.0812149424941836,0.2379730683496849,0.8825310152273538,0.0792182448861643,0.0812149424941832,0.0862070769250074,True,results/rerun_protocol_v1/sin/fedogda_d/seed_1/rerun_protocol_v1_sin_fedogda_d_seed1_alpha0p1/predictions.npz,results/rerun_protocol_v1/sin/fedogda_d/seed_1/rerun_protocol_v1_sin_fedogda_d_seed1_alpha0p1
base_sweep,sin,fedogda_d,FedOGDA-D,0.1,2,best_validation_prediction,0.087495291888023,0.2481016685436068,1.0286147701205404,0.0844783501645401,0.0874952918880233,0.0877857116232272,True,results/rerun_protocol_v1/sin/fedogda_d/seed_2/rerun_protocol_v1_sin_fedogda_d_seed2_alpha0p1/predictions.npz,results/rerun_protocol_v1/sin/fedogda_d/seed_2/rerun_protocol_v1_sin_fedogda_d_seed2_alpha0p1
base_sweep,sin,fedogda_d,FedOGDA-D,0.5,0,best_validation_prediction,0.0901789477397345,0.2464402598827935,0.9864320082159,0.087551818657594,0.0901789477397344,0.0901789477397344,True,results/rerun_protocol_v1/sin/fedogda_d/seed_0/rerun_protocol_v1_sin_fedogda_d_seed0_alpha0p5/predictions.npz,results/rerun_protocol_v1/sin/fedogda_d/seed_0/rerun_protocol_v1_sin_fedogda_d_seed0_alpha0p5
base_sweep,sin,fedogda_d,FedOGDA-D,0.5,1,best_validation_prediction,0.0811763438678976,0.2379256717763589,0.8816812737511135,0.0791832742366355,0.0811763438678972,0.0858937996524895,True,results/rerun_protocol_v1/sin/fedogda_d/seed_1/rerun_protocol_v1_sin_fedogda_d_seed1_alpha0p5/predictions.npz,results/rerun_protocol_v1/sin/fedogda_d/seed_1/rerun_protocol_v1_sin_fedogda_d_seed1_alpha0p5
base_sweep,sin,fedogda_d,FedOGDA-D,0.5,2,best_validation_prediction,0.0874631918214395,0.247956300024879,1.02997875805602,0.084441394961457,0.0874631918214393,0.0878878972100038,True,results/rerun_protocol_v1/sin/fedogda_d/seed_2/rerun_protocol_v1_sin_fedogda_d_seed2_alpha0p5/predictions.npz,results/rerun_protocol_v1/sin/fedogda_d/seed_2/rerun_protocol_v1_sin_fedogda_d_seed2_alpha0p5
base_sweep,sin,fedogda_d,FedOGDA-D,1.0,0,best_validation_prediction,0.0899948868065071,0.2464899805670788,0.9898814575240787,0.0873509794934153,0.089994886806507,0.089994886806507,True,results/rerun_protocol_v1/sin/fedogda_d/seed_0/rerun_protocol_v1_sin_fedogda_d_seed0_alpha1p0/predictions.npz,results/rerun_protocol_v1/sin/fedogda_d/seed_0/rerun_protocol_v1_sin_fedogda_d_seed0_alpha1p0
base_sweep,sin,fedogda_d,FedOGDA-D,1.0,1,best_validation_prediction,0.08107782502352,0.2384376531062361,0.8738113014888849,0.0791237508657766,0.0810778250235202,0.0859740048615439,True,results/rerun_protocol_v1/sin/fedogda_d/seed_1/rerun_protocol_v1_sin_fedogda_d_seed1_alpha1p0/predictions.npz,results/rerun_protocol_v1/sin/fedogda_d/seed_1/rerun_protocol_v1_sin_fedogda_d_seed1_alpha1p0
base_sweep,sin,fedogda_d,FedOGDA-D,1.0,2,best_validation_prediction,0.0873950406225538,0.2477075869586635,1.0298722230748256,0.0843763630030839,0.0873950406225542,0.0878342638866547,True,results/rerun_protocol_v1/sin/fedogda_d/seed_2/rerun_protocol_v1_sin_fedogda_d_seed2_alpha1p0/predictions.npz,results/rerun_protocol_v1/sin/fedogda_d/seed_2/rerun_protocol_v1_sin_fedogda_d_seed2_alpha1p0
base_sweep,sin,fedogda_s,FedOGDA-S,0.1,0,best_validation_prediction,0.0901094545534564,0.2487976093775505,1.0112435281700438,0.0873217661487672,0.0901094545534573,0.0933901174207899,True,results/rerun_protocol_v1/sin/fedogda_s/seed_0/rerun_protocol_v1_sin_fedogda_s_seed0_alpha0p1/predictions.npz,results/rerun_protocol_v1/sin/fedogda_s/seed_0/rerun_protocol_v1_sin_fedogda_s_seed0_alpha0p1
base_sweep,sin,fedogda_s,FedOGDA-S,0.1,1,best_validation_prediction,0.0801105057483446,0.2425370850525439,0.767875612506453,0.0786726263673733,0.0801105057483442,0.0878691798717653,True,results/rerun_protocol_v1/sin/fedogda_s/seed_1/rerun_protocol_v1_sin_fedogda_s_seed1_alpha0p1/predictions.npz,results/rerun_protocol_v1/sin/fedogda_s/seed_1/rerun_protocol_v1_sin_fedogda_s_seed1_alpha0p1
base_sweep,sin,fedogda_s,FedOGDA-S,0.1,2,best_validation_prediction,0.0866081637856715,0.2495265898436424,0.9837946299108477,0.0838266672209072,0.0866081637856707,0.0916405684315136,True,results/rerun_protocol_v1/sin/fedogda_s/seed_2/rerun_protocol_v1_sin_fedogda_s_seed2_alpha0p1/predictions.npz,results/rerun_protocol_v1/sin/fedogda_s/seed_2/rerun_protocol_v1_sin_fedogda_s_seed2_alpha0p1
base_sweep,sin,fedogda_s,FedOGDA-S,0.5,0,best_validation_prediction,0.0905828244704477,0.2475719577714172,1.013089971904823,0.0877877491993261,0.0905828244704472,0.0906174666868943,True,results/rerun_protocol_v1/sin/fedogda_s/seed_0/rerun_protocol_v1_sin_fedogda_s_seed0_alpha0p5/predictions.npz,results/rerun_protocol_v1/sin/fedogda_s/seed_0/rerun_protocol_v1_sin_fedogda_s_seed0_alpha0p5
base_sweep,sin,fedogda_s,FedOGDA-S,0.5,1,best_validation_prediction,0.0805648679465236,0.2380860322223858,0.8458828701626055,0.0787147350235261,0.0805648679465236,0.0861717312897127,True,results/rerun_protocol_v1/sin/fedogda_s/seed_1/rerun_protocol_v1_sin_fedogda_s_seed1_alpha0p5/predictions.npz,results/rerun_protocol_v1/sin/fedogda_s/seed_1/rerun_protocol_v1_sin_fedogda_s_seed1_alpha0p5
base_sweep,sin,fedogda_s,FedOGDA-S,0.5,2,best_validation_prediction,0.0872730420307376,0.2494049452131034,1.022111562838798,0.0843016292883356,0.0872730420307373,0.0897921894839911,True,results/rerun_protocol_v1/sin/fedogda_s/seed_2/rerun_protocol_v1_sin_fedogda_s_seed2_alpha0p5/predictions.npz,results/rerun_protocol_v1/sin/fedogda_s/seed_2/rerun_protocol_v1_sin_fedogda_s_seed2_alpha0p5
base_sweep,sin,fedogda_s,FedOGDA-S,1.0,0,best_validation_prediction,0.0904347854926972,0.2509388869873584,1.0008614989417044,0.0876600997547456,0.0904347854926974,0.0908314418088221,True,results/rerun_protocol_v1/sin/fedogda_s/seed_0/rerun_protocol_v1_sin_fedogda_s_seed0_alpha1p0/predictions.npz,results/rerun_protocol_v1/sin/fedogda_s/seed_0/rerun_protocol_v1_sin_fedogda_s_seed0_alpha1p0
base_sweep,sin,fedogda_s,FedOGDA-S,1.0,1,best_validation_prediction,0.0804718767803214,0.2401843233668219,0.8561439288208792,0.0789124946122136,0.0804718767803208,0.0866881505290563,True,results/rerun_protocol_v1/sin/fedogda_s/seed_1/rerun_protocol_v1_sin_fedogda_s_seed1_alpha1p0/predictions.npz,results/rerun_protocol_v1/sin/fedogda_s/seed_1/rerun_protocol_v1_sin_fedogda_s_seed1_alpha1p0
base_sweep,sin,fedogda_s,FedOGDA-S,1.0,2,best_validation_prediction,0.0864786893393854,0.2459867106696411,1.0040448877426558,0.083613955022659,0.0864786893393855,0.0864916183458994,True,results/rerun_protocol_v1/sin/fedogda_s/seed_2/rerun_protocol_v1_sin_fedogda_s_seed2_alpha1p0/predictions.npz,results/rerun_protocol_v1/sin/fedogda_s/seed_2/rerun_protocol_v1_sin_fedogda_s_seed2_alpha1p0
base_sweep,step,fedgda_d,FedGDA-D,0.1,0,best_validation_prediction,0.030866804096569,0.147818595543756,0.6318522796135362,0.0303224432270994,0.0308668040965693,0.0308668040965693,True,results/rerun_protocol_v1/step/fedgda_d/seed_0/rerun_protocol_v1_step_fedgda_d_seed0_alpha0p1/predictions.npz,results/rerun_protocol_v1/step/fedgda_d/seed_0/rerun_protocol_v1_step_fedgda_d_seed0_alpha0p1
base_sweep,step,fedgda_d,FedGDA-D,0.1,1,best_validation_prediction,0.0261994523978596,0.137345677688079,0.5057212217860227,0.02582644307823,0.0261994523978598,0.0291185018565287,True,results/rerun_protocol_v1/step/fedgda_d/seed_1/rerun_protocol_v1_step_fedgda_d_seed1_alpha0p1/predictions.npz,results/rerun_protocol_v1/step/fedgda_d/seed_1/rerun_protocol_v1_step_fedgda_d_seed1_alpha0p1
base_sweep,step,fedgda_d,FedGDA-D,0.1,2,best_validation_prediction,0.0322976904060474,0.1432513808828555,0.7504707597309583,0.0315946400023232,0.0322976904060475,0.0322976904060475,True,results/rerun_protocol_v1/step/fedgda_d/seed_2/rerun_protocol_v1_step_fedgda_d_seed2_alpha0p1/predictions.npz,results/rerun_protocol_v1/step/fedgda_d/seed_2/rerun_protocol_v1_step_fedgda_d_seed2_alpha0p1
base_sweep,step,fedgda_d,FedGDA-D,0.5,0,best_validation_prediction,0.0307354667886922,0.1476218130141258,0.6273550769105858,0.0301959460259029,0.030735466788692,0.030735466788692,True,results/rerun_protocol_v1/step/fedgda_d/seed_0/rerun_protocol_v1_step_fedgda_d_seed0_alpha0p5/predictions.npz,results/rerun_protocol_v1/step/fedgda_d/seed_0/rerun_protocol_v1_step_fedgda_d_seed0_alpha0p5
base_sweep,step,fedgda_d,FedGDA-D,0.5,1,best_validation_prediction,0.0261981126284413,0.137261420140293,0.5172246138221683,0.0258066363854071,0.0261981126284411,0.0285312299397269,True,results/rerun_protocol_v1/step/fedgda_d/seed_1/rerun_protocol_v1_step_fedgda_d_seed1_alpha0p5/predictions.npz,results/rerun_protocol_v1/step/fedgda_d/seed_1/rerun_protocol_v1_step_fedgda_d_seed1_alpha0p5
base_sweep,step,fedgda_d,FedGDA-D,0.5,2,best_validation_prediction,0.032242884169416,0.143343045154886,0.7523449690230013,0.0315364315135966,0.032242884169416,0.032276004185394,True,results/rerun_protocol_v1/step/fedgda_d/seed_2/rerun_protocol_v1_step_fedgda_d_seed2_alpha0p5/predictions.npz,results/rerun_protocol_v1/step/fedgda_d/seed_2/rerun_protocol_v1_step_fedgda_d_seed2_alpha0p5
base_sweep,step,fedgda_d,FedGDA-D,1.0,0,best_validation_prediction,0.0307033076337541,0.1476153580586181,0.6307223562386972,0.0301586727381192,0.030703307633754,0.030703307633754,True,results/rerun_protocol_v1/step/fedgda_d/seed_0/rerun_protocol_v1_step_fedgda_d_seed0_alpha1p0/predictions.npz,results/rerun_protocol_v1/step/fedgda_d/seed_0/rerun_protocol_v1_step_fedgda_d_seed0_alpha1p0
base_sweep,step,fedgda_d,FedGDA-D,1.0,1,best_validation_prediction,0.0261345988363681,0.1370742942592746,0.5136420152018304,0.0257464195237502,0.026134598836368,0.0286547309337735,True,results/rerun_protocol_v1/step/fedgda_d/seed_1/rerun_protocol_v1_step_fedgda_d_seed1_alpha1p0/predictions.npz,results/rerun_protocol_v1/step/fedgda_d/seed_1/rerun_protocol_v1_step_fedgda_d_seed1_alpha1p0
base_sweep,step,fedgda_d,FedGDA-D,1.0,2,best_validation_prediction,0.0321881937210949,0.1432657258062107,0.7505654988814441,0.0314840987320152,0.0321881937210949,0.0322396823495213,True,results/rerun_protocol_v1/step/fedgda_d/seed_2/rerun_protocol_v1_step_fedgda_d_seed2_alpha1p0/predictions.npz,results/rerun_protocol_v1/step/fedgda_d/seed_2/rerun_protocol_v1_step_fedgda_d_seed2_alpha1p0
base_sweep,step,fedgda_s,FedGDA-S,0.1,0,best_validation_prediction,0.0282185729877497,0.1389314944850412,0.6641326554868723,0.027814618496127,0.0282185729877497,0.030328771864915,True,results/rerun_protocol_v1/step/fedgda_s/seed_0/rerun_protocol_v1_step_fedgda_s_seed0_alpha0p1/predictions.npz,results/rerun_protocol_v1/step/fedgda_s/seed_0/rerun_protocol_v1_step_fedgda_s_seed0_alpha0p1
base_sweep,step,fedgda_s,FedGDA-S,0.1,1,best_validation_prediction,0.0252183799263753,0.1336749631670407,0.5283513324094541,0.0248607936454624,0.0252183799263751,0.0273101562965526,True,results/rerun_protocol_v1/step/fedgda_s/seed_1/rerun_protocol_v1_step_fedgda_s_seed1_alpha0p1/predictions.npz,results/rerun_protocol_v1/step/fedgda_s/seed_1/rerun_protocol_v1_step_fedgda_s_seed1_alpha0p1
base_sweep,step,fedgda_s,FedGDA-S,0.1,2,best_validation_prediction,0.0284420725413319,0.141339069194315,0.5424486854323772,0.0280852023890634,0.0284420725413319,0.0284576057439168,True,results/rerun_protocol_v1/step/fedgda_s/seed_2/rerun_protocol_v1_step_fedgda_s_seed2_alpha0p1/predictions.npz,results/rerun_protocol_v1/step/fedgda_s/seed_2/rerun_protocol_v1_step_fedgda_s_seed2_alpha0p1
base_sweep,step,fedgda_s,FedGDA-S,0.5,0,best_validation_prediction,0.0261619042148767,0.135716215343703,0.510907241456038,0.0257909368787082,0.0261619042148765,0.0268553973429534,True,results/rerun_protocol_v1/step/fedgda_s/seed_0/rerun_protocol_v1_step_fedgda_s_seed0_alpha0p5/predictions.npz,results/rerun_protocol_v1/step/fedgda_s/seed_0/rerun_protocol_v1_step_fedgda_s_seed0_alpha0p5
base_sweep,step,fedgda_s,FedGDA-S,0.5,1,best_validation_prediction,0.0240006796085666,0.1270331130615711,0.4770087209959882,0.0237446373736045,0.0240006796085666,0.0247448677837189,True,results/rerun_protocol_v1/step/fedgda_s/seed_1/rerun_protocol_v1_step_fedgda_s_seed1_alpha0p5/predictions.npz,results/rerun_protocol_v1/step/fedgda_s/seed_1/rerun_protocol_v1_step_fedgda_s_seed1_alpha0p5
base_sweep,step,fedgda_s,FedGDA-S,0.5,2,best_validation_prediction,0.0286395806725896,0.1432032617457662,0.5200433743862938,0.0282333442469194,0.0286395806725896,0.0305013201582631,True,results/rerun_protocol_v1/step/fedgda_s/seed_2/rerun_protocol_v1_step_fedgda_s_seed2_alpha0p5/predictions.npz,results/rerun_protocol_v1/step/fedgda_s/seed_2/rerun_protocol_v1_step_fedgda_s_seed2_alpha0p5
base_sweep,step,fedgda_s,FedGDA-S,1.0,0,best_validation_prediction,0.0284698732152024,0.142781784062141,0.547746930357359,0.0280398626434244,0.0284698732152025,0.0296328321982427,True,results/rerun_protocol_v1/step/fedgda_s/seed_0/rerun_protocol_v1_step_fedgda_s_seed0_alpha1p0/predictions.npz,results/rerun_protocol_v1/step/fedgda_s/seed_0/rerun_protocol_v1_step_fedgda_s_seed0_alpha1p0
base_sweep,step,fedgda_s,FedGDA-S,1.0,1,best_validation_prediction,0.0249304814804374,0.1337513094330564,0.4961405296904805,0.0245956327859903,0.0249304814804375,0.0409498142125337,True,results/rerun_protocol_v1/step/fedgda_s/seed_1/rerun_protocol_v1_step_fedgda_s_seed1_alpha1p0/predictions.npz,results/rerun_protocol_v1/step/fedgda_s/seed_1/rerun_protocol_v1_step_fedgda_s_seed1_alpha1p0
base_sweep,step,fedgda_s,FedGDA-S,1.0,2,best_validation_prediction,0.0283644878610146,0.1412127137233344,0.5450563438934872,0.028003270650883,0.0283644878610144,0.0301416839113653,True,results/rerun_protocol_v1/step/fedgda_s/seed_2/rerun_protocol_v1_step_fedgda_s_seed2_alpha1p0/predictions.npz,results/rerun_protocol_v1/step/fedgda_s/seed_2/rerun_protocol_v1_step_fedgda_s_seed2_alpha1p0
base_sweep,step,fedogda_d,FedOGDA-D,0.1,0,best_validation_prediction,0.0297371690810411,0.1453081315892156,0.6095545090654413,0.0292102660915171,0.0297371690810412,0.0297371690810412,True,results/rerun_protocol_v1/step/fedogda_d/seed_0/rerun_protocol_v1_step_fedogda_d_seed0_alpha0p1/predictions.npz,results/rerun_protocol_v1/step/fedogda_d/seed_0/rerun_protocol_v1_step_fedogda_d_seed0_alpha0p1
base_sweep,step,fedogda_d,FedOGDA-D,0.1,1,best_validation_prediction,0.0255836136293797,0.1355895771547321,0.4744107903500696,0.0252206964168266,0.0255836136293798,0.0284052515414417,True,results/rerun_protocol_v1/step/fedogda_d/seed_1/rerun_protocol_v1_step_fedogda_d_seed1_alpha0p1/predictions.npz,results/rerun_protocol_v1/step/fedogda_d/seed_1/rerun_protocol_v1_step_fedogda_d_seed1_alpha0p1
base_sweep,step,fedogda_d,FedOGDA-D,0.1,2,best_validation_prediction,0.0322438772478944,0.1432135249007693,0.7536435569564595,0.0315339617582961,0.0322438772478944,0.0323223189714161,True,results/rerun_protocol_v1/step/fedogda_d/seed_2/rerun_protocol_v1_step_fedogda_d_seed2_alpha0p1/predictions.npz,results/rerun_protocol_v1/step/fedogda_d/seed_2/rerun_protocol_v1_step_fedogda_d_seed2_alpha0p1
base_sweep,step,fedogda_d,FedOGDA-D,0.5,0,best_validation_prediction,0.0297501443966343,0.145323228993008,0.6070380250218794,0.0292244527334997,0.0297501443966342,0.0297501443966342,True,results/rerun_protocol_v1/step/fedogda_d/seed_0/rerun_protocol_v1_step_fedogda_d_seed0_alpha0p5/predictions.npz,results/rerun_protocol_v1/step/fedogda_d/seed_0/rerun_protocol_v1_step_fedogda_d_seed0_alpha0p5
base_sweep,step,fedogda_d,FedOGDA-D,0.5,1,best_validation_prediction,0.0255704473639793,0.1355915630826195,0.4693352639690906,0.025215405275087,0.0255704473639792,0.028168889941582,True,results/rerun_protocol_v1/step/fedogda_d/seed_1/rerun_protocol_v1_step_fedogda_d_seed1_alpha0p5/predictions.npz,results/rerun_protocol_v1/step/fedogda_d/seed_1/rerun_protocol_v1_step_fedogda_d_seed1_alpha0p5
base_sweep,step,fedogda_d,FedOGDA-D,0.5,2,best_validation_prediction,0.0322146461844705,0.1432765787743459,0.7547115794627053,0.0315027731897732,0.0322146461844705,0.0323885678499685,True,results/rerun_protocol_v1/step/fedogda_d/seed_2/rerun_protocol_v1_step_fedogda_d_seed2_alpha0p5/predictions.npz,results/rerun_protocol_v1/step/fedogda_d/seed_2/rerun_protocol_v1_step_fedogda_d_seed2_alpha0p5
base_sweep,step,fedogda_d,FedOGDA-D,1.0,0,best_validation_prediction,0.0296941884834565,0.1452371613819998,0.6118976283510227,0.0291610074201569,0.0296941884834564,0.0296941884834564,True,results/rerun_protocol_v1/step/fedogda_d/seed_0/rerun_protocol_v1_step_fedogda_d_seed0_alpha1p0/predictions.npz,results/rerun_protocol_v1/step/fedogda_d/seed_0/rerun_protocol_v1_step_fedogda_d_seed0_alpha1p0
base_sweep,step,fedogda_d,FedOGDA-D,1.0,1,best_validation_prediction,0.0255500076826382,0.1354856485599051,0.4733944574471928,0.0251881246520501,0.0255500076826385,0.0283023768523434,True,results/rerun_protocol_v1/step/fedogda_d/seed_1/rerun_protocol_v1_step_fedogda_d_seed1_alpha1p0/predictions.npz,results/rerun_protocol_v1/step/fedogda_d/seed_1/rerun_protocol_v1_step_fedogda_d_seed1_alpha1p0
base_sweep,step,fedogda_d,FedOGDA-D,1.0,2,best_validation_prediction,0.0321750850077058,0.1432326670035235,0.7540163722550279,0.0314638431888046,0.0321750850077056,0.0323766468649659,True,results/rerun_protocol_v1/step/fedogda_d/seed_2/rerun_protocol_v1_step_fedogda_d_seed2_alpha1p0/predictions.npz,results/rerun_protocol_v1/step/fedogda_d/seed_2/rerun_protocol_v1_step_fedogda_d_seed2_alpha1p0
base_sweep,step,fedogda_s,FedOGDA-S,0.1,0,best_validation_prediction,0.0305076767988373,0.1465057989580568,0.664112034776196,0.0299135181467182,0.0305076767988373,0.0307639240882936,True,results/rerun_protocol_v1/step/fedogda_s/seed_0/rerun_protocol_v1_step_fedogda_s_seed0_alpha0p1/predictions.npz,results/rerun_protocol_v1/step/fedogda_s/seed_0/rerun_protocol_v1_step_fedogda_s_seed0_alpha0p1
base_sweep,step,fedogda_s,FedOGDA-S,0.1,1,best_validation_prediction,0.0251548335504959,0.1340418754980507,0.4897659075631716,0.0248385494094174,0.0251548335504958,0.0293476082164472,True,results/rerun_protocol_v1/step/fedogda_s/seed_1/rerun_protocol_v1_step_fedogda_s_seed1_alpha0p1/predictions.npz,results/rerun_protocol_v1/step/fedogda_s/seed_1/rerun_protocol_v1_step_fedogda_s_seed1_alpha0p1
base_sweep,step,fedogda_s,FedOGDA-S,0.1,2,best_validation_prediction,0.0318824110234281,0.1431599988044061,0.714336795963787,0.0312416506940609,0.0318824110234282,0.0362913273304875,True,results/rerun_protocol_v1/step/fedogda_s/seed_2/rerun_protocol_v1_step_fedogda_s_seed2_alpha0p1/predictions.npz,results/rerun_protocol_v1/step/fedogda_s/seed_2/rerun_protocol_v1_step_fedogda_s_seed2_alpha0p1
base_sweep,step,fedogda_s,FedOGDA-S,0.5,0,best_validation_prediction,0.0301842974146447,0.1459801666333195,0.6393378392129754,0.0296146178738076,0.0301842974146449,0.0301842974146449,True,results/rerun_protocol_v1/step/fedogda_s/seed_0/rerun_protocol_v1_step_fedogda_s_seed0_alpha0p5/predictions.npz,results/rerun_protocol_v1/step/fedogda_s/seed_0/rerun_protocol_v1_step_fedogda_s_seed0_alpha0p5
base_sweep,step,fedogda_s,FedOGDA-S,0.5,1,best_validation_prediction,0.0262753948473092,0.1367183253013235,0.5473933824950319,0.0258201824504229,0.0262753948473092,0.0283911667243593,True,results/rerun_protocol_v1/step/fedogda_s/seed_1/rerun_protocol_v1_step_fedogda_s_seed1_alpha0p5/predictions.npz,results/rerun_protocol_v1/step/fedogda_s/seed_1/rerun_protocol_v1_step_fedogda_s_seed1_alpha0p5
base_sweep,step,fedogda_s,FedOGDA-S,0.5,2,best_validation_prediction,0.0328985936904117,0.1483850783486362,0.7238334662632764,0.0322755741520713,0.0328985936904118,0.03482205125673,True,results/rerun_protocol_v1/step/fedogda_s/seed_2/rerun_protocol_v1_step_fedogda_s_seed2_alpha0p5/predictions.npz,results/rerun_protocol_v1/step/fedogda_s/seed_2/rerun_protocol_v1_step_fedogda_s_seed2_alpha0p5
base_sweep,step,fedogda_s,FedOGDA-S,1.0,0,best_validation_prediction,0.0309924751907547,0.1479598787685552,0.660365915960508,0.0304061736874019,0.0309924751907548,0.0313896517846175,True,results/rerun_protocol_v1/step/fedogda_s/seed_0/rerun_protocol_v1_step_fedogda_s_seed0_alpha1p0/predictions.npz,results/rerun_protocol_v1/step/fedogda_s/seed_0/rerun_protocol_v1_step_fedogda_s_seed0_alpha1p0
base_sweep,step,fedogda_s,FedOGDA-S,1.0,1,best_validation_prediction,0.0251954641272759,0.1338062480665642,0.4717062117294862,0.0248476180004729,0.0251954641272758,0.0290768561003926,True,results/rerun_protocol_v1/step/fedogda_s/seed_1/rerun_protocol_v1_step_fedogda_s_seed1_alpha1p0/predictions.npz,results/rerun_protocol_v1/step/fedogda_s/seed_1/rerun_protocol_v1_step_fedogda_s_seed1_alpha1p0
base_sweep,step,fedogda_s,FedOGDA-S,1.0,2,best_validation_prediction,0.0318038644803911,0.1428103368085039,0.7385662185064945,0.0311114918772314,0.0318038644803911,0.0318142217363079,True,results/rerun_protocol_v1/step/fedogda_s/seed_2/rerun_protocol_v1_step_fedogda_s_seed2_alpha1p0/predictions.npz,results/rerun_protocol_v1/step/fedogda_s/seed_2/rerun_protocol_v1_step_fedogda_s_seed2_alpha1p0
centralized_c3_oadam,abs,oadam,DeepGMM-OAdam,na,0,best_validation_prediction,0.0025611681405078,0.0345373941077294,0.1539596406255917,0.0024523012609009,0.0025611681405078,0.0516340710078218,True,results/centralized_lowdim_v1/abs/oadam/seed_0/predictions.npz,results/centralized_lowdim_v1/abs/oadam/seed_0
centralized_c3_oadam,abs,oadam,DeepGMM-OAdam,na,1,best_validation_prediction,0.0018639669781899,0.0310238435088719,0.2911081205642383,0.0018602309696459,0.0018639669781899,0.0266656495658527,True,results/centralized_lowdim_v1/abs/oadam/seed_1/predictions.npz,results/centralized_lowdim_v1/abs/oadam/seed_1
centralized_c3_oadam,abs,oadam,DeepGMM-OAdam,na,2,best_validation_prediction,0.0009134084095054,0.0252453986262935,0.152174021798811,0.000902483843794,0.0009134084095055,0.0036061974557498,True,results/centralized_lowdim_v1/abs/oadam/seed_2/predictions.npz,results/centralized_lowdim_v1/abs/oadam/seed_2
centralized_c3_oadam,linear,oadam,DeepGMM-OAdam,na,0,best_validation_prediction,0.0002649107641041,0.0113588952628522,0.0860249232998011,0.0002642870474005,0.0002649107641041,0.038438805462519,True,results/centralized_lowdim_v1/linear/oadam/seed_0/predictions.npz,results/centralized_lowdim_v1/linear/oadam/seed_0
centralized_c3_oadam,linear,oadam,DeepGMM-OAdam,na,1,best_validation_prediction,0.0005597226160668,0.0197629626265967,0.1080081768249092,0.000548638606158,0.0005597226160668,0.018155137569548,True,results/centralized_lowdim_v1/linear/oadam/seed_1/predictions.npz,results/centralized_lowdim_v1/linear/oadam/seed_1
centralized_c3_oadam,linear,oadam,DeepGMM-OAdam,na,2,best_validation_prediction,0.0014543578255949,0.0294676278641707,0.1814120605893654,0.0014189605213745,0.0014543578255949,0.0083994746590814,True,results/centralized_lowdim_v1/linear/oadam/seed_2/predictions.npz,results/centralized_lowdim_v1/linear/oadam/seed_2
centralized_c3_oadam,sin,oadam,DeepGMM-OAdam,na,0,best_validation_prediction,0.041369989210848,0.1550405257068739,0.6871386775304076,0.0401512466738512,0.041369989210848,0.041369989210848,True,results/centralized_lowdim_v1/sin/oadam/seed_0/predictions.npz,results/centralized_lowdim_v1/sin/oadam/seed_0
centralized_c3_oadam,sin,oadam,DeepGMM-OAdam,na,1,best_validation_prediction,0.0345829203595686,0.1483199803583623,0.5404359285664738,0.0339025440243021,0.0345829203595687,0.0350490926950895,True,results/centralized_lowdim_v1/sin/oadam/seed_1/predictions.npz,results/centralized_lowdim_v1/sin/oadam/seed_1
centralized_c3_oadam,sin,oadam,DeepGMM-OAdam,na,2,best_validation_prediction,0.0370754479510649,0.150961151640658,0.6093329350255233,0.0363334284110492,0.037075447951065,0.0479547534420025,True,results/centralized_lowdim_v1/sin/oadam/seed_2/predictions.npz,results/centralized_lowdim_v1/sin/oadam/seed_2
centralized_c3_oadam,step,oadam,DeepGMM-OAdam,na,0,best_validation_prediction,0.0178751283682784,0.1107083081495745,0.4447965924465257,0.0175438789471705,0.0178751283682785,0.0324238141570649,True,results/centralized_lowdim_v1/step/oadam/seed_0/predictions.npz,results/centralized_lowdim_v1/step/oadam/seed_0
centralized_c3_oadam,step,oadam,DeepGMM-OAdam,na,1,best_validation_prediction,0.0168995492435191,0.1053392193652405,0.3572666852353731,0.0167304116796316,0.016899549243519,0.016899549243519,True,results/centralized_lowdim_v1/step/oadam/seed_1/predictions.npz,results/centralized_lowdim_v1/step/oadam/seed_1
centralized_c3_oadam,step,oadam,DeepGMM-OAdam,na,2,best_validation_prediction,0.0168673649085288,0.1060883696358719,0.4236491618779154,0.0166434086413666,0.0168673649085287,0.0175797061088757,True,results/centralized_lowdim_v1/step/oadam/seed_2/predictions.npz,results/centralized_lowdim_v1/step/oadam/seed_2
centralized_c5_tuned_gda_sgda,abs,gda,DeepGMM-GDA,na,0,best_validation_prediction,0.0543148570886776,0.1942037363906261,0.9309404382677418,0.0530257636782999,0.0543148570886777,0.0543148570886777,True,results/centralized_lowdim_v1_tuning/c5_gda_sgda_lr_screen/abs/gda/seed_0/glr_0p005_flr_0p03/predictions.npz,results/centralized_lowdim_v1_tuning/c5_gda_sgda_lr_screen/abs/gda/seed_0/glr_0p005_flr_0p03
centralized_c5_tuned_gda_sgda,abs,gda,DeepGMM-GDA,na,1,best_validation_prediction,0.1098355788162741,0.2708456548678259,1.6093652891307468,0.1063270174069881,0.1098355788162744,0.1098355788162744,True,results/centralized_lowdim_v1_tuning/c5b_gda_sgda_lr_confirm/abs/gda/seed_1/glr_0p005_flr_0p03/predictions.npz,results/centralized_lowdim_v1_tuning/c5b_gda_sgda_lr_confirm/abs/gda/seed_1/glr_0p005_flr_0p03
centralized_c5_tuned_gda_sgda,abs,gda,DeepGMM-GDA,na,2,best_validation_prediction,0.0043565056135669,0.0521169149885088,0.384724260823827,0.0042046025224183,0.0043565056135668,0.0043565056135668,True,results/centralized_lowdim_v1_tuning/c5b_gda_sgda_lr_confirm/abs/gda/seed_2/glr_0p005_flr_0p03/predictions.npz,results/centralized_lowdim_v1_tuning/c5b_gda_sgda_lr_confirm/abs/gda/seed_2/glr_0p005_flr_0p03
centralized_c5_tuned_gda_sgda,abs,sgda,DeepGMM-SGDA,na,0,best_validation_prediction,0.0514712172871895,0.1893481159489556,0.8484053042755983,0.0503808459324199,0.0514712172871895,0.0514712172871895,True,results/centralized_lowdim_v1_tuning/c5_gda_sgda_lr_screen/abs/sgda/seed_0/glr_0p005_flr_0p03/predictions.npz,results/centralized_lowdim_v1_tuning/c5_gda_sgda_lr_screen/abs/sgda/seed_0/glr_0p005_flr_0p03
centralized_c5_tuned_gda_sgda,abs,sgda,DeepGMM-SGDA,na,1,best_validation_prediction,0.1136885615929078,0.275430337940593,1.62817507964461,0.1101071528073849,0.1136885615929073,0.1136885615929073,True,results/centralized_lowdim_v1_tuning/c5b_gda_sgda_lr_confirm/abs/sgda/seed_1/glr_0p005_flr_0p03/predictions.npz,results/centralized_lowdim_v1_tuning/c5b_gda_sgda_lr_confirm/abs/sgda/seed_1/glr_0p005_flr_0p03
centralized_c5_tuned_gda_sgda,abs,sgda,DeepGMM-SGDA,na,2,best_validation_prediction,0.003614945186955,0.0479355316837231,0.3505386838496074,0.0034966577382974,0.003614945186955,0.003614945186955,True,results/centralized_lowdim_v1_tuning/c5b_gda_sgda_lr_confirm/abs/sgda/seed_2/glr_0p005_flr_0p03/predictions.npz,results/centralized_lowdim_v1_tuning/c5b_gda_sgda_lr_confirm/abs/sgda/seed_2/glr_0p005_flr_0p03
centralized_c5_tuned_gda_sgda,linear,gda,DeepGMM-GDA,na,0,best_validation_prediction,0.0155969421191166,0.1001179548824064,0.5457079946158767,0.0153011297224976,0.0155969421191165,0.0775546960515904,True,results/centralized_lowdim_v1_tuning/c5_gda_sgda_lr_screen/linear/gda/seed_0/glr_0p005_flr_0p03/predictions.npz,results/centralized_lowdim_v1_tuning/c5_gda_sgda_lr_screen/linear/gda/seed_0/glr_0p005_flr_0p03
centralized_c5_tuned_gda_sgda,linear,gda,DeepGMM-GDA,na,1,best_validation_prediction,0.0120428147089104,0.090719876033117,0.4711669856389668,0.011748277213242,0.0120428147089103,0.0260092858574351,True,results/centralized_lowdim_v1_tuning/c5b_gda_sgda_lr_confirm/linear/gda/seed_1/glr_0p005_flr_0p03/predictions.npz,results/centralized_lowdim_v1_tuning/c5b_gda_sgda_lr_confirm/linear/gda/seed_1/glr_0p005_flr_0p03
centralized_c5_tuned_gda_sgda,linear,gda,DeepGMM-GDA,na,2,best_validation_prediction,0.0009915312770676,0.0230805319943982,0.144380570871603,0.0009900679516931,0.0009915312770676,0.0503793801436356,True,results/centralized_lowdim_v1_tuning/c5b_gda_sgda_lr_confirm/linear/gda/seed_2/glr_0p005_flr_0p03/predictions.npz,results/centralized_lowdim_v1_tuning/c5b_gda_sgda_lr_confirm/linear/gda/seed_2/glr_0p005_flr_0p03
centralized_c5_tuned_gda_sgda,linear,sgda,DeepGMM-SGDA,na,0,best_validation_prediction,0.0111463868790567,0.0881226333140882,0.4439398241298897,0.0108894691786727,0.0111463868790567,0.0994122311614738,True,results/centralized_lowdim_v1_tuning/c5_gda_sgda_lr_screen/linear/sgda/seed_0/glr_0p005_flr_0p03/predictions.npz,results/centralized_lowdim_v1_tuning/c5_gda_sgda_lr_screen/linear/sgda/seed_0/glr_0p005_flr_0p03
centralized_c5_tuned_gda_sgda,linear,sgda,DeepGMM-SGDA,na,1,best_validation_prediction,0.0116900630277474,0.0886823505753042,0.4906562537937775,0.0113718931855535,0.0116900630277474,0.0267815507942952,True,results/centralized_lowdim_v1_tuning/c5b_gda_sgda_lr_confirm/linear/sgda/seed_1/glr_0p005_flr_0p03/predictions.npz,results/centralized_lowdim_v1_tuning/c5b_gda_sgda_lr_confirm/linear/sgda/seed_1/glr_0p005_flr_0p03
centralized_c5_tuned_gda_sgda,linear,sgda,DeepGMM-SGDA,na,2,best_validation_prediction,0.0011554443949617,0.0282375846480697,0.1701625241266557,0.0011519770934856,0.0011554443949617,0.047707851523913,True,results/centralized_lowdim_v1_tuning/c5b_gda_sgda_lr_confirm/linear/sgda/seed_2/glr_0p005_flr_0p03/predictions.npz,results/centralized_lowdim_v1_tuning/c5b_gda_sgda_lr_confirm/linear/sgda/seed_2/glr_0p005_flr_0p03
centralized_c5_tuned_gda_sgda,sin,gda,DeepGMM-GDA,na,0,best_validation_prediction,0.0948203372384027,0.2586044358857036,1.051171764001298,0.093742567324958,0.0948203372384028,0.0989082828430306,True,results/centralized_lowdim_v1_tuning/c5_gda_sgda_lr_screen/sin/gda/seed_0/glr_0p005_flr_0p03/predictions.npz,results/centralized_lowdim_v1_tuning/c5_gda_sgda_lr_screen/sin/gda/seed_0/glr_0p005_flr_0p03
centralized_c5_tuned_gda_sgda,sin,gda,DeepGMM-GDA,na,1,best_validation_prediction,0.0811842903166834,0.2439449669444605,0.90390734437018,0.0801376191109789,0.0811842903166836,0.0840322692309471,True,results/centralized_lowdim_v1_tuning/c5b_gda_sgda_lr_confirm/sin/gda/seed_1/glr_0p005_flr_0p03/predictions.npz,results/centralized_lowdim_v1_tuning/c5b_gda_sgda_lr_confirm/sin/gda/seed_1/glr_0p005_flr_0p03
centralized_c5_tuned_gda_sgda,sin,gda,DeepGMM-GDA,na,2,best_validation_prediction,0.0853474666729375,0.2472076276524408,0.9493997134024496,0.0827629592599449,0.0853474666729377,0.0853384678287288,True,results/centralized_lowdim_v1_tuning/c5b_gda_sgda_lr_confirm/sin/gda/seed_2/glr_0p005_flr_0p03/predictions.npz,results/centralized_lowdim_v1_tuning/c5b_gda_sgda_lr_confirm/sin/gda/seed_2/glr_0p005_flr_0p03
centralized_c5_tuned_gda_sgda,sin,sgda,DeepGMM-SGDA,na,0,best_validation_prediction,0.0956829354211709,0.258282601259631,1.0269041670987449,0.0944010338857784,0.0956829354211711,0.1042182379283322,True,results/centralized_lowdim_v1_tuning/c5_gda_sgda_lr_screen/sin/sgda/seed_0/glr_0p005_flr_0p03/predictions.npz,results/centralized_lowdim_v1_tuning/c5_gda_sgda_lr_screen/sin/sgda/seed_0/glr_0p005_flr_0p03
centralized_c5_tuned_gda_sgda,sin,sgda,DeepGMM-SGDA,na,1,best_validation_prediction,0.0817150287843503,0.245531210878705,0.8756166824530618,0.0805464971215402,0.0817150287843506,0.0871277439670439,True,results/centralized_lowdim_v1_tuning/c5b_gda_sgda_lr_confirm/sin/sgda/seed_1/glr_0p005_flr_0p03/predictions.npz,results/centralized_lowdim_v1_tuning/c5b_gda_sgda_lr_confirm/sin/sgda/seed_1/glr_0p005_flr_0p03
centralized_c5_tuned_gda_sgda,sin,sgda,DeepGMM-SGDA,na,2,best_validation_prediction,0.0856418866861651,0.247099915018101,0.9451054129465302,0.0831184128210894,0.0856418866861647,0.0864797644947524,True,results/centralized_lowdim_v1_tuning/c5b_gda_sgda_lr_confirm/sin/sgda/seed_2/glr_0p005_flr_0p03/predictions.npz,results/centralized_lowdim_v1_tuning/c5b_gda_sgda_lr_confirm/sin/sgda/seed_2/glr_0p005_flr_0p03
centralized_c5_tuned_gda_sgda,step,gda,DeepGMM-GDA,na,0,best_validation_prediction,0.0383629175816028,0.1523853408693894,0.8252415905217111,0.0380992033391528,0.0383629175816027,0.042192641906759,True,results/centralized_lowdim_v1_tuning/c5_gda_sgda_lr_screen/step/gda/seed_0/glr_0p005_flr_0p03/predictions.npz,results/centralized_lowdim_v1_tuning/c5_gda_sgda_lr_screen/step/gda/seed_0/glr_0p005_flr_0p03
centralized_c5_tuned_gda_sgda,step,gda,DeepGMM-GDA,na,1,best_validation_prediction,0.0300322761214092,0.1506258313580124,0.5453300285341386,0.0297817026925949,0.0300322761214089,0.0300322761214089,True,results/centralized_lowdim_v1_tuning/c5b_gda_sgda_lr_confirm/step/gda/seed_1/glr_0p005_flr_0p03/predictions.npz,results/centralized_lowdim_v1_tuning/c5b_gda_sgda_lr_confirm/step/gda/seed_1/glr_0p005_flr_0p03
centralized_c5_tuned_gda_sgda,step,gda,DeepGMM-GDA,na,2,best_validation_prediction,0.0281803971925557,0.141199387862319,0.6367923793537409,0.0276177104857858,0.0281803971925557,0.0324591544620844,True,results/centralized_lowdim_v1_tuning/c5b_gda_sgda_lr_confirm/step/gda/seed_2/glr_0p005_flr_0p03/predictions.npz,results/centralized_lowdim_v1_tuning/c5b_gda_sgda_lr_confirm/step/gda/seed_2/glr_0p005_flr_0p03
centralized_c5_tuned_gda_sgda,step,sgda,DeepGMM-SGDA,na,0,best_validation_prediction,0.0385907852720463,0.1520347674978605,0.7964811157545092,0.0382950414414645,0.0385907852720464,0.0489508200444193,True,results/centralized_lowdim_v1_tuning/c5_gda_sgda_lr_screen/step/sgda/seed_0/glr_0p005_flr_0p03/predictions.npz,results/centralized_lowdim_v1_tuning/c5_gda_sgda_lr_screen/step/sgda/seed_0/glr_0p005_flr_0p03
centralized_c5_tuned_gda_sgda,step,sgda,DeepGMM-SGDA,na,1,best_validation_prediction,0.0287643756567897,0.1439815061427469,0.6109627831423255,0.0285161118194364,0.0287643756567898,0.0287643756567898,True,results/centralized_lowdim_v1_tuning/c5b_gda_sgda_lr_confirm/step/sgda/seed_1/glr_0p005_flr_0p03/predictions.npz,results/centralized_lowdim_v1_tuning/c5b_gda_sgda_lr_confirm/step/sgda/seed_1/glr_0p005_flr_0p03
centralized_c5_tuned_gda_sgda,step,sgda,DeepGMM-SGDA,na,2,best_validation_prediction,0.0285495001777287,0.1419749409220889,0.6668498531374378,0.0279364901911354,0.0285495001777284,0.0329149159101891,True,results/centralized_lowdim_v1_tuning/c5b_gda_sgda_lr_confirm/step/sgda/seed_2/glr_0p005_flr_0p03/predictions.npz,results/centralized_lowdim_v1_tuning/c5b_gda_sgda_lr_confirm/step/sgda/seed_2/glr_0p005_flr_0p03
fedogda_s_tuning_pilot_all_configs,abs,fedogda_s,FedOGDA-S,0.5,0,best_validation_prediction,0.0953567194261781,0.2523832606568479,1.4132367597865385,0.0942998207806073,0.0953567194261782,0.0953567194261782,True,results/rerun_protocol_v1_tuning/fedogda_s_pilot_alpha0p5/abs/fedogda_s/seed_0/tune_fedogda_s_abs_seed0_alpha0p5_cm2_wd0p001/predictions.npz,results/rerun_protocol_v1_tuning/fedogda_s_pilot_alpha0p5/abs/fedogda_s/seed_0/tune_fedogda_s_abs_seed0_alpha0p5_cm2_wd0p001
fedogda_s_tuning_pilot_all_configs,abs,fedogda_s,FedOGDA-S,0.5,0,best_validation_prediction,0.0953567194261781,0.2523832606568479,1.4132367597865385,0.0942998207806073,0.0953567194261782,0.0953567194261782,True,results/rerun_protocol_v1_tuning/fedogda_s_pilot_alpha0p5/abs/fedogda_s/seed_0/tune_fedogda_s_abs_seed0_alpha0p5_cm2_wd0p01/predictions.npz,results/rerun_protocol_v1_tuning/fedogda_s_pilot_alpha0p5/abs/fedogda_s/seed_0/tune_fedogda_s_abs_seed0_alpha0p5_cm2_wd0p01
fedogda_s_tuning_pilot_all_configs,abs,fedogda_s,FedOGDA-S,0.5,0,best_validation_prediction,0.0953567194261781,0.2523832606568479,1.4132367597865385,0.0942998207806073,0.0953567194261782,0.0953567194261782,True,results/rerun_protocol_v1_tuning/fedogda_s_pilot_alpha0p5/abs/fedogda_s/seed_0/tune_fedogda_s_abs_seed0_alpha0p5_cm2_wd0p03/predictions.npz,results/rerun_protocol_v1_tuning/fedogda_s_pilot_alpha0p5/abs/fedogda_s/seed_0/tune_fedogda_s_abs_seed0_alpha0p5_cm2_wd0p03
fedogda_s_tuning_pilot_all_configs,abs,fedogda_s,FedOGDA-S,0.5,0,best_validation_prediction,0.0953567194261781,0.2523832606568479,1.4132367597865385,0.0942998207806073,0.0953567194261782,0.0953567194261782,True,results/rerun_protocol_v1_tuning/fedogda_s_pilot_alpha0p5/abs/fedogda_s/seed_0/tune_fedogda_s_abs_seed0_alpha0p5_cm2_wd0p1/predictions.npz,results/rerun_protocol_v1_tuning/fedogda_s_pilot_alpha0p5/abs/fedogda_s/seed_0/tune_fedogda_s_abs_seed0_alpha0p5_cm2_wd0p1
fedogda_s_tuning_pilot_all_configs,abs,fedogda_s,FedOGDA-S,0.5,0,best_validation_prediction,0.0336954493342178,0.1519659214857244,0.7255026733889791,0.0330094953124361,0.0336954493342178,0.0336954493342178,True,results/rerun_protocol_v1_tuning/fedogda_s_pilot_alpha0p5/abs/fedogda_s/seed_0/tune_fedogda_s_abs_seed0_alpha0p5_cm5_wd0p001/predictions.npz,results/rerun_protocol_v1_tuning/fedogda_s_pilot_alpha0p5/abs/fedogda_s/seed_0/tune_fedogda_s_abs_seed0_alpha0p5_cm5_wd0p001
fedogda_s_tuning_pilot_all_configs,abs,fedogda_s,FedOGDA-S,0.5,0,best_validation_prediction,0.0336954493342178,0.1519659214857244,0.7255026733889791,0.0330094953124361,0.0336954493342178,0.0336954493342178,True,results/rerun_protocol_v1_tuning/fedogda_s_pilot_alpha0p5/abs/fedogda_s/seed_0/tune_fedogda_s_abs_seed0_alpha0p5_cm5_wd0p01/predictions.npz,results/rerun_protocol_v1_tuning/fedogda_s_pilot_alpha0p5/abs/fedogda_s/seed_0/tune_fedogda_s_abs_seed0_alpha0p5_cm5_wd0p01
fedogda_s_tuning_pilot_all_configs,abs,fedogda_s,FedOGDA-S,0.5,0,best_validation_prediction,0.0336954493342178,0.1519659214857244,0.7255026733889791,0.0330094953124361,0.0336954493342178,0.0336954493342178,True,results/rerun_protocol_v1_tuning/fedogda_s_pilot_alpha0p5/abs/fedogda_s/seed_0/tune_fedogda_s_abs_seed0_alpha0p5_cm5_wd0p03/predictions.npz,results/rerun_protocol_v1_tuning/fedogda_s_pilot_alpha0p5/abs/fedogda_s/seed_0/tune_fedogda_s_abs_seed0_alpha0p5_cm5_wd0p03
fedogda_s_tuning_pilot_all_configs,abs,fedogda_s,FedOGDA-S,0.5,0,best_validation_prediction,0.0336954493342178,0.1519659214857244,0.7255026733889791,0.0330094953124361,0.0336954493342178,0.0336954493342178,True,results/rerun_protocol_v1_tuning/fedogda_s_pilot_alpha0p5/abs/fedogda_s/seed_0/tune_fedogda_s_abs_seed0_alpha0p5_cm5_wd0p1/predictions.npz,results/rerun_protocol_v1_tuning/fedogda_s_pilot_alpha0p5/abs/fedogda_s/seed_0/tune_fedogda_s_abs_seed0_alpha0p5_cm5_wd0p1
fedogda_s_tuning_pilot_all_configs,abs,fedogda_s,FedOGDA-S,0.5,0,best_validation_prediction,0.0067017122918489,0.0653886374362637,0.3047456764607392,0.0065320756878727,0.0067017122918489,0.0067017122918489,True,results/rerun_protocol_v1_tuning/fedogda_s_pilot_alpha0p5/abs/fedogda_s/seed_0/tune_fedogda_s_abs_seed0_alpha0p5_cm10_wd0p001/predictions.npz,results/rerun_protocol_v1_tuning/fedogda_s_pilot_alpha0p5/abs/fedogda_s/seed_0/tune_fedogda_s_abs_seed0_alpha0p5_cm10_wd0p001
fedogda_s_tuning_pilot_all_configs,abs,fedogda_s,FedOGDA-S,0.5,0,best_validation_prediction,0.0067017122918489,0.0653886374362637,0.3047456764607392,0.0065320756878727,0.0067017122918489,0.0067017122918489,True,results/rerun_protocol_v1_tuning/fedogda_s_pilot_alpha0p5/abs/fedogda_s/seed_0/tune_fedogda_s_abs_seed0_alpha0p5_cm10_wd0p01/predictions.npz,results/rerun_protocol_v1_tuning/fedogda_s_pilot_alpha0p5/abs/fedogda_s/seed_0/tune_fedogda_s_abs_seed0_alpha0p5_cm10_wd0p01
fedogda_s_tuning_pilot_all_configs,abs,fedogda_s,FedOGDA-S,0.5,0,best_validation_prediction,0.0067017122918489,0.0653886374362637,0.3047456764607392,0.0065320756878727,0.0067017122918489,0.0067017122918489,True,results/rerun_protocol_v1_tuning/fedogda_s_pilot_alpha0p5/abs/fedogda_s/seed_0/tune_fedogda_s_abs_seed0_alpha0p5_cm10_wd0p03/predictions.npz,results/rerun_protocol_v1_tuning/fedogda_s_pilot_alpha0p5/abs/fedogda_s/seed_0/tune_fedogda_s_abs_seed0_alpha0p5_cm10_wd0p03
fedogda_s_tuning_pilot_all_configs,abs,fedogda_s,FedOGDA-S,0.5,0,best_validation_prediction,0.0067017122918489,0.0653886374362637,0.3047456764607392,0.0065320756878727,0.0067017122918489,0.0067017122918489,True,results/rerun_protocol_v1_tuning/fedogda_s_pilot_alpha0p5/abs/fedogda_s/seed_0/tune_fedogda_s_abs_seed0_alpha0p5_cm10_wd0p1/predictions.npz,results/rerun_protocol_v1_tuning/fedogda_s_pilot_alpha0p5/abs/fedogda_s/seed_0/tune_fedogda_s_abs_seed0_alpha0p5_cm10_wd0p1
fedogda_s_tuning_pilot_all_configs,abs,fedogda_s,FedOGDA-S,0.5,0,best_validation_prediction,0.0017624190822426,0.0294633333455721,0.1588485763045543,0.0017172040024262,0.0017624190822426,0.0017624190822426,True,results/rerun_protocol_v1_tuning/fedogda_s_pilot_alpha0p5/abs/fedogda_s/seed_0/tune_fedogda_s_abs_seed0_alpha0p5_cm20_wd0p01/predictions.npz,results/rerun_protocol_v1_tuning/fedogda_s_pilot_alpha0p5/abs/fedogda_s/seed_0/tune_fedogda_s_abs_seed0_alpha0p5_cm20_wd0p01
fedogda_s_tuning_pilot_all_configs,abs,fedogda_s,FedOGDA-S,0.5,0,best_validation_prediction,0.0017624190822426,0.0294633333455721,0.1588485763045543,0.0017172040024262,0.0017624190822426,0.0017624190822426,True,results/rerun_protocol_v1_tuning/fedogda_s_pilot_alpha0p5/abs/fedogda_s/seed_0/tune_fedogda_s_abs_seed0_alpha0p5_cm20_wd0p03/predictions.npz,results/rerun_protocol_v1_tuning/fedogda_s_pilot_alpha0p5/abs/fedogda_s/seed_0/tune_fedogda_s_abs_seed0_alpha0p5_cm20_wd0p03
fedogda_s_tuning_pilot_all_configs,abs,fedogda_s,FedOGDA-S,0.5,0,best_validation_prediction,0.0017624190822426,0.0294633333455721,0.1588485763045543,0.0017172040024262,0.0017624190822426,0.0017624190822426,True,results/rerun_protocol_v1_tuning/fedogda_s_pilot_alpha0p5/abs/fedogda_s/seed_0/tune_fedogda_s_abs_seed0_alpha0p5_cm20_wd0p1/predictions.npz,results/rerun_protocol_v1_tuning/fedogda_s_pilot_alpha0p5/abs/fedogda_s/seed_0/tune_fedogda_s_abs_seed0_alpha0p5_cm20_wd0p1
fedogda_s_tuning_pilot_all_configs,abs,fedogda_s,FedOGDA-S,0.5,1,best_validation_prediction,0.1009846599508001,0.2668192344246506,1.1657611273749562,0.0989197450132552,0.1009846599508009,0.1211917534609984,True,results/rerun_protocol_v1_tuning/fedogda_s_pilot_alpha0p5/abs/fedogda_s/seed_1/tune_fedogda_s_abs_seed1_alpha0p5_cm2_wd0p001/predictions.npz,results/rerun_protocol_v1_tuning/fedogda_s_pilot_alpha0p5/abs/fedogda_s/seed_1/tune_fedogda_s_abs_seed1_alpha0p5_cm2_wd0p001
fedogda_s_tuning_pilot_all_configs,abs,fedogda_s,FedOGDA-S,0.5,1,best_validation_prediction,0.1009846599508001,0.2668192344246506,1.1657611273749562,0.0989197450132552,0.1009846599508009,0.1211917534609984,True,results/rerun_protocol_v1_tuning/fedogda_s_pilot_alpha0p5/abs/fedogda_s/seed_1/tune_fedogda_s_abs_seed1_alpha0p5_cm2_wd0p01/predictions.npz,results/rerun_protocol_v1_tuning/fedogda_s_pilot_alpha0p5/abs/fedogda_s/seed_1/tune_fedogda_s_abs_seed1_alpha0p5_cm2_wd0p01
fedogda_s_tuning_pilot_all_configs,abs,fedogda_s,FedOGDA-S,0.5,1,best_validation_prediction,0.1009846599508001,0.2668192344246506,1.1657611273749562,0.0989197450132552,0.1009846599508009,0.1211917534609984,True,results/rerun_protocol_v1_tuning/fedogda_s_pilot_alpha0p5/abs/fedogda_s/seed_1/tune_fedogda_s_abs_seed1_alpha0p5_cm2_wd0p03/predictions.npz,results/rerun_protocol_v1_tuning/fedogda_s_pilot_alpha0p5/abs/fedogda_s/seed_1/tune_fedogda_s_abs_seed1_alpha0p5_cm2_wd0p03
fedogda_s_tuning_pilot_all_configs,abs,fedogda_s,FedOGDA-S,0.5,1,best_validation_prediction,0.1009846599508001,0.2668192344246506,1.1657611273749562,0.0989197450132552,0.1009846599508009,0.1211917534609984,True,results/rerun_protocol_v1_tuning/fedogda_s_pilot_alpha0p5/abs/fedogda_s/seed_1/tune_fedogda_s_abs_seed1_alpha0p5_cm2_wd0p1/predictions.npz,results/rerun_protocol_v1_tuning/fedogda_s_pilot_alpha0p5/abs/fedogda_s/seed_1/tune_fedogda_s_abs_seed1_alpha0p5_cm2_wd0p1
fedogda_s_tuning_pilot_all_configs,abs,fedogda_s,FedOGDA-S,0.5,1,best_validation_prediction,0.0176718295392312,0.0954999326702948,0.6690906944805728,0.0175745326754649,0.0176718295392313,0.0176718295392313,True,results/rerun_protocol_v1_tuning/fedogda_s_pilot_alpha0p5/abs/fedogda_s/seed_1/tune_fedogda_s_abs_seed1_alpha0p5_cm5_wd0p001/predictions.npz,results/rerun_protocol_v1_tuning/fedogda_s_pilot_alpha0p5/abs/fedogda_s/seed_1/tune_fedogda_s_abs_seed1_alpha0p5_cm5_wd0p001
fedogda_s_tuning_pilot_all_configs,abs,fedogda_s,FedOGDA-S,0.5,1,best_validation_prediction,0.0176718295392312,0.0954999326702948,0.6690906944805728,0.0175745326754649,0.0176718295392313,0.0176718295392313,True,results/rerun_protocol_v1_tuning/fedogda_s_pilot_alpha0p5/abs/fedogda_s/seed_1/tune_fedogda_s_abs_seed1_alpha0p5_cm5_wd0p01/predictions.npz,results/rerun_protocol_v1_tuning/fedogda_s_pilot_alpha0p5/abs/fedogda_s/seed_1/tune_fedogda_s_abs_seed1_alpha0p5_cm5_wd0p01
fedogda_s_tuning_pilot_all_configs,abs,fedogda_s,FedOGDA-S,0.5,1,best_validation_prediction,0.0176718295392312,0.0954999326702948,0.6690906944805728,0.0175745326754649,0.0176718295392313,0.0176718295392313,True,results/rerun_protocol_v1_tuning/fedogda_s_pilot_alpha0p5/abs/fedogda_s/seed_1/tune_fedogda_s_abs_seed1_alpha0p5_cm5_wd0p03/predictions.npz,results/rerun_protocol_v1_tuning/fedogda_s_pilot_alpha0p5/abs/fedogda_s/seed_1/tune_fedogda_s_abs_seed1_alpha0p5_cm5_wd0p03
fedogda_s_tuning_pilot_all_configs,abs,fedogda_s,FedOGDA-S,0.5,1,best_validation_prediction,0.0176718295392312,0.0954999326702948,0.6690906944805728,0.0175745326754649,0.0176718295392313,0.0176718295392313,True,results/rerun_protocol_v1_tuning/fedogda_s_pilot_alpha0p5/abs/fedogda_s/seed_1/tune_fedogda_s_abs_seed1_alpha0p5_cm5_wd0p1/predictions.npz,results/rerun_protocol_v1_tuning/fedogda_s_pilot_alpha0p5/abs/fedogda_s/seed_1/tune_fedogda_s_abs_seed1_alpha0p5_cm5_wd0p1
fedogda_s_tuning_pilot_all_configs,abs,fedogda_s,FedOGDA-S,0.5,1,best_validation_prediction,0.0069693772045246,0.0704133146868543,0.2773975925449905,0.0068283945338456,0.0069693772045246,0.0089884552767311,True,results/rerun_protocol_v1_tuning/fedogda_s_pilot_alpha0p5/abs/fedogda_s/seed_1/tune_fedogda_s_abs_seed1_alpha0p5_cm10_wd0p001/predictions.npz,results/rerun_protocol_v1_tuning/fedogda_s_pilot_alpha0p5/abs/fedogda_s/seed_1/tune_fedogda_s_abs_seed1_alpha0p5_cm10_wd0p001
fedogda_s_tuning_pilot_all_configs,abs,fedogda_s,FedOGDA-S,0.5,1,best_validation_prediction,0.0069693772045246,0.0704133146868543,0.2773975925449905,0.0068283945338456,0.0069693772045246,0.0089884552767311,True,results/rerun_protocol_v1_tuning/fedogda_s_pilot_alpha0p5/abs/fedogda_s/seed_1/tune_fedogda_s_abs_seed1_alpha0p5_cm10_wd0p01/predictions.npz,results/rerun_protocol_v1_tuning/fedogda_s_pilot_alpha0p5/abs/fedogda_s/seed_1/tune_fedogda_s_abs_seed1_alpha0p5_cm10_wd0p01
fedogda_s_tuning_pilot_all_configs,abs,fedogda_s,FedOGDA-S,0.5,1,best_validation_prediction,0.0069693772045246,0.0704133146868543,0.2773975925449905,0.0068283945338456,0.0069693772045246,0.0089884552767311,True,results/rerun_protocol_v1_tuning/fedogda_s_pilot_alpha0p5/abs/fedogda_s/seed_1/tune_fedogda_s_abs_seed1_alpha0p5_cm10_wd0p03/predictions.npz,results/rerun_protocol_v1_tuning/fedogda_s_pilot_alpha0p5/abs/fedogda_s/seed_1/tune_fedogda_s_abs_seed1_alpha0p5_cm10_wd0p03
fedogda_s_tuning_pilot_all_configs,abs,fedogda_s,FedOGDA-S,0.5,1,best_validation_prediction,0.0069693772045246,0.0704133146868543,0.2773975925449905,0.0068283945338456,0.0069693772045246,0.0089884552767311,True,results/rerun_protocol_v1_tuning/fedogda_s_pilot_alpha0p5/abs/fedogda_s/seed_1/tune_fedogda_s_abs_seed1_alpha0p5_cm10_wd0p1/predictions.npz,results/rerun_protocol_v1_tuning/fedogda_s_pilot_alpha0p5/abs/fedogda_s/seed_1/tune_fedogda_s_abs_seed1_alpha0p5_cm10_wd0p1
fedogda_s_tuning_pilot_all_configs,abs,fedogda_s,FedOGDA-S,0.5,1,best_validation_prediction,0.0064817708554381,0.0685448416415025,0.3179102573001677,0.0063083234971047,0.0064817708554381,0.0086022594858504,True,results/rerun_protocol_v1_tuning/fedogda_s_pilot_alpha0p5/abs/fedogda_s/seed_1/tune_fedogda_s_abs_seed1_alpha0p5_cm20_wd0p01/predictions.npz,results/rerun_protocol_v1_tuning/fedogda_s_pilot_alpha0p5/abs/fedogda_s/seed_1/tune_fedogda_s_abs_seed1_alpha0p5_cm20_wd0p01
fedogda_s_tuning_pilot_all_configs,abs,fedogda_s,FedOGDA-S,0.5,1,best_validation_prediction,0.0064817708554381,0.0685448416415025,0.3179102573001677,0.0063083234971047,0.0064817708554381,0.0086022594858504,True,results/rerun_protocol_v1_tuning/fedogda_s_pilot_alpha0p5/abs/fedogda_s/seed_1/tune_fedogda_s_abs_seed1_alpha0p5_cm20_wd0p03/predictions.npz,results/rerun_protocol_v1_tuning/fedogda_s_pilot_alpha0p5/abs/fedogda_s/seed_1/tune_fedogda_s_abs_seed1_alpha0p5_cm20_wd0p03
fedogda_s_tuning_pilot_all_configs,abs,fedogda_s,FedOGDA-S,0.5,1,best_validation_prediction,0.0064817708554381,0.0685448416415025,0.3179102573001677,0.0063083234971047,0.0064817708554381,0.0086022594858504,True,results/rerun_protocol_v1_tuning/fedogda_s_pilot_alpha0p5/abs/fedogda_s/seed_1/tune_fedogda_s_abs_seed1_alpha0p5_cm20_wd0p1/predictions.npz,results/rerun_protocol_v1_tuning/fedogda_s_pilot_alpha0p5/abs/fedogda_s/seed_1/tune_fedogda_s_abs_seed1_alpha0p5_cm20_wd0p1
fedogda_s_tuning_pilot_all_configs,abs,fedogda_s,FedOGDA-S,0.5,2,best_validation_prediction,0.1189354658859972,0.2898889826777939,1.304900119037744,0.1167317377855572,0.118935465885997,0.118935465885997,True,results/rerun_protocol_v1_tuning/fedogda_s_pilot_alpha0p5/abs/fedogda_s/seed_2/tune_fedogda_s_abs_seed2_alpha0p5_cm2_wd0p001/predictions.npz,results/rerun_protocol_v1_tuning/fedogda_s_pilot_alpha0p5/abs/fedogda_s/seed_2/tune_fedogda_s_abs_seed2_alpha0p5_cm2_wd0p001
fedogda_s_tuning_pilot_all_configs,abs,fedogda_s,FedOGDA-S,0.5,2,best_validation_prediction,0.1189354658859972,0.2898889826777939,1.304900119037744,0.1167317377855572,0.118935465885997,0.118935465885997,True,results/rerun_protocol_v1_tuning/fedogda_s_pilot_alpha0p5/abs/fedogda_s/seed_2/tune_fedogda_s_abs_seed2_alpha0p5_cm2_wd0p01/predictions.npz,results/rerun_protocol_v1_tuning/fedogda_s_pilot_alpha0p5/abs/fedogda_s/seed_2/tune_fedogda_s_abs_seed2_alpha0p5_cm2_wd0p01
fedogda_s_tuning_pilot_all_configs,abs,fedogda_s,FedOGDA-S,0.5,2,best_validation_prediction,0.1189354658859972,0.2898889826777939,1.304900119037744,0.1167317377855572,0.118935465885997,0.118935465885997,True,results/rerun_protocol_v1_tuning/fedogda_s_pilot_alpha0p5/abs/fedogda_s/seed_2/tune_fedogda_s_abs_seed2_alpha0p5_cm2_wd0p03/predictions.npz,results/rerun_protocol_v1_tuning/fedogda_s_pilot_alpha0p5/abs/fedogda_s/seed_2/tune_fedogda_s_abs_seed2_alpha0p5_cm2_wd0p03
fedogda_s_tuning_pilot_all_configs,abs,fedogda_s,FedOGDA-S,0.5,2,best_validation_prediction,0.1189354658859972,0.2898889826777939,1.304900119037744,0.1167317377855572,0.118935465885997,0.118935465885997,True,results/rerun_protocol_v1_tuning/fedogda_s_pilot_alpha0p5/abs/fedogda_s/seed_2/tune_fedogda_s_abs_seed2_alpha0p5_cm2_wd0p1/predictions.npz,results/rerun_protocol_v1_tuning/fedogda_s_pilot_alpha0p5/abs/fedogda_s/seed_2/tune_fedogda_s_abs_seed2_alpha0p5_cm2_wd0p1
fedogda_s_tuning_pilot_all_configs,abs,fedogda_s,FedOGDA-S,0.5,2,best_validation_prediction,0.0776612728899381,0.2337084428157669,1.0320886411829997,0.0761183201190151,0.0776612728899379,0.0776612728899379,True,results/rerun_protocol_v1_tuning/fedogda_s_pilot_alpha0p5/abs/fedogda_s/seed_2/tune_fedogda_s_abs_seed2_alpha0p5_cm5_wd0p001/predictions.npz,results/rerun_protocol_v1_tuning/fedogda_s_pilot_alpha0p5/abs/fedogda_s/seed_2/tune_fedogda_s_abs_seed2_alpha0p5_cm5_wd0p001
fedogda_s_tuning_pilot_all_configs,abs,fedogda_s,FedOGDA-S,0.5,2,best_validation_prediction,0.0776612728899381,0.2337084428157669,1.0320886411829997,0.0761183201190151,0.0776612728899379,0.0776612728899379,True,results/rerun_protocol_v1_tuning/fedogda_s_pilot_alpha0p5/abs/fedogda_s/seed_2/tune_fedogda_s_abs_seed2_alpha0p5_cm5_wd0p01/predictions.npz,results/rerun_protocol_v1_tuning/fedogda_s_pilot_alpha0p5/abs/fedogda_s/seed_2/tune_fedogda_s_abs_seed2_alpha0p5_cm5_wd0p01
fedogda_s_tuning_pilot_all_configs,abs,fedogda_s,FedOGDA-S,0.5,2,best_validation_prediction,0.0776612728899381,0.2337084428157669,1.0320886411829997,0.0761183201190151,0.0776612728899379,0.0776612728899379,True,results/rerun_protocol_v1_tuning/fedogda_s_pilot_alpha0p5/abs/fedogda_s/seed_2/tune_fedogda_s_abs_seed2_alpha0p5_cm5_wd0p03/predictions.npz,results/rerun_protocol_v1_tuning/fedogda_s_pilot_alpha0p5/abs/fedogda_s/seed_2/tune_fedogda_s_abs_seed2_alpha0p5_cm5_wd0p03
fedogda_s_tuning_pilot_all_configs,abs,fedogda_s,FedOGDA-S,0.5,2,best_validation_prediction,0.0776612728899381,0.2337084428157669,1.0320886411829997,0.0761183201190151,0.0776612728899379,0.0776612728899379,True,results/rerun_protocol_v1_tuning/fedogda_s_pilot_alpha0p5/abs/fedogda_s/seed_2/tune_fedogda_s_abs_seed2_alpha0p5_cm5_wd0p1/predictions.npz,results/rerun_protocol_v1_tuning/fedogda_s_pilot_alpha0p5/abs/fedogda_s/seed_2/tune_fedogda_s_abs_seed2_alpha0p5_cm5_wd0p1
fedogda_s_tuning_pilot_all_configs,abs,fedogda_s,FedOGDA-S,0.5,2,best_validation_prediction,0.0324166346743133,0.1497271240650751,0.6512901927808594,0.0317815520773255,0.0324166346743133,0.0324166346743133,True,results/rerun_protocol_v1_tuning/fedogda_s_pilot_alpha0p5/abs/fedogda_s/seed_2/tune_fedogda_s_abs_seed2_alpha0p5_cm10_wd0p001/predictions.npz,results/rerun_protocol_v1_tuning/fedogda_s_pilot_alpha0p5/abs/fedogda_s/seed_2/tune_fedogda_s_abs_seed2_alpha0p5_cm10_wd0p001
fedogda_s_tuning_pilot_all_configs,abs,fedogda_s,FedOGDA-S,0.5,2,best_validation_prediction,0.0324166346743133,0.1497271240650751,0.6512901927808594,0.0317815520773255,0.0324166346743133,0.0324166346743133,True,results/rerun_protocol_v1_tuning/fedogda_s_pilot_alpha0p5/abs/fedogda_s/seed_2/tune_fedogda_s_abs_seed2_alpha0p5_cm10_wd0p01/predictions.npz,results/rerun_protocol_v1_tuning/fedogda_s_pilot_alpha0p5/abs/fedogda_s/seed_2/tune_fedogda_s_abs_seed2_alpha0p5_cm10_wd0p01
fedogda_s_tuning_pilot_all_configs,abs,fedogda_s,FedOGDA-S,0.5,2,best_validation_prediction,0.0324166346743133,0.1497271240650751,0.6512901927808594,0.0317815520773255,0.0324166346743133,0.0324166346743133,True,results/rerun_protocol_v1_tuning/fedogda_s_pilot_alpha0p5/abs/fedogda_s/seed_2/tune_fedogda_s_abs_seed2_alpha0p5_cm10_wd0p03/predictions.npz,results/rerun_protocol_v1_tuning/fedogda_s_pilot_alpha0p5/abs/fedogda_s/seed_2/tune_fedogda_s_abs_seed2_alpha0p5_cm10_wd0p03
fedogda_s_tuning_pilot_all_configs,abs,fedogda_s,FedOGDA-S,0.5,2,best_validation_prediction,0.0324166346743133,0.1497271240650751,0.6512901927808594,0.0317815520773255,0.0324166346743133,0.0324166346743133,True,results/rerun_protocol_v1_tuning/fedogda_s_pilot_alpha0p5/abs/fedogda_s/seed_2/tune_fedogda_s_abs_seed2_alpha0p5_cm10_wd0p1/predictions.npz,results/rerun_protocol_v1_tuning/fedogda_s_pilot_alpha0p5/abs/fedogda_s/seed_2/tune_fedogda_s_abs_seed2_alpha0p5_cm10_wd0p1
fedogda_s_tuning_pilot_all_configs,abs,fedogda_s,FedOGDA-S,0.5,2,best_validation_prediction,0.0099306660840704,0.0789024558108695,0.3874511688801982,0.0097647151475086,0.0099306660840705,0.0099306660840705,True,results/rerun_protocol_v1_tuning/fedogda_s_pilot_alpha0p5/abs/fedogda_s/seed_2/tune_fedogda_s_abs_seed2_alpha0p5_cm20_wd0p01/predictions.npz,results/rerun_protocol_v1_tuning/fedogda_s_pilot_alpha0p5/abs/fedogda_s/seed_2/tune_fedogda_s_abs_seed2_alpha0p5_cm20_wd0p01
fedogda_s_tuning_pilot_all_configs,abs,fedogda_s,FedOGDA-S,0.5,2,best_validation_prediction,0.0099306660840704,0.0789024558108695,0.3874511688801982,0.0097647151475086,0.0099306660840705,0.0099306660840705,True,results/rerun_protocol_v1_tuning/fedogda_s_pilot_alpha0p5/abs/fedogda_s/seed_2/tune_fedogda_s_abs_seed2_alpha0p5_cm20_wd0p03/predictions.npz,results/rerun_protocol_v1_tuning/fedogda_s_pilot_alpha0p5/abs/fedogda_s/seed_2/tune_fedogda_s_abs_seed2_alpha0p5_cm20_wd0p03
fedogda_s_tuning_pilot_all_configs,abs,fedogda_s,FedOGDA-S,0.5,2,best_validation_prediction,0.0099306660840704,0.0789024558108695,0.3874511688801982,0.0097647151475086,0.0099306660840705,0.0099306660840705,True,results/rerun_protocol_v1_tuning/fedogda_s_pilot_alpha0p5/abs/fedogda_s/seed_2/tune_fedogda_s_abs_seed2_alpha0p5_cm20_wd0p1/predictions.npz,results/rerun_protocol_v1_tuning/fedogda_s_pilot_alpha0p5/abs/fedogda_s/seed_2/tune_fedogda_s_abs_seed2_alpha0p5_cm20_wd0p1
fedogda_s_tuning_pilot_all_configs,linear,fedogda_s,FedOGDA-S,0.5,0,best_validation_prediction,0.0095546150819544,0.0819151021892059,0.3476136886863781,0.0094509074315794,0.0095546150819544,0.0464364901001117,True,results/rerun_protocol_v1_tuning/fedogda_s_pilot_alpha0p5/linear/fedogda_s/seed_0/tune_fedogda_s_linear_seed0_alpha0p5_cm2_wd0p001/predictions.npz,results/rerun_protocol_v1_tuning/fedogda_s_pilot_alpha0p5/linear/fedogda_s/seed_0/tune_fedogda_s_linear_seed0_alpha0p5_cm2_wd0p001
fedogda_s_tuning_pilot_all_configs,linear,fedogda_s,FedOGDA-S,0.5,0,best_validation_prediction,0.0095546150819544,0.0819151021892059,0.3476136886863781,0.0094509074315794,0.0095546150819544,0.0464364901001117,True,results/rerun_protocol_v1_tuning/fedogda_s_pilot_alpha0p5/linear/fedogda_s/seed_0/tune_fedogda_s_linear_seed0_alpha0p5_cm2_wd0p01/predictions.npz,results/rerun_protocol_v1_tuning/fedogda_s_pilot_alpha0p5/linear/fedogda_s/seed_0/tune_fedogda_s_linear_seed0_alpha0p5_cm2_wd0p01
fedogda_s_tuning_pilot_all_configs,linear,fedogda_s,FedOGDA-S,0.5,0,best_validation_prediction,0.0095546150819544,0.0819151021892059,0.3476136886863781,0.0094509074315794,0.0095546150819544,0.0464364901001117,True,results/rerun_protocol_v1_tuning/fedogda_s_pilot_alpha0p5/linear/fedogda_s/seed_0/tune_fedogda_s_linear_seed0_alpha0p5_cm2_wd0p03/predictions.npz,results/rerun_protocol_v1_tuning/fedogda_s_pilot_alpha0p5/linear/fedogda_s/seed_0/tune_fedogda_s_linear_seed0_alpha0p5_cm2_wd0p03
fedogda_s_tuning_pilot_all_configs,linear,fedogda_s,FedOGDA-S,0.5,0,best_validation_prediction,0.0095546150819544,0.0819151021892059,0.3476136886863781,0.0094509074315794,0.0095546150819544,0.0464364901001117,True,results/rerun_protocol_v1_tuning/fedogda_s_pilot_alpha0p5/linear/fedogda_s/seed_0/tune_fedogda_s_linear_seed0_alpha0p5_cm2_wd0p1/predictions.npz,results/rerun_protocol_v1_tuning/fedogda_s_pilot_alpha0p5/linear/fedogda_s/seed_0/tune_fedogda_s_linear_seed0_alpha0p5_cm2_wd0p1
fedogda_s_tuning_pilot_all_configs,linear,fedogda_s,FedOGDA-S,0.5,0,best_validation_prediction,0.0052440195199953,0.0595323543431066,0.3122932919026173,0.0051924065467757,0.0052440195199953,0.0054113684328382,True,results/rerun_protocol_v1_tuning/fedogda_s_pilot_alpha0p5/linear/fedogda_s/seed_0/tune_fedogda_s_linear_seed0_alpha0p5_cm5_wd0p001/predictions.npz,results/rerun_protocol_v1_tuning/fedogda_s_pilot_alpha0p5/linear/fedogda_s/seed_0/tune_fedogda_s_linear_seed0_alpha0p5_cm5_wd0p001
fedogda_s_tuning_pilot_all_configs,linear,fedogda_s,FedOGDA-S,0.5,0,best_validation_prediction,0.0052440195199953,0.0595323543431066,0.3122932919026173,0.0051924065467757,0.0052440195199953,0.0054113684328382,True,results/rerun_protocol_v1_tuning/fedogda_s_pilot_alpha0p5/linear/fedogda_s/seed_0/tune_fedogda_s_linear_seed0_alpha0p5_cm5_wd0p01/predictions.npz,results/rerun_protocol_v1_tuning/fedogda_s_pilot_alpha0p5/linear/fedogda_s/seed_0/tune_fedogda_s_linear_seed0_alpha0p5_cm5_wd0p01
fedogda_s_tuning_pilot_all_configs,linear,fedogda_s,FedOGDA-S,0.5,0,best_validation_prediction,0.0052440195199953,0.0595323543431066,0.3122932919026173,0.0051924065467757,0.0052440195199953,0.0054113684328382,True,results/rerun_protocol_v1_tuning/fedogda_s_pilot_alpha0p5/linear/fedogda_s/seed_0/tune_fedogda_s_linear_seed0_alpha0p5_cm5_wd0p03/predictions.npz,results/rerun_protocol_v1_tuning/fedogda_s_pilot_alpha0p5/linear/fedogda_s/seed_0/tune_fedogda_s_linear_seed0_alpha0p5_cm5_wd0p03
fedogda_s_tuning_pilot_all_configs,linear,fedogda_s,FedOGDA-S,0.5,0,best_validation_prediction,0.0052440195199953,0.0595323543431066,0.3122932919026173,0.0051924065467757,0.0052440195199953,0.0054113684328382,True,results/rerun_protocol_v1_tuning/fedogda_s_pilot_alpha0p5/linear/fedogda_s/seed_0/tune_fedogda_s_linear_seed0_alpha0p5_cm5_wd0p1/predictions.npz,results/rerun_protocol_v1_tuning/fedogda_s_pilot_alpha0p5/linear/fedogda_s/seed_0/tune_fedogda_s_linear_seed0_alpha0p5_cm5_wd0p1
fedogda_s_tuning_pilot_all_configs,linear,fedogda_s,FedOGDA-S,0.5,0,best_validation_prediction,0.0007847149540269,0.018463808295314,0.1556925034326979,0.0007822137267112,0.0007847149540269,0.0011582412758197,True,results/rerun_protocol_v1_tuning/fedogda_s_pilot_alpha0p5/linear/fedogda_s/seed_0/tune_fedogda_s_linear_seed0_alpha0p5_cm10_wd0p001/predictions.npz,results/rerun_protocol_v1_tuning/fedogda_s_pilot_alpha0p5/linear/fedogda_s/seed_0/tune_fedogda_s_linear_seed0_alpha0p5_cm10_wd0p001
fedogda_s_tuning_pilot_all_configs,linear,fedogda_s,FedOGDA-S,0.5,0,best_validation_prediction,0.0007847149540269,0.018463808295314,0.1556925034326979,0.0007822137267112,0.0007847149540269,0.0011582412758197,True,results/rerun_protocol_v1_tuning/fedogda_s_pilot_alpha0p5/linear/fedogda_s/seed_0/tune_fedogda_s_linear_seed0_alpha0p5_cm10_wd0p01/predictions.npz,results/rerun_protocol_v1_tuning/fedogda_s_pilot_alpha0p5/linear/fedogda_s/seed_0/tune_fedogda_s_linear_seed0_alpha0p5_cm10_wd0p01
fedogda_s_tuning_pilot_all_configs,linear,fedogda_s,FedOGDA-S,0.5,0,best_validation_prediction,0.0007847149540269,0.018463808295314,0.1556925034326979,0.0007822137267112,0.0007847149540269,0.0011582412758197,True,results/rerun_protocol_v1_tuning/fedogda_s_pilot_alpha0p5/linear/fedogda_s/seed_0/tune_fedogda_s_linear_seed0_alpha0p5_cm10_wd0p03/predictions.npz,results/rerun_protocol_v1_tuning/fedogda_s_pilot_alpha0p5/linear/fedogda_s/seed_0/tune_fedogda_s_linear_seed0_alpha0p5_cm10_wd0p03
fedogda_s_tuning_pilot_all_configs,linear,fedogda_s,FedOGDA-S,0.5,0,best_validation_prediction,0.0007847149540269,0.018463808295314,0.1556925034326979,0.0007822137267112,0.0007847149540269,0.0011582412758197,True,results/rerun_protocol_v1_tuning/fedogda_s_pilot_alpha0p5/linear/fedogda_s/seed_0/tune_fedogda_s_linear_seed0_alpha0p5_cm10_wd0p1/predictions.npz,results/rerun_protocol_v1_tuning/fedogda_s_pilot_alpha0p5/linear/fedogda_s/seed_0/tune_fedogda_s_linear_seed0_alpha0p5_cm10_wd0p1
fedogda_s_tuning_pilot_all_configs,linear,fedogda_s,FedOGDA-S,0.5,0,best_validation_prediction,0.0003174775871184,0.015633619726454,0.078839449022918,0.0003152578536182,0.0003174775871184,0.0012441588803776,True,results/rerun_protocol_v1_tuning/fedogda_s_pilot_alpha0p5/linear/fedogda_s/seed_0/tune_fedogda_s_linear_seed0_alpha0p5_cm20_wd0p01/predictions.npz,results/rerun_protocol_v1_tuning/fedogda_s_pilot_alpha0p5/linear/fedogda_s/seed_0/tune_fedogda_s_linear_seed0_alpha0p5_cm20_wd0p01
fedogda_s_tuning_pilot_all_configs,linear,fedogda_s,FedOGDA-S,0.5,0,best_validation_prediction,0.0003174775871184,0.015633619726454,0.078839449022918,0.0003152578536182,0.0003174775871184,0.0012441588803776,True,results/rerun_protocol_v1_tuning/fedogda_s_pilot_alpha0p5/linear/fedogda_s/seed_0/tune_fedogda_s_linear_seed0_alpha0p5_cm20_wd0p03/predictions.npz,results/rerun_protocol_v1_tuning/fedogda_s_pilot_alpha0p5/linear/fedogda_s/seed_0/tune_fedogda_s_linear_seed0_alpha0p5_cm20_wd0p03
fedogda_s_tuning_pilot_all_configs,linear,fedogda_s,FedOGDA-S,0.5,0,best_validation_prediction,0.0003174775871184,0.015633619726454,0.078839449022918,0.0003152578536182,0.0003174775871184,0.0012441588803776,True,results/rerun_protocol_v1_tuning/fedogda_s_pilot_alpha0p5/linear/fedogda_s/seed_0/tune_fedogda_s_linear_seed0_alpha0p5_cm20_wd0p1/predictions.npz,results/rerun_protocol_v1_tuning/fedogda_s_pilot_alpha0p5/linear/fedogda_s/seed_0/tune_fedogda_s_linear_seed0_alpha0p5_cm20_wd0p1
fedogda_s_tuning_pilot_all_configs,linear,fedogda_s,FedOGDA-S,0.5,1,best_validation_prediction,0.0144700373910524,0.0970780977019265,0.5137919779756532,0.0146506640379634,0.0144700373910524,0.1753542954410895,True,results/rerun_protocol_v1_tuning/fedogda_s_pilot_alpha0p5/linear/fedogda_s/seed_1/tune_fedogda_s_linear_seed1_alpha0p5_cm2_wd0p001/predictions.npz,results/rerun_protocol_v1_tuning/fedogda_s_pilot_alpha0p5/linear/fedogda_s/seed_1/tune_fedogda_s_linear_seed1_alpha0p5_cm2_wd0p001
fedogda_s_tuning_pilot_all_configs,linear,fedogda_s,FedOGDA-S,0.5,1,best_validation_prediction,0.0144700373910524,0.0970780977019265,0.5137919779756532,0.0146506640379634,0.0144700373910524,0.1753542954410895,True,results/rerun_protocol_v1_tuning/fedogda_s_pilot_alpha0p5/linear/fedogda_s/seed_1/tune_fedogda_s_linear_seed1_alpha0p5_cm2_wd0p01/predictions.npz,results/rerun_protocol_v1_tuning/fedogda_s_pilot_alpha0p5/linear/fedogda_s/seed_1/tune_fedogda_s_linear_seed1_alpha0p5_cm2_wd0p01
fedogda_s_tuning_pilot_all_configs,linear,fedogda_s,FedOGDA-S,0.5,1,best_validation_prediction,0.0144700373910524,0.0970780977019265,0.5137919779756532,0.0146506640379634,0.0144700373910524,0.1753542954410895,True,results/rerun_protocol_v1_tuning/fedogda_s_pilot_alpha0p5/linear/fedogda_s/seed_1/tune_fedogda_s_linear_seed1_alpha0p5_cm2_wd0p03/predictions.npz,results/rerun_protocol_v1_tuning/fedogda_s_pilot_alpha0p5/linear/fedogda_s/seed_1/tune_fedogda_s_linear_seed1_alpha0p5_cm2_wd0p03
fedogda_s_tuning_pilot_all_configs,linear,fedogda_s,FedOGDA-S,0.5,1,best_validation_prediction,0.0144700373910524,0.0970780977019265,0.5137919779756532,0.0146506640379634,0.0144700373910524,0.1753542954410895,True,results/rerun_protocol_v1_tuning/fedogda_s_pilot_alpha0p5/linear/fedogda_s/seed_1/tune_fedogda_s_linear_seed1_alpha0p5_cm2_wd0p1/predictions.npz,results/rerun_protocol_v1_tuning/fedogda_s_pilot_alpha0p5/linear/fedogda_s/seed_1/tune_fedogda_s_linear_seed1_alpha0p5_cm2_wd0p1
fedogda_s_tuning_pilot_all_configs,linear,fedogda_s,FedOGDA-S,0.5,1,best_validation_prediction,0.0018804638328278,0.0378131075022565,0.1555515322705298,0.0018412447965644,0.0018804638328278,0.0076784163374868,True,results/rerun_protocol_v1_tuning/fedogda_s_pilot_alpha0p5/linear/fedogda_s/seed_1/tune_fedogda_s_linear_seed1_alpha0p5_cm5_wd0p001/predictions.npz,results/rerun_protocol_v1_tuning/fedogda_s_pilot_alpha0p5/linear/fedogda_s/seed_1/tune_fedogda_s_linear_seed1_alpha0p5_cm5_wd0p001
fedogda_s_tuning_pilot_all_configs,linear,fedogda_s,FedOGDA-S,0.5,1,best_validation_prediction,0.0018804638328278,0.0378131075022565,0.1555515322705298,0.0018412447965644,0.0018804638328278,0.0076784163374868,True,results/rerun_protocol_v1_tuning/fedogda_s_pilot_alpha0p5/linear/fedogda_s/seed_1/tune_fedogda_s_linear_seed1_alpha0p5_cm5_wd0p01/predictions.npz,results/rerun_protocol_v1_tuning/fedogda_s_pilot_alpha0p5/linear/fedogda_s/seed_1/tune_fedogda_s_linear_seed1_alpha0p5_cm5_wd0p01
fedogda_s_tuning_pilot_all_configs,linear,fedogda_s,FedOGDA-S,0.5,1,best_validation_prediction,0.0018804638328278,0.0378131075022565,0.1555515322705298,0.0018412447965644,0.0018804638328278,0.0076784163374868,True,results/rerun_protocol_v1_tuning/fedogda_s_pilot_alpha0p5/linear/fedogda_s/seed_1/tune_fedogda_s_linear_seed1_alpha0p5_cm5_wd0p03/predictions.npz,results/rerun_protocol_v1_tuning/fedogda_s_pilot_alpha0p5/linear/fedogda_s/seed_1/tune_fedogda_s_linear_seed1_alpha0p5_cm5_wd0p03
fedogda_s_tuning_pilot_all_configs,linear,fedogda_s,FedOGDA-S,0.5,1,best_validation_prediction,0.0018804638328278,0.0378131075022565,0.1555515322705298,0.0018412447965644,0.0018804638328278,0.0076784163374868,True,results/rerun_protocol_v1_tuning/fedogda_s_pilot_alpha0p5/linear/fedogda_s/seed_1/tune_fedogda_s_linear_seed1_alpha0p5_cm5_wd0p1/predictions.npz,results/rerun_protocol_v1_tuning/fedogda_s_pilot_alpha0p5/linear/fedogda_s/seed_1/tune_fedogda_s_linear_seed1_alpha0p5_cm5_wd0p1
fedogda_s_tuning_pilot_all_configs,linear,fedogda_s,FedOGDA-S,0.5,1,best_validation_prediction,0.0007672509647585,0.021577747114817,0.1128700499404213,0.0007639782529321,0.0007672509647585,0.002052883076729,True,results/rerun_protocol_v1_tuning/fedogda_s_pilot_alpha0p5/linear/fedogda_s/seed_1/tune_fedogda_s_linear_seed1_alpha0p5_cm10_wd0p001/predictions.npz,results/rerun_protocol_v1_tuning/fedogda_s_pilot_alpha0p5/linear/fedogda_s/seed_1/tune_fedogda_s_linear_seed1_alpha0p5_cm10_wd0p001
fedogda_s_tuning_pilot_all_configs,linear,fedogda_s,FedOGDA-S,0.5,1,best_validation_prediction,0.0007672509647585,0.021577747114817,0.1128700499404213,0.0007639782529321,0.0007672509647585,0.002052883076729,True,results/rerun_protocol_v1_tuning/fedogda_s_pilot_alpha0p5/linear/fedogda_s/seed_1/tune_fedogda_s_linear_seed1_alpha0p5_cm10_wd0p01/predictions.npz,results/rerun_protocol_v1_tuning/fedogda_s_pilot_alpha0p5/linear/fedogda_s/seed_1/tune_fedogda_s_linear_seed1_alpha0p5_cm10_wd0p01
fedogda_s_tuning_pilot_all_configs,linear,fedogda_s,FedOGDA-S,0.5,1,best_validation_prediction,0.0007672509647585,0.021577747114817,0.1128700499404213,0.0007639782529321,0.0007672509647585,0.002052883076729,True,results/rerun_protocol_v1_tuning/fedogda_s_pilot_alpha0p5/linear/fedogda_s/seed_1/tune_fedogda_s_linear_seed1_alpha0p5_cm10_wd0p03/predictions.npz,results/rerun_protocol_v1_tuning/fedogda_s_pilot_alpha0p5/linear/fedogda_s/seed_1/tune_fedogda_s_linear_seed1_alpha0p5_cm10_wd0p03
fedogda_s_tuning_pilot_all_configs,linear,fedogda_s,FedOGDA-S,0.5,1,best_validation_prediction,0.0007672509647585,0.021577747114817,0.1128700499404213,0.0007639782529321,0.0007672509647585,0.002052883076729,True,results/rerun_protocol_v1_tuning/fedogda_s_pilot_alpha0p5/linear/fedogda_s/seed_1/tune_fedogda_s_linear_seed1_alpha0p5_cm10_wd0p1/predictions.npz,results/rerun_protocol_v1_tuning/fedogda_s_pilot_alpha0p5/linear/fedogda_s/seed_1/tune_fedogda_s_linear_seed1_alpha0p5_cm10_wd0p1
fedogda_s_tuning_pilot_all_configs,linear,fedogda_s,FedOGDA-S,0.5,1,best_validation_prediction,0.0005957834637334,0.0204535369837281,0.0979348932996402,0.0005910273538212,0.0005957834637334,0.0007748562799771,True,results/rerun_protocol_v1_tuning/fedogda_s_pilot_alpha0p5/linear/fedogda_s/seed_1/tune_fedogda_s_linear_seed1_alpha0p5_cm20_wd0p01/predictions.npz,results/rerun_protocol_v1_tuning/fedogda_s_pilot_alpha0p5/linear/fedogda_s/seed_1/tune_fedogda_s_linear_seed1_alpha0p5_cm20_wd0p01
fedogda_s_tuning_pilot_all_configs,linear,fedogda_s,FedOGDA-S,0.5,1,best_validation_prediction,0.0005957834637334,0.0204535369837281,0.0979348932996402,0.0005910273538212,0.0005957834637334,0.0007748562799771,True,results/rerun_protocol_v1_tuning/fedogda_s_pilot_alpha0p5/linear/fedogda_s/seed_1/tune_fedogda_s_linear_seed1_alpha0p5_cm20_wd0p03/predictions.npz,results/rerun_protocol_v1_tuning/fedogda_s_pilot_alpha0p5/linear/fedogda_s/seed_1/tune_fedogda_s_linear_seed1_alpha0p5_cm20_wd0p03
fedogda_s_tuning_pilot_all_configs,linear,fedogda_s,FedOGDA-S,0.5,1,best_validation_prediction,0.0005957834637334,0.0204535369837281,0.0979348932996402,0.0005910273538212,0.0005957834637334,0.0007748562799771,True,results/rerun_protocol_v1_tuning/fedogda_s_pilot_alpha0p5/linear/fedogda_s/seed_1/tune_fedogda_s_linear_seed1_alpha0p5_cm20_wd0p1/predictions.npz,results/rerun_protocol_v1_tuning/fedogda_s_pilot_alpha0p5/linear/fedogda_s/seed_1/tune_fedogda_s_linear_seed1_alpha0p5_cm20_wd0p1
fedogda_s_tuning_pilot_all_configs,linear,fedogda_s,FedOGDA-S,0.5,2,best_validation_prediction,0.0110148335827246,0.0890014485777298,0.2990852703105828,0.0109460586672279,0.0110148335827246,0.1756601639161263,True,results/rerun_protocol_v1_tuning/fedogda_s_pilot_alpha0p5/linear/fedogda_s/seed_2/tune_fedogda_s_linear_seed2_alpha0p5_cm2_wd0p001/predictions.npz,results/rerun_protocol_v1_tuning/fedogda_s_pilot_alpha0p5/linear/fedogda_s/seed_2/tune_fedogda_s_linear_seed2_alpha0p5_cm2_wd0p001
fedogda_s_tuning_pilot_all_configs,linear,fedogda_s,FedOGDA-S,0.5,2,best_validation_prediction,0.0110148335827246,0.0890014485777298,0.2990852703105828,0.0109460586672279,0.0110148335827246,0.1756601639161263,True,results/rerun_protocol_v1_tuning/fedogda_s_pilot_alpha0p5/linear/fedogda_s/seed_2/tune_fedogda_s_linear_seed2_alpha0p5_cm2_wd0p01/predictions.npz,results/rerun_protocol_v1_tuning/fedogda_s_pilot_alpha0p5/linear/fedogda_s/seed_2/tune_fedogda_s_linear_seed2_alpha0p5_cm2_wd0p01
fedogda_s_tuning_pilot_all_configs,linear,fedogda_s,FedOGDA-S,0.5,2,best_validation_prediction,0.0110148335827246,0.0890014485777298,0.2990852703105828,0.0109460586672279,0.0110148335827246,0.1756601639161263,True,results/rerun_protocol_v1_tuning/fedogda_s_pilot_alpha0p5/linear/fedogda_s/seed_2/tune_fedogda_s_linear_seed2_alpha0p5_cm2_wd0p03/predictions.npz,results/rerun_protocol_v1_tuning/fedogda_s_pilot_alpha0p5/linear/fedogda_s/seed_2/tune_fedogda_s_linear_seed2_alpha0p5_cm2_wd0p03
fedogda_s_tuning_pilot_all_configs,linear,fedogda_s,FedOGDA-S,0.5,2,best_validation_prediction,0.0110148335827246,0.0890014485777298,0.2990852703105828,0.0109460586672279,0.0110148335827246,0.1756601639161263,True,results/rerun_protocol_v1_tuning/fedogda_s_pilot_alpha0p5/linear/fedogda_s/seed_2/tune_fedogda_s_linear_seed2_alpha0p5_cm2_wd0p1/predictions.npz,results/rerun_protocol_v1_tuning/fedogda_s_pilot_alpha0p5/linear/fedogda_s/seed_2/tune_fedogda_s_linear_seed2_alpha0p5_cm2_wd0p1
fedogda_s_tuning_pilot_all_configs,linear,fedogda_s,FedOGDA-S,0.5,2,best_validation_prediction,0.0123945744141333,0.0880054799897011,0.5447007213085202,0.012198857354528,0.0123945744141333,0.0294576114243664,True,results/rerun_protocol_v1_tuning/fedogda_s_pilot_alpha0p5/linear/fedogda_s/seed_2/tune_fedogda_s_linear_seed2_alpha0p5_cm5_wd0p001/predictions.npz,results/rerun_protocol_v1_tuning/fedogda_s_pilot_alpha0p5/linear/fedogda_s/seed_2/tune_fedogda_s_linear_seed2_alpha0p5_cm5_wd0p001
fedogda_s_tuning_pilot_all_configs,linear,fedogda_s,FedOGDA-S,0.5,2,best_validation_prediction,0.0123945744141333,0.0880054799897011,0.5447007213085202,0.012198857354528,0.0123945744141333,0.0294576114243664,True,results/rerun_protocol_v1_tuning/fedogda_s_pilot_alpha0p5/linear/fedogda_s/seed_2/tune_fedogda_s_linear_seed2_alpha0p5_cm5_wd0p01/predictions.npz,results/rerun_protocol_v1_tuning/fedogda_s_pilot_alpha0p5/linear/fedogda_s/seed_2/tune_fedogda_s_linear_seed2_alpha0p5_cm5_wd0p01
fedogda_s_tuning_pilot_all_configs,linear,fedogda_s,FedOGDA-S,0.5,2,best_validation_prediction,0.0123945744141333,0.0880054799897011,0.5447007213085202,0.012198857354528,0.0123945744141333,0.0294576114243664,True,results/rerun_protocol_v1_tuning/fedogda_s_pilot_alpha0p5/linear/fedogda_s/seed_2/tune_fedogda_s_linear_seed2_alpha0p5_cm5_wd0p03/predictions.npz,results/rerun_protocol_v1_tuning/fedogda_s_pilot_alpha0p5/linear/fedogda_s/seed_2/tune_fedogda_s_linear_seed2_alpha0p5_cm5_wd0p03
fedogda_s_tuning_pilot_all_configs,linear,fedogda_s,FedOGDA-S,0.5,2,best_validation_prediction,0.0123945744141333,0.0880054799897011,0.5447007213085202,0.012198857354528,0.0123945744141333,0.0294576114243664,True,results/rerun_protocol_v1_tuning/fedogda_s_pilot_alpha0p5/linear/fedogda_s/seed_2/tune_fedogda_s_linear_seed2_alpha0p5_cm5_wd0p1/predictions.npz,results/rerun_protocol_v1_tuning/fedogda_s_pilot_alpha0p5/linear/fedogda_s/seed_2/tune_fedogda_s_linear_seed2_alpha0p5_cm5_wd0p1
fedogda_s_tuning_pilot_all_configs,linear,fedogda_s,FedOGDA-S,0.5,2,best_validation_prediction,0.0072510527533622,0.071068942471834,0.3294780910553589,0.007075657910292,0.0072510527533622,0.0072510527533622,True,results/rerun_protocol_v1_tuning/fedogda_s_pilot_alpha0p5/linear/fedogda_s/seed_2/tune_fedogda_s_linear_seed2_alpha0p5_cm10_wd0p001/predictions.npz,results/rerun_protocol_v1_tuning/fedogda_s_pilot_alpha0p5/linear/fedogda_s/seed_2/tune_fedogda_s_linear_seed2_alpha0p5_cm10_wd0p001
fedogda_s_tuning_pilot_all_configs,linear,fedogda_s,FedOGDA-S,0.5,2,best_validation_prediction,0.0072510527533622,0.071068942471834,0.3294780910553589,0.007075657910292,0.0072510527533622,0.0072510527533622,True,results/rerun_protocol_v1_tuning/fedogda_s_pilot_alpha0p5/linear/fedogda_s/seed_2/tune_fedogda_s_linear_seed2_alpha0p5_cm10_wd0p01/predictions.npz,results/rerun_protocol_v1_tuning/fedogda_s_pilot_alpha0p5/linear/fedogda_s/seed_2/tune_fedogda_s_linear_seed2_alpha0p5_cm10_wd0p01
fedogda_s_tuning_pilot_all_configs,linear,fedogda_s,FedOGDA-S,0.5,2,best_validation_prediction,0.0072510527533622,0.071068942471834,0.3294780910553589,0.007075657910292,0.0072510527533622,0.0072510527533622,True,results/rerun_protocol_v1_tuning/fedogda_s_pilot_alpha0p5/linear/fedogda_s/seed_2/tune_fedogda_s_linear_seed2_alpha0p5_cm10_wd0p03/predictions.npz,results/rerun_protocol_v1_tuning/fedogda_s_pilot_alpha0p5/linear/fedogda_s/seed_2/tune_fedogda_s_linear_seed2_alpha0p5_cm10_wd0p03
fedogda_s_tuning_pilot_all_configs,linear,fedogda_s,FedOGDA-S,0.5,2,best_validation_prediction,0.0072510527533622,0.071068942471834,0.3294780910553589,0.007075657910292,0.0072510527533622,0.0072510527533622,True,results/rerun_protocol_v1_tuning/fedogda_s_pilot_alpha0p5/linear/fedogda_s/seed_2/tune_fedogda_s_linear_seed2_alpha0p5_cm10_wd0p1/predictions.npz,results/rerun_protocol_v1_tuning/fedogda_s_pilot_alpha0p5/linear/fedogda_s/seed_2/tune_fedogda_s_linear_seed2_alpha0p5_cm10_wd0p1
fedogda_s_tuning_pilot_all_configs,linear,fedogda_s,FedOGDA-S,0.5,2,best_validation_prediction,0.0019895841066196,0.0363356415879001,0.1869301320440535,0.0019569719005613,0.0019895841066196,0.0019895841066196,True,results/rerun_protocol_v1_tuning/fedogda_s_pilot_alpha0p5/linear/fedogda_s/seed_2/tune_fedogda_s_linear_seed2_alpha0p5_cm20_wd0p01/predictions.npz,results/rerun_protocol_v1_tuning/fedogda_s_pilot_alpha0p5/linear/fedogda_s/seed_2/tune_fedogda_s_linear_seed2_alpha0p5_cm20_wd0p01
fedogda_s_tuning_pilot_all_configs,linear,fedogda_s,FedOGDA-S,0.5,2,best_validation_prediction,0.0019895841066196,0.0363356415879001,0.1869301320440535,0.0019569719005613,0.0019895841066196,0.0019895841066196,True,results/rerun_protocol_v1_tuning/fedogda_s_pilot_alpha0p5/linear/fedogda_s/seed_2/tune_fedogda_s_linear_seed2_alpha0p5_cm20_wd0p03/predictions.npz,results/rerun_protocol_v1_tuning/fedogda_s_pilot_alpha0p5/linear/fedogda_s/seed_2/tune_fedogda_s_linear_seed2_alpha0p5_cm20_wd0p03
fedogda_s_tuning_pilot_all_configs,linear,fedogda_s,FedOGDA-S,0.5,2,best_validation_prediction,0.0019895841066196,0.0363356415879001,0.1869301320440535,0.0019569719005613,0.0019895841066196,0.0019895841066196,True,results/rerun_protocol_v1_tuning/fedogda_s_pilot_alpha0p5/linear/fedogda_s/seed_2/tune_fedogda_s_linear_seed2_alpha0p5_cm20_wd0p1/predictions.npz,results/rerun_protocol_v1_tuning/fedogda_s_pilot_alpha0p5/linear/fedogda_s/seed_2/tune_fedogda_s_linear_seed2_alpha0p5_cm20_wd0p1
fedogda_s_tuning_pilot_all_configs,step,fedogda_s,FedOGDA-S,0.5,0,best_validation_prediction,0.035998656621818,0.1505155942712941,0.8066687451480095,0.0352126297340291,0.035998656621818,0.0363304573146153,True,results/rerun_protocol_v1_tuning/fedogda_s_pilot_alpha0p5/step/fedogda_s/seed_0/tune_fedogda_s_step_seed0_alpha0p5_cm2_wd0p001/predictions.npz,results/rerun_protocol_v1_tuning/fedogda_s_pilot_alpha0p5/step/fedogda_s/seed_0/tune_fedogda_s_step_seed0_alpha0p5_cm2_wd0p001
fedogda_s_tuning_pilot_all_configs,step,fedogda_s,FedOGDA-S,0.5,0,best_validation_prediction,0.035998656621818,0.1505155942712941,0.8066687451480095,0.0352126297340291,0.035998656621818,0.0363304573146153,True,results/rerun_protocol_v1_tuning/fedogda_s_pilot_alpha0p5/step/fedogda_s/seed_0/tune_fedogda_s_step_seed0_alpha0p5_cm2_wd0p01/predictions.npz,results/rerun_protocol_v1_tuning/fedogda_s_pilot_alpha0p5/step/fedogda_s/seed_0/tune_fedogda_s_step_seed0_alpha0p5_cm2_wd0p01
fedogda_s_tuning_pilot_all_configs,step,fedogda_s,FedOGDA-S,0.5,0,best_validation_prediction,0.035998656621818,0.1505155942712941,0.8066687451480095,0.0352126297340291,0.035998656621818,0.0363304573146153,True,results/rerun_protocol_v1_tuning/fedogda_s_pilot_alpha0p5/step/fedogda_s/seed_0/tune_fedogda_s_step_seed0_alpha0p5_cm2_wd0p03/predictions.npz,results/rerun_protocol_v1_tuning/fedogda_s_pilot_alpha0p5/step/fedogda_s/seed_0/tune_fedogda_s_step_seed0_alpha0p5_cm2_wd0p03
fedogda_s_tuning_pilot_all_configs,step,fedogda_s,FedOGDA-S,0.5,0,best_validation_prediction,0.035998656621818,0.1505155942712941,0.8066687451480095,0.0352126297340291,0.035998656621818,0.0363304573146153,True,results/rerun_protocol_v1_tuning/fedogda_s_pilot_alpha0p5/step/fedogda_s/seed_0/tune_fedogda_s_step_seed0_alpha0p5_cm2_wd0p1/predictions.npz,results/rerun_protocol_v1_tuning/fedogda_s_pilot_alpha0p5/step/fedogda_s/seed_0/tune_fedogda_s_step_seed0_alpha0p5_cm2_wd0p1
fedogda_s_tuning_pilot_all_configs,step,fedogda_s,FedOGDA-S,0.5,0,best_validation_prediction,0.0330833577764434,0.1482909239745787,0.7197718752352951,0.0324253326202426,0.0330833577764432,0.0336795653670546,True,results/rerun_protocol_v1_tuning/fedogda_s_pilot_alpha0p5/step/fedogda_s/seed_0/tune_fedogda_s_step_seed0_alpha0p5_cm5_wd0p001/predictions.npz,results/rerun_protocol_v1_tuning/fedogda_s_pilot_alpha0p5/step/fedogda_s/seed_0/tune_fedogda_s_step_seed0_alpha0p5_cm5_wd0p001
fedogda_s_tuning_pilot_all_configs,step,fedogda_s,FedOGDA-S,0.5,0,best_validation_prediction,0.0330833577764434,0.1482909239745787,0.7197718752352951,0.0324253326202426,0.0330833577764432,0.0336795653670546,True,results/rerun_protocol_v1_tuning/fedogda_s_pilot_alpha0p5/step/fedogda_s/seed_0/tune_fedogda_s_step_seed0_alpha0p5_cm5_wd0p01/predictions.npz,results/rerun_protocol_v1_tuning/fedogda_s_pilot_alpha0p5/step/fedogda_s/seed_0/tune_fedogda_s_step_seed0_alpha0p5_cm5_wd0p01
fedogda_s_tuning_pilot_all_configs,step,fedogda_s,FedOGDA-S,0.5,0,best_validation_prediction,0.0330833577764434,0.1482909239745787,0.7197718752352951,0.0324253326202426,0.0330833577764432,0.0336795653670546,True,results/rerun_protocol_v1_tuning/fedogda_s_pilot_alpha0p5/step/fedogda_s/seed_0/tune_fedogda_s_step_seed0_alpha0p5_cm5_wd0p03/predictions.npz,results/rerun_protocol_v1_tuning/fedogda_s_pilot_alpha0p5/step/fedogda_s/seed_0/tune_fedogda_s_step_seed0_alpha0p5_cm5_wd0p03
fedogda_s_tuning_pilot_all_configs,step,fedogda_s,FedOGDA-S,0.5,0,best_validation_prediction,0.0330833577764434,0.1482909239745787,0.7197718752352951,0.0324253326202426,0.0330833577764432,0.0336795653670546,True,results/rerun_protocol_v1_tuning/fedogda_s_pilot_alpha0p5/step/fedogda_s/seed_0/tune_fedogda_s_step_seed0_alpha0p5_cm5_wd0p1/predictions.npz,results/rerun_protocol_v1_tuning/fedogda_s_pilot_alpha0p5/step/fedogda_s/seed_0/tune_fedogda_s_step_seed0_alpha0p5_cm5_wd0p1
fedogda_s_tuning_pilot_all_configs,step,fedogda_s,FedOGDA-S,0.5,0,best_validation_prediction,0.0301842974146447,0.1459801666333195,0.6393378392129754,0.0296146178738076,0.0301842974146449,0.0301842974146449,True,results/rerun_protocol_v1_tuning/fedogda_s_pilot_alpha0p5/step/fedogda_s/seed_0/tune_fedogda_s_step_seed0_alpha0p5_cm10_wd0p001/predictions.npz,results/rerun_protocol_v1_tuning/fedogda_s_pilot_alpha0p5/step/fedogda_s/seed_0/tune_fedogda_s_step_seed0_alpha0p5_cm10_wd0p001
fedogda_s_tuning_pilot_all_configs,step,fedogda_s,FedOGDA-S,0.5,0,best_validation_prediction,0.0301842974146447,0.1459801666333195,0.6393378392129754,0.0296146178738076,0.0301842974146449,0.0301842974146449,True,results/rerun_protocol_v1_tuning/fedogda_s_pilot_alpha0p5/step/fedogda_s/seed_0/tune_fedogda_s_step_seed0_alpha0p5_cm10_wd0p01/predictions.npz,results/rerun_protocol_v1_tuning/fedogda_s_pilot_alpha0p5/step/fedogda_s/seed_0/tune_fedogda_s_step_seed0_alpha0p5_cm10_wd0p01
fedogda_s_tuning_pilot_all_configs,step,fedogda_s,FedOGDA-S,0.5,0,best_validation_prediction,0.0301842974146447,0.1459801666333195,0.6393378392129754,0.0296146178738076,0.0301842974146449,0.0301842974146449,True,results/rerun_protocol_v1_tuning/fedogda_s_pilot_alpha0p5/step/fedogda_s/seed_0/tune_fedogda_s_step_seed0_alpha0p5_cm10_wd0p03/predictions.npz,results/rerun_protocol_v1_tuning/fedogda_s_pilot_alpha0p5/step/fedogda_s/seed_0/tune_fedogda_s_step_seed0_alpha0p5_cm10_wd0p03
fedogda_s_tuning_pilot_all_configs,step,fedogda_s,FedOGDA-S,0.5,0,best_validation_prediction,0.0301842974146447,0.1459801666333195,0.6393378392129754,0.0296146178738076,0.0301842974146449,0.0301842974146449,True,results/rerun_protocol_v1_tuning/fedogda_s_pilot_alpha0p5/step/fedogda_s/seed_0/tune_fedogda_s_step_seed0_alpha0p5_cm10_wd0p1/predictions.npz,results/rerun_protocol_v1_tuning/fedogda_s_pilot_alpha0p5/step/fedogda_s/seed_0/tune_fedogda_s_step_seed0_alpha0p5_cm10_wd0p1
fedogda_s_tuning_pilot_all_configs,step,fedogda_s,FedOGDA-S,0.5,0,best_validation_prediction,0.029709717120455,0.1461364467524624,0.5823462916905693,0.0292229264145384,0.029709717120455,0.029709717120455,True,results/rerun_protocol_v1_tuning/fedogda_s_pilot_alpha0p5/step/fedogda_s/seed_0/tune_fedogda_s_step_seed0_alpha0p5_cm20_wd0p01/predictions.npz,results/rerun_protocol_v1_tuning/fedogda_s_pilot_alpha0p5/step/fedogda_s/seed_0/tune_fedogda_s_step_seed0_alpha0p5_cm20_wd0p01
fedogda_s_tuning_pilot_all_configs,step,fedogda_s,FedOGDA-S,0.5,0,best_validation_prediction,0.029709717120455,0.1461364467524624,0.5823462916905693,0.0292229264145384,0.029709717120455,0.029709717120455,True,results/rerun_protocol_v1_tuning/fedogda_s_pilot_alpha0p5/step/fedogda_s/seed_0/tune_fedogda_s_step_seed0_alpha0p5_cm20_wd0p03/predictions.npz,results/rerun_protocol_v1_tuning/fedogda_s_pilot_alpha0p5/step/fedogda_s/seed_0/tune_fedogda_s_step_seed0_alpha0p5_cm20_wd0p03
fedogda_s_tuning_pilot_all_configs,step,fedogda_s,FedOGDA-S,0.5,0,best_validation_prediction,0.029709717120455,0.1461364467524624,0.5823462916905693,0.0292229264145384,0.029709717120455,0.029709717120455,True,results/rerun_protocol_v1_tuning/fedogda_s_pilot_alpha0p5/step/fedogda_s/seed_0/tune_fedogda_s_step_seed0_alpha0p5_cm20_wd0p1/predictions.npz,results/rerun_protocol_v1_tuning/fedogda_s_pilot_alpha0p5/step/fedogda_s/seed_0/tune_fedogda_s_step_seed0_alpha0p5_cm20_wd0p1
fedogda_s_tuning_pilot_all_configs,step,fedogda_s,FedOGDA-S,0.5,1,best_validation_prediction,0.0271355136417258,0.1399513799778992,0.5421313423111334,0.0267158338100176,0.0271355136417259,0.0908832115283183,True,results/rerun_protocol_v1_tuning/fedogda_s_pilot_alpha0p5/step/fedogda_s/seed_1/tune_fedogda_s_step_seed1_alpha0p5_cm2_wd0p001/predictions.npz,results/rerun_protocol_v1_tuning/fedogda_s_pilot_alpha0p5/step/fedogda_s/seed_1/tune_fedogda_s_step_seed1_alpha0p5_cm2_wd0p001
fedogda_s_tuning_pilot_all_configs,step,fedogda_s,FedOGDA-S,0.5,1,best_validation_prediction,0.0271355136417258,0.1399513799778992,0.5421313423111334,0.0267158338100176,0.0271355136417259,0.0908832115283183,True,results/rerun_protocol_v1_tuning/fedogda_s_pilot_alpha0p5/step/fedogda_s/seed_1/tune_fedogda_s_step_seed1_alpha0p5_cm2_wd0p01/predictions.npz,results/rerun_protocol_v1_tuning/fedogda_s_pilot_alpha0p5/step/fedogda_s/seed_1/tune_fedogda_s_step_seed1_alpha0p5_cm2_wd0p01
fedogda_s_tuning_pilot_all_configs,step,fedogda_s,FedOGDA-S,0.5,1,best_validation_prediction,0.0271355136417258,0.1399513799778992,0.5421313423111334,0.0267158338100176,0.0271355136417259,0.0908832115283183,True,results/rerun_protocol_v1_tuning/fedogda_s_pilot_alpha0p5/step/fedogda_s/seed_1/tune_fedogda_s_step_seed1_alpha0p5_cm2_wd0p03/predictions.npz,results/rerun_protocol_v1_tuning/fedogda_s_pilot_alpha0p5/step/fedogda_s/seed_1/tune_fedogda_s_step_seed1_alpha0p5_cm2_wd0p03
fedogda_s_tuning_pilot_all_configs,step,fedogda_s,FedOGDA-S,0.5,1,best_validation_prediction,0.0271355136417258,0.1399513799778992,0.5421313423111334,0.0267158338100176,0.0271355136417259,0.0908832115283183,True,results/rerun_protocol_v1_tuning/fedogda_s_pilot_alpha0p5/step/fedogda_s/seed_1/tune_fedogda_s_step_seed1_alpha0p5_cm2_wd0p1/predictions.npz,results/rerun_protocol_v1_tuning/fedogda_s_pilot_alpha0p5/step/fedogda_s/seed_1/tune_fedogda_s_step_seed1_alpha0p5_cm2_wd0p1
fedogda_s_tuning_pilot_all_configs,step,fedogda_s,FedOGDA-S,0.5,1,best_validation_prediction,0.0275965820691558,0.1413208730679863,0.5943421702651537,0.0271240280825075,0.0275965820691559,0.0310683923268314,True,results/rerun_protocol_v1_tuning/fedogda_s_pilot_alpha0p5/step/fedogda_s/seed_1/tune_fedogda_s_step_seed1_alpha0p5_cm5_wd0p001/predictions.npz,results/rerun_protocol_v1_tuning/fedogda_s_pilot_alpha0p5/step/fedogda_s/seed_1/tune_fedogda_s_step_seed1_alpha0p5_cm5_wd0p001
fedogda_s_tuning_pilot_all_configs,step,fedogda_s,FedOGDA-S,0.5,1,best_validation_prediction,0.0275965820691558,0.1413208730679863,0.5943421702651537,0.0271240280825075,0.0275965820691559,0.0310683923268314,True,results/rerun_protocol_v1_tuning/fedogda_s_pilot_alpha0p5/step/fedogda_s/seed_1/tune_fedogda_s_step_seed1_alpha0p5_cm5_wd0p01/predictions.npz,results/rerun_protocol_v1_tuning/fedogda_s_pilot_alpha0p5/step/fedogda_s/seed_1/tune_fedogda_s_step_seed1_alpha0p5_cm5_wd0p01
fedogda_s_tuning_pilot_all_configs,step,fedogda_s,FedOGDA-S,0.5,1,best_validation_prediction,0.0275965820691558,0.1413208730679863,0.5943421702651537,0.0271240280825075,0.0275965820691559,0.0310683923268314,True,results/rerun_protocol_v1_tuning/fedogda_s_pilot_alpha0p5/step/fedogda_s/seed_1/tune_fedogda_s_step_seed1_alpha0p5_cm5_wd0p03/predictions.npz,results/rerun_protocol_v1_tuning/fedogda_s_pilot_alpha0p5/step/fedogda_s/seed_1/tune_fedogda_s_step_seed1_alpha0p5_cm5_wd0p03
fedogda_s_tuning_pilot_all_configs,step,fedogda_s,FedOGDA-S,0.5,1,best_validation_prediction,0.0275965820691558,0.1413208730679863,0.5943421702651537,0.0271240280825075,0.0275965820691559,0.0310683923268314,True,results/rerun_protocol_v1_tuning/fedogda_s_pilot_alpha0p5/step/fedogda_s/seed_1/tune_fedogda_s_step_seed1_alpha0p5_cm5_wd0p1/predictions.npz,results/rerun_protocol_v1_tuning/fedogda_s_pilot_alpha0p5/step/fedogda_s/seed_1/tune_fedogda_s_step_seed1_alpha0p5_cm5_wd0p1
fedogda_s_tuning_pilot_all_configs,step,fedogda_s,FedOGDA-S,0.5,1,best_validation_prediction,0.0262753948473092,0.1367183253013235,0.5473933824950319,0.0258201824504229,0.0262753948473092,0.0283911667243593,True,results/rerun_protocol_v1_tuning/fedogda_s_pilot_alpha0p5/step/fedogda_s/seed_1/tune_fedogda_s_step_seed1_alpha0p5_cm10_wd0p001/predictions.npz,results/rerun_protocol_v1_tuning/fedogda_s_pilot_alpha0p5/step/fedogda_s/seed_1/tune_fedogda_s_step_seed1_alpha0p5_cm10_wd0p001
fedogda_s_tuning_pilot_all_configs,step,fedogda_s,FedOGDA-S,0.5,1,best_validation_prediction,0.0262753948473092,0.1367183253013235,0.5473933824950319,0.0258201824504229,0.0262753948473092,0.0283911667243593,True,results/rerun_protocol_v1_tuning/fedogda_s_pilot_alpha0p5/step/fedogda_s/seed_1/tune_fedogda_s_step_seed1_alpha0p5_cm10_wd0p01/predictions.npz,results/rerun_protocol_v1_tuning/fedogda_s_pilot_alpha0p5/step/fedogda_s/seed_1/tune_fedogda_s_step_seed1_alpha0p5_cm10_wd0p01
fedogda_s_tuning_pilot_all_configs,step,fedogda_s,FedOGDA-S,0.5,1,best_validation_prediction,0.0262753948473092,0.1367183253013235,0.5473933824950319,0.0258201824504229,0.0262753948473092,0.0283911667243593,True,results/rerun_protocol_v1_tuning/fedogda_s_pilot_alpha0p5/step/fedogda_s/seed_1/tune_fedogda_s_step_seed1_alpha0p5_cm10_wd0p03/predictions.npz,results/rerun_protocol_v1_tuning/fedogda_s_pilot_alpha0p5/step/fedogda_s/seed_1/tune_fedogda_s_step_seed1_alpha0p5_cm10_wd0p03
fedogda_s_tuning_pilot_all_configs,step,fedogda_s,FedOGDA-S,0.5,1,best_validation_prediction,0.0262753948473092,0.1367183253013235,0.5473933824950319,0.0258201824504229,0.0262753948473092,0.0283911667243593,True,results/rerun_protocol_v1_tuning/fedogda_s_pilot_alpha0p5/step/fedogda_s/seed_1/tune_fedogda_s_step_seed1_alpha0p5_cm10_wd0p1/predictions.npz,results/rerun_protocol_v1_tuning/fedogda_s_pilot_alpha0p5/step/fedogda_s/seed_1/tune_fedogda_s_step_seed1_alpha0p5_cm10_wd0p1
fedogda_s_tuning_pilot_all_configs,step,fedogda_s,FedOGDA-S,0.5,1,best_validation_prediction,0.0250435905447731,0.1334933627226872,0.5018018046018946,0.0247123492838632,0.025043590544773,0.0261825174637609,True,results/rerun_protocol_v1_tuning/fedogda_s_pilot_alpha0p5/step/fedogda_s/seed_1/tune_fedogda_s_step_seed1_alpha0p5_cm20_wd0p01/predictions.npz,results/rerun_protocol_v1_tuning/fedogda_s_pilot_alpha0p5/step/fedogda_s/seed_1/tune_fedogda_s_step_seed1_alpha0p5_cm20_wd0p01
fedogda_s_tuning_pilot_all_configs,step,fedogda_s,FedOGDA-S,0.5,1,best_validation_prediction,0.0250435905447731,0.1334933627226872,0.5018018046018946,0.0247123492838632,0.025043590544773,0.0261825174637609,True,results/rerun_protocol_v1_tuning/fedogda_s_pilot_alpha0p5/step/fedogda_s/seed_1/tune_fedogda_s_step_seed1_alpha0p5_cm20_wd0p03/predictions.npz,results/rerun_protocol_v1_tuning/fedogda_s_pilot_alpha0p5/step/fedogda_s/seed_1/tune_fedogda_s_step_seed1_alpha0p5_cm20_wd0p03
fedogda_s_tuning_pilot_all_configs,step,fedogda_s,FedOGDA-S,0.5,1,best_validation_prediction,0.0250435905447731,0.1334933627226872,0.5018018046018946,0.0247123492838632,0.025043590544773,0.0261825174637609,True,results/rerun_protocol_v1_tuning/fedogda_s_pilot_alpha0p5/step/fedogda_s/seed_1/tune_fedogda_s_step_seed1_alpha0p5_cm20_wd0p1/predictions.npz,results/rerun_protocol_v1_tuning/fedogda_s_pilot_alpha0p5/step/fedogda_s/seed_1/tune_fedogda_s_step_seed1_alpha0p5_cm20_wd0p1
fedogda_s_tuning_pilot_all_configs,step,fedogda_s,FedOGDA-S,0.5,2,best_validation_prediction,0.0351557290326454,0.1440228609778648,0.8346189051420181,0.0342980298755973,0.0351557290326456,0.1167126131805743,True,results/rerun_protocol_v1_tuning/fedogda_s_pilot_alpha0p5/step/fedogda_s/seed_2/tune_fedogda_s_step_seed2_alpha0p5_cm2_wd0p001/predictions.npz,results/rerun_protocol_v1_tuning/fedogda_s_pilot_alpha0p5/step/fedogda_s/seed_2/tune_fedogda_s_step_seed2_alpha0p5_cm2_wd0p001
fedogda_s_tuning_pilot_all_configs,step,fedogda_s,FedOGDA-S,0.5,2,best_validation_prediction,0.0351557290326454,0.1440228609778648,0.8346189051420181,0.0342980298755973,0.0351557290326456,0.1167126131805743,True,results/rerun_protocol_v1_tuning/fedogda_s_pilot_alpha0p5/step/fedogda_s/seed_2/tune_fedogda_s_step_seed2_alpha0p5_cm2_wd0p01/predictions.npz,results/rerun_protocol_v1_tuning/fedogda_s_pilot_alpha0p5/step/fedogda_s/seed_2/tune_fedogda_s_step_seed2_alpha0p5_cm2_wd0p01
fedogda_s_tuning_pilot_all_configs,step,fedogda_s,FedOGDA-S,0.5,2,best_validation_prediction,0.0351557290326454,0.1440228609778648,0.8346189051420181,0.0342980298755973,0.0351557290326456,0.1167126131805743,True,results/rerun_protocol_v1_tuning/fedogda_s_pilot_alpha0p5/step/fedogda_s/seed_2/tune_fedogda_s_step_seed2_alpha0p5_cm2_wd0p03/predictions.npz,results/rerun_protocol_v1_tuning/fedogda_s_pilot_alpha0p5/step/fedogda_s/seed_2/tune_fedogda_s_step_seed2_alpha0p5_cm2_wd0p03
fedogda_s_tuning_pilot_all_configs,step,fedogda_s,FedOGDA-S,0.5,2,best_validation_prediction,0.0351557290326454,0.1440228609778648,0.8346189051420181,0.0342980298755973,0.0351557290326456,0.1167126131805743,True,results/rerun_protocol_v1_tuning/fedogda_s_pilot_alpha0p5/step/fedogda_s/seed_2/tune_fedogda_s_step_seed2_alpha0p5_cm2_wd0p1/predictions.npz,results/rerun_protocol_v1_tuning/fedogda_s_pilot_alpha0p5/step/fedogda_s/seed_2/tune_fedogda_s_step_seed2_alpha0p5_cm2_wd0p1
fedogda_s_tuning_pilot_all_configs,step,fedogda_s,FedOGDA-S,0.5,2,best_validation_prediction,0.0335498348667235,0.1452084693866571,0.7558130472423397,0.0328543080235645,0.0335498348667233,0.0343955543790402,True,results/rerun_protocol_v1_tuning/fedogda_s_pilot_alpha0p5/step/fedogda_s/seed_2/tune_fedogda_s_step_seed2_alpha0p5_cm5_wd0p001/predictions.npz,results/rerun_protocol_v1_tuning/fedogda_s_pilot_alpha0p5/step/fedogda_s/seed_2/tune_fedogda_s_step_seed2_alpha0p5_cm5_wd0p001
fedogda_s_tuning_pilot_all_configs,step,fedogda_s,FedOGDA-S,0.5,2,best_validation_prediction,0.0335498348667235,0.1452084693866571,0.7558130472423397,0.0328543080235645,0.0335498348667233,0.0343955543790402,True,results/rerun_protocol_v1_tuning/fedogda_s_pilot_alpha0p5/step/fedogda_s/seed_2/tune_fedogda_s_step_seed2_alpha0p5_cm5_wd0p01/predictions.npz,results/rerun_protocol_v1_tuning/fedogda_s_pilot_alpha0p5/step/fedogda_s/seed_2/tune_fedogda_s_step_seed2_alpha0p5_cm5_wd0p01
fedogda_s_tuning_pilot_all_configs,step,fedogda_s,FedOGDA-S,0.5,2,best_validation_prediction,0.0335498348667235,0.1452084693866571,0.7558130472423397,0.0328543080235645,0.0335498348667233,0.0343955543790402,True,results/rerun_protocol_v1_tuning/fedogda_s_pilot_alpha0p5/step/fedogda_s/seed_2/tune_fedogda_s_step_seed2_alpha0p5_cm5_wd0p03/predictions.npz,results/rerun_protocol_v1_tuning/fedogda_s_pilot_alpha0p5/step/fedogda_s/seed_2/tune_fedogda_s_step_seed2_alpha0p5_cm5_wd0p03
fedogda_s_tuning_pilot_all_configs,step,fedogda_s,FedOGDA-S,0.5,2,best_validation_prediction,0.0335498348667235,0.1452084693866571,0.7558130472423397,0.0328543080235645,0.0335498348667233,0.0343955543790402,True,results/rerun_protocol_v1_tuning/fedogda_s_pilot_alpha0p5/step/fedogda_s/seed_2/tune_fedogda_s_step_seed2_alpha0p5_cm5_wd0p1/predictions.npz,results/rerun_protocol_v1_tuning/fedogda_s_pilot_alpha0p5/step/fedogda_s/seed_2/tune_fedogda_s_step_seed2_alpha0p5_cm5_wd0p1
fedogda_s_tuning_pilot_all_configs,step,fedogda_s,FedOGDA-S,0.5,2,best_validation_prediction,0.0328985936904117,0.1483850783486362,0.7238334662632764,0.0322755741520713,0.0328985936904118,0.03482205125673,True,results/rerun_protocol_v1_tuning/fedogda_s_pilot_alpha0p5/step/fedogda_s/seed_2/tune_fedogda_s_step_seed2_alpha0p5_cm10_wd0p001/predictions.npz,results/rerun_protocol_v1_tuning/fedogda_s_pilot_alpha0p5/step/fedogda_s/seed_2/tune_fedogda_s_step_seed2_alpha0p5_cm10_wd0p001
fedogda_s_tuning_pilot_all_configs,step,fedogda_s,FedOGDA-S,0.5,2,best_validation_prediction,0.0328985936904117,0.1483850783486362,0.7238334662632764,0.0322755741520713,0.0328985936904118,0.03482205125673,True,results/rerun_protocol_v1_tuning/fedogda_s_pilot_alpha0p5/step/fedogda_s/seed_2/tune_fedogda_s_step_seed2_alpha0p5_cm10_wd0p01/predictions.npz,results/rerun_protocol_v1_tuning/fedogda_s_pilot_alpha0p5/step/fedogda_s/seed_2/tune_fedogda_s_step_seed2_alpha0p5_cm10_wd0p01
fedogda_s_tuning_pilot_all_configs,step,fedogda_s,FedOGDA-S,0.5,2,best_validation_prediction,0.0328985936904117,0.1483850783486362,0.7238334662632764,0.0322755741520713,0.0328985936904118,0.03482205125673,True,results/rerun_protocol_v1_tuning/fedogda_s_pilot_alpha0p5/step/fedogda_s/seed_2/tune_fedogda_s_step_seed2_alpha0p5_cm10_wd0p03/predictions.npz,results/rerun_protocol_v1_tuning/fedogda_s_pilot_alpha0p5/step/fedogda_s/seed_2/tune_fedogda_s_step_seed2_alpha0p5_cm10_wd0p03
fedogda_s_tuning_pilot_all_configs,step,fedogda_s,FedOGDA-S,0.5,2,best_validation_prediction,0.0328985936904117,0.1483850783486362,0.7238334662632764,0.0322755741520713,0.0328985936904118,0.03482205125673,True,results/rerun_protocol_v1_tuning/fedogda_s_pilot_alpha0p5/step/fedogda_s/seed_2/tune_fedogda_s_step_seed2_alpha0p5_cm10_wd0p1/predictions.npz,results/rerun_protocol_v1_tuning/fedogda_s_pilot_alpha0p5/step/fedogda_s/seed_2/tune_fedogda_s_step_seed2_alpha0p5_cm10_wd0p1
fedogda_s_tuning_pilot_all_configs,step,fedogda_s,FedOGDA-S,0.5,2,best_validation_prediction,0.0310491604548447,0.1429730106596175,0.7252302585676424,0.0303744571243872,0.0310491604548448,0.0311951962059936,True,results/rerun_protocol_v1_tuning/fedogda_s_pilot_alpha0p5/step/fedogda_s/seed_2/tune_fedogda_s_step_seed2_alpha0p5_cm20_wd0p01/predictions.npz,results/rerun_protocol_v1_tuning/fedogda_s_pilot_alpha0p5/step/fedogda_s/seed_2/tune_fedogda_s_step_seed2_alpha0p5_cm20_wd0p01
fedogda_s_tuning_pilot_all_configs,step,fedogda_s,FedOGDA-S,0.5,2,best_validation_prediction,0.0310491604548447,0.1429730106596175,0.7252302585676424,0.0303744571243872,0.0310491604548448,0.0311951962059936,True,results/rerun_protocol_v1_tuning/fedogda_s_pilot_alpha0p5/step/fedogda_s/seed_2/tune_fedogda_s_step_seed2_alpha0p5_cm20_wd0p03/predictions.npz,results/rerun_protocol_v1_tuning/fedogda_s_pilot_alpha0p5/step/fedogda_s/seed_2/tune_fedogda_s_step_seed2_alpha0p5_cm20_wd0p03
fedogda_s_tuning_pilot_all_configs,step,fedogda_s,FedOGDA-S,0.5,2,best_validation_prediction,0.0310491604548447,0.1429730106596175,0.7252302585676424,0.0303744571243872,0.0310491604548448,0.0311951962059936,True,results/rerun_protocol_v1_tuning/fedogda_s_pilot_alpha0p5/step/fedogda_s/seed_2/tune_fedogda_s_step_seed2_alpha0p5_cm20_wd0p1/predictions.npz,results/rerun_protocol_v1_tuning/fedogda_s_pilot_alpha0p5/step/fedogda_s/seed_2/tune_fedogda_s_step_seed2_alpha0p5_cm20_wd0p1
fedogda_s_tuning_pilot_selected,abs,fedogda_s,FedOGDA-S,0.5,0,best_validation_prediction,0.0017624190822426,0.0294633333455721,0.1588485763045543,0.0017172040024262,0.0017624190822426,0.0017624190822426,True,results/rerun_protocol_v1_tuning/fedogda_s_pilot_alpha0p5/abs/fedogda_s/seed_0/tune_fedogda_s_abs_seed0_alpha0p5_cm20_wd0p001/predictions.npz,results/rerun_protocol_v1_tuning/fedogda_s_pilot_alpha0p5/abs/fedogda_s/seed_0/tune_fedogda_s_abs_seed0_alpha0p5_cm20_wd0p001
fedogda_s_tuning_pilot_selected,abs,fedogda_s,FedOGDA-S,0.5,1,best_validation_prediction,0.0064817708554381,0.0685448416415025,0.3179102573001677,0.0063083234971047,0.0064817708554381,0.0086022594858504,True,results/rerun_protocol_v1_tuning/fedogda_s_pilot_alpha0p5/abs/fedogda_s/seed_1/tune_fedogda_s_abs_seed1_alpha0p5_cm20_wd0p001/predictions.npz,results/rerun_protocol_v1_tuning/fedogda_s_pilot_alpha0p5/abs/fedogda_s/seed_1/tune_fedogda_s_abs_seed1_alpha0p5_cm20_wd0p001
fedogda_s_tuning_pilot_selected,abs,fedogda_s,FedOGDA-S,0.5,2,best_validation_prediction,0.0099306660840704,0.0789024558108695,0.3874511688801982,0.0097647151475086,0.0099306660840705,0.0099306660840705,True,results/rerun_protocol_v1_tuning/fedogda_s_pilot_alpha0p5/abs/fedogda_s/seed_2/tune_fedogda_s_abs_seed2_alpha0p5_cm20_wd0p001/predictions.npz,results/rerun_protocol_v1_tuning/fedogda_s_pilot_alpha0p5/abs/fedogda_s/seed_2/tune_fedogda_s_abs_seed2_alpha0p5_cm20_wd0p001
fedogda_s_tuning_pilot_selected,linear,fedogda_s,FedOGDA-S,0.5,0,best_validation_prediction,0.0003174775871184,0.015633619726454,0.078839449022918,0.0003152578536182,0.0003174775871184,0.0012441588803776,True,results/rerun_protocol_v1_tuning/fedogda_s_pilot_alpha0p5/linear/fedogda_s/seed_0/tune_fedogda_s_linear_seed0_alpha0p5_cm20_wd0p001/predictions.npz,results/rerun_protocol_v1_tuning/fedogda_s_pilot_alpha0p5/linear/fedogda_s/seed_0/tune_fedogda_s_linear_seed0_alpha0p5_cm20_wd0p001
fedogda_s_tuning_pilot_selected,linear,fedogda_s,FedOGDA-S,0.5,1,best_validation_prediction,0.0005957834637334,0.0204535369837281,0.0979348932996402,0.0005910273538212,0.0005957834637334,0.0007748562799771,True,results/rerun_protocol_v1_tuning/fedogda_s_pilot_alpha0p5/linear/fedogda_s/seed_1/tune_fedogda_s_linear_seed1_alpha0p5_cm20_wd0p001/predictions.npz,results/rerun_protocol_v1_tuning/fedogda_s_pilot_alpha0p5/linear/fedogda_s/seed_1/tune_fedogda_s_linear_seed1_alpha0p5_cm20_wd0p001
fedogda_s_tuning_pilot_selected,linear,fedogda_s,FedOGDA-S,0.5,2,best_validation_prediction,0.0019895841066196,0.0363356415879001,0.1869301320440535,0.0019569719005613,0.0019895841066196,0.0019895841066196,True,results/rerun_protocol_v1_tuning/fedogda_s_pilot_alpha0p5/linear/fedogda_s/seed_2/tune_fedogda_s_linear_seed2_alpha0p5_cm20_wd0p001/predictions.npz,results/rerun_protocol_v1_tuning/fedogda_s_pilot_alpha0p5/linear/fedogda_s/seed_2/tune_fedogda_s_linear_seed2_alpha0p5_cm20_wd0p001
fedogda_s_tuning_pilot_selected,step,fedogda_s,FedOGDA-S,0.5,0,best_validation_prediction,0.029709717120455,0.1461364467524624,0.5823462916905693,0.0292229264145384,0.029709717120455,0.029709717120455,True,results/rerun_protocol_v1_tuning/fedogda_s_pilot_alpha0p5/step/fedogda_s/seed_0/tune_fedogda_s_step_seed0_alpha0p5_cm20_wd0p001/predictions.npz,results/rerun_protocol_v1_tuning/fedogda_s_pilot_alpha0p5/step/fedogda_s/seed_0/tune_fedogda_s_step_seed0_alpha0p5_cm20_wd0p001
fedogda_s_tuning_pilot_selected,step,fedogda_s,FedOGDA-S,0.5,1,best_validation_prediction,0.0250435905447731,0.1334933627226872,0.5018018046018946,0.0247123492838632,0.025043590544773,0.0261825174637609,True,results/rerun_protocol_v1_tuning/fedogda_s_pilot_alpha0p5/step/fedogda_s/seed_1/tune_fedogda_s_step_seed1_alpha0p5_cm20_wd0p001/predictions.npz,results/rerun_protocol_v1_tuning/fedogda_s_pilot_alpha0p5/step/fedogda_s/seed_1/tune_fedogda_s_step_seed1_alpha0p5_cm20_wd0p001
fedogda_s_tuning_pilot_selected,step,fedogda_s,FedOGDA-S,0.5,2,best_validation_prediction,0.0310491604548447,0.1429730106596175,0.7252302585676424,0.0303744571243872,0.0310491604548448,0.0311951962059936,True,results/rerun_protocol_v1_tuning/fedogda_s_pilot_alpha0p5/step/fedogda_s/seed_2/tune_fedogda_s_step_seed2_alpha0p5_cm20_wd0p001/predictions.npz,results/rerun_protocol_v1_tuning/fedogda_s_pilot_alpha0p5/step/fedogda_s/seed_2/tune_fedogda_s_step_seed2_alpha0p5_cm20_wd0p001
tuned_sine_a2_lite,sin,fedogda_d,Tuned FedOGDA-D,1.0,0,best_validation_prediction,0.0832102193262545,0.2351104219166823,0.9338045771318952,0.0810736141342876,0.0832102193262539,0.0832102193262539,True,results/sine_fedogda_tuning/stage_A2_from_A1_mini/sin/fedogda_d/seed_0/stage_A2_from_A1_mini_sin_fedogda_d_seed0_alpha1p0_R3_cm15_slr1.5_glr0p002/predictions.npz,results/sine_fedogda_tuning/stage_A2_from_A1_mini/sin/fedogda_d/seed_0/stage_A2_from_A1_mini_sin_fedogda_d_seed0_alpha1p0_R3_cm15_slr1.5_glr0p002
tuned_sine_a2_lite,sin,fedogda_d,Tuned FedOGDA-D,1.0,1,best_validation_prediction,0.0746463115113124,0.2195394986629834,0.8860124580947699,0.0727059174558779,0.0746463115113123,0.0746463115113123,True,results/sine_fedogda_tuning/stage_A2_from_A1_mini/sin/fedogda_d/seed_1/stage_A2_from_A1_mini_sin_fedogda_d_seed1_alpha1p0_R3_cm15_slr1.5_glr0p002/predictions.npz,results/sine_fedogda_tuning/stage_A2_from_A1_mini/sin/fedogda_d/seed_1/stage_A2_from_A1_mini_sin_fedogda_d_seed1_alpha1p0_R3_cm15_slr1.5_glr0p002
tuned_sine_a2_lite,sin,fedogda_d,Tuned FedOGDA-D,1.0,2,best_validation_prediction,0.0821780728845637,0.2335708506207001,0.9319964240584226,0.0800592276661617,0.0821780728845633,0.0821780728845633,True,results/sine_fedogda_tuning/stage_A2_from_A1_mini/sin/fedogda_d/seed_2/stage_A2_from_A1_mini_sin_fedogda_d_seed2_alpha1p0_R3_cm15_slr1.5_glr0p002/predictions.npz,results/sine_fedogda_tuning/stage_A2_from_A1_mini/sin/fedogda_d/seed_2/stage_A2_from_A1_mini_sin_fedogda_d_seed2_alpha1p0_R3_cm15_slr1.5_glr0p002
