artifact_id,source_family,dataset,method,method_label,alpha,seed,prediction_key_used,curve_mse,curve_mae,curve_max_abs_error,best_vs_final_max_abs_diff,best_validation_mse,best_validation_round,test_mse_at_best_validation,final_test_mse,selection_metric_source,test_mse_used_for_selection,included,prediction_path,result_dir
a0000,base_sweep,abs,fedgda_d,FedGDA-D,0.1,0,best_validation_prediction,0.011610337454556406,0.08749180015869462,0.41606346424202845,0.0,0.011358883924811965,499,0.011610337454556403,0.011610337454556403,,,True,results/rerun_protocol_v1/abs/fedgda_d/seed_0/rerun_protocol_v1_abs_fedgda_d_seed0_alpha0p1/predictions.npz,results/rerun_protocol_v1/abs/fedgda_d/seed_0/rerun_protocol_v1_abs_fedgda_d_seed0_alpha0p1
a0001,base_sweep,abs,fedgda_s,FedGDA-S,0.1,0,best_validation_prediction,0.000701467695507018,0.01823774131802272,0.11329036229476763,0.1611844238992668,0.000677726099664873,423,0.0007014676955070171,0.0027008256542297247,,,True,results/rerun_protocol_v1/abs/fedgda_s/seed_0/rerun_protocol_v1_abs_fedgda_s_seed0_alpha0p1/predictions.npz,results/rerun_protocol_v1/abs/fedgda_s/seed_0/rerun_protocol_v1_abs_fedgda_s_seed0_alpha0p1
a0002,base_sweep,abs,fedogda_d,FedOGDA-D,0.1,0,best_validation_prediction,0.010798260512891296,0.084174959736159,0.4047808760837215,0.0,0.010568154014230648,499,0.010798260512891303,0.010798260512891303,,,True,results/rerun_protocol_v1/abs/fedogda_d/seed_0/rerun_protocol_v1_abs_fedogda_d_seed0_alpha0p1/predictions.npz,results/rerun_protocol_v1/abs/fedogda_d/seed_0/rerun_protocol_v1_abs_fedogda_d_seed0_alpha0p1
a0003,base_sweep,abs,fedogda_s,FedOGDA-S,0.1,0,best_validation_prediction,0.0042241316045634955,0.04860843039435579,0.30357071451027706,0.0225681454666935,0.004170564981794433,498,0.004224131604563522,0.004232039798326876,,,True,results/rerun_protocol_v1/abs/fedogda_s/seed_0/rerun_protocol_v1_abs_fedogda_s_seed0_alpha0p1/predictions.npz,results/rerun_protocol_v1/abs/fedogda_s/seed_0/rerun_protocol_v1_abs_fedogda_s_seed0_alpha0p1
a0004,base_sweep,abs,fedgda_d,FedGDA-D,0.1,1,best_validation_prediction,0.006737937555359601,0.06937573705893879,0.3175162938145841,0.16249076339813984,0.006561244554507419,465,0.006737937555359588,0.008085882610451234,,,True,results/rerun_protocol_v1/abs/fedgda_d/seed_1/rerun_protocol_v1_abs_fedgda_d_seed1_alpha0p1/predictions.npz,results/rerun_protocol_v1/abs/fedgda_d/seed_1/rerun_protocol_v1_abs_fedgda_d_seed1_alpha0p1
a0005,base_sweep,abs,fedgda_s,FedGDA-S,0.1,1,best_validation_prediction,0.0063998545048404324,0.0677062956771189,0.31405638235281463,0.05207872341252706,0.006225680175951548,391,0.006399854504840437,0.00770980698874209,,,True,results/rerun_protocol_v1/abs/fedgda_s/seed_1/rerun_protocol_v1_abs_fedgda_s_seed1_alpha0p1/predictions.npz,results/rerun_protocol_v1/abs/fedgda_s/seed_1/rerun_protocol_v1_abs_fedgda_s_seed1_alpha0p1
a0006,base_sweep,abs,fedogda_d,FedOGDA-D,0.1,1,best_validation_prediction,0.006787216707284171,0.06964393952396053,0.317436871620413,0.17882159208186676,0.006610643879574764,461,0.006787216707284158,0.00839069639860278,,,True,results/rerun_protocol_v1/abs/fedogda_d/seed_1/rerun_protocol_v1_abs_fedogda_d_seed1_alpha0p1/predictions.npz,results/rerun_protocol_v1/abs/fedogda_d/seed_1/rerun_protocol_v1_abs_fedogda_d_seed1_alpha0p1
a0007,base_sweep,abs,fedogda_s,FedOGDA-S,0.1,1,best_validation_prediction,0.0064921149167895915,0.06887965781280275,0.24345590630020086,0.4370155141345089,0.0063707108276686766,415,0.006492114916789562,0.014664088416751007,,,True,results/rerun_protocol_v1/abs/fedogda_s/seed_1/rerun_protocol_v1_abs_fedogda_s_seed1_alpha0p1/predictions.npz,results/rerun_protocol_v1/abs/fedogda_s/seed_1/rerun_protocol_v1_abs_fedogda_s_seed1_alpha0p1
a0008,base_sweep,abs,fedgda_d,FedGDA-D,0.1,2,best_validation_prediction,0.03729636915667336,0.15957893082885494,0.7920724673756521,0.0,0.03633861398573548,499,0.03729636915667341,0.03729636915667341,,,True,results/rerun_protocol_v1/abs/fedgda_d/seed_2/rerun_protocol_v1_abs_fedgda_d_seed2_alpha0p1/predictions.npz,results/rerun_protocol_v1/abs/fedgda_d/seed_2/rerun_protocol_v1_abs_fedgda_d_seed2_alpha0p1
a0009,base_sweep,abs,fedgda_s,FedGDA-S,0.1,2,best_validation_prediction,0.0013974706316965725,0.025475486749020008,0.1403233990180729,0.11070286935080609,0.0013642446348014969,228,0.001397470631696574,0.00608580013347739,,,True,results/rerun_protocol_v1/abs/fedgda_s/seed_2/rerun_protocol_v1_abs_fedgda_s_seed2_alpha0p1/predictions.npz,results/rerun_protocol_v1/abs/fedgda_s/seed_2/rerun_protocol_v1_abs_fedgda_s_seed2_alpha0p1
a0010,base_sweep,abs,fedogda_d,FedOGDA-D,0.1,2,best_validation_prediction,0.03530139541279282,0.15518173195817098,0.7655850069631303,0.0,0.03440180386071982,499,0.0353013954127931,0.0353013954127931,,,True,results/rerun_protocol_v1/abs/fedogda_d/seed_2/rerun_protocol_v1_abs_fedogda_d_seed2_alpha0p1/predictions.npz,results/rerun_protocol_v1/abs/fedogda_d/seed_2/rerun_protocol_v1_abs_fedogda_d_seed2_alpha0p1
a0011,base_sweep,abs,fedogda_s,FedOGDA-S,0.1,2,best_validation_prediction,0.02533629708741345,0.13091036389230545,0.6017916300554147,0.017171192996748186,0.024807159314620488,498,0.025336297087413546,0.025622987336894797,,,True,results/rerun_protocol_v1/abs/fedogda_s/seed_2/rerun_protocol_v1_abs_fedogda_s_seed2_alpha0p1/predictions.npz,results/rerun_protocol_v1/abs/fedogda_s/seed_2/rerun_protocol_v1_abs_fedogda_s_seed2_alpha0p1
a0012,base_sweep,abs,fedgda_d,FedGDA-D,0.5,0,best_validation_prediction,0.010333927256165373,0.0821485602407359,0.4009614536142878,0.0,0.010107855202000735,499,0.010333927256165375,0.010333927256165375,,,True,results/rerun_protocol_v1/abs/fedgda_d/seed_0/rerun_protocol_v1_abs_fedgda_d_seed0_alpha0p5/predictions.npz,results/rerun_protocol_v1/abs/fedgda_d/seed_0/rerun_protocol_v1_abs_fedgda_d_seed0_alpha0p5
a0013,base_sweep,abs,fedgda_s,FedGDA-S,0.5,0,best_validation_prediction,0.000532862187696248,0.015996719173754212,0.10041181660522791,0.0850795340363073,0.0005237341518740604,222,0.0005328621876962478,0.001118432342798487,,,True,results/rerun_protocol_v1/abs/fedgda_s/seed_0/rerun_protocol_v1_abs_fedgda_s_seed0_alpha0p5/predictions.npz,results/rerun_protocol_v1/abs/fedgda_s/seed_0/rerun_protocol_v1_abs_fedgda_s_seed0_alpha0p5
a0014,base_sweep,abs,fedogda_d,FedOGDA-D,0.5,0,best_validation_prediction,0.009118816325809744,0.07673374574969201,0.3816267525685386,0.0,0.008921359420980341,499,0.009118816325809744,0.009118816325809744,,,True,results/rerun_protocol_v1/abs/fedogda_d/seed_0/rerun_protocol_v1_abs_fedogda_d_seed0_alpha0p5/predictions.npz,results/rerun_protocol_v1/abs/fedogda_d/seed_0/rerun_protocol_v1_abs_fedogda_d_seed0_alpha0p5
a0015,base_sweep,abs,fedogda_s,FedOGDA-S,0.5,0,best_validation_prediction,0.006701712291848955,0.06538863743626375,0.30474567646073925,0.0,0.006532075687872711,499,0.006701712291848975,0.006701712291848975,,,True,results/rerun_protocol_v1/abs/fedogda_s/seed_0/rerun_protocol_v1_abs_fedogda_s_seed0_alpha0p5/predictions.npz,results/rerun_protocol_v1/abs/fedogda_s/seed_0/rerun_protocol_v1_abs_fedogda_s_seed0_alpha0p5
a0016,base_sweep,abs,fedgda_d,FedGDA-D,0.5,1,best_validation_prediction,0.006796743518078249,0.06969771856184769,0.32013736740421006,0.18883182843564184,0.00661780596877693,459,0.0067967435180782115,0.00858508674382863,,,True,results/rerun_protocol_v1/abs/fedgda_d/seed_1/rerun_protocol_v1_abs_fedgda_d_seed1_alpha0p5/predictions.npz,results/rerun_protocol_v1/abs/fedgda_d/seed_1/rerun_protocol_v1_abs_fedgda_d_seed1_alpha0p5
a0017,base_sweep,abs,fedgda_s,FedGDA-S,0.5,1,best_validation_prediction,0.0065622324701178885,0.06868140916479795,0.27186714336469997,0.15502442223584345,0.006419084240050454,150,0.006562232470117874,0.008641235246094971,,,True,results/rerun_protocol_v1/abs/fedgda_s/seed_1/rerun_protocol_v1_abs_fedgda_s_seed1_alpha0p5/predictions.npz,results/rerun_protocol_v1/abs/fedgda_s/seed_1/rerun_protocol_v1_abs_fedgda_s_seed1_alpha0p5
a0018,base_sweep,abs,fedogda_d,FedOGDA-D,0.5,1,best_validation_prediction,0.0068767171765257516,0.07011964361141541,0.32259735590699634,0.20904243951063073,0.006696059556379062,454,0.00687671717652571,0.009072021715167732,,,True,results/rerun_protocol_v1/abs/fedogda_d/seed_1/rerun_protocol_v1_abs_fedogda_d_seed1_alpha0p5/predictions.npz,results/rerun_protocol_v1/abs/fedogda_d/seed_1/rerun_protocol_v1_abs_fedogda_d_seed1_alpha0p5
a0019,base_sweep,abs,fedogda_s,FedOGDA-S,0.5,1,best_validation_prediction,0.006969377204524621,0.07041331468685438,0.2773975925449905,0.23496036440690382,0.006828394533845636,439,0.006969377204524669,0.008988455276731188,,,True,results/rerun_protocol_v1/abs/fedogda_s/seed_1/rerun_protocol_v1_abs_fedogda_s_seed1_alpha0p5/predictions.npz,results/rerun_protocol_v1/abs/fedogda_s/seed_1/rerun_protocol_v1_abs_fedogda_s_seed1_alpha0p5
a0020,base_sweep,abs,fedgda_d,FedGDA-D,0.5,2,best_validation_prediction,0.03612385692391453,0.15694418054734893,0.7761777218888104,0.0,0.035202733981553054,499,0.03612385692391461,0.03612385692391461,,,True,results/rerun_protocol_v1/abs/fedgda_d/seed_2/rerun_protocol_v1_abs_fedgda_d_seed2_alpha0p5/predictions.npz,results/rerun_protocol_v1/abs/fedgda_d/seed_2/rerun_protocol_v1_abs_fedgda_d_seed2_alpha0p5
a0021,base_sweep,abs,fedgda_s,FedGDA-S,0.5,2,best_validation_prediction,0.0010346327801986411,0.024757783151520538,0.12248147348792193,0.158941201542099,0.001005735169824526,270,0.0010346327801986487,0.005477743217867364,,,True,results/rerun_protocol_v1/abs/fedgda_s/seed_2/rerun_protocol_v1_abs_fedgda_s_seed2_alpha0p5/predictions.npz,results/rerun_protocol_v1/abs/fedgda_s/seed_2/rerun_protocol_v1_abs_fedgda_s_seed2_alpha0p5
a0022,base_sweep,abs,fedogda_d,FedOGDA-D,0.5,2,best_validation_prediction,0.03377255557952787,0.1516587497072447,0.7445242934615506,0.0,0.03291920524511993,499,0.03377255557952796,0.03377255557952796,,,True,results/rerun_protocol_v1/abs/fedogda_d/seed_2/rerun_protocol_v1_abs_fedogda_d_seed2_alpha0p5/predictions.npz,results/rerun_protocol_v1/abs/fedogda_d/seed_2/rerun_protocol_v1_abs_fedogda_d_seed2_alpha0p5
a0023,base_sweep,abs,fedogda_s,FedOGDA-S,0.5,2,best_validation_prediction,0.032416634674313376,0.14972712406507518,0.6512901927808594,0.0,0.03178155207732554,499,0.03241663467431333,0.03241663467431333,,,True,results/rerun_protocol_v1/abs/fedogda_s/seed_2/rerun_protocol_v1_abs_fedogda_s_seed2_alpha0p5/predictions.npz,results/rerun_protocol_v1/abs/fedogda_s/seed_2/rerun_protocol_v1_abs_fedogda_s_seed2_alpha0p5
a0024,base_sweep,abs,fedgda_d,FedGDA-D,1.0,0,best_validation_prediction,0.009687765602160949,0.0793381885222823,0.39523736211860205,0.0,0.009493161013161739,499,0.00968776560216092,0.00968776560216092,,,True,results/rerun_protocol_v1/abs/fedgda_d/seed_0/rerun_protocol_v1_abs_fedgda_d_seed0_alpha1p0/predictions.npz,results/rerun_protocol_v1/abs/fedgda_d/seed_0/rerun_protocol_v1_abs_fedgda_d_seed0_alpha1p0
a0025,base_sweep,abs,fedgda_s,FedGDA-S,1.0,0,best_validation_prediction,0.0006057864695677794,0.016355397646571828,0.10097263771854814,0.1659214970200491,0.0005863352658592794,488,0.0006057864695677811,0.005223435684973628,,,True,results/rerun_protocol_v1/abs/fedgda_s/seed_0/rerun_protocol_v1_abs_fedgda_s_seed0_alpha1p0/predictions.npz,results/rerun_protocol_v1/abs/fedgda_s/seed_0/rerun_protocol_v1_abs_fedgda_s_seed0_alpha1p0
a0026,base_sweep,abs,fedogda_d,FedOGDA-D,1.0,0,best_validation_prediction,0.008426857583396534,0.07352132942288073,0.3745725780208957,0.0,0.008261736846270643,499,0.008426857583396532,0.008426857583396532,,,True,results/rerun_protocol_v1/abs/fedogda_d/seed_0/rerun_protocol_v1_abs_fedogda_d_seed0_alpha1p0/predictions.npz,results/rerun_protocol_v1/abs/fedogda_d/seed_0/rerun_protocol_v1_abs_fedogda_d_seed0_alpha1p0
a0027,base_sweep,abs,fedogda_s,FedOGDA-S,1.0,0,best_validation_prediction,0.007101696785203961,0.06567072656491002,0.38859537691531587,0.0,0.007003598829362718,499,0.007101696785203967,0.007101696785203967,,,True,results/rerun_protocol_v1/abs/fedogda_s/seed_0/rerun_protocol_v1_abs_fedogda_s_seed0_alpha1p0/predictions.npz,results/rerun_protocol_v1/abs/fedogda_s/seed_0/rerun_protocol_v1_abs_fedogda_s_seed0_alpha1p0
a0028,base_sweep,abs,fedgda_d,FedGDA-D,1.0,1,best_validation_prediction,0.006998573717887232,0.07053780273574208,0.3288946887887638,0.22615817841707297,0.006813603530052323,452,0.0069985737178872316,0.009515526939583439,,,True,results/rerun_protocol_v1/abs/fedgda_d/seed_1/rerun_protocol_v1_abs_fedgda_d_seed1_alpha1p0/predictions.npz,results/rerun_protocol_v1/abs/fedgda_d/seed_1/rerun_protocol_v1_abs_fedgda_d_seed1_alpha1p0
a0029,base_sweep,abs,fedgda_s,FedGDA-S,1.0,1,best_validation_prediction,0.006905123990474558,0.07115594109052133,0.26663166012130635,0.07437369548401573,0.0067637938333682986,406,0.006905123990474533,0.006998887150620184,,,True,results/rerun_protocol_v1/abs/fedgda_s/seed_1/rerun_protocol_v1_abs_fedgda_s_seed1_alpha1p0/predictions.npz,results/rerun_protocol_v1/abs/fedgda_s/seed_1/rerun_protocol_v1_abs_fedgda_s_seed1_alpha1p0
a0030,base_sweep,abs,fedogda_d,FedOGDA-D,1.0,1,best_validation_prediction,0.007064816588672348,0.07092254205167381,0.3291264321998062,0.24502013392552113,0.006879913543146258,447,0.007064816588672376,0.010036402749602586,,,True,results/rerun_protocol_v1/abs/fedogda_d/seed_1/rerun_protocol_v1_abs_fedogda_d_seed1_alpha1p0/predictions.npz,results/rerun_protocol_v1/abs/fedogda_d/seed_1/rerun_protocol_v1_abs_fedogda_d_seed1_alpha1p0
a0031,base_sweep,abs,fedogda_s,FedOGDA-S,1.0,1,best_validation_prediction,0.0067897827381245834,0.06986136745041376,0.27207163685102653,0.357009060064875,0.006638181792948494,450,0.00678978273812457,0.011951736101014205,,,True,results/rerun_protocol_v1/abs/fedogda_s/seed_1/rerun_protocol_v1_abs_fedogda_s_seed1_alpha1p0/predictions.npz,results/rerun_protocol_v1/abs/fedogda_s/seed_1/rerun_protocol_v1_abs_fedogda_s_seed1_alpha1p0
a0032,base_sweep,abs,fedgda_d,FedGDA-D,1.0,2,best_validation_prediction,0.03648782059317671,0.1577191563353857,0.7783179763787267,0.0,0.035563918059069104,499,0.03648782059317654,0.03648782059317654,,,True,results/rerun_protocol_v1/abs/fedgda_d/seed_2/rerun_protocol_v1_abs_fedgda_d_seed2_alpha1p0/predictions.npz,results/rerun_protocol_v1/abs/fedgda_d/seed_2/rerun_protocol_v1_abs_fedgda_d_seed2_alpha1p0
a0033,base_sweep,abs,fedgda_s,FedGDA-S,1.0,2,best_validation_prediction,0.0010968679157301272,0.024555058375963543,0.12961820742973973,0.29738572081386216,0.0010598985846768448,255,0.0010968679157301287,0.005282472171527157,,,True,results/rerun_protocol_v1/abs/fedgda_s/seed_2/rerun_protocol_v1_abs_fedgda_s_seed2_alpha1p0/predictions.npz,results/rerun_protocol_v1/abs/fedgda_s/seed_2/rerun_protocol_v1_abs_fedgda_s_seed2_alpha1p0
a0034,base_sweep,abs,fedogda_d,FedOGDA-D,1.0,2,best_validation_prediction,0.033879868014654854,0.15190256722099663,0.7415992247190664,0.0,0.03303472107134794,499,0.03387986801465489,0.03387986801465489,,,True,results/rerun_protocol_v1/abs/fedogda_d/seed_2/rerun_protocol_v1_abs_fedogda_d_seed2_alpha1p0/predictions.npz,results/rerun_protocol_v1/abs/fedogda_d/seed_2/rerun_protocol_v1_abs_fedogda_d_seed2_alpha1p0
a0035,base_sweep,abs,fedogda_s,FedOGDA-S,1.0,2,best_validation_prediction,0.03441503768257782,0.1528769572710351,0.7714116847390695,0.0,0.033496169643517024,499,0.03441503768257774,0.03441503768257774,,,True,results/rerun_protocol_v1/abs/fedogda_s/seed_2/rerun_protocol_v1_abs_fedogda_s_seed2_alpha1p0/predictions.npz,results/rerun_protocol_v1/abs/fedogda_s/seed_2/rerun_protocol_v1_abs_fedogda_s_seed2_alpha1p0
a0036,base_sweep,step,fedgda_d,FedGDA-D,0.1,0,best_validation_prediction,0.030866804096569007,0.14781859554375604,0.6318522796135362,0.0,0.030322443227099417,499,0.03086680409656931,0.03086680409656931,,,True,results/rerun_protocol_v1/step/fedgda_d/seed_0/rerun_protocol_v1_step_fedgda_d_seed0_alpha0p1/predictions.npz,results/rerun_protocol_v1/step/fedgda_d/seed_0/rerun_protocol_v1_step_fedgda_d_seed0_alpha0p1
a0037,base_sweep,step,fedgda_s,FedGDA-S,0.1,0,best_validation_prediction,0.028218572987749758,0.13893149448504122,0.6641326554868723,0.16876561086460729,0.027814618496127007,484,0.028218572987749786,0.030328771864915057,,,True,results/rerun_protocol_v1/step/fedgda_s/seed_0/rerun_protocol_v1_step_fedgda_s_seed0_alpha0p1/predictions.npz,results/rerun_protocol_v1/step/fedgda_s/seed_0/rerun_protocol_v1_step_fedgda_s_seed0_alpha0p1
a0038,base_sweep,step,fedogda_d,FedOGDA-D,0.1,0,best_validation_prediction,0.029737169081041185,0.14530813158921568,0.6095545090654413,0.0,0.02921026609151715,499,0.029737169081041237,0.029737169081041237,,,True,results/rerun_protocol_v1/step/fedogda_d/seed_0/rerun_protocol_v1_step_fedogda_d_seed0_alpha0p1/predictions.npz,results/rerun_protocol_v1/step/fedogda_d/seed_0/rerun_protocol_v1_step_fedogda_d_seed0_alpha0p1
a0039,base_sweep,step,fedogda_s,FedOGDA-S,0.1,0,best_validation_prediction,0.030507676798837303,0.14650579895805682,0.664112034776196,0.11757502014633903,0.029913518146718273,424,0.030507676798837383,0.030763924088293693,,,True,results/rerun_protocol_v1/step/fedogda_s/seed_0/rerun_protocol_v1_step_fedogda_s_seed0_alpha0p1/predictions.npz,results/rerun_protocol_v1/step/fedogda_s/seed_0/rerun_protocol_v1_step_fedogda_s_seed0_alpha0p1
a0040,base_sweep,step,fedgda_d,FedGDA-D,0.1,1,best_validation_prediction,0.026199452397859688,0.13734567768807904,0.5057212217860227,0.14946238827367786,0.02582644307823007,180,0.026199452397859823,0.029118501856528745,,,True,results/rerun_protocol_v1/step/fedgda_d/seed_1/rerun_protocol_v1_step_fedgda_d_seed1_alpha0p1/predictions.npz,results/rerun_protocol_v1/step/fedgda_d/seed_1/rerun_protocol_v1_step_fedgda_d_seed1_alpha0p1
a0041,base_sweep,step,fedgda_s,FedGDA-S,0.1,1,best_validation_prediction,0.02521837992637534,0.13367496316704072,0.5283513324094541,0.15537926166619942,0.02486079364546243,487,0.025218379926375142,0.027310156296552653,,,True,results/rerun_protocol_v1/step/fedgda_s/seed_1/rerun_protocol_v1_step_fedgda_s_seed1_alpha0p1/predictions.npz,results/rerun_protocol_v1/step/fedgda_s/seed_1/rerun_protocol_v1_step_fedgda_s_seed1_alpha0p1
a0042,base_sweep,step,fedogda_d,FedOGDA-D,0.1,1,best_validation_prediction,0.025583613629379793,0.13558957715473216,0.47441079035006967,0.14083687594560956,0.025220696416826668,176,0.02558361362937985,0.02840525154144172,,,True,results/rerun_protocol_v1/step/fedogda_d/seed_1/rerun_protocol_v1_step_fedogda_d_seed1_alpha0p1/predictions.npz,results/rerun_protocol_v1/step/fedogda_d/seed_1/rerun_protocol_v1_step_fedogda_d_seed1_alpha0p1
a0043,base_sweep,step,fedogda_s,FedOGDA-S,0.1,1,best_validation_prediction,0.02515483355049593,0.13404187549805074,0.4897659075631716,0.24376261158053292,0.024838549409417442,114,0.02515483355049589,0.029347608216447208,,,True,results/rerun_protocol_v1/step/fedogda_s/seed_1/rerun_protocol_v1_step_fedogda_s_seed1_alpha0p1/predictions.npz,results/rerun_protocol_v1/step/fedogda_s/seed_1/rerun_protocol_v1_step_fedogda_s_seed1_alpha0p1
a0044,base_sweep,step,fedgda_d,FedGDA-D,0.1,2,best_validation_prediction,0.03229769040604744,0.14325138088285558,0.7504707597309583,0.0,0.03159464000232325,499,0.03229769040604756,0.03229769040604756,,,True,results/rerun_protocol_v1/step/fedgda_d/seed_2/rerun_protocol_v1_step_fedgda_d_seed2_alpha0p1/predictions.npz,results/rerun_protocol_v1/step/fedgda_d/seed_2/rerun_protocol_v1_step_fedgda_d_seed2_alpha0p1
a0045,base_sweep,step,fedgda_s,FedGDA-S,0.1,2,best_validation_prediction,0.02844207254133192,0.14133906919431505,0.5424486854323772,0.011675634724217177,0.02808520238906342,486,0.028442072541331992,0.028457605743916845,,,True,results/rerun_protocol_v1/step/fedgda_s/seed_2/rerun_protocol_v1_step_fedgda_s_seed2_alpha0p1/predictions.npz,results/rerun_protocol_v1/step/fedgda_s/seed_2/rerun_protocol_v1_step_fedgda_s_seed2_alpha0p1
a0046,base_sweep,step,fedogda_d,FedOGDA-D,0.1,2,best_validation_prediction,0.0322438772478944,0.1432135249007693,0.7536435569564595,0.023049855361821803,0.031533961758296154,487,0.03224387724789442,0.03232231897141619,,,True,results/rerun_protocol_v1/step/fedogda_d/seed_2/rerun_protocol_v1_step_fedogda_d_seed2_alpha0p1/predictions.npz,results/rerun_protocol_v1/step/fedogda_d/seed_2/rerun_protocol_v1_step_fedogda_d_seed2_alpha0p1
a0047,base_sweep,step,fedogda_s,FedOGDA-S,0.1,2,best_validation_prediction,0.031882411023428134,0.1431599988044061,0.714336795963787,0.2081701623954766,0.031241650694060957,430,0.03188241102342823,0.036291327330487545,,,True,results/rerun_protocol_v1/step/fedogda_s/seed_2/rerun_protocol_v1_step_fedogda_s_seed2_alpha0p1/predictions.npz,results/rerun_protocol_v1/step/fedogda_s/seed_2/rerun_protocol_v1_step_fedogda_s_seed2_alpha0p1
a0048,base_sweep,step,fedgda_d,FedGDA-D,0.5,0,best_validation_prediction,0.03073546678869229,0.14762181301412589,0.6273550769105858,0.0,0.03019594602590297,499,0.030735466788692038,0.030735466788692038,,,True,results/rerun_protocol_v1/step/fedgda_d/seed_0/rerun_protocol_v1_step_fedgda_d_seed0_alpha0p5/predictions.npz,results/rerun_protocol_v1/step/fedgda_d/seed_0/rerun_protocol_v1_step_fedgda_d_seed0_alpha0p5
a0049,base_sweep,step,fedgda_s,FedGDA-S,0.5,0,best_validation_prediction,0.026161904214876755,0.13571621534370304,0.510907241456038,0.09422920420178238,0.025790936878708287,479,0.026161904214876575,0.026855397342953426,,,True,results/rerun_protocol_v1/step/fedgda_s/seed_0/rerun_protocol_v1_step_fedgda_s_seed0_alpha0p5/predictions.npz,results/rerun_protocol_v1/step/fedgda_s/seed_0/rerun_protocol_v1_step_fedgda_s_seed0_alpha0p5
a0050,base_sweep,step,fedogda_d,FedOGDA-D,0.5,0,best_validation_prediction,0.02975014439663431,0.14532322899300804,0.6070380250218794,0.0,0.029224452733499794,499,0.02975014439663422,0.02975014439663422,,,True,results/rerun_protocol_v1/step/fedogda_d/seed_0/rerun_protocol_v1_step_fedogda_d_seed0_alpha0p5/predictions.npz,results/rerun_protocol_v1/step/fedogda_d/seed_0/rerun_protocol_v1_step_fedogda_d_seed0_alpha0p5
a0051,base_sweep,step,fedogda_s,FedOGDA-S,0.5,0,best_validation_prediction,0.030184297414644744,0.14598016663331956,0.6393378392129754,0.0,0.02961461787380765,499,0.030184297414644914,0.030184297414644914,,,True,results/rerun_protocol_v1/step/fedogda_s/seed_0/rerun_protocol_v1_step_fedogda_s_seed0_alpha0p5/predictions.npz,results/rerun_protocol_v1/step/fedogda_s/seed_0/rerun_protocol_v1_step_fedogda_s_seed0_alpha0p5
a0052,base_sweep,step,fedgda_d,FedGDA-D,0.5,1,best_validation_prediction,0.026198112628441312,0.13726142014029302,0.5172246138221683,0.11901322681227455,0.025806636385407148,179,0.02619811262844118,0.028531229939726944,,,True,results/rerun_protocol_v1/step/fedgda_d/seed_1/rerun_protocol_v1_step_fedgda_d_seed1_alpha0p5/predictions.npz,results/rerun_protocol_v1/step/fedgda_d/seed_1/rerun_protocol_v1_step_fedgda_d_seed1_alpha0p5
a0053,base_sweep,step,fedgda_s,FedGDA-S,0.5,1,best_validation_prediction,0.02400067960856665,0.12703311306157117,0.47700872099598823,0.14598562481517574,0.023744637373604598,489,0.024000679608566614,0.024744867783718958,,,True,results/rerun_protocol_v1/step/fedgda_s/seed_1/rerun_protocol_v1_step_fedgda_s_seed1_alpha0p5/predictions.npz,results/rerun_protocol_v1/step/fedgda_s/seed_1/rerun_protocol_v1_step_fedgda_s_seed1_alpha0p5
a0054,base_sweep,step,fedogda_d,FedOGDA-D,0.5,1,best_validation_prediction,0.02557044736397931,0.13559156308261958,0.4693352639690906,0.13665017869005192,0.02521540527508708,174,0.025570447363979242,0.028168889941582013,,,True,results/rerun_protocol_v1/step/fedogda_d/seed_1/rerun_protocol_v1_step_fedogda_d_seed1_alpha0p5/predictions.npz,results/rerun_protocol_v1/step/fedogda_d/seed_1/rerun_protocol_v1_step_fedogda_d_seed1_alpha0p5
a0055,base_sweep,step,fedogda_s,FedOGDA-S,0.5,1,best_validation_prediction,0.026275394847309258,0.13671832530132355,0.5473933824950319,0.08089014030739716,0.02582018245042296,118,0.026275394847309213,0.028391166724359318,,,True,results/rerun_protocol_v1/step/fedogda_s/seed_1/rerun_protocol_v1_step_fedogda_s_seed1_alpha0p5/predictions.npz,results/rerun_protocol_v1/step/fedogda_s/seed_1/rerun_protocol_v1_step_fedogda_s_seed1_alpha0p5
a0056,base_sweep,step,fedgda_d,FedGDA-D,0.5,2,best_validation_prediction,0.03224288416941603,0.14334304515488602,0.7523449690230013,0.012837221239635932,0.031536431513596606,493,0.032242884169416,0.03227600418539401,,,True,results/rerun_protocol_v1/step/fedgda_d/seed_2/rerun_protocol_v1_step_fedgda_d_seed2_alpha0p5/predictions.npz,results/rerun_protocol_v1/step/fedgda_d/seed_2/rerun_protocol_v1_step_fedgda_d_seed2_alpha0p5
a0057,base_sweep,step,fedgda_s,FedGDA-S,0.5,2,best_validation_prediction,0.028639580672589694,0.14320326174576625,0.5200433743862938,0.2786571182722447,0.028233344246919444,341,0.028639580672589676,0.030501320158263172,,,True,results/rerun_protocol_v1/step/fedgda_s/seed_2/rerun_protocol_v1_step_fedgda_s_seed2_alpha0p5/predictions.npz,results/rerun_protocol_v1/step/fedgda_s/seed_2/rerun_protocol_v1_step_fedgda_s_seed2_alpha0p5
a0058,base_sweep,step,fedogda_d,FedOGDA-D,0.5,2,best_validation_prediction,0.03221464618447056,0.1432765787743459,0.7547115794627053,0.038209901907504173,0.0315027731897732,478,0.03221464618447051,0.03238856784996857,,,True,results/rerun_protocol_v1/step/fedogda_d/seed_2/rerun_protocol_v1_step_fedogda_d_seed2_alpha0p5/predictions.npz,results/rerun_protocol_v1/step/fedogda_d/seed_2/rerun_protocol_v1_step_fedogda_d_seed2_alpha0p5
a0059,base_sweep,step,fedogda_s,FedOGDA-S,0.5,2,best_validation_prediction,0.032898593690411704,0.1483850783486362,0.7238334662632764,0.20772753285622303,0.032275574152071364,423,0.032898593690411884,0.03482205125673002,,,True,results/rerun_protocol_v1/step/fedogda_s/seed_2/rerun_protocol_v1_step_fedogda_s_seed2_alpha0p5/predictions.npz,results/rerun_protocol_v1/step/fedogda_s/seed_2/rerun_protocol_v1_step_fedogda_s_seed2_alpha0p5
a0060,base_sweep,step,fedgda_d,FedGDA-D,1.0,0,best_validation_prediction,0.03070330763375415,0.1476153580586181,0.6307223562386972,0.0,0.03015867273811927,499,0.030703307633754083,0.030703307633754083,,,True,results/rerun_protocol_v1/step/fedgda_d/seed_0/rerun_protocol_v1_step_fedgda_d_seed0_alpha1p0/predictions.npz,results/rerun_protocol_v1/step/fedgda_d/seed_0/rerun_protocol_v1_step_fedgda_d_seed0_alpha1p0
a0061,base_sweep,step,fedgda_s,FedGDA-S,1.0,0,best_validation_prediction,0.028469873215202477,0.14278178406214106,0.547746930357359,0.10712370357872258,0.028039862643424413,466,0.02846987321520255,0.029632832198242733,,,True,results/rerun_protocol_v1/step/fedgda_s/seed_0/rerun_protocol_v1_step_fedgda_s_seed0_alpha1p0/predictions.npz,results/rerun_protocol_v1/step/fedgda_s/seed_0/rerun_protocol_v1_step_fedgda_s_seed0_alpha1p0
a0062,base_sweep,step,fedogda_d,FedOGDA-D,1.0,0,best_validation_prediction,0.029694188483456525,0.14523716138199985,0.6118976283510227,0.0,0.029161007420156936,499,0.029694188483456414,0.029694188483456414,,,True,results/rerun_protocol_v1/step/fedogda_d/seed_0/rerun_protocol_v1_step_fedogda_d_seed0_alpha1p0/predictions.npz,results/rerun_protocol_v1/step/fedogda_d/seed_0/rerun_protocol_v1_step_fedogda_d_seed0_alpha1p0
a0063,base_sweep,step,fedogda_s,FedOGDA-S,1.0,0,best_validation_prediction,0.03099247519075478,0.14795987876855526,0.660365915960508,0.0640032170302175,0.030406173687401998,469,0.03099247519075487,0.0313896517846175,,,True,results/rerun_protocol_v1/step/fedogda_s/seed_0/rerun_protocol_v1_step_fedogda_s_seed0_alpha1p0/predictions.npz,results/rerun_protocol_v1/step/fedogda_s/seed_0/rerun_protocol_v1_step_fedogda_s_seed0_alpha1p0
a0064,base_sweep,step,fedgda_d,FedGDA-D,1.0,1,best_validation_prediction,0.026134598836368168,0.13707429425927467,0.5136420152018304,0.11853538672399344,0.02574641952375027,179,0.026134598836368095,0.028654730933773517,,,True,results/rerun_protocol_v1/step/fedgda_d/seed_1/rerun_protocol_v1_step_fedgda_d_seed1_alpha1p0/predictions.npz,results/rerun_protocol_v1/step/fedgda_d/seed_1/rerun_protocol_v1_step_fedgda_d_seed1_alpha1p0
a0065,base_sweep,step,fedgda_s,FedGDA-S,1.0,1,best_validation_prediction,0.024930481480437496,0.13375130943305646,0.4961405296904805,0.500901226875367,0.02459563278599036,452,0.024930481480437517,0.040949814212533756,,,True,results/rerun_protocol_v1/step/fedgda_s/seed_1/rerun_protocol_v1_step_fedgda_s_seed1_alpha1p0/predictions.npz,results/rerun_protocol_v1/step/fedgda_s/seed_1/rerun_protocol_v1_step_fedgda_s_seed1_alpha1p0
a0066,base_sweep,step,fedogda_d,FedOGDA-D,1.0,1,best_validation_prediction,0.025550007682638282,0.13548564855990516,0.47339445744719283,0.1391104237498786,0.025188124652050156,174,0.025550007682638518,0.028302376852343495,,,True,results/rerun_protocol_v1/step/fedogda_d/seed_1/rerun_protocol_v1_step_fedogda_d_seed1_alpha1p0/predictions.npz,results/rerun_protocol_v1/step/fedogda_d/seed_1/rerun_protocol_v1_step_fedogda_d_seed1_alpha1p0
a0067,base_sweep,step,fedogda_s,FedOGDA-S,1.0,1,best_validation_prediction,0.02519546412727592,0.1338062480665642,0.47170621172948624,0.14143932270837223,0.024847618000472943,115,0.025195464127275868,0.029076856100392644,,,True,results/rerun_protocol_v1/step/fedogda_s/seed_1/rerun_protocol_v1_step_fedogda_s_seed1_alpha1p0/predictions.npz,results/rerun_protocol_v1/step/fedogda_s/seed_1/rerun_protocol_v1_step_fedogda_s_seed1_alpha1p0
a0068,base_sweep,step,fedgda_d,FedGDA-D,1.0,2,best_validation_prediction,0.03218819372109493,0.14326572580621072,0.7505654988814441,0.01679345065881288,0.031484098732015256,491,0.03218819372109492,0.032239682349521355,,,True,results/rerun_protocol_v1/step/fedgda_d/seed_2/rerun_protocol_v1_step_fedgda_d_seed2_alpha1p0/predictions.npz,results/rerun_protocol_v1/step/fedgda_d/seed_2/rerun_protocol_v1_step_fedgda_d_seed2_alpha1p0
a0069,base_sweep,step,fedgda_s,FedGDA-S,1.0,2,best_validation_prediction,0.028364487861014653,0.14121271372333447,0.5450563438934872,0.12235415995112897,0.028003270650883046,463,0.028364487861014483,0.030141683911365305,,,True,results/rerun_protocol_v1/step/fedgda_s/seed_2/rerun_protocol_v1_step_fedgda_s_seed2_alpha1p0/predictions.npz,results/rerun_protocol_v1/step/fedgda_s/seed_2/rerun_protocol_v1_step_fedgda_s_seed2_alpha1p0
a0070,base_sweep,step,fedogda_d,FedOGDA-D,1.0,2,best_validation_prediction,0.032175085007705835,0.14323266700352355,0.7540163722550279,0.042449309199646734,0.03146384318880461,475,0.03217508500770567,0.03237664686496598,,,True,results/rerun_protocol_v1/step/fedogda_d/seed_2/rerun_protocol_v1_step_fedogda_d_seed2_alpha1p0/predictions.npz,results/rerun_protocol_v1/step/fedogda_d/seed_2/rerun_protocol_v1_step_fedogda_d_seed2_alpha1p0
a0071,base_sweep,step,fedogda_s,FedOGDA-S,1.0,2,best_validation_prediction,0.031803864480391186,0.1428103368085039,0.7385662185064945,0.002894761376666777,0.031111491877231414,498,0.03180386448039119,0.03181422173630795,,,True,results/rerun_protocol_v1/step/fedogda_s/seed_2/rerun_protocol_v1_step_fedogda_s_seed2_alpha1p0/predictions.npz,results/rerun_protocol_v1/step/fedogda_s/seed_2/rerun_protocol_v1_step_fedogda_s_seed2_alpha1p0
a0072,base_sweep,linear,fedgda_d,FedGDA-D,0.1,0,best_validation_prediction,0.000419942932460914,0.015798669931084253,0.11979143427597672,0.10825786547321647,0.0004173573645041929,472,0.00041994293246091114,0.0010586869489791098,,,True,results/rerun_protocol_v1/linear/fedgda_d/seed_0/rerun_protocol_v1_linear_fedgda_d_seed0_alpha0p1/predictions.npz,results/rerun_protocol_v1/linear/fedgda_d/seed_0/rerun_protocol_v1_linear_fedgda_d_seed0_alpha0p1
a0073,base_sweep,linear,fedgda_s,FedGDA-S,0.1,0,best_validation_prediction,6.552064568177566e-05,0.005727058910017087,0.024592682863743734,0.08924614860541791,6.481662991840837e-05,481,6.552064568177548e-05,0.0008994462719826203,,,True,results/rerun_protocol_v1/linear/fedgda_s/seed_0/rerun_protocol_v1_linear_fedgda_s_seed0_alpha0p1/predictions.npz,results/rerun_protocol_v1/linear/fedgda_s/seed_0/rerun_protocol_v1_linear_fedgda_s_seed0_alpha0p1
a0074,base_sweep,linear,fedogda_d,FedOGDA-D,0.1,0,best_validation_prediction,0.0004370743968414306,0.016348013777257,0.11299441814593303,0.08049840165417632,0.00043575152354468846,464,0.00043707439684143045,0.000615866917273714,,,True,results/rerun_protocol_v1/linear/fedogda_d/seed_0/rerun_protocol_v1_linear_fedogda_d_seed0_alpha0p1/predictions.npz,results/rerun_protocol_v1/linear/fedogda_d/seed_0/rerun_protocol_v1_linear_fedogda_d_seed0_alpha0p1
a0075,base_sweep,linear,fedogda_s,FedOGDA-S,0.1,0,best_validation_prediction,0.0012622439249028667,0.022197050844722677,0.2429099321963346,0.3113650318095267,0.0012675884443516378,423,0.001262243924902869,0.0019264149138423395,,,True,results/rerun_protocol_v1/linear/fedogda_s/seed_0/rerun_protocol_v1_linear_fedogda_s_seed0_alpha0p1/predictions.npz,results/rerun_protocol_v1/linear/fedogda_s/seed_0/rerun_protocol_v1_linear_fedogda_s_seed0_alpha0p1
a0076,base_sweep,linear,fedgda_d,FedGDA-D,0.1,1,best_validation_prediction,0.0014605749687742883,0.03149363903296372,0.2020789009560029,0.039679036012881364,0.00145816799297845,497,0.0014605749687742857,0.0016355022140316392,,,True,results/rerun_protocol_v1/linear/fedgda_d/seed_1/rerun_protocol_v1_linear_fedgda_d_seed1_alpha0p1/predictions.npz,results/rerun_protocol_v1/linear/fedgda_d/seed_1/rerun_protocol_v1_linear_fedgda_d_seed1_alpha0p1
a0077,base_sweep,linear,fedgda_s,FedGDA-S,0.1,1,best_validation_prediction,0.0007707277504424575,0.02581401375208924,0.05187855940928454,0.6535711738487804,0.0007671882196400474,299,0.0007707277504424529,0.024390739309934524,,,True,results/rerun_protocol_v1/linear/fedgda_s/seed_1/rerun_protocol_v1_linear_fedgda_s_seed1_alpha0p1/predictions.npz,results/rerun_protocol_v1/linear/fedgda_s/seed_1/rerun_protocol_v1_linear_fedgda_s_seed1_alpha0p1
a0078,base_sweep,linear,fedogda_d,FedOGDA-D,0.1,1,best_validation_prediction,0.0007680780602386166,0.022662055609843173,0.1236800490040113,0.10999199519506919,0.0007650735102023903,337,0.000768078060238619,0.0016200587173734178,,,True,results/rerun_protocol_v1/linear/fedogda_d/seed_1/rerun_protocol_v1_linear_fedogda_d_seed1_alpha0p1/predictions.npz,results/rerun_protocol_v1/linear/fedogda_d/seed_1/rerun_protocol_v1_linear_fedogda_d_seed1_alpha0p1
a0079,base_sweep,linear,fedogda_s,FedOGDA-S,0.1,1,best_validation_prediction,0.0008752994345104007,0.026007229634238984,0.12481519675716668,0.06501246570225927,0.0008709648846947978,325,0.0008752994345104018,0.0012667877245754625,,,True,results/rerun_protocol_v1/linear/fedogda_s/seed_1/rerun_protocol_v1_linear_fedogda_s_seed1_alpha0p1/predictions.npz,results/rerun_protocol_v1/linear/fedogda_s/seed_1/rerun_protocol_v1_linear_fedogda_s_seed1_alpha0p1
a0080,base_sweep,linear,fedgda_d,FedGDA-D,0.1,2,best_validation_prediction,0.010981465111731016,0.08550599444801546,0.5110967037439109,0.24112163116458651,0.01085957272302225,284,0.010981465111730988,0.012019133074431322,,,True,results/rerun_protocol_v1/linear/fedgda_d/seed_2/rerun_protocol_v1_linear_fedgda_d_seed2_alpha0p1/predictions.npz,results/rerun_protocol_v1/linear/fedgda_d/seed_2/rerun_protocol_v1_linear_fedgda_d_seed2_alpha0p1
a0081,base_sweep,linear,fedgda_s,FedGDA-S,0.1,2,best_validation_prediction,0.00031834185054889974,0.015170627729192615,0.06931606560252002,0.3236034356109112,0.0003148451342411281,295,0.00031834185054889806,0.004911374762764521,,,True,results/rerun_protocol_v1/linear/fedgda_s/seed_2/rerun_protocol_v1_linear_fedgda_s_seed2_alpha0p1/predictions.npz,results/rerun_protocol_v1/linear/fedgda_s/seed_2/rerun_protocol_v1_linear_fedgda_s_seed2_alpha0p1
a0082,base_sweep,linear,fedogda_d,FedOGDA-D,0.1,2,best_validation_prediction,0.007580085655972029,0.07245202811378429,0.3567766480293786,0.0,0.007433101248853471,499,0.007580085655972026,0.007580085655972026,,,True,results/rerun_protocol_v1/linear/fedogda_d/seed_2/rerun_protocol_v1_linear_fedogda_d_seed2_alpha0p1/predictions.npz,results/rerun_protocol_v1/linear/fedogda_d/seed_2/rerun_protocol_v1_linear_fedogda_d_seed2_alpha0p1
a0083,base_sweep,linear,fedogda_s,FedOGDA-S,0.1,2,best_validation_prediction,0.006236724091884966,0.06490658479519751,0.33901305599697995,0.0,0.006097382847877126,499,0.006236724091884938,0.006236724091884938,,,True,results/rerun_protocol_v1/linear/fedogda_s/seed_2/rerun_protocol_v1_linear_fedogda_s_seed2_alpha0p1/predictions.npz,results/rerun_protocol_v1/linear/fedogda_s/seed_2/rerun_protocol_v1_linear_fedogda_s_seed2_alpha0p1
a0084,base_sweep,linear,fedgda_d,FedGDA-D,0.5,0,best_validation_prediction,0.0004200587930385307,0.015799992846185783,0.11834618807134367,0.1252644399283025,0.00041743596119569207,465,0.0004200587930385307,0.0012155682081471978,,,True,results/rerun_protocol_v1/linear/fedgda_d/seed_0/rerun_protocol_v1_linear_fedgda_d_seed0_alpha0p5/predictions.npz,results/rerun_protocol_v1/linear/fedgda_d/seed_0/rerun_protocol_v1_linear_fedgda_d_seed0_alpha0p5
a0085,base_sweep,linear,fedgda_s,FedGDA-S,0.5,0,best_validation_prediction,0.0001665673211154978,0.011394788460543322,0.07744724577989004,0.13280984568005993,0.0001655646355710424,425,0.00016656732111549775,0.0023926975756404342,,,True,results/rerun_protocol_v1/linear/fedgda_s/seed_0/rerun_protocol_v1_linear_fedgda_s_seed0_alpha0p5/predictions.npz,results/rerun_protocol_v1/linear/fedgda_s/seed_0/rerun_protocol_v1_linear_fedgda_s_seed0_alpha0p5
a0086,base_sweep,linear,fedogda_d,FedOGDA-D,0.5,0,best_validation_prediction,0.00043632290077208946,0.016154310108141074,0.1112405732348758,0.08922957579539426,0.00043518279693349705,456,0.0004363229007720893,0.0006168476630115673,,,True,results/rerun_protocol_v1/linear/fedogda_d/seed_0/rerun_protocol_v1_linear_fedogda_d_seed0_alpha0p5/predictions.npz,results/rerun_protocol_v1/linear/fedogda_d/seed_0/rerun_protocol_v1_linear_fedogda_d_seed0_alpha0p5
a0087,base_sweep,linear,fedogda_s,FedOGDA-S,0.5,0,best_validation_prediction,0.0007847149540269502,0.018463808295314053,0.15569250343269792,0.1432236701928744,0.0007822137267112849,440,0.0007847149540269521,0.0011582412758197687,,,True,results/rerun_protocol_v1/linear/fedogda_s/seed_0/rerun_protocol_v1_linear_fedogda_s_seed0_alpha0p5/predictions.npz,results/rerun_protocol_v1/linear/fedogda_s/seed_0/rerun_protocol_v1_linear_fedogda_s_seed0_alpha0p5
a0088,base_sweep,linear,fedgda_d,FedGDA-D,0.5,1,best_validation_prediction,0.0013492627216256203,0.029332691562546098,0.20008195844378207,0.1485599539809228,0.001349059493881742,490,0.0013492627216256184,0.003059352890417647,,,True,results/rerun_protocol_v1/linear/fedgda_d/seed_1/rerun_protocol_v1_linear_fedgda_d_seed1_alpha0p5/predictions.npz,results/rerun_protocol_v1/linear/fedgda_d/seed_1/rerun_protocol_v1_linear_fedgda_d_seed1_alpha0p5
a0089,base_sweep,linear,fedgda_s,FedGDA-S,0.5,1,best_validation_prediction,0.0005069194132580006,0.019209057422985263,0.08819429222807007,0.33548827127718783,0.0005037077502202182,330,0.0005069194132579995,0.01733318059226154,,,True,results/rerun_protocol_v1/linear/fedgda_s/seed_1/rerun_protocol_v1_linear_fedgda_s_seed1_alpha0p5/predictions.npz,results/rerun_protocol_v1/linear/fedgda_s/seed_1/rerun_protocol_v1_linear_fedgda_s_seed1_alpha0p5
a0090,base_sweep,linear,fedogda_d,FedOGDA-D,0.5,1,best_validation_prediction,0.000774538343547879,0.02270295168237939,0.12763223300705273,0.08927501953469319,0.0007714526017872178,333,0.0007745383435478757,0.001234528405039161,,,True,results/rerun_protocol_v1/linear/fedogda_d/seed_1/rerun_protocol_v1_linear_fedogda_d_seed1_alpha0p5/predictions.npz,results/rerun_protocol_v1/linear/fedogda_d/seed_1/rerun_protocol_v1_linear_fedogda_d_seed1_alpha0p5
a0091,base_sweep,linear,fedogda_s,FedOGDA-S,0.5,1,best_validation_prediction,0.000767250964758521,0.021577747114817032,0.11287004994042138,0.12388895556780888,0.0007639782529321825,338,0.0007672509647585216,0.0020528830767290703,,,True,results/rerun_protocol_v1/linear/fedogda_s/seed_1/rerun_protocol_v1_linear_fedogda_s_seed1_alpha0p5/predictions.npz,results/rerun_protocol_v1/linear/fedogda_s/seed_1/rerun_protocol_v1_linear_fedogda_s_seed1_alpha0p5
a0092,base_sweep,linear,fedgda_d,FedGDA-D,0.5,2,best_validation_prediction,0.010929807539069138,0.08602799036439616,0.4491386479904478,0.0,0.010600353296383216,499,0.010929807539069166,0.010929807539069166,,,True,results/rerun_protocol_v1/linear/fedgda_d/seed_2/rerun_protocol_v1_linear_fedgda_d_seed2_alpha0p5/predictions.npz,results/rerun_protocol_v1/linear/fedgda_d/seed_2/rerun_protocol_v1_linear_fedgda_d_seed2_alpha0p5
a0093,base_sweep,linear,fedgda_s,FedGDA-S,0.5,2,best_validation_prediction,0.0003959586262426902,0.01673013033824546,0.08316549094067405,0.3624035222298605,0.0003896788935959265,343,0.00039595862624269005,0.006809634968664257,,,True,results/rerun_protocol_v1/linear/fedgda_s/seed_2/rerun_protocol_v1_linear_fedgda_s_seed2_alpha0p5/predictions.npz,results/rerun_protocol_v1/linear/fedgda_s/seed_2/rerun_protocol_v1_linear_fedgda_s_seed2_alpha0p5
a0094,base_sweep,linear,fedogda_d,FedOGDA-D,0.5,2,best_validation_prediction,0.007310137847492888,0.07092426618962577,0.36857516241925037,0.0,0.007182463340149253,499,0.007310137847492932,0.007310137847492932,,,True,results/rerun_protocol_v1/linear/fedogda_d/seed_2/rerun_protocol_v1_linear_fedogda_d_seed2_alpha0p5/predictions.npz,results/rerun_protocol_v1/linear/fedogda_d/seed_2/rerun_protocol_v1_linear_fedogda_d_seed2_alpha0p5
a0095,base_sweep,linear,fedogda_s,FedOGDA-S,0.5,2,best_validation_prediction,0.007251052753362227,0.07106894247183404,0.32947809105535897,0.0,0.007075657910292095,499,0.007251052753362265,0.007251052753362265,,,True,results/rerun_protocol_v1/linear/fedogda_s/seed_2/rerun_protocol_v1_linear_fedogda_s_seed2_alpha0p5/predictions.npz,results/rerun_protocol_v1/linear/fedogda_s/seed_2/rerun_protocol_v1_linear_fedogda_s_seed2_alpha0p5
a0096,base_sweep,linear,fedgda_d,FedGDA-D,1.0,0,best_validation_prediction,0.0004227994945007813,0.01568341032118874,0.1207001542858317,0.1254665813371343,0.00042038321843818424,463,0.0004227994945007816,0.001183338273380372,,,True,results/rerun_protocol_v1/linear/fedgda_d/seed_0/rerun_protocol_v1_linear_fedgda_d_seed0_alpha1p0/predictions.npz,results/rerun_protocol_v1/linear/fedgda_d/seed_0/rerun_protocol_v1_linear_fedgda_d_seed0_alpha1p0
a0097,base_sweep,linear,fedgda_s,FedGDA-S,1.0,0,best_validation_prediction,8.424079270976265e-05,0.007480693089874295,0.0227949010518691,0.14956610598875697,8.541445515506145e-05,430,8.424079270976279e-05,0.00484590422526663,,,True,results/rerun_protocol_v1/linear/fedgda_s/seed_0/rerun_protocol_v1_linear_fedgda_s_seed0_alpha1p0/predictions.npz,results/rerun_protocol_v1/linear/fedgda_s/seed_0/rerun_protocol_v1_linear_fedgda_s_seed0_alpha1p0
a0098,base_sweep,linear,fedogda_d,FedOGDA-D,1.0,0,best_validation_prediction,0.0004421956832766735,0.01657617853704476,0.11138226260933859,0.08610335225527677,0.0004411363103029833,455,0.00044219568327667194,0.0005809579606677632,,,True,results/rerun_protocol_v1/linear/fedogda_d/seed_0/rerun_protocol_v1_linear_fedogda_d_seed0_alpha1p0/predictions.npz,results/rerun_protocol_v1/linear/fedogda_d/seed_0/rerun_protocol_v1_linear_fedogda_d_seed0_alpha1p0
a0099,base_sweep,linear,fedogda_s,FedOGDA-S,1.0,0,best_validation_prediction,0.0003871207879862228,0.016809339227943976,0.1098160896816951,0.14724883300790625,0.0003851227021513554,457,0.00038712078798622235,0.0015920706170610695,,,True,results/rerun_protocol_v1/linear/fedogda_s/seed_0/rerun_protocol_v1_linear_fedogda_s_seed0_alpha1p0/predictions.npz,results/rerun_protocol_v1/linear/fedogda_s/seed_0/rerun_protocol_v1_linear_fedogda_s_seed0_alpha1p0
a0100,base_sweep,linear,fedgda_d,FedGDA-D,1.0,1,best_validation_prediction,0.001246020230904796,0.026803198923791006,0.19721702516366624,0.17922732806256425,0.0012464535657295119,488,0.0012460202309047964,0.003546846774105434,,,True,results/rerun_protocol_v1/linear/fedgda_d/seed_1/rerun_protocol_v1_linear_fedgda_d_seed1_alpha1p0/predictions.npz,results/rerun_protocol_v1/linear/fedgda_d/seed_1/rerun_protocol_v1_linear_fedgda_d_seed1_alpha1p0
a0101,base_sweep,linear,fedgda_s,FedGDA-S,1.0,1,best_validation_prediction,0.0006129201898141946,0.018619037617773317,0.13502691055600446,0.45287229768343007,0.000586642290232431,496,0.0006129201898141918,0.011980264239393437,,,True,results/rerun_protocol_v1/linear/fedgda_s/seed_1/rerun_protocol_v1_linear_fedgda_s_seed1_alpha1p0/predictions.npz,results/rerun_protocol_v1/linear/fedgda_s/seed_1/rerun_protocol_v1_linear_fedgda_s_seed1_alpha1p0
a0102,base_sweep,linear,fedogda_d,FedOGDA-D,1.0,1,best_validation_prediction,0.0007688399388399181,0.02258495696749314,0.12554070032965758,0.08608766113107325,0.0007656886480202661,332,0.000768839938839923,0.0011839151730021404,,,True,results/rerun_protocol_v1/linear/fedogda_d/seed_1/rerun_protocol_v1_linear_fedogda_d_seed1_alpha1p0/predictions.npz,results/rerun_protocol_v1/linear/fedogda_d/seed_1/rerun_protocol_v1_linear_fedogda_d_seed1_alpha1p0
a0103,base_sweep,linear,fedogda_s,FedOGDA-S,1.0,1,best_validation_prediction,0.0007490467925889173,0.022762631614288237,0.08335374633989745,0.09340939173741325,0.0007430554121704244,337,0.0007490467925889216,0.0012842777566505347,,,True,results/rerun_protocol_v1/linear/fedogda_s/seed_1/rerun_protocol_v1_linear_fedogda_s_seed1_alpha1p0/predictions.npz,results/rerun_protocol_v1/linear/fedogda_s/seed_1/rerun_protocol_v1_linear_fedogda_s_seed1_alpha1p0
a0104,base_sweep,linear,fedgda_d,FedGDA-D,1.0,2,best_validation_prediction,0.010804873823933567,0.08561598009951177,0.4455374414252671,0.0,0.010481929218808205,499,0.010804873823933555,0.010804873823933555,,,True,results/rerun_protocol_v1/linear/fedgda_d/seed_2/rerun_protocol_v1_linear_fedgda_d_seed2_alpha1p0/predictions.npz,results/rerun_protocol_v1/linear/fedgda_d/seed_2/rerun_protocol_v1_linear_fedgda_d_seed2_alpha1p0
a0105,base_sweep,linear,fedgda_s,FedGDA-S,1.0,2,best_validation_prediction,0.0005595686814700468,0.020435945724092217,0.06526860805105406,0.2857397485759756,0.0005648602861198424,300,0.0005595686814700478,0.005193749711193318,,,True,results/rerun_protocol_v1/linear/fedgda_s/seed_2/rerun_protocol_v1_linear_fedgda_s_seed2_alpha1p0/predictions.npz,results/rerun_protocol_v1/linear/fedgda_s/seed_2/rerun_protocol_v1_linear_fedgda_s_seed2_alpha1p0
a0106,base_sweep,linear,fedogda_d,FedOGDA-D,1.0,2,best_validation_prediction,0.007237106288113553,0.07056615013362819,0.36786509444387194,0.0,0.007114183177274453,499,0.007237106288113536,0.007237106288113536,,,True,results/rerun_protocol_v1/linear/fedogda_d/seed_2/rerun_protocol_v1_linear_fedogda_d_seed2_alpha1p0/predictions.npz,results/rerun_protocol_v1/linear/fedogda_d/seed_2/rerun_protocol_v1_linear_fedogda_d_seed2_alpha1p0
a0107,base_sweep,linear,fedogda_s,FedOGDA-S,1.0,2,best_validation_prediction,0.006598469925796075,0.06644571797626003,0.3833636913062193,0.0,0.006515009258923614,499,0.006598469925796079,0.006598469925796079,,,True,results/rerun_protocol_v1/linear/fedogda_s/seed_2/rerun_protocol_v1_linear_fedogda_s_seed2_alpha1p0/predictions.npz,results/rerun_protocol_v1/linear/fedogda_s/seed_2/rerun_protocol_v1_linear_fedogda_s_seed2_alpha1p0
a0108,base_sweep,sin,fedgda_d,FedGDA-D,0.1,0,best_validation_prediction,0.09000987619326391,0.24676644272815257,0.9846364927516331,0.0,0.08738817487127391,499,0.09000987619326388,0.09000987619326388,,,True,results/rerun_protocol_v1/sin/fedgda_d/seed_0/rerun_protocol_v1_sin_fedgda_d_seed0_alpha0p1/predictions.npz,results/rerun_protocol_v1/sin/fedgda_d/seed_0/rerun_protocol_v1_sin_fedgda_d_seed0_alpha0p1
a0109,base_sweep,sin,fedgda_s,FedGDA-S,0.1,0,best_validation_prediction,0.08373205331836868,0.23401974379450252,1.0074529246075579,0.1806287220122223,0.08189453964122478,469,0.0837320533183688,0.08456007782288795,,,True,results/rerun_protocol_v1/sin/fedgda_s/seed_0/rerun_protocol_v1_sin_fedgda_s_seed0_alpha0p1/predictions.npz,results/rerun_protocol_v1/sin/fedgda_s/seed_0/rerun_protocol_v1_sin_fedgda_s_seed0_alpha0p1
a0110,base_sweep,sin,fedogda_d,FedOGDA-D,0.1,0,best_validation_prediction,0.08992452977277396,0.24683578515383414,0.9839612635478472,0.0,0.087306127358294,499,0.08992452977277386,0.08992452977277386,,,True,results/rerun_protocol_v1/sin/fedogda_d/seed_0/rerun_protocol_v1_sin_fedogda_d_seed0_alpha0p1/predictions.npz,results/rerun_protocol_v1/sin/fedogda_d/seed_0/rerun_protocol_v1_sin_fedogda_d_seed0_alpha0p1
a0111,base_sweep,sin,fedogda_s,FedOGDA-S,0.1,0,best_validation_prediction,0.09010945455345645,0.2487976093775505,1.0112435281700438,0.12889147819920926,0.08732176614876729,402,0.09010945455345735,0.09339011742078997,,,True,results/rerun_protocol_v1/sin/fedogda_s/seed_0/rerun_protocol_v1_sin_fedogda_s_seed0_alpha0p1/predictions.npz,results/rerun_protocol_v1/sin/fedogda_s/seed_0/rerun_protocol_v1_sin_fedogda_s_seed0_alpha0p1
a0112,base_sweep,sin,fedgda_d,FedGDA-D,0.1,1,best_validation_prediction,0.08109314924972025,0.24047972576685706,0.8324983209100785,0.23151137035324681,0.07927617270840466,169,0.08109314924971982,0.08696955744806288,,,True,results/rerun_protocol_v1/sin/fedgda_d/seed_1/rerun_protocol_v1_sin_fedgda_d_seed1_alpha0p1/predictions.npz,results/rerun_protocol_v1/sin/fedgda_d/seed_1/rerun_protocol_v1_sin_fedgda_d_seed1_alpha0p1
a0113,base_sweep,sin,fedgda_s,FedGDA-S,0.1,1,best_validation_prediction,0.07252873976572626,0.21894365766653928,0.8685112619734857,0.14025621554927015,0.07080392683672448,486,0.07252873976572619,0.07427679011235436,,,True,results/rerun_protocol_v1/sin/fedgda_s/seed_1/rerun_protocol_v1_sin_fedgda_s_seed1_alpha0p1/predictions.npz,results/rerun_protocol_v1/sin/fedgda_s/seed_1/rerun_protocol_v1_sin_fedgda_s_seed1_alpha0p1
a0114,base_sweep,sin,fedogda_d,FedOGDA-D,0.1,1,best_validation_prediction,0.08121494249418368,0.23797306834968496,0.8825310152273538,0.1566019841290367,0.0792182448861643,111,0.08121494249418329,0.08620707692500745,,,True,results/rerun_protocol_v1/sin/fedogda_d/seed_1/rerun_protocol_v1_sin_fedogda_d_seed1_alpha0p1/predictions.npz,results/rerun_protocol_v1/sin/fedogda_d/seed_1/rerun_protocol_v1_sin_fedogda_d_seed1_alpha0p1
a0115,base_sweep,sin,fedogda_s,FedOGDA-S,0.1,1,best_validation_prediction,0.08011050574834469,0.24253708505254398,0.767875612506453,0.3876574735616148,0.07867262636737331,25,0.08011050574834426,0.08786917987176532,,,True,results/rerun_protocol_v1/sin/fedogda_s/seed_1/rerun_protocol_v1_sin_fedogda_s_seed1_alpha0p1/predictions.npz,results/rerun_protocol_v1/sin/fedogda_s/seed_1/rerun_protocol_v1_sin_fedogda_s_seed1_alpha0p1
a0116,base_sweep,sin,fedgda_d,FedGDA-D,0.1,2,best_validation_prediction,0.08735880488421431,0.2485453079510286,1.0229402634438323,0.018732785552406428,0.08437238996634831,486,0.087358804884214,0.08746168456330232,,,True,results/rerun_protocol_v1/sin/fedgda_d/seed_2/rerun_protocol_v1_sin_fedgda_d_seed2_alpha0p1/predictions.npz,results/rerun_protocol_v1/sin/fedgda_d/seed_2/rerun_protocol_v1_sin_fedgda_d_seed2_alpha0p1
a0117,base_sweep,sin,fedgda_s,FedGDA-S,0.1,2,best_validation_prediction,0.08011009984218202,0.23712393537950202,0.8663734132213999,0.14459771855793224,0.07828553848043666,485,0.08011009984218251,0.08260777252388152,,,True,results/rerun_protocol_v1/sin/fedgda_s/seed_2/rerun_protocol_v1_sin_fedgda_s_seed2_alpha0p1/predictions.npz,results/rerun_protocol_v1/sin/fedgda_s/seed_2/rerun_protocol_v1_sin_fedgda_s_seed2_alpha0p1
a0118,base_sweep,sin,fedogda_d,FedOGDA-D,0.1,2,best_validation_prediction,0.08749529188802305,0.24810166854360682,1.0286147701205404,0.03599858346632756,0.08447835016454014,470,0.0874952918880233,0.08778571162322724,,,True,results/rerun_protocol_v1/sin/fedogda_d/seed_2/rerun_protocol_v1_sin_fedogda_d_seed2_alpha0p1/predictions.npz,results/rerun_protocol_v1/sin/fedogda_d/seed_2/rerun_protocol_v1_sin_fedogda_d_seed2_alpha0p1
a0119,base_sweep,sin,fedogda_s,FedOGDA-S,0.1,2,best_validation_prediction,0.08660816378567153,0.24952658984364248,0.9837946299108475,0.21357394482890157,0.08382666722090722,420,0.08660816378567072,0.09164056843151362,,,True,results/rerun_protocol_v1/sin/fedogda_s/seed_2/rerun_protocol_v1_sin_fedogda_s_seed2_alpha0p1/predictions.npz,results/rerun_protocol_v1/sin/fedogda_s/seed_2/rerun_protocol_v1_sin_fedogda_s_seed2_alpha0p1
a0120,base_sweep,sin,fedgda_d,FedGDA-D,0.5,0,best_validation_prediction,0.09016910723082851,0.24651525085716874,0.987974292058154,0.0,0.08753152663301575,499,0.0901691072308283,0.0901691072308283,,,True,results/rerun_protocol_v1/sin/fedgda_d/seed_0/rerun_protocol_v1_sin_fedgda_d_seed0_alpha0p5/predictions.npz,results/rerun_protocol_v1/sin/fedgda_d/seed_0/rerun_protocol_v1_sin_fedgda_d_seed0_alpha0p5
a0121,base_sweep,sin,fedgda_s,FedGDA-S,0.5,0,best_validation_prediction,0.08084465012555467,0.24069966030274687,0.8563923293252715,0.12500221715293908,0.0792361134606482,487,0.08084465012555463,0.0816933093903071,,,True,results/rerun_protocol_v1/sin/fedgda_s/seed_0/rerun_protocol_v1_sin_fedgda_s_seed0_alpha0p5/predictions.npz,results/rerun_protocol_v1/sin/fedgda_s/seed_0/rerun_protocol_v1_sin_fedgda_s_seed0_alpha0p5
a0122,base_sweep,sin,fedogda_d,FedOGDA-D,0.5,0,best_validation_prediction,0.09017894773973455,0.24644025988279356,0.9864320082158999,0.0,0.08755181865759408,499,0.09017894773973445,0.09017894773973445,,,True,results/rerun_protocol_v1/sin/fedogda_d/seed_0/rerun_protocol_v1_sin_fedogda_d_seed0_alpha0p5/predictions.npz,results/rerun_protocol_v1/sin/fedogda_d/seed_0/rerun_protocol_v1_sin_fedogda_d_seed0_alpha0p5
a0123,base_sweep,sin,fedogda_s,FedOGDA-S,0.5,0,best_validation_prediction,0.09058282447044777,0.24757195777141724,1.013089971904823,0.033684744845715264,0.08778774919932615,429,0.09058282447044726,0.09061746668689433,,,True,results/rerun_protocol_v1/sin/fedogda_s/seed_0/rerun_protocol_v1_sin_fedogda_s_seed0_alpha0p5/predictions.npz,results/rerun_protocol_v1/sin/fedogda_s/seed_0/rerun_protocol_v1_sin_fedogda_s_seed0_alpha0p5
a0124,base_sweep,sin,fedgda_d,FedGDA-D,0.5,1,best_validation_prediction,0.08109686035711006,0.24022779134760608,0.8376345134571553,0.20658260987270594,0.07925861112569858,168,0.0810968603571106,0.08616272021452176,,,True,results/rerun_protocol_v1/sin/fedgda_d/seed_1/rerun_protocol_v1_sin_fedgda_d_seed1_alpha0p5/predictions.npz,results/rerun_protocol_v1/sin/fedgda_d/seed_1/rerun_protocol_v1_sin_fedgda_d_seed1_alpha0p5
a0125,base_sweep,sin,fedgda_s,FedGDA-S,0.5,1,best_validation_prediction,0.07087975474326491,0.2252463759837043,0.7876942888884686,0.3907391327974301,0.06962375389340376,486,0.07087975474326494,0.0797272999799262,,,True,results/rerun_protocol_v1/sin/fedgda_s/seed_1/rerun_protocol_v1_sin_fedgda_s_seed1_alpha0p5/predictions.npz,results/rerun_protocol_v1/sin/fedgda_s/seed_1/rerun_protocol_v1_sin_fedgda_s_seed1_alpha0p5
a0126,base_sweep,sin,fedogda_d,FedOGDA-D,0.5,1,best_validation_prediction,0.08117634386789764,0.23792567177635893,0.8816812737511135,0.1500384531908988,0.07918327423663558,110,0.0811763438678972,0.08589379965248956,,,True,results/rerun_protocol_v1/sin/fedogda_d/seed_1/rerun_protocol_v1_sin_fedogda_d_seed1_alpha0p5/predictions.npz,results/rerun_protocol_v1/sin/fedogda_d/seed_1/rerun_protocol_v1_sin_fedogda_d_seed1_alpha0p5
a0127,base_sweep,sin,fedogda_s,FedOGDA-S,0.5,1,best_validation_prediction,0.08056486794652364,0.2380860322223858,0.8458828701626055,0.17609616293285535,0.0787147350235261,110,0.08056486794652362,0.0861717312897127,,,True,results/rerun_protocol_v1/sin/fedogda_s/seed_1/rerun_protocol_v1_sin_fedogda_s_seed1_alpha0p5/predictions.npz,results/rerun_protocol_v1/sin/fedogda_s/seed_1/rerun_protocol_v1_sin_fedogda_s_seed1_alpha0p5
a0128,base_sweep,sin,fedgda_d,FedGDA-D,0.5,2,best_validation_prediction,0.08732246355900612,0.24845092648590617,1.0244466938171153,0.028594012645785483,0.08433093460931113,479,0.087322463559006,0.08749743162672868,,,True,results/rerun_protocol_v1/sin/fedgda_d/seed_2/rerun_protocol_v1_sin_fedgda_d_seed2_alpha0p5/predictions.npz,results/rerun_protocol_v1/sin/fedgda_d/seed_2/rerun_protocol_v1_sin_fedgda_d_seed2_alpha0p5
a0129,base_sweep,sin,fedgda_s,FedGDA-S,0.5,2,best_validation_prediction,0.08237799902300008,0.24210984447157852,0.919347017947822,0.2916250041356535,0.08005340943999527,328,0.08237799902299964,0.0834791484525208,,,True,results/rerun_protocol_v1/sin/fedgda_s/seed_2/rerun_protocol_v1_sin_fedgda_s_seed2_alpha0p5/predictions.npz,results/rerun_protocol_v1/sin/fedgda_s/seed_2/rerun_protocol_v1_sin_fedgda_s_seed2_alpha0p5
a0130,base_sweep,sin,fedogda_d,FedOGDA-D,0.5,2,best_validation_prediction,0.08746319182143955,0.24795630002487906,1.02997875805602,0.04652016325436148,0.08444139496145704,462,0.0874631918214393,0.08788789721000381,,,True,results/rerun_protocol_v1/sin/fedogda_d/seed_2/rerun_protocol_v1_sin_fedogda_d_seed2_alpha0p5/predictions.npz,results/rerun_protocol_v1/sin/fedogda_d/seed_2/rerun_protocol_v1_sin_fedogda_d_seed2_alpha0p5
a0131,base_sweep,sin,fedogda_s,FedOGDA-S,0.5,2,best_validation_prediction,0.08727304203073762,0.24940494521310344,1.022111562838798,0.14651334261367585,0.08430162928833569,428,0.08727304203073737,0.08979218948399119,,,True,results/rerun_protocol_v1/sin/fedogda_s/seed_2/rerun_protocol_v1_sin_fedogda_s_seed2_alpha0p5/predictions.npz,results/rerun_protocol_v1/sin/fedogda_s/seed_2/rerun_protocol_v1_sin_fedogda_s_seed2_alpha0p5
a0132,base_sweep,sin,fedgda_d,FedGDA-D,1.0,0,best_validation_prediction,0.09006007294607926,0.2465251484080134,0.9908662804095479,0.0,0.08740836518316018,499,0.09006007294607915,0.09006007294607915,,,True,results/rerun_protocol_v1/sin/fedgda_d/seed_0/rerun_protocol_v1_sin_fedgda_d_seed0_alpha1p0/predictions.npz,results/rerun_protocol_v1/sin/fedgda_d/seed_0/rerun_protocol_v1_sin_fedgda_d_seed0_alpha1p0
a0133,base_sweep,sin,fedgda_s,FedGDA-S,1.0,0,best_validation_prediction,0.07978549290839887,0.22805825288787174,0.9579635459536187,0.09442520855374836,0.07785834910472307,496,0.07978549290839898,0.08108717190987186,,,True,results/rerun_protocol_v1/sin/fedgda_s/seed_0/rerun_protocol_v1_sin_fedgda_s_seed0_alpha1p0/predictions.npz,results/rerun_protocol_v1/sin/fedgda_s/seed_0/rerun_protocol_v1_sin_fedgda_s_seed0_alpha1p0
a0134,base_sweep,sin,fedogda_d,FedOGDA-D,1.0,0,best_validation_prediction,0.0899948868065071,0.24648998056707888,0.9898814575240789,0.0,0.08735097949341533,499,0.08999488680650702,0.08999488680650702,,,True,results/rerun_protocol_v1/sin/fedogda_d/seed_0/rerun_protocol_v1_sin_fedogda_d_seed0_alpha1p0/predictions.npz,results/rerun_protocol_v1/sin/fedogda_d/seed_0/rerun_protocol_v1_sin_fedogda_d_seed0_alpha1p0
a0135,base_sweep,sin,fedogda_s,FedOGDA-S,1.0,0,best_validation_prediction,0.09043478549269728,0.25093888698735844,1.0008614989417044,0.14293799347986252,0.08766009975474562,337,0.09043478549269746,0.09083144180882212,,,True,results/rerun_protocol_v1/sin/fedogda_s/seed_0/rerun_protocol_v1_sin_fedogda_s_seed0_alpha1p0/predictions.npz,results/rerun_protocol_v1/sin/fedogda_s/seed_0/rerun_protocol_v1_sin_fedogda_s_seed0_alpha1p0
a0136,base_sweep,sin,fedgda_d,FedGDA-D,1.0,1,best_validation_prediction,0.08103072747004508,0.2405799196158197,0.8285833755727552,0.21967655390520935,0.07923183043221657,168,0.08103072747004482,0.08621352376094123,,,True,results/rerun_protocol_v1/sin/fedgda_d/seed_1/rerun_protocol_v1_sin_fedgda_d_seed1_alpha1p0/predictions.npz,results/rerun_protocol_v1/sin/fedgda_d/seed_1/rerun_protocol_v1_sin_fedgda_d_seed1_alpha1p0
a0137,base_sweep,sin,fedgda_s,FedGDA-S,1.0,1,best_validation_prediction,0.07562832652235833,0.2270372324963785,0.8374499356950946,0.28979985716233825,0.0737639576598922,440,0.0756283265223583,0.08038967788338648,,,True,results/rerun_protocol_v1/sin/fedgda_s/seed_1/rerun_protocol_v1_sin_fedgda_s_seed1_alpha1p0/predictions.npz,results/rerun_protocol_v1/sin/fedgda_s/seed_1/rerun_protocol_v1_sin_fedgda_s_seed1_alpha1p0
a0138,base_sweep,sin,fedogda_d,FedOGDA-D,1.0,1,best_validation_prediction,0.08107782502352001,0.23843765310623616,0.8738113014888849,0.16323495536058275,0.07912375086577668,111,0.08107782502352026,0.0859740048615439,,,True,results/rerun_protocol_v1/sin/fedogda_d/seed_1/rerun_protocol_v1_sin_fedogda_d_seed1_alpha1p0/predictions.npz,results/rerun_protocol_v1/sin/fedogda_d/seed_1/rerun_protocol_v1_sin_fedogda_d_seed1_alpha1p0
a0139,base_sweep,sin,fedogda_s,FedOGDA-S,1.0,1,best_validation_prediction,0.08047187678032142,0.2401843233668219,0.8561439288208792,0.269657624855269,0.07891249461221363,110,0.08047187678032089,0.08668815052905639,,,True,results/rerun_protocol_v1/sin/fedogda_s/seed_1/rerun_protocol_v1_sin_fedogda_s_seed1_alpha1p0/predictions.npz,results/rerun_protocol_v1/sin/fedogda_s/seed_1/rerun_protocol_v1_sin_fedogda_s_seed1_alpha1p0
a0140,base_sweep,sin,fedgda_d,FedGDA-D,1.0,2,best_validation_prediction,0.0872297883039324,0.2482125208982925,1.0231960567172493,0.02973246206379443,0.08424701756484515,478,0.08722978830393281,0.08741161200313015,,,True,results/rerun_protocol_v1/sin/fedgda_d/seed_2/rerun_protocol_v1_sin_fedgda_d_seed2_alpha1p0/predictions.npz,results/rerun_protocol_v1/sin/fedgda_d/seed_2/rerun_protocol_v1_sin_fedgda_d_seed2_alpha1p0
a0141,base_sweep,sin,fedgda_s,FedGDA-S,1.0,2,best_validation_prediction,0.08051380406543691,0.23687275403484273,0.894920701777058,0.12652651488387257,0.07876101103322113,463,0.08051380406543718,0.0834056959803923,,,True,results/rerun_protocol_v1/sin/fedgda_s/seed_2/rerun_protocol_v1_sin_fedgda_s_seed2_alpha1p0/predictions.npz,results/rerun_protocol_v1/sin/fedgda_s/seed_2/rerun_protocol_v1_sin_fedgda_s_seed2_alpha1p0
a0142,base_sweep,sin,fedogda_d,FedOGDA-D,1.0,2,best_validation_prediction,0.08739504062255382,0.24770758695866352,1.0298722230748256,0.04811752349876758,0.08437636300308396,460,0.08739504062255427,0.08783426388665472,,,True,results/rerun_protocol_v1/sin/fedogda_d/seed_2/rerun_protocol_v1_sin_fedogda_d_seed2_alpha1p0/predictions.npz,results/rerun_protocol_v1/sin/fedogda_d/seed_2/rerun_protocol_v1_sin_fedogda_d_seed2_alpha1p0
a0143,base_sweep,sin,fedogda_s,FedOGDA-S,1.0,2,best_validation_prediction,0.08647868933938549,0.24598671066964112,1.0040448877426558,0.002591753573729927,0.08361395502265909,498,0.08647868933938554,0.08649161834589947,,,True,results/rerun_protocol_v1/sin/fedogda_s/seed_2/rerun_protocol_v1_sin_fedogda_s_seed2_alpha1p0/predictions.npz,results/rerun_protocol_v1/sin/fedogda_s/seed_2/rerun_protocol_v1_sin_fedogda_s_seed2_alpha1p0
a0144,tuned_sine_a2_lite,sin,fedogda_d,Tuned FedOGDA-D,1.0,0,best_validation_prediction,0.08321021932625454,0.2351104219166823,0.9338045771318951,0.0,0.08107361413428762,499,0.08321021932625397,0.08321021932625397,validation,False,True,results/sine_fedogda_tuning/stage_A2_from_A1_mini/sin/fedogda_d/seed_0/stage_A2_from_A1_mini_sin_fedogda_d_seed0_alpha1p0_R3_cm15_slr1.5_glr0p002/predictions.npz,results/sine_fedogda_tuning/stage_A2_from_A1_mini/sin/fedogda_d/seed_0/stage_A2_from_A1_mini_sin_fedogda_d_seed0_alpha1p0_R3_cm15_slr1.5_glr0p002
a0145,tuned_sine_a2_lite,sin,fedogda_d,Tuned FedOGDA-D,1.0,1,best_validation_prediction,0.07464631151131249,0.2195394986629834,0.8860124580947699,0.0,0.07270591745587794,499,0.07464631151131235,0.07464631151131235,validation,False,True,results/sine_fedogda_tuning/stage_A2_from_A1_mini/sin/fedogda_d/seed_1/stage_A2_from_A1_mini_sin_fedogda_d_seed1_alpha1p0_R3_cm15_slr1.5_glr0p002/predictions.npz,results/sine_fedogda_tuning/stage_A2_from_A1_mini/sin/fedogda_d/seed_1/stage_A2_from_A1_mini_sin_fedogda_d_seed1_alpha1p0_R3_cm15_slr1.5_glr0p002
a0146,tuned_sine_a2_lite,sin,fedogda_d,Tuned FedOGDA-D,1.0,2,best_validation_prediction,0.08217807288456376,0.23357085062070018,0.9319964240584226,0.0,0.08005922766616173,499,0.08217807288456339,0.08217807288456339,validation,False,True,results/sine_fedogda_tuning/stage_A2_from_A1_mini/sin/fedogda_d/seed_2/stage_A2_from_A1_mini_sin_fedogda_d_seed2_alpha1p0_R3_cm15_slr1.5_glr0p002/predictions.npz,results/sine_fedogda_tuning/stage_A2_from_A1_mini/sin/fedogda_d/seed_2/stage_A2_from_A1_mini_sin_fedogda_d_seed2_alpha1p0_R3_cm15_slr1.5_glr0p002
a0147,fedogda_s_tuning_pilot_all_configs,abs,fedogda_s,FedOGDA-S,0.5,0,best_validation_prediction,0.09535671942617817,0.2523832606568479,1.4132367597865385,0.0,0.09429982078060735,499,0.09535671942617825,0.09535671942617825,,,True,results/rerun_protocol_v1_tuning/fedogda_s_pilot_alpha0p5/abs/fedogda_s/seed_0/tune_fedogda_s_abs_seed0_alpha0p5_cm2_wd0p001/predictions.npz,results/rerun_protocol_v1_tuning/fedogda_s_pilot_alpha0p5/abs/fedogda_s/seed_0/tune_fedogda_s_abs_seed0_alpha0p5_cm2_wd0p001
a0148,fedogda_s_tuning_pilot_all_configs,abs,fedogda_s,FedOGDA-S,0.5,0,best_validation_prediction,0.09535671942617817,0.2523832606568479,1.4132367597865385,0.0,0.09429982078060735,499,0.09535671942617825,0.09535671942617825,,,True,results/rerun_protocol_v1_tuning/fedogda_s_pilot_alpha0p5/abs/fedogda_s/seed_0/tune_fedogda_s_abs_seed0_alpha0p5_cm2_wd0p01/predictions.npz,results/rerun_protocol_v1_tuning/fedogda_s_pilot_alpha0p5/abs/fedogda_s/seed_0/tune_fedogda_s_abs_seed0_alpha0p5_cm2_wd0p01
a0149,fedogda_s_tuning_pilot_all_configs,abs,fedogda_s,FedOGDA-S,0.5,0,best_validation_prediction,0.09535671942617817,0.2523832606568479,1.4132367597865385,0.0,0.09429982078060735,499,0.09535671942617825,0.09535671942617825,,,True,results/rerun_protocol_v1_tuning/fedogda_s_pilot_alpha0p5/abs/fedogda_s/seed_0/tune_fedogda_s_abs_seed0_alpha0p5_cm2_wd0p03/predictions.npz,results/rerun_protocol_v1_tuning/fedogda_s_pilot_alpha0p5/abs/fedogda_s/seed_0/tune_fedogda_s_abs_seed0_alpha0p5_cm2_wd0p03
a0150,fedogda_s_tuning_pilot_all_configs,abs,fedogda_s,FedOGDA-S,0.5,0,best_validation_prediction,0.09535671942617817,0.2523832606568479,1.4132367597865385,0.0,0.09429982078060735,499,0.09535671942617825,0.09535671942617825,,,True,results/rerun_protocol_v1_tuning/fedogda_s_pilot_alpha0p5/abs/fedogda_s/seed_0/tune_fedogda_s_abs_seed0_alpha0p5_cm2_wd0p1/predictions.npz,results/rerun_protocol_v1_tuning/fedogda_s_pilot_alpha0p5/abs/fedogda_s/seed_0/tune_fedogda_s_abs_seed0_alpha0p5_cm2_wd0p1
a0151,fedogda_s_tuning_pilot_all_configs,abs,fedogda_s,FedOGDA-S,0.5,0,best_validation_prediction,0.033695449334217815,0.15196592148572444,0.7255026733889791,0.0,0.03300949531243612,499,0.03369544933421787,0.03369544933421787,,,True,results/rerun_protocol_v1_tuning/fedogda_s_pilot_alpha0p5/abs/fedogda_s/seed_0/tune_fedogda_s_abs_seed0_alpha0p5_cm5_wd0p001/predictions.npz,results/rerun_protocol_v1_tuning/fedogda_s_pilot_alpha0p5/abs/fedogda_s/seed_0/tune_fedogda_s_abs_seed0_alpha0p5_cm5_wd0p001
a0152,fedogda_s_tuning_pilot_all_configs,abs,fedogda_s,FedOGDA-S,0.5,0,best_validation_prediction,0.033695449334217815,0.15196592148572444,0.7255026733889791,0.0,0.03300949531243612,499,0.03369544933421787,0.03369544933421787,,,True,results/rerun_protocol_v1_tuning/fedogda_s_pilot_alpha0p5/abs/fedogda_s/seed_0/tune_fedogda_s_abs_seed0_alpha0p5_cm5_wd0p01/predictions.npz,results/rerun_protocol_v1_tuning/fedogda_s_pilot_alpha0p5/abs/fedogda_s/seed_0/tune_fedogda_s_abs_seed0_alpha0p5_cm5_wd0p01
a0153,fedogda_s_tuning_pilot_all_configs,abs,fedogda_s,FedOGDA-S,0.5,0,best_validation_prediction,0.033695449334217815,0.15196592148572444,0.7255026733889791,0.0,0.03300949531243612,499,0.03369544933421787,0.03369544933421787,,,True,results/rerun_protocol_v1_tuning/fedogda_s_pilot_alpha0p5/abs/fedogda_s/seed_0/tune_fedogda_s_abs_seed0_alpha0p5_cm5_wd0p03/predictions.npz,results/rerun_protocol_v1_tuning/fedogda_s_pilot_alpha0p5/abs/fedogda_s/seed_0/tune_fedogda_s_abs_seed0_alpha0p5_cm5_wd0p03
a0154,fedogda_s_tuning_pilot_all_configs,abs,fedogda_s,FedOGDA-S,0.5,0,best_validation_prediction,0.033695449334217815,0.15196592148572444,0.7255026733889791,0.0,0.03300949531243612,499,0.03369544933421787,0.03369544933421787,,,True,results/rerun_protocol_v1_tuning/fedogda_s_pilot_alpha0p5/abs/fedogda_s/seed_0/tune_fedogda_s_abs_seed0_alpha0p5_cm5_wd0p1/predictions.npz,results/rerun_protocol_v1_tuning/fedogda_s_pilot_alpha0p5/abs/fedogda_s/seed_0/tune_fedogda_s_abs_seed0_alpha0p5_cm5_wd0p1
a0155,fedogda_s_tuning_pilot_all_configs,abs,fedogda_s,FedOGDA-S,0.5,0,best_validation_prediction,0.006701712291848955,0.06538863743626375,0.30474567646073925,0.0,0.006532075687872711,499,0.006701712291848975,0.006701712291848975,,,True,results/rerun_protocol_v1_tuning/fedogda_s_pilot_alpha0p5/abs/fedogda_s/seed_0/tune_fedogda_s_abs_seed0_alpha0p5_cm10_wd0p001/predictions.npz,results/rerun_protocol_v1_tuning/fedogda_s_pilot_alpha0p5/abs/fedogda_s/seed_0/tune_fedogda_s_abs_seed0_alpha0p5_cm10_wd0p001
a0156,fedogda_s_tuning_pilot_all_configs,abs,fedogda_s,FedOGDA-S,0.5,0,best_validation_prediction,0.006701712291848955,0.06538863743626375,0.30474567646073925,0.0,0.006532075687872711,499,0.006701712291848975,0.006701712291848975,,,True,results/rerun_protocol_v1_tuning/fedogda_s_pilot_alpha0p5/abs/fedogda_s/seed_0/tune_fedogda_s_abs_seed0_alpha0p5_cm10_wd0p01/predictions.npz,results/rerun_protocol_v1_tuning/fedogda_s_pilot_alpha0p5/abs/fedogda_s/seed_0/tune_fedogda_s_abs_seed0_alpha0p5_cm10_wd0p01
a0157,fedogda_s_tuning_pilot_all_configs,abs,fedogda_s,FedOGDA-S,0.5,0,best_validation_prediction,0.006701712291848955,0.06538863743626375,0.30474567646073925,0.0,0.006532075687872711,499,0.006701712291848975,0.006701712291848975,,,True,results/rerun_protocol_v1_tuning/fedogda_s_pilot_alpha0p5/abs/fedogda_s/seed_0/tune_fedogda_s_abs_seed0_alpha0p5_cm10_wd0p03/predictions.npz,results/rerun_protocol_v1_tuning/fedogda_s_pilot_alpha0p5/abs/fedogda_s/seed_0/tune_fedogda_s_abs_seed0_alpha0p5_cm10_wd0p03
a0158,fedogda_s_tuning_pilot_all_configs,abs,fedogda_s,FedOGDA-S,0.5,0,best_validation_prediction,0.006701712291848955,0.06538863743626375,0.30474567646073925,0.0,0.006532075687872711,499,0.006701712291848975,0.006701712291848975,,,True,results/rerun_protocol_v1_tuning/fedogda_s_pilot_alpha0p5/abs/fedogda_s/seed_0/tune_fedogda_s_abs_seed0_alpha0p5_cm10_wd0p1/predictions.npz,results/rerun_protocol_v1_tuning/fedogda_s_pilot_alpha0p5/abs/fedogda_s/seed_0/tune_fedogda_s_abs_seed0_alpha0p5_cm10_wd0p1
a0159,fedogda_s_tuning_pilot_selected,abs,fedogda_s,FedOGDA-S,0.5,0,best_validation_prediction,0.001762419082242668,0.029463333345572135,0.1588485763045543,0.0,0.0017172040024262657,499,0.001762419082242673,0.001762419082242673,,,True,results/rerun_protocol_v1_tuning/fedogda_s_pilot_alpha0p5/abs/fedogda_s/seed_0/tune_fedogda_s_abs_seed0_alpha0p5_cm20_wd0p001/predictions.npz,results/rerun_protocol_v1_tuning/fedogda_s_pilot_alpha0p5/abs/fedogda_s/seed_0/tune_fedogda_s_abs_seed0_alpha0p5_cm20_wd0p001
a0160,fedogda_s_tuning_pilot_all_configs,abs,fedogda_s,FedOGDA-S,0.5,0,best_validation_prediction,0.001762419082242668,0.029463333345572135,0.1588485763045543,0.0,0.0017172040024262657,499,0.001762419082242673,0.001762419082242673,,,True,results/rerun_protocol_v1_tuning/fedogda_s_pilot_alpha0p5/abs/fedogda_s/seed_0/tune_fedogda_s_abs_seed0_alpha0p5_cm20_wd0p01/predictions.npz,results/rerun_protocol_v1_tuning/fedogda_s_pilot_alpha0p5/abs/fedogda_s/seed_0/tune_fedogda_s_abs_seed0_alpha0p5_cm20_wd0p01
a0161,fedogda_s_tuning_pilot_all_configs,abs,fedogda_s,FedOGDA-S,0.5,0,best_validation_prediction,0.001762419082242668,0.029463333345572135,0.1588485763045543,0.0,0.0017172040024262657,499,0.001762419082242673,0.001762419082242673,,,True,results/rerun_protocol_v1_tuning/fedogda_s_pilot_alpha0p5/abs/fedogda_s/seed_0/tune_fedogda_s_abs_seed0_alpha0p5_cm20_wd0p03/predictions.npz,results/rerun_protocol_v1_tuning/fedogda_s_pilot_alpha0p5/abs/fedogda_s/seed_0/tune_fedogda_s_abs_seed0_alpha0p5_cm20_wd0p03
a0162,fedogda_s_tuning_pilot_all_configs,abs,fedogda_s,FedOGDA-S,0.5,0,best_validation_prediction,0.001762419082242668,0.029463333345572135,0.1588485763045543,0.0,0.0017172040024262657,499,0.001762419082242673,0.001762419082242673,,,True,results/rerun_protocol_v1_tuning/fedogda_s_pilot_alpha0p5/abs/fedogda_s/seed_0/tune_fedogda_s_abs_seed0_alpha0p5_cm20_wd0p1/predictions.npz,results/rerun_protocol_v1_tuning/fedogda_s_pilot_alpha0p5/abs/fedogda_s/seed_0/tune_fedogda_s_abs_seed0_alpha0p5_cm20_wd0p1
a0163,fedogda_s_tuning_pilot_all_configs,abs,fedogda_s,FedOGDA-S,0.5,1,best_validation_prediction,0.10098465995080011,0.26681923442465066,1.1657611273749562,0.3799994662993764,0.09891974501325526,468,0.10098465995080096,0.12119175346099849,,,True,results/rerun_protocol_v1_tuning/fedogda_s_pilot_alpha0p5/abs/fedogda_s/seed_1/tune_fedogda_s_abs_seed1_alpha0p5_cm2_wd0p001/predictions.npz,results/rerun_protocol_v1_tuning/fedogda_s_pilot_alpha0p5/abs/fedogda_s/seed_1/tune_fedogda_s_abs_seed1_alpha0p5_cm2_wd0p001
a0164,fedogda_s_tuning_pilot_all_configs,abs,fedogda_s,FedOGDA-S,0.5,1,best_validation_prediction,0.10098465995080011,0.26681923442465066,1.1657611273749562,0.3799994662993764,0.09891974501325526,468,0.10098465995080096,0.12119175346099849,,,True,results/rerun_protocol_v1_tuning/fedogda_s_pilot_alpha0p5/abs/fedogda_s/seed_1/tune_fedogda_s_abs_seed1_alpha0p5_cm2_wd0p01/predictions.npz,results/rerun_protocol_v1_tuning/fedogda_s_pilot_alpha0p5/abs/fedogda_s/seed_1/tune_fedogda_s_abs_seed1_alpha0p5_cm2_wd0p01
a0165,fedogda_s_tuning_pilot_all_configs,abs,fedogda_s,FedOGDA-S,0.5,1,best_validation_prediction,0.10098465995080011,0.26681923442465066,1.1657611273749562,0.3799994662993764,0.09891974501325526,468,0.10098465995080096,0.12119175346099849,,,True,results/rerun_protocol_v1_tuning/fedogda_s_pilot_alpha0p5/abs/fedogda_s/seed_1/tune_fedogda_s_abs_seed1_alpha0p5_cm2_wd0p03/predictions.npz,results/rerun_protocol_v1_tuning/fedogda_s_pilot_alpha0p5/abs/fedogda_s/seed_1/tune_fedogda_s_abs_seed1_alpha0p5_cm2_wd0p03
a0166,fedogda_s_tuning_pilot_all_configs,abs,fedogda_s,FedOGDA-S,0.5,1,best_validation_prediction,0.10098465995080011,0.26681923442465066,1.1657611273749562,0.3799994662993764,0.09891974501325526,468,0.10098465995080096,0.12119175346099849,,,True,results/rerun_protocol_v1_tuning/fedogda_s_pilot_alpha0p5/abs/fedogda_s/seed_1/tune_fedogda_s_abs_seed1_alpha0p5_cm2_wd0p1/predictions.npz,results/rerun_protocol_v1_tuning/fedogda_s_pilot_alpha0p5/abs/fedogda_s/seed_1/tune_fedogda_s_abs_seed1_alpha0p5_cm2_wd0p1
a0167,fedogda_s_tuning_pilot_all_configs,abs,fedogda_s,FedOGDA-S,0.5,1,best_validation_prediction,0.01767182953923125,0.09549993267029488,0.6690906944805728,0.0,0.017574532675464903,499,0.017671829539231344,0.017671829539231344,,,True,results/rerun_protocol_v1_tuning/fedogda_s_pilot_alpha0p5/abs/fedogda_s/seed_1/tune_fedogda_s_abs_seed1_alpha0p5_cm5_wd0p001/predictions.npz,results/rerun_protocol_v1_tuning/fedogda_s_pilot_alpha0p5/abs/fedogda_s/seed_1/tune_fedogda_s_abs_seed1_alpha0p5_cm5_wd0p001
a0168,fedogda_s_tuning_pilot_all_configs,abs,fedogda_s,FedOGDA-S,0.5,1,best_validation_prediction,0.01767182953923125,0.09549993267029488,0.6690906944805728,0.0,0.017574532675464903,499,0.017671829539231344,0.017671829539231344,,,True,results/rerun_protocol_v1_tuning/fedogda_s_pilot_alpha0p5/abs/fedogda_s/seed_1/tune_fedogda_s_abs_seed1_alpha0p5_cm5_wd0p01/predictions.npz,results/rerun_protocol_v1_tuning/fedogda_s_pilot_alpha0p5/abs/fedogda_s/seed_1/tune_fedogda_s_abs_seed1_alpha0p5_cm5_wd0p01
a0169,fedogda_s_tuning_pilot_all_configs,abs,fedogda_s,FedOGDA-S,0.5,1,best_validation_prediction,0.01767182953923125,0.09549993267029488,0.6690906944805728,0.0,0.017574532675464903,499,0.017671829539231344,0.017671829539231344,,,True,results/rerun_protocol_v1_tuning/fedogda_s_pilot_alpha0p5/abs/fedogda_s/seed_1/tune_fedogda_s_abs_seed1_alpha0p5_cm5_wd0p03/predictions.npz,results/rerun_protocol_v1_tuning/fedogda_s_pilot_alpha0p5/abs/fedogda_s/seed_1/tune_fedogda_s_abs_seed1_alpha0p5_cm5_wd0p03
a0170,fedogda_s_tuning_pilot_all_configs,abs,fedogda_s,FedOGDA-S,0.5,1,best_validation_prediction,0.01767182953923125,0.09549993267029488,0.6690906944805728,0.0,0.017574532675464903,499,0.017671829539231344,0.017671829539231344,,,True,results/rerun_protocol_v1_tuning/fedogda_s_pilot_alpha0p5/abs/fedogda_s/seed_1/tune_fedogda_s_abs_seed1_alpha0p5_cm5_wd0p1/predictions.npz,results/rerun_protocol_v1_tuning/fedogda_s_pilot_alpha0p5/abs/fedogda_s/seed_1/tune_fedogda_s_abs_seed1_alpha0p5_cm5_wd0p1
a0171,fedogda_s_tuning_pilot_all_configs,abs,fedogda_s,FedOGDA-S,0.5,1,best_validation_prediction,0.006969377204524621,0.07041331468685438,0.2773975925449905,0.23496036440690382,0.006828394533845636,439,0.006969377204524669,0.008988455276731188,,,True,results/rerun_protocol_v1_tuning/fedogda_s_pilot_alpha0p5/abs/fedogda_s/seed_1/tune_fedogda_s_abs_seed1_alpha0p5_cm10_wd0p001/predictions.npz,results/rerun_protocol_v1_tuning/fedogda_s_pilot_alpha0p5/abs/fedogda_s/seed_1/tune_fedogda_s_abs_seed1_alpha0p5_cm10_wd0p001
a0172,fedogda_s_tuning_pilot_all_configs,abs,fedogda_s,FedOGDA-S,0.5,1,best_validation_prediction,0.006969377204524621,0.07041331468685438,0.2773975925449905,0.23496036440690382,0.006828394533845636,439,0.006969377204524669,0.008988455276731188,,,True,results/rerun_protocol_v1_tuning/fedogda_s_pilot_alpha0p5/abs/fedogda_s/seed_1/tune_fedogda_s_abs_seed1_alpha0p5_cm10_wd0p01/predictions.npz,results/rerun_protocol_v1_tuning/fedogda_s_pilot_alpha0p5/abs/fedogda_s/seed_1/tune_fedogda_s_abs_seed1_alpha0p5_cm10_wd0p01
a0173,fedogda_s_tuning_pilot_all_configs,abs,fedogda_s,FedOGDA-S,0.5,1,best_validation_prediction,0.006969377204524621,0.07041331468685438,0.2773975925449905,0.23496036440690382,0.006828394533845636,439,0.006969377204524669,0.008988455276731188,,,True,results/rerun_protocol_v1_tuning/fedogda_s_pilot_alpha0p5/abs/fedogda_s/seed_1/tune_fedogda_s_abs_seed1_alpha0p5_cm10_wd0p03/predictions.npz,results/rerun_protocol_v1_tuning/fedogda_s_pilot_alpha0p5/abs/fedogda_s/seed_1/tune_fedogda_s_abs_seed1_alpha0p5_cm10_wd0p03
a0174,fedogda_s_tuning_pilot_all_configs,abs,fedogda_s,FedOGDA-S,0.5,1,best_validation_prediction,0.006969377204524621,0.07041331468685438,0.2773975925449905,0.23496036440690382,0.006828394533845636,439,0.006969377204524669,0.008988455276731188,,,True,results/rerun_protocol_v1_tuning/fedogda_s_pilot_alpha0p5/abs/fedogda_s/seed_1/tune_fedogda_s_abs_seed1_alpha0p5_cm10_wd0p1/predictions.npz,results/rerun_protocol_v1_tuning/fedogda_s_pilot_alpha0p5/abs/fedogda_s/seed_1/tune_fedogda_s_abs_seed1_alpha0p5_cm10_wd0p1
a0175,fedogda_s_tuning_pilot_selected,abs,fedogda_s,FedOGDA-S,0.5,1,best_validation_prediction,0.006481770855438152,0.06854484164150254,0.31791025730016775,0.16897272284205478,0.006308323497104798,398,0.006481770855438129,0.00860225948585044,,,True,results/rerun_protocol_v1_tuning/fedogda_s_pilot_alpha0p5/abs/fedogda_s/seed_1/tune_fedogda_s_abs_seed1_alpha0p5_cm20_wd0p001/predictions.npz,results/rerun_protocol_v1_tuning/fedogda_s_pilot_alpha0p5/abs/fedogda_s/seed_1/tune_fedogda_s_abs_seed1_alpha0p5_cm20_wd0p001
a0176,fedogda_s_tuning_pilot_all_configs,abs,fedogda_s,FedOGDA-S,0.5,1,best_validation_prediction,0.006481770855438152,0.06854484164150254,0.31791025730016775,0.16897272284205478,0.006308323497104798,398,0.006481770855438129,0.00860225948585044,,,True,results/rerun_protocol_v1_tuning/fedogda_s_pilot_alpha0p5/abs/fedogda_s/seed_1/tune_fedogda_s_abs_seed1_alpha0p5_cm20_wd0p01/predictions.npz,results/rerun_protocol_v1_tuning/fedogda_s_pilot_alpha0p5/abs/fedogda_s/seed_1/tune_fedogda_s_abs_seed1_alpha0p5_cm20_wd0p01
a0177,fedogda_s_tuning_pilot_all_configs,abs,fedogda_s,FedOGDA-S,0.5,1,best_validation_prediction,0.006481770855438152,0.06854484164150254,0.31791025730016775,0.16897272284205478,0.006308323497104798,398,0.006481770855438129,0.00860225948585044,,,True,results/rerun_protocol_v1_tuning/fedogda_s_pilot_alpha0p5/abs/fedogda_s/seed_1/tune_fedogda_s_abs_seed1_alpha0p5_cm20_wd0p03/predictions.npz,results/rerun_protocol_v1_tuning/fedogda_s_pilot_alpha0p5/abs/fedogda_s/seed_1/tune_fedogda_s_abs_seed1_alpha0p5_cm20_wd0p03
a0178,fedogda_s_tuning_pilot_all_configs,abs,fedogda_s,FedOGDA-S,0.5,1,best_validation_prediction,0.006481770855438152,0.06854484164150254,0.31791025730016775,0.16897272284205478,0.006308323497104798,398,0.006481770855438129,0.00860225948585044,,,True,results/rerun_protocol_v1_tuning/fedogda_s_pilot_alpha0p5/abs/fedogda_s/seed_1/tune_fedogda_s_abs_seed1_alpha0p5_cm20_wd0p1/predictions.npz,results/rerun_protocol_v1_tuning/fedogda_s_pilot_alpha0p5/abs/fedogda_s/seed_1/tune_fedogda_s_abs_seed1_alpha0p5_cm20_wd0p1
a0179,fedogda_s_tuning_pilot_all_configs,abs,fedogda_s,FedOGDA-S,0.5,2,best_validation_prediction,0.1189354658859972,0.28988898267779395,1.304900119037744,0.0,0.11673173778555725,499,0.11893546588599702,0.11893546588599702,,,True,results/rerun_protocol_v1_tuning/fedogda_s_pilot_alpha0p5/abs/fedogda_s/seed_2/tune_fedogda_s_abs_seed2_alpha0p5_cm2_wd0p001/predictions.npz,results/rerun_protocol_v1_tuning/fedogda_s_pilot_alpha0p5/abs/fedogda_s/seed_2/tune_fedogda_s_abs_seed2_alpha0p5_cm2_wd0p001
a0180,fedogda_s_tuning_pilot_all_configs,abs,fedogda_s,FedOGDA-S,0.5,2,best_validation_prediction,0.1189354658859972,0.28988898267779395,1.304900119037744,0.0,0.11673173778555725,499,0.11893546588599702,0.11893546588599702,,,True,results/rerun_protocol_v1_tuning/fedogda_s_pilot_alpha0p5/abs/fedogda_s/seed_2/tune_fedogda_s_abs_seed2_alpha0p5_cm2_wd0p01/predictions.npz,results/rerun_protocol_v1_tuning/fedogda_s_pilot_alpha0p5/abs/fedogda_s/seed_2/tune_fedogda_s_abs_seed2_alpha0p5_cm2_wd0p01
a0181,fedogda_s_tuning_pilot_all_configs,abs,fedogda_s,FedOGDA-S,0.5,2,best_validation_prediction,0.1189354658859972,0.28988898267779395,1.304900119037744,0.0,0.11673173778555725,499,0.11893546588599702,0.11893546588599702,,,True,results/rerun_protocol_v1_tuning/fedogda_s_pilot_alpha0p5/abs/fedogda_s/seed_2/tune_fedogda_s_abs_seed2_alpha0p5_cm2_wd0p03/predictions.npz,results/rerun_protocol_v1_tuning/fedogda_s_pilot_alpha0p5/abs/fedogda_s/seed_2/tune_fedogda_s_abs_seed2_alpha0p5_cm2_wd0p03
a0182,fedogda_s_tuning_pilot_all_configs,abs,fedogda_s,FedOGDA-S,0.5,2,best_validation_prediction,0.1189354658859972,0.28988898267779395,1.304900119037744,0.0,0.11673173778555725,499,0.11893546588599702,0.11893546588599702,,,True,results/rerun_protocol_v1_tuning/fedogda_s_pilot_alpha0p5/abs/fedogda_s/seed_2/tune_fedogda_s_abs_seed2_alpha0p5_cm2_wd0p1/predictions.npz,results/rerun_protocol_v1_tuning/fedogda_s_pilot_alpha0p5/abs/fedogda_s/seed_2/tune_fedogda_s_abs_seed2_alpha0p5_cm2_wd0p1
a0183,fedogda_s_tuning_pilot_all_configs,abs,fedogda_s,FedOGDA-S,0.5,2,best_validation_prediction,0.07766127288993811,0.2337084428157669,1.0320886411829997,0.0,0.07611832011901515,499,0.07766127288993799,0.07766127288993799,,,True,results/rerun_protocol_v1_tuning/fedogda_s_pilot_alpha0p5/abs/fedogda_s/seed_2/tune_fedogda_s_abs_seed2_alpha0p5_cm5_wd0p001/predictions.npz,results/rerun_protocol_v1_tuning/fedogda_s_pilot_alpha0p5/abs/fedogda_s/seed_2/tune_fedogda_s_abs_seed2_alpha0p5_cm5_wd0p001
a0184,fedogda_s_tuning_pilot_all_configs,abs,fedogda_s,FedOGDA-S,0.5,2,best_validation_prediction,0.07766127288993811,0.2337084428157669,1.0320886411829997,0.0,0.07611832011901515,499,0.07766127288993799,0.07766127288993799,,,True,results/rerun_protocol_v1_tuning/fedogda_s_pilot_alpha0p5/abs/fedogda_s/seed_2/tune_fedogda_s_abs_seed2_alpha0p5_cm5_wd0p01/predictions.npz,results/rerun_protocol_v1_tuning/fedogda_s_pilot_alpha0p5/abs/fedogda_s/seed_2/tune_fedogda_s_abs_seed2_alpha0p5_cm5_wd0p01
a0185,fedogda_s_tuning_pilot_all_configs,abs,fedogda_s,FedOGDA-S,0.5,2,best_validation_prediction,0.07766127288993811,0.2337084428157669,1.0320886411829997,0.0,0.07611832011901515,499,0.07766127288993799,0.07766127288993799,,,True,results/rerun_protocol_v1_tuning/fedogda_s_pilot_alpha0p5/abs/fedogda_s/seed_2/tune_fedogda_s_abs_seed2_alpha0p5_cm5_wd0p03/predictions.npz,results/rerun_protocol_v1_tuning/fedogda_s_pilot_alpha0p5/abs/fedogda_s/seed_2/tune_fedogda_s_abs_seed2_alpha0p5_cm5_wd0p03
a0186,fedogda_s_tuning_pilot_all_configs,abs,fedogda_s,FedOGDA-S,0.5,2,best_validation_prediction,0.07766127288993811,0.2337084428157669,1.0320886411829997,0.0,0.07611832011901515,499,0.07766127288993799,0.07766127288993799,,,True,results/rerun_protocol_v1_tuning/fedogda_s_pilot_alpha0p5/abs/fedogda_s/seed_2/tune_fedogda_s_abs_seed2_alpha0p5_cm5_wd0p1/predictions.npz,results/rerun_protocol_v1_tuning/fedogda_s_pilot_alpha0p5/abs/fedogda_s/seed_2/tune_fedogda_s_abs_seed2_alpha0p5_cm5_wd0p1
a0187,fedogda_s_tuning_pilot_all_configs,abs,fedogda_s,FedOGDA-S,0.5,2,best_validation_prediction,0.032416634674313376,0.14972712406507518,0.6512901927808594,0.0,0.03178155207732554,499,0.03241663467431333,0.03241663467431333,,,True,results/rerun_protocol_v1_tuning/fedogda_s_pilot_alpha0p5/abs/fedogda_s/seed_2/tune_fedogda_s_abs_seed2_alpha0p5_cm10_wd0p001/predictions.npz,results/rerun_protocol_v1_tuning/fedogda_s_pilot_alpha0p5/abs/fedogda_s/seed_2/tune_fedogda_s_abs_seed2_alpha0p5_cm10_wd0p001
a0188,fedogda_s_tuning_pilot_all_configs,abs,fedogda_s,FedOGDA-S,0.5,2,best_validation_prediction,0.032416634674313376,0.14972712406507518,0.6512901927808594,0.0,0.03178155207732554,499,0.03241663467431333,0.03241663467431333,,,True,results/rerun_protocol_v1_tuning/fedogda_s_pilot_alpha0p5/abs/fedogda_s/seed_2/tune_fedogda_s_abs_seed2_alpha0p5_cm10_wd0p01/predictions.npz,results/rerun_protocol_v1_tuning/fedogda_s_pilot_alpha0p5/abs/fedogda_s/seed_2/tune_fedogda_s_abs_seed2_alpha0p5_cm10_wd0p01
a0189,fedogda_s_tuning_pilot_all_configs,abs,fedogda_s,FedOGDA-S,0.5,2,best_validation_prediction,0.032416634674313376,0.14972712406507518,0.6512901927808594,0.0,0.03178155207732554,499,0.03241663467431333,0.03241663467431333,,,True,results/rerun_protocol_v1_tuning/fedogda_s_pilot_alpha0p5/abs/fedogda_s/seed_2/tune_fedogda_s_abs_seed2_alpha0p5_cm10_wd0p03/predictions.npz,results/rerun_protocol_v1_tuning/fedogda_s_pilot_alpha0p5/abs/fedogda_s/seed_2/tune_fedogda_s_abs_seed2_alpha0p5_cm10_wd0p03
a0190,fedogda_s_tuning_pilot_all_configs,abs,fedogda_s,FedOGDA-S,0.5,2,best_validation_prediction,0.032416634674313376,0.14972712406507518,0.6512901927808594,0.0,0.03178155207732554,499,0.03241663467431333,0.03241663467431333,,,True,results/rerun_protocol_v1_tuning/fedogda_s_pilot_alpha0p5/abs/fedogda_s/seed_2/tune_fedogda_s_abs_seed2_alpha0p5_cm10_wd0p1/predictions.npz,results/rerun_protocol_v1_tuning/fedogda_s_pilot_alpha0p5/abs/fedogda_s/seed_2/tune_fedogda_s_abs_seed2_alpha0p5_cm10_wd0p1
a0191,fedogda_s_tuning_pilot_selected,abs,fedogda_s,FedOGDA-S,0.5,2,best_validation_prediction,0.009930666084070476,0.07890245581086952,0.38745116888019826,0.0,0.009764715147508658,499,0.009930666084070549,0.009930666084070549,,,True,results/rerun_protocol_v1_tuning/fedogda_s_pilot_alpha0p5/abs/fedogda_s/seed_2/tune_fedogda_s_abs_seed2_alpha0p5_cm20_wd0p001/predictions.npz,results/rerun_protocol_v1_tuning/fedogda_s_pilot_alpha0p5/abs/fedogda_s/seed_2/tune_fedogda_s_abs_seed2_alpha0p5_cm20_wd0p001
a0192,fedogda_s_tuning_pilot_all_configs,abs,fedogda_s,FedOGDA-S,0.5,2,best_validation_prediction,0.009930666084070476,0.07890245581086952,0.38745116888019826,0.0,0.009764715147508658,499,0.009930666084070549,0.009930666084070549,,,True,results/rerun_protocol_v1_tuning/fedogda_s_pilot_alpha0p5/abs/fedogda_s/seed_2/tune_fedogda_s_abs_seed2_alpha0p5_cm20_wd0p01/predictions.npz,results/rerun_protocol_v1_tuning/fedogda_s_pilot_alpha0p5/abs/fedogda_s/seed_2/tune_fedogda_s_abs_seed2_alpha0p5_cm20_wd0p01
a0193,fedogda_s_tuning_pilot_all_configs,abs,fedogda_s,FedOGDA-S,0.5,2,best_validation_prediction,0.009930666084070476,0.07890245581086952,0.38745116888019826,0.0,0.009764715147508658,499,0.009930666084070549,0.009930666084070549,,,True,results/rerun_protocol_v1_tuning/fedogda_s_pilot_alpha0p5/abs/fedogda_s/seed_2/tune_fedogda_s_abs_seed2_alpha0p5_cm20_wd0p03/predictions.npz,results/rerun_protocol_v1_tuning/fedogda_s_pilot_alpha0p5/abs/fedogda_s/seed_2/tune_fedogda_s_abs_seed2_alpha0p5_cm20_wd0p03
a0194,fedogda_s_tuning_pilot_all_configs,abs,fedogda_s,FedOGDA-S,0.5,2,best_validation_prediction,0.009930666084070476,0.07890245581086952,0.38745116888019826,0.0,0.009764715147508658,499,0.009930666084070549,0.009930666084070549,,,True,results/rerun_protocol_v1_tuning/fedogda_s_pilot_alpha0p5/abs/fedogda_s/seed_2/tune_fedogda_s_abs_seed2_alpha0p5_cm20_wd0p1/predictions.npz,results/rerun_protocol_v1_tuning/fedogda_s_pilot_alpha0p5/abs/fedogda_s/seed_2/tune_fedogda_s_abs_seed2_alpha0p5_cm20_wd0p1
a0195,fedogda_s_tuning_pilot_all_configs,step,fedogda_s,FedOGDA-S,0.5,0,best_validation_prediction,0.03599865662181808,0.15051559427129416,0.8066687451480095,0.07460407936962243,0.035212629734029124,406,0.035998656621818045,0.03633045731461537,,,True,results/rerun_protocol_v1_tuning/fedogda_s_pilot_alpha0p5/step/fedogda_s/seed_0/tune_fedogda_s_step_seed0_alpha0p5_cm2_wd0p001/predictions.npz,results/rerun_protocol_v1_tuning/fedogda_s_pilot_alpha0p5/step/fedogda_s/seed_0/tune_fedogda_s_step_seed0_alpha0p5_cm2_wd0p001
a0196,fedogda_s_tuning_pilot_all_configs,step,fedogda_s,FedOGDA-S,0.5,0,best_validation_prediction,0.03599865662181808,0.15051559427129416,0.8066687451480095,0.07460407936962243,0.035212629734029124,406,0.035998656621818045,0.03633045731461537,,,True,results/rerun_protocol_v1_tuning/fedogda_s_pilot_alpha0p5/step/fedogda_s/seed_0/tune_fedogda_s_step_seed0_alpha0p5_cm2_wd0p01/predictions.npz,results/rerun_protocol_v1_tuning/fedogda_s_pilot_alpha0p5/step/fedogda_s/seed_0/tune_fedogda_s_step_seed0_alpha0p5_cm2_wd0p01
a0197,fedogda_s_tuning_pilot_all_configs,step,fedogda_s,FedOGDA-S,0.5,0,best_validation_prediction,0.03599865662181808,0.15051559427129416,0.8066687451480095,0.07460407936962243,0.035212629734029124,406,0.035998656621818045,0.03633045731461537,,,True,results/rerun_protocol_v1_tuning/fedogda_s_pilot_alpha0p5/step/fedogda_s/seed_0/tune_fedogda_s_step_seed0_alpha0p5_cm2_wd0p03/predictions.npz,results/rerun_protocol_v1_tuning/fedogda_s_pilot_alpha0p5/step/fedogda_s/seed_0/tune_fedogda_s_step_seed0_alpha0p5_cm2_wd0p03
a0198,fedogda_s_tuning_pilot_all_configs,step,fedogda_s,FedOGDA-S,0.5,0,best_validation_prediction,0.03599865662181808,0.15051559427129416,0.8066687451480095,0.07460407936962243,0.035212629734029124,406,0.035998656621818045,0.03633045731461537,,,True,results/rerun_protocol_v1_tuning/fedogda_s_pilot_alpha0p5/step/fedogda_s/seed_0/tune_fedogda_s_step_seed0_alpha0p5_cm2_wd0p1/predictions.npz,results/rerun_protocol_v1_tuning/fedogda_s_pilot_alpha0p5/step/fedogda_s/seed_0/tune_fedogda_s_step_seed0_alpha0p5_cm2_wd0p1
a0199,fedogda_s_tuning_pilot_all_configs,step,fedogda_s,FedOGDA-S,0.5,0,best_validation_prediction,0.033083357776443424,0.14829092397457874,0.7197718752352951,0.09511750156218013,0.03242533262024268,434,0.033083357776443265,0.03367956536705467,,,True,results/rerun_protocol_v1_tuning/fedogda_s_pilot_alpha0p5/step/fedogda_s/seed_0/tune_fedogda_s_step_seed0_alpha0p5_cm5_wd0p001/predictions.npz,results/rerun_protocol_v1_tuning/fedogda_s_pilot_alpha0p5/step/fedogda_s/seed_0/tune_fedogda_s_step_seed0_alpha0p5_cm5_wd0p001
a0200,fedogda_s_tuning_pilot_all_configs,step,fedogda_s,FedOGDA-S,0.5,0,best_validation_prediction,0.033083357776443424,0.14829092397457874,0.7197718752352951,0.09511750156218013,0.03242533262024268,434,0.033083357776443265,0.03367956536705467,,,True,results/rerun_protocol_v1_tuning/fedogda_s_pilot_alpha0p5/step/fedogda_s/seed_0/tune_fedogda_s_step_seed0_alpha0p5_cm5_wd0p01/predictions.npz,results/rerun_protocol_v1_tuning/fedogda_s_pilot_alpha0p5/step/fedogda_s/seed_0/tune_fedogda_s_step_seed0_alpha0p5_cm5_wd0p01
a0201,fedogda_s_tuning_pilot_all_configs,step,fedogda_s,FedOGDA-S,0.5,0,best_validation_prediction,0.033083357776443424,0.14829092397457874,0.7197718752352951,0.09511750156218013,0.03242533262024268,434,0.033083357776443265,0.03367956536705467,,,True,results/rerun_protocol_v1_tuning/fedogda_s_pilot_alpha0p5/step/fedogda_s/seed_0/tune_fedogda_s_step_seed0_alpha0p5_cm5_wd0p03/predictions.npz,results/rerun_protocol_v1_tuning/fedogda_s_pilot_alpha0p5/step/fedogda_s/seed_0/tune_fedogda_s_step_seed0_alpha0p5_cm5_wd0p03
a0202,fedogda_s_tuning_pilot_all_configs,step,fedogda_s,FedOGDA-S,0.5,0,best_validation_prediction,0.033083357776443424,0.14829092397457874,0.7197718752352951,0.09511750156218013,0.03242533262024268,434,0.033083357776443265,0.03367956536705467,,,True,results/rerun_protocol_v1_tuning/fedogda_s_pilot_alpha0p5/step/fedogda_s/seed_0/tune_fedogda_s_step_seed0_alpha0p5_cm5_wd0p1/predictions.npz,results/rerun_protocol_v1_tuning/fedogda_s_pilot_alpha0p5/step/fedogda_s/seed_0/tune_fedogda_s_step_seed0_alpha0p5_cm5_wd0p1
a0203,fedogda_s_tuning_pilot_all_configs,step,fedogda_s,FedOGDA-S,0.5,0,best_validation_prediction,0.030184297414644744,0.14598016663331956,0.6393378392129754,0.0,0.02961461787380765,499,0.030184297414644914,0.030184297414644914,,,True,results/rerun_protocol_v1_tuning/fedogda_s_pilot_alpha0p5/step/fedogda_s/seed_0/tune_fedogda_s_step_seed0_alpha0p5_cm10_wd0p001/predictions.npz,results/rerun_protocol_v1_tuning/fedogda_s_pilot_alpha0p5/step/fedogda_s/seed_0/tune_fedogda_s_step_seed0_alpha0p5_cm10_wd0p001
a0204,fedogda_s_tuning_pilot_all_configs,step,fedogda_s,FedOGDA-S,0.5,0,best_validation_prediction,0.030184297414644744,0.14598016663331956,0.6393378392129754,0.0,0.02961461787380765,499,0.030184297414644914,0.030184297414644914,,,True,results/rerun_protocol_v1_tuning/fedogda_s_pilot_alpha0p5/step/fedogda_s/seed_0/tune_fedogda_s_step_seed0_alpha0p5_cm10_wd0p01/predictions.npz,results/rerun_protocol_v1_tuning/fedogda_s_pilot_alpha0p5/step/fedogda_s/seed_0/tune_fedogda_s_step_seed0_alpha0p5_cm10_wd0p01
a0205,fedogda_s_tuning_pilot_all_configs,step,fedogda_s,FedOGDA-S,0.5,0,best_validation_prediction,0.030184297414644744,0.14598016663331956,0.6393378392129754,0.0,0.02961461787380765,499,0.030184297414644914,0.030184297414644914,,,True,results/rerun_protocol_v1_tuning/fedogda_s_pilot_alpha0p5/step/fedogda_s/seed_0/tune_fedogda_s_step_seed0_alpha0p5_cm10_wd0p03/predictions.npz,results/rerun_protocol_v1_tuning/fedogda_s_pilot_alpha0p5/step/fedogda_s/seed_0/tune_fedogda_s_step_seed0_alpha0p5_cm10_wd0p03
a0206,fedogda_s_tuning_pilot_all_configs,step,fedogda_s,FedOGDA-S,0.5,0,best_validation_prediction,0.030184297414644744,0.14598016663331956,0.6393378392129754,0.0,0.02961461787380765,499,0.030184297414644914,0.030184297414644914,,,True,results/rerun_protocol_v1_tuning/fedogda_s_pilot_alpha0p5/step/fedogda_s/seed_0/tune_fedogda_s_step_seed0_alpha0p5_cm10_wd0p1/predictions.npz,results/rerun_protocol_v1_tuning/fedogda_s_pilot_alpha0p5/step/fedogda_s/seed_0/tune_fedogda_s_step_seed0_alpha0p5_cm10_wd0p1
a0207,fedogda_s_tuning_pilot_selected,step,fedogda_s,FedOGDA-S,0.5,0,best_validation_prediction,0.029709717120455094,0.14613644675246243,0.5823462916905693,0.0,0.02922292641453842,499,0.029709717120455014,0.029709717120455014,,,True,results/rerun_protocol_v1_tuning/fedogda_s_pilot_alpha0p5/step/fedogda_s/seed_0/tune_fedogda_s_step_seed0_alpha0p5_cm20_wd0p001/predictions.npz,results/rerun_protocol_v1_tuning/fedogda_s_pilot_alpha0p5/step/fedogda_s/seed_0/tune_fedogda_s_step_seed0_alpha0p5_cm20_wd0p001
a0208,fedogda_s_tuning_pilot_all_configs,step,fedogda_s,FedOGDA-S,0.5,0,best_validation_prediction,0.029709717120455094,0.14613644675246243,0.5823462916905693,0.0,0.02922292641453842,499,0.029709717120455014,0.029709717120455014,,,True,results/rerun_protocol_v1_tuning/fedogda_s_pilot_alpha0p5/step/fedogda_s/seed_0/tune_fedogda_s_step_seed0_alpha0p5_cm20_wd0p01/predictions.npz,results/rerun_protocol_v1_tuning/fedogda_s_pilot_alpha0p5/step/fedogda_s/seed_0/tune_fedogda_s_step_seed0_alpha0p5_cm20_wd0p01
a0209,fedogda_s_tuning_pilot_all_configs,step,fedogda_s,FedOGDA-S,0.5,0,best_validation_prediction,0.029709717120455094,0.14613644675246243,0.5823462916905693,0.0,0.02922292641453842,499,0.029709717120455014,0.029709717120455014,,,True,results/rerun_protocol_v1_tuning/fedogda_s_pilot_alpha0p5/step/fedogda_s/seed_0/tune_fedogda_s_step_seed0_alpha0p5_cm20_wd0p03/predictions.npz,results/rerun_protocol_v1_tuning/fedogda_s_pilot_alpha0p5/step/fedogda_s/seed_0/tune_fedogda_s_step_seed0_alpha0p5_cm20_wd0p03
a0210,fedogda_s_tuning_pilot_all_configs,step,fedogda_s,FedOGDA-S,0.5,0,best_validation_prediction,0.029709717120455094,0.14613644675246243,0.5823462916905693,0.0,0.02922292641453842,499,0.029709717120455014,0.029709717120455014,,,True,results/rerun_protocol_v1_tuning/fedogda_s_pilot_alpha0p5/step/fedogda_s/seed_0/tune_fedogda_s_step_seed0_alpha0p5_cm20_wd0p1/predictions.npz,results/rerun_protocol_v1_tuning/fedogda_s_pilot_alpha0p5/step/fedogda_s/seed_0/tune_fedogda_s_step_seed0_alpha0p5_cm20_wd0p1
a0211,fedogda_s_tuning_pilot_all_configs,step,fedogda_s,FedOGDA-S,0.5,1,best_validation_prediction,0.027135513641725832,0.1399513799778992,0.5421313423111334,0.9491783788248379,0.026715833810017676,392,0.02713551364172591,0.0908832115283183,,,True,results/rerun_protocol_v1_tuning/fedogda_s_pilot_alpha0p5/step/fedogda_s/seed_1/tune_fedogda_s_step_seed1_alpha0p5_cm2_wd0p001/predictions.npz,results/rerun_protocol_v1_tuning/fedogda_s_pilot_alpha0p5/step/fedogda_s/seed_1/tune_fedogda_s_step_seed1_alpha0p5_cm2_wd0p001
a0212,fedogda_s_tuning_pilot_all_configs,step,fedogda_s,FedOGDA-S,0.5,1,best_validation_prediction,0.027135513641725832,0.1399513799778992,0.5421313423111334,0.9491783788248379,0.026715833810017676,392,0.02713551364172591,0.0908832115283183,,,True,results/rerun_protocol_v1_tuning/fedogda_s_pilot_alpha0p5/step/fedogda_s/seed_1/tune_fedogda_s_step_seed1_alpha0p5_cm2_wd0p01/predictions.npz,results/rerun_protocol_v1_tuning/fedogda_s_pilot_alpha0p5/step/fedogda_s/seed_1/tune_fedogda_s_step_seed1_alpha0p5_cm2_wd0p01
a0213,fedogda_s_tuning_pilot_all_configs,step,fedogda_s,FedOGDA-S,0.5,1,best_validation_prediction,0.027135513641725832,0.1399513799778992,0.5421313423111334,0.9491783788248379,0.026715833810017676,392,0.02713551364172591,0.0908832115283183,,,True,results/rerun_protocol_v1_tuning/fedogda_s_pilot_alpha0p5/step/fedogda_s/seed_1/tune_fedogda_s_step_seed1_alpha0p5_cm2_wd0p03/predictions.npz,results/rerun_protocol_v1_tuning/fedogda_s_pilot_alpha0p5/step/fedogda_s/seed_1/tune_fedogda_s_step_seed1_alpha0p5_cm2_wd0p03
a0214,fedogda_s_tuning_pilot_all_configs,step,fedogda_s,FedOGDA-S,0.5,1,best_validation_prediction,0.027135513641725832,0.1399513799778992,0.5421313423111334,0.9491783788248379,0.026715833810017676,392,0.02713551364172591,0.0908832115283183,,,True,results/rerun_protocol_v1_tuning/fedogda_s_pilot_alpha0p5/step/fedogda_s/seed_1/tune_fedogda_s_step_seed1_alpha0p5_cm2_wd0p1/predictions.npz,results/rerun_protocol_v1_tuning/fedogda_s_pilot_alpha0p5/step/fedogda_s/seed_1/tune_fedogda_s_step_seed1_alpha0p5_cm2_wd0p1
a0215,fedogda_s_tuning_pilot_all_configs,step,fedogda_s,FedOGDA-S,0.5,1,best_validation_prediction,0.027596582069155898,0.14132087306798638,0.5943421702651537,0.20849198306637606,0.027124028082507527,243,0.027596582069155953,0.03106839232683144,,,True,results/rerun_protocol_v1_tuning/fedogda_s_pilot_alpha0p5/step/fedogda_s/seed_1/tune_fedogda_s_step_seed1_alpha0p5_cm5_wd0p001/predictions.npz,results/rerun_protocol_v1_tuning/fedogda_s_pilot_alpha0p5/step/fedogda_s/seed_1/tune_fedogda_s_step_seed1_alpha0p5_cm5_wd0p001
a0216,fedogda_s_tuning_pilot_all_configs,step,fedogda_s,FedOGDA-S,0.5,1,best_validation_prediction,0.027596582069155898,0.14132087306798638,0.5943421702651537,0.20849198306637606,0.027124028082507527,243,0.027596582069155953,0.03106839232683144,,,True,results/rerun_protocol_v1_tuning/fedogda_s_pilot_alpha0p5/step/fedogda_s/seed_1/tune_fedogda_s_step_seed1_alpha0p5_cm5_wd0p01/predictions.npz,results/rerun_protocol_v1_tuning/fedogda_s_pilot_alpha0p5/step/fedogda_s/seed_1/tune_fedogda_s_step_seed1_alpha0p5_cm5_wd0p01
a0217,fedogda_s_tuning_pilot_all_configs,step,fedogda_s,FedOGDA-S,0.5,1,best_validation_prediction,0.027596582069155898,0.14132087306798638,0.5943421702651537,0.20849198306637606,0.027124028082507527,243,0.027596582069155953,0.03106839232683144,,,True,results/rerun_protocol_v1_tuning/fedogda_s_pilot_alpha0p5/step/fedogda_s/seed_1/tune_fedogda_s_step_seed1_alpha0p5_cm5_wd0p03/predictions.npz,results/rerun_protocol_v1_tuning/fedogda_s_pilot_alpha0p5/step/fedogda_s/seed_1/tune_fedogda_s_step_seed1_alpha0p5_cm5_wd0p03
a0218,fedogda_s_tuning_pilot_all_configs,step,fedogda_s,FedOGDA-S,0.5,1,best_validation_prediction,0.027596582069155898,0.14132087306798638,0.5943421702651537,0.20849198306637606,0.027124028082507527,243,0.027596582069155953,0.03106839232683144,,,True,results/rerun_protocol_v1_tuning/fedogda_s_pilot_alpha0p5/step/fedogda_s/seed_1/tune_fedogda_s_step_seed1_alpha0p5_cm5_wd0p1/predictions.npz,results/rerun_protocol_v1_tuning/fedogda_s_pilot_alpha0p5/step/fedogda_s/seed_1/tune_fedogda_s_step_seed1_alpha0p5_cm5_wd0p1
a0219,fedogda_s_tuning_pilot_all_configs,step,fedogda_s,FedOGDA-S,0.5,1,best_validation_prediction,0.026275394847309258,0.13671832530132355,0.5473933824950319,0.08089014030739716,0.02582018245042296,118,0.026275394847309213,0.028391166724359318,,,True,results/rerun_protocol_v1_tuning/fedogda_s_pilot_alpha0p5/step/fedogda_s/seed_1/tune_fedogda_s_step_seed1_alpha0p5_cm10_wd0p001/predictions.npz,results/rerun_protocol_v1_tuning/fedogda_s_pilot_alpha0p5/step/fedogda_s/seed_1/tune_fedogda_s_step_seed1_alpha0p5_cm10_wd0p001
a0220,fedogda_s_tuning_pilot_all_configs,step,fedogda_s,FedOGDA-S,0.5,1,best_validation_prediction,0.026275394847309258,0.13671832530132355,0.5473933824950319,0.08089014030739716,0.02582018245042296,118,0.026275394847309213,0.028391166724359318,,,True,results/rerun_protocol_v1_tuning/fedogda_s_pilot_alpha0p5/step/fedogda_s/seed_1/tune_fedogda_s_step_seed1_alpha0p5_cm10_wd0p01/predictions.npz,results/rerun_protocol_v1_tuning/fedogda_s_pilot_alpha0p5/step/fedogda_s/seed_1/tune_fedogda_s_step_seed1_alpha0p5_cm10_wd0p01
a0221,fedogda_s_tuning_pilot_all_configs,step,fedogda_s,FedOGDA-S,0.5,1,best_validation_prediction,0.026275394847309258,0.13671832530132355,0.5473933824950319,0.08089014030739716,0.02582018245042296,118,0.026275394847309213,0.028391166724359318,,,True,results/rerun_protocol_v1_tuning/fedogda_s_pilot_alpha0p5/step/fedogda_s/seed_1/tune_fedogda_s_step_seed1_alpha0p5_cm10_wd0p03/predictions.npz,results/rerun_protocol_v1_tuning/fedogda_s_pilot_alpha0p5/step/fedogda_s/seed_1/tune_fedogda_s_step_seed1_alpha0p5_cm10_wd0p03
a0222,fedogda_s_tuning_pilot_all_configs,step,fedogda_s,FedOGDA-S,0.5,1,best_validation_prediction,0.026275394847309258,0.13671832530132355,0.5473933824950319,0.08089014030739716,0.02582018245042296,118,0.026275394847309213,0.028391166724359318,,,True,results/rerun_protocol_v1_tuning/fedogda_s_pilot_alpha0p5/step/fedogda_s/seed_1/tune_fedogda_s_step_seed1_alpha0p5_cm10_wd0p1/predictions.npz,results/rerun_protocol_v1_tuning/fedogda_s_pilot_alpha0p5/step/fedogda_s/seed_1/tune_fedogda_s_step_seed1_alpha0p5_cm10_wd0p1
a0223,fedogda_s_tuning_pilot_selected,step,fedogda_s,FedOGDA-S,0.5,1,best_validation_prediction,0.025043590544773144,0.1334933627226872,0.5018018046018946,0.05013168960167058,0.024712349283863243,91,0.025043590544773023,0.026182517463760973,,,True,results/rerun_protocol_v1_tuning/fedogda_s_pilot_alpha0p5/step/fedogda_s/seed_1/tune_fedogda_s_step_seed1_alpha0p5_cm20_wd0p001/predictions.npz,results/rerun_protocol_v1_tuning/fedogda_s_pilot_alpha0p5/step/fedogda_s/seed_1/tune_fedogda_s_step_seed1_alpha0p5_cm20_wd0p001
a0224,fedogda_s_tuning_pilot_all_configs,step,fedogda_s,FedOGDA-S,0.5,1,best_validation_prediction,0.025043590544773144,0.1334933627226872,0.5018018046018946,0.05013168960167058,0.024712349283863243,91,0.025043590544773023,0.026182517463760973,,,True,results/rerun_protocol_v1_tuning/fedogda_s_pilot_alpha0p5/step/fedogda_s/seed_1/tune_fedogda_s_step_seed1_alpha0p5_cm20_wd0p01/predictions.npz,results/rerun_protocol_v1_tuning/fedogda_s_pilot_alpha0p5/step/fedogda_s/seed_1/tune_fedogda_s_step_seed1_alpha0p5_cm20_wd0p01
a0225,fedogda_s_tuning_pilot_all_configs,step,fedogda_s,FedOGDA-S,0.5,1,best_validation_prediction,0.025043590544773144,0.1334933627226872,0.5018018046018946,0.05013168960167058,0.024712349283863243,91,0.025043590544773023,0.026182517463760973,,,True,results/rerun_protocol_v1_tuning/fedogda_s_pilot_alpha0p5/step/fedogda_s/seed_1/tune_fedogda_s_step_seed1_alpha0p5_cm20_wd0p03/predictions.npz,results/rerun_protocol_v1_tuning/fedogda_s_pilot_alpha0p5/step/fedogda_s/seed_1/tune_fedogda_s_step_seed1_alpha0p5_cm20_wd0p03
a0226,fedogda_s_tuning_pilot_all_configs,step,fedogda_s,FedOGDA-S,0.5,1,best_validation_prediction,0.025043590544773144,0.1334933627226872,0.5018018046018946,0.05013168960167058,0.024712349283863243,91,0.025043590544773023,0.026182517463760973,,,True,results/rerun_protocol_v1_tuning/fedogda_s_pilot_alpha0p5/step/fedogda_s/seed_1/tune_fedogda_s_step_seed1_alpha0p5_cm20_wd0p1/predictions.npz,results/rerun_protocol_v1_tuning/fedogda_s_pilot_alpha0p5/step/fedogda_s/seed_1/tune_fedogda_s_step_seed1_alpha0p5_cm20_wd0p1
a0227,fedogda_s_tuning_pilot_all_configs,step,fedogda_s,FedOGDA-S,0.5,2,best_validation_prediction,0.03515572903264549,0.14402286097786487,0.8346189051420181,0.9268344560363195,0.03429802987559734,341,0.03515572903264565,0.11671261318057431,,,True,results/rerun_protocol_v1_tuning/fedogda_s_pilot_alpha0p5/step/fedogda_s/seed_2/tune_fedogda_s_step_seed2_alpha0p5_cm2_wd0p001/predictions.npz,results/rerun_protocol_v1_tuning/fedogda_s_pilot_alpha0p5/step/fedogda_s/seed_2/tune_fedogda_s_step_seed2_alpha0p5_cm2_wd0p001
a0228,fedogda_s_tuning_pilot_all_configs,step,fedogda_s,FedOGDA-S,0.5,2,best_validation_prediction,0.03515572903264549,0.14402286097786487,0.8346189051420181,0.9268344560363195,0.03429802987559734,341,0.03515572903264565,0.11671261318057431,,,True,results/rerun_protocol_v1_tuning/fedogda_s_pilot_alpha0p5/step/fedogda_s/seed_2/tune_fedogda_s_step_seed2_alpha0p5_cm2_wd0p01/predictions.npz,results/rerun_protocol_v1_tuning/fedogda_s_pilot_alpha0p5/step/fedogda_s/seed_2/tune_fedogda_s_step_seed2_alpha0p5_cm2_wd0p01
a0229,fedogda_s_tuning_pilot_all_configs,step,fedogda_s,FedOGDA-S,0.5,2,best_validation_prediction,0.03515572903264549,0.14402286097786487,0.8346189051420181,0.9268344560363195,0.03429802987559734,341,0.03515572903264565,0.11671261318057431,,,True,results/rerun_protocol_v1_tuning/fedogda_s_pilot_alpha0p5/step/fedogda_s/seed_2/tune_fedogda_s_step_seed2_alpha0p5_cm2_wd0p03/predictions.npz,results/rerun_protocol_v1_tuning/fedogda_s_pilot_alpha0p5/step/fedogda_s/seed_2/tune_fedogda_s_step_seed2_alpha0p5_cm2_wd0p03
a0230,fedogda_s_tuning_pilot_all_configs,step,fedogda_s,FedOGDA-S,0.5,2,best_validation_prediction,0.03515572903264549,0.14402286097786487,0.8346189051420181,0.9268344560363195,0.03429802987559734,341,0.03515572903264565,0.11671261318057431,,,True,results/rerun_protocol_v1_tuning/fedogda_s_pilot_alpha0p5/step/fedogda_s/seed_2/tune_fedogda_s_step_seed2_alpha0p5_cm2_wd0p1/predictions.npz,results/rerun_protocol_v1_tuning/fedogda_s_pilot_alpha0p5/step/fedogda_s/seed_2/tune_fedogda_s_step_seed2_alpha0p5_cm2_wd0p1
a0231,fedogda_s_tuning_pilot_all_configs,step,fedogda_s,FedOGDA-S,0.5,2,best_validation_prediction,0.03354983486672353,0.14520846938665713,0.7558130472423397,0.06783535692386522,0.03285430802356459,194,0.03354983486672338,0.03439555437904022,,,True,results/rerun_protocol_v1_tuning/fedogda_s_pilot_alpha0p5/step/fedogda_s/seed_2/tune_fedogda_s_step_seed2_alpha0p5_cm5_wd0p001/predictions.npz,results/rerun_protocol_v1_tuning/fedogda_s_pilot_alpha0p5/step/fedogda_s/seed_2/tune_fedogda_s_step_seed2_alpha0p5_cm5_wd0p001
a0232,fedogda_s_tuning_pilot_all_configs,step,fedogda_s,FedOGDA-S,0.5,2,best_validation_prediction,0.03354983486672353,0.14520846938665713,0.7558130472423397,0.06783535692386522,0.03285430802356459,194,0.03354983486672338,0.03439555437904022,,,True,results/rerun_protocol_v1_tuning/fedogda_s_pilot_alpha0p5/step/fedogda_s/seed_2/tune_fedogda_s_step_seed2_alpha0p5_cm5_wd0p01/predictions.npz,results/rerun_protocol_v1_tuning/fedogda_s_pilot_alpha0p5/step/fedogda_s/seed_2/tune_fedogda_s_step_seed2_alpha0p5_cm5_wd0p01
a0233,fedogda_s_tuning_pilot_all_configs,step,fedogda_s,FedOGDA-S,0.5,2,best_validation_prediction,0.03354983486672353,0.14520846938665713,0.7558130472423397,0.06783535692386522,0.03285430802356459,194,0.03354983486672338,0.03439555437904022,,,True,results/rerun_protocol_v1_tuning/fedogda_s_pilot_alpha0p5/step/fedogda_s/seed_2/tune_fedogda_s_step_seed2_alpha0p5_cm5_wd0p03/predictions.npz,results/rerun_protocol_v1_tuning/fedogda_s_pilot_alpha0p5/step/fedogda_s/seed_2/tune_fedogda_s_step_seed2_alpha0p5_cm5_wd0p03
a0234,fedogda_s_tuning_pilot_all_configs,step,fedogda_s,FedOGDA-S,0.5,2,best_validation_prediction,0.03354983486672353,0.14520846938665713,0.7558130472423397,0.06783535692386522,0.03285430802356459,194,0.03354983486672338,0.03439555437904022,,,True,results/rerun_protocol_v1_tuning/fedogda_s_pilot_alpha0p5/step/fedogda_s/seed_2/tune_fedogda_s_step_seed2_alpha0p5_cm5_wd0p1/predictions.npz,results/rerun_protocol_v1_tuning/fedogda_s_pilot_alpha0p5/step/fedogda_s/seed_2/tune_fedogda_s_step_seed2_alpha0p5_cm5_wd0p1
a0235,fedogda_s_tuning_pilot_all_configs,step,fedogda_s,FedOGDA-S,0.5,2,best_validation_prediction,0.032898593690411704,0.1483850783486362,0.7238334662632764,0.20772753285622303,0.032275574152071364,423,0.032898593690411884,0.03482205125673002,,,True,results/rerun_protocol_v1_tuning/fedogda_s_pilot_alpha0p5/step/fedogda_s/seed_2/tune_fedogda_s_step_seed2_alpha0p5_cm10_wd0p001/predictions.npz,results/rerun_protocol_v1_tuning/fedogda_s_pilot_alpha0p5/step/fedogda_s/seed_2/tune_fedogda_s_step_seed2_alpha0p5_cm10_wd0p001
a0236,fedogda_s_tuning_pilot_all_configs,step,fedogda_s,FedOGDA-S,0.5,2,best_validation_prediction,0.032898593690411704,0.1483850783486362,0.7238334662632764,0.20772753285622303,0.032275574152071364,423,0.032898593690411884,0.03482205125673002,,,True,results/rerun_protocol_v1_tuning/fedogda_s_pilot_alpha0p5/step/fedogda_s/seed_2/tune_fedogda_s_step_seed2_alpha0p5_cm10_wd0p01/predictions.npz,results/rerun_protocol_v1_tuning/fedogda_s_pilot_alpha0p5/step/fedogda_s/seed_2/tune_fedogda_s_step_seed2_alpha0p5_cm10_wd0p01
a0237,fedogda_s_tuning_pilot_all_configs,step,fedogda_s,FedOGDA-S,0.5,2,best_validation_prediction,0.032898593690411704,0.1483850783486362,0.7238334662632764,0.20772753285622303,0.032275574152071364,423,0.032898593690411884,0.03482205125673002,,,True,results/rerun_protocol_v1_tuning/fedogda_s_pilot_alpha0p5/step/fedogda_s/seed_2/tune_fedogda_s_step_seed2_alpha0p5_cm10_wd0p03/predictions.npz,results/rerun_protocol_v1_tuning/fedogda_s_pilot_alpha0p5/step/fedogda_s/seed_2/tune_fedogda_s_step_seed2_alpha0p5_cm10_wd0p03
a0238,fedogda_s_tuning_pilot_all_configs,step,fedogda_s,FedOGDA-S,0.5,2,best_validation_prediction,0.032898593690411704,0.1483850783486362,0.7238334662632764,0.20772753285622303,0.032275574152071364,423,0.032898593690411884,0.03482205125673002,,,True,results/rerun_protocol_v1_tuning/fedogda_s_pilot_alpha0p5/step/fedogda_s/seed_2/tune_fedogda_s_step_seed2_alpha0p5_cm10_wd0p1/predictions.npz,results/rerun_protocol_v1_tuning/fedogda_s_pilot_alpha0p5/step/fedogda_s/seed_2/tune_fedogda_s_step_seed2_alpha0p5_cm10_wd0p1
a0239,fedogda_s_tuning_pilot_selected,step,fedogda_s,FedOGDA-S,0.5,2,best_validation_prediction,0.031049160454844734,0.14297301065961754,0.7252302585676424,0.12045859605177367,0.03037445712438721,378,0.031049160454844828,0.031195196205993626,,,True,results/rerun_protocol_v1_tuning/fedogda_s_pilot_alpha0p5/step/fedogda_s/seed_2/tune_fedogda_s_step_seed2_alpha0p5_cm20_wd0p001/predictions.npz,results/rerun_protocol_v1_tuning/fedogda_s_pilot_alpha0p5/step/fedogda_s/seed_2/tune_fedogda_s_step_seed2_alpha0p5_cm20_wd0p001
a0240,fedogda_s_tuning_pilot_all_configs,step,fedogda_s,FedOGDA-S,0.5,2,best_validation_prediction,0.031049160454844734,0.14297301065961754,0.7252302585676424,0.12045859605177367,0.03037445712438721,378,0.031049160454844828,0.031195196205993626,,,True,results/rerun_protocol_v1_tuning/fedogda_s_pilot_alpha0p5/step/fedogda_s/seed_2/tune_fedogda_s_step_seed2_alpha0p5_cm20_wd0p01/predictions.npz,results/rerun_protocol_v1_tuning/fedogda_s_pilot_alpha0p5/step/fedogda_s/seed_2/tune_fedogda_s_step_seed2_alpha0p5_cm20_wd0p01
a0241,fedogda_s_tuning_pilot_all_configs,step,fedogda_s,FedOGDA-S,0.5,2,best_validation_prediction,0.031049160454844734,0.14297301065961754,0.7252302585676424,0.12045859605177367,0.03037445712438721,378,0.031049160454844828,0.031195196205993626,,,True,results/rerun_protocol_v1_tuning/fedogda_s_pilot_alpha0p5/step/fedogda_s/seed_2/tune_fedogda_s_step_seed2_alpha0p5_cm20_wd0p03/predictions.npz,results/rerun_protocol_v1_tuning/fedogda_s_pilot_alpha0p5/step/fedogda_s/seed_2/tune_fedogda_s_step_seed2_alpha0p5_cm20_wd0p03
a0242,fedogda_s_tuning_pilot_all_configs,step,fedogda_s,FedOGDA-S,0.5,2,best_validation_prediction,0.031049160454844734,0.14297301065961754,0.7252302585676424,0.12045859605177367,0.03037445712438721,378,0.031049160454844828,0.031195196205993626,,,True,results/rerun_protocol_v1_tuning/fedogda_s_pilot_alpha0p5/step/fedogda_s/seed_2/tune_fedogda_s_step_seed2_alpha0p5_cm20_wd0p1/predictions.npz,results/rerun_protocol_v1_tuning/fedogda_s_pilot_alpha0p5/step/fedogda_s/seed_2/tune_fedogda_s_step_seed2_alpha0p5_cm20_wd0p1
a0243,fedogda_s_tuning_pilot_all_configs,linear,fedogda_s,FedOGDA-S,0.5,0,best_validation_prediction,0.00955461508195448,0.0819151021892059,0.3476136886863781,0.6730946739995992,0.009450907431579461,147,0.009554615081954454,0.046436490100111784,,,True,results/rerun_protocol_v1_tuning/fedogda_s_pilot_alpha0p5/linear/fedogda_s/seed_0/tune_fedogda_s_linear_seed0_alpha0p5_cm2_wd0p001/predictions.npz,results/rerun_protocol_v1_tuning/fedogda_s_pilot_alpha0p5/linear/fedogda_s/seed_0/tune_fedogda_s_linear_seed0_alpha0p5_cm2_wd0p001
a0244,fedogda_s_tuning_pilot_all_configs,linear,fedogda_s,FedOGDA-S,0.5,0,best_validation_prediction,0.00955461508195448,0.0819151021892059,0.3476136886863781,0.6730946739995992,0.009450907431579461,147,0.009554615081954454,0.046436490100111784,,,True,results/rerun_protocol_v1_tuning/fedogda_s_pilot_alpha0p5/linear/fedogda_s/seed_0/tune_fedogda_s_linear_seed0_alpha0p5_cm2_wd0p01/predictions.npz,results/rerun_protocol_v1_tuning/fedogda_s_pilot_alpha0p5/linear/fedogda_s/seed_0/tune_fedogda_s_linear_seed0_alpha0p5_cm2_wd0p01
a0245,fedogda_s_tuning_pilot_all_configs,linear,fedogda_s,FedOGDA-S,0.5,0,best_validation_prediction,0.00955461508195448,0.0819151021892059,0.3476136886863781,0.6730946739995992,0.009450907431579461,147,0.009554615081954454,0.046436490100111784,,,True,results/rerun_protocol_v1_tuning/fedogda_s_pilot_alpha0p5/linear/fedogda_s/seed_0/tune_fedogda_s_linear_seed0_alpha0p5_cm2_wd0p03/predictions.npz,results/rerun_protocol_v1_tuning/fedogda_s_pilot_alpha0p5/linear/fedogda_s/seed_0/tune_fedogda_s_linear_seed0_alpha0p5_cm2_wd0p03
a0246,fedogda_s_tuning_pilot_all_configs,linear,fedogda_s,FedOGDA-S,0.5,0,best_validation_prediction,0.00955461508195448,0.0819151021892059,0.3476136886863781,0.6730946739995992,0.009450907431579461,147,0.009554615081954454,0.046436490100111784,,,True,results/rerun_protocol_v1_tuning/fedogda_s_pilot_alpha0p5/linear/fedogda_s/seed_0/tune_fedogda_s_linear_seed0_alpha0p5_cm2_wd0p1/predictions.npz,results/rerun_protocol_v1_tuning/fedogda_s_pilot_alpha0p5/linear/fedogda_s/seed_0/tune_fedogda_s_linear_seed0_alpha0p5_cm2_wd0p1
a0247,fedogda_s_tuning_pilot_all_configs,linear,fedogda_s,FedOGDA-S,0.5,0,best_validation_prediction,0.005244019519995384,0.05953235434310667,0.31229329190261734,0.21295272216865513,0.005192406546775755,381,0.0052440195199953766,0.0054113684328382155,,,True,results/rerun_protocol_v1_tuning/fedogda_s_pilot_alpha0p5/linear/fedogda_s/seed_0/tune_fedogda_s_linear_seed0_alpha0p5_cm5_wd0p001/predictions.npz,results/rerun_protocol_v1_tuning/fedogda_s_pilot_alpha0p5/linear/fedogda_s/seed_0/tune_fedogda_s_linear_seed0_alpha0p5_cm5_wd0p001
a0248,fedogda_s_tuning_pilot_all_configs,linear,fedogda_s,FedOGDA-S,0.5,0,best_validation_prediction,0.005244019519995384,0.05953235434310667,0.31229329190261734,0.21295272216865513,0.005192406546775755,381,0.0052440195199953766,0.0054113684328382155,,,True,results/rerun_protocol_v1_tuning/fedogda_s_pilot_alpha0p5/linear/fedogda_s/seed_0/tune_fedogda_s_linear_seed0_alpha0p5_cm5_wd0p01/predictions.npz,results/rerun_protocol_v1_tuning/fedogda_s_pilot_alpha0p5/linear/fedogda_s/seed_0/tune_fedogda_s_linear_seed0_alpha0p5_cm5_wd0p01
a0249,fedogda_s_tuning_pilot_all_configs,linear,fedogda_s,FedOGDA-S,0.5,0,best_validation_prediction,0.005244019519995384,0.05953235434310667,0.31229329190261734,0.21295272216865513,0.005192406546775755,381,0.0052440195199953766,0.0054113684328382155,,,True,results/rerun_protocol_v1_tuning/fedogda_s_pilot_alpha0p5/linear/fedogda_s/seed_0/tune_fedogda_s_linear_seed0_alpha0p5_cm5_wd0p03/predictions.npz,results/rerun_protocol_v1_tuning/fedogda_s_pilot_alpha0p5/linear/fedogda_s/seed_0/tune_fedogda_s_linear_seed0_alpha0p5_cm5_wd0p03
a0250,fedogda_s_tuning_pilot_all_configs,linear,fedogda_s,FedOGDA-S,0.5,0,best_validation_prediction,0.005244019519995384,0.05953235434310667,0.31229329190261734,0.21295272216865513,0.005192406546775755,381,0.0052440195199953766,0.0054113684328382155,,,True,results/rerun_protocol_v1_tuning/fedogda_s_pilot_alpha0p5/linear/fedogda_s/seed_0/tune_fedogda_s_linear_seed0_alpha0p5_cm5_wd0p1/predictions.npz,results/rerun_protocol_v1_tuning/fedogda_s_pilot_alpha0p5/linear/fedogda_s/seed_0/tune_fedogda_s_linear_seed0_alpha0p5_cm5_wd0p1
a0251,fedogda_s_tuning_pilot_all_configs,linear,fedogda_s,FedOGDA-S,0.5,0,best_validation_prediction,0.0007847149540269502,0.018463808295314053,0.15569250343269792,0.1432236701928744,0.0007822137267112849,440,0.0007847149540269521,0.0011582412758197687,,,True,results/rerun_protocol_v1_tuning/fedogda_s_pilot_alpha0p5/linear/fedogda_s/seed_0/tune_fedogda_s_linear_seed0_alpha0p5_cm10_wd0p001/predictions.npz,results/rerun_protocol_v1_tuning/fedogda_s_pilot_alpha0p5/linear/fedogda_s/seed_0/tune_fedogda_s_linear_seed0_alpha0p5_cm10_wd0p001
a0252,fedogda_s_tuning_pilot_all_configs,linear,fedogda_s,FedOGDA-S,0.5,0,best_validation_prediction,0.0007847149540269502,0.018463808295314053,0.15569250343269792,0.1432236701928744,0.0007822137267112849,440,0.0007847149540269521,0.0011582412758197687,,,True,results/rerun_protocol_v1_tuning/fedogda_s_pilot_alpha0p5/linear/fedogda_s/seed_0/tune_fedogda_s_linear_seed0_alpha0p5_cm10_wd0p01/predictions.npz,results/rerun_protocol_v1_tuning/fedogda_s_pilot_alpha0p5/linear/fedogda_s/seed_0/tune_fedogda_s_linear_seed0_alpha0p5_cm10_wd0p01
a0253,fedogda_s_tuning_pilot_all_configs,linear,fedogda_s,FedOGDA-S,0.5,0,best_validation_prediction,0.0007847149540269502,0.018463808295314053,0.15569250343269792,0.1432236701928744,0.0007822137267112849,440,0.0007847149540269521,0.0011582412758197687,,,True,results/rerun_protocol_v1_tuning/fedogda_s_pilot_alpha0p5/linear/fedogda_s/seed_0/tune_fedogda_s_linear_seed0_alpha0p5_cm10_wd0p03/predictions.npz,results/rerun_protocol_v1_tuning/fedogda_s_pilot_alpha0p5/linear/fedogda_s/seed_0/tune_fedogda_s_linear_seed0_alpha0p5_cm10_wd0p03
a0254,fedogda_s_tuning_pilot_all_configs,linear,fedogda_s,FedOGDA-S,0.5,0,best_validation_prediction,0.0007847149540269502,0.018463808295314053,0.15569250343269792,0.1432236701928744,0.0007822137267112849,440,0.0007847149540269521,0.0011582412758197687,,,True,results/rerun_protocol_v1_tuning/fedogda_s_pilot_alpha0p5/linear/fedogda_s/seed_0/tune_fedogda_s_linear_seed0_alpha0p5_cm10_wd0p1/predictions.npz,results/rerun_protocol_v1_tuning/fedogda_s_pilot_alpha0p5/linear/fedogda_s/seed_0/tune_fedogda_s_linear_seed0_alpha0p5_cm10_wd0p1
a0255,fedogda_s_tuning_pilot_selected,linear,fedogda_s,FedOGDA-S,0.5,0,best_validation_prediction,0.000317477587118435,0.015633619726454037,0.07883944902291806,0.11143494291939571,0.00031525785361828364,351,0.0003174775871184345,0.0012441588803776592,,,True,results/rerun_protocol_v1_tuning/fedogda_s_pilot_alpha0p5/linear/fedogda_s/seed_0/tune_fedogda_s_linear_seed0_alpha0p5_cm20_wd0p001/predictions.npz,results/rerun_protocol_v1_tuning/fedogda_s_pilot_alpha0p5/linear/fedogda_s/seed_0/tune_fedogda_s_linear_seed0_alpha0p5_cm20_wd0p001
a0256,fedogda_s_tuning_pilot_all_configs,linear,fedogda_s,FedOGDA-S,0.5,0,best_validation_prediction,0.000317477587118435,0.015633619726454037,0.07883944902291806,0.11143494291939571,0.00031525785361828364,351,0.0003174775871184345,0.0012441588803776592,,,True,results/rerun_protocol_v1_tuning/fedogda_s_pilot_alpha0p5/linear/fedogda_s/seed_0/tune_fedogda_s_linear_seed0_alpha0p5_cm20_wd0p01/predictions.npz,results/rerun_protocol_v1_tuning/fedogda_s_pilot_alpha0p5/linear/fedogda_s/seed_0/tune_fedogda_s_linear_seed0_alpha0p5_cm20_wd0p01
a0257,fedogda_s_tuning_pilot_all_configs,linear,fedogda_s,FedOGDA-S,0.5,0,best_validation_prediction,0.000317477587118435,0.015633619726454037,0.07883944902291806,0.11143494291939571,0.00031525785361828364,351,0.0003174775871184345,0.0012441588803776592,,,True,results/rerun_protocol_v1_tuning/fedogda_s_pilot_alpha0p5/linear/fedogda_s/seed_0/tune_fedogda_s_linear_seed0_alpha0p5_cm20_wd0p03/predictions.npz,results/rerun_protocol_v1_tuning/fedogda_s_pilot_alpha0p5/linear/fedogda_s/seed_0/tune_fedogda_s_linear_seed0_alpha0p5_cm20_wd0p03
a0258,fedogda_s_tuning_pilot_all_configs,linear,fedogda_s,FedOGDA-S,0.5,0,best_validation_prediction,0.000317477587118435,0.015633619726454037,0.07883944902291806,0.11143494291939571,0.00031525785361828364,351,0.0003174775871184345,0.0012441588803776592,,,True,results/rerun_protocol_v1_tuning/fedogda_s_pilot_alpha0p5/linear/fedogda_s/seed_0/tune_fedogda_s_linear_seed0_alpha0p5_cm20_wd0p1/predictions.npz,results/rerun_protocol_v1_tuning/fedogda_s_pilot_alpha0p5/linear/fedogda_s/seed_0/tune_fedogda_s_linear_seed0_alpha0p5_cm20_wd0p1
a0259,fedogda_s_tuning_pilot_all_configs,linear,fedogda_s,FedOGDA-S,0.5,1,best_validation_prediction,0.014470037391052466,0.09707809770192659,0.5137919779756532,1.4412442621435104,0.014650664037963492,446,0.014470037391052452,0.17535429544108957,,,True,results/rerun_protocol_v1_tuning/fedogda_s_pilot_alpha0p5/linear/fedogda_s/seed_1/tune_fedogda_s_linear_seed1_alpha0p5_cm2_wd0p001/predictions.npz,results/rerun_protocol_v1_tuning/fedogda_s_pilot_alpha0p5/linear/fedogda_s/seed_1/tune_fedogda_s_linear_seed1_alpha0p5_cm2_wd0p001
a0260,fedogda_s_tuning_pilot_all_configs,linear,fedogda_s,FedOGDA-S,0.5,1,best_validation_prediction,0.014470037391052466,0.09707809770192659,0.5137919779756532,1.4412442621435104,0.014650664037963492,446,0.014470037391052452,0.17535429544108957,,,True,results/rerun_protocol_v1_tuning/fedogda_s_pilot_alpha0p5/linear/fedogda_s/seed_1/tune_fedogda_s_linear_seed1_alpha0p5_cm2_wd0p01/predictions.npz,results/rerun_protocol_v1_tuning/fedogda_s_pilot_alpha0p5/linear/fedogda_s/seed_1/tune_fedogda_s_linear_seed1_alpha0p5_cm2_wd0p01
a0261,fedogda_s_tuning_pilot_all_configs,linear,fedogda_s,FedOGDA-S,0.5,1,best_validation_prediction,0.014470037391052466,0.09707809770192659,0.5137919779756532,1.4412442621435104,0.014650664037963492,446,0.014470037391052452,0.17535429544108957,,,True,results/rerun_protocol_v1_tuning/fedogda_s_pilot_alpha0p5/linear/fedogda_s/seed_1/tune_fedogda_s_linear_seed1_alpha0p5_cm2_wd0p03/predictions.npz,results/rerun_protocol_v1_tuning/fedogda_s_pilot_alpha0p5/linear/fedogda_s/seed_1/tune_fedogda_s_linear_seed1_alpha0p5_cm2_wd0p03
a0262,fedogda_s_tuning_pilot_all_configs,linear,fedogda_s,FedOGDA-S,0.5,1,best_validation_prediction,0.014470037391052466,0.09707809770192659,0.5137919779756532,1.4412442621435104,0.014650664037963492,446,0.014470037391052452,0.17535429544108957,,,True,results/rerun_protocol_v1_tuning/fedogda_s_pilot_alpha0p5/linear/fedogda_s/seed_1/tune_fedogda_s_linear_seed1_alpha0p5_cm2_wd0p1/predictions.npz,results/rerun_protocol_v1_tuning/fedogda_s_pilot_alpha0p5/linear/fedogda_s/seed_1/tune_fedogda_s_linear_seed1_alpha0p5_cm2_wd0p1
a0263,fedogda_s_tuning_pilot_all_configs,linear,fedogda_s,FedOGDA-S,0.5,1,best_validation_prediction,0.0018804638328278592,0.03781310750225659,0.15555153227052987,0.26567669279100237,0.0018412447965644077,486,0.0018804638328278553,0.007678416337486867,,,True,results/rerun_protocol_v1_tuning/fedogda_s_pilot_alpha0p5/linear/fedogda_s/seed_1/tune_fedogda_s_linear_seed1_alpha0p5_cm5_wd0p001/predictions.npz,results/rerun_protocol_v1_tuning/fedogda_s_pilot_alpha0p5/linear/fedogda_s/seed_1/tune_fedogda_s_linear_seed1_alpha0p5_cm5_wd0p001
a0264,fedogda_s_tuning_pilot_all_configs,linear,fedogda_s,FedOGDA-S,0.5,1,best_validation_prediction,0.0018804638328278592,0.03781310750225659,0.15555153227052987,0.26567669279100237,0.0018412447965644077,486,0.0018804638328278553,0.007678416337486867,,,True,results/rerun_protocol_v1_tuning/fedogda_s_pilot_alpha0p5/linear/fedogda_s/seed_1/tune_fedogda_s_linear_seed1_alpha0p5_cm5_wd0p01/predictions.npz,results/rerun_protocol_v1_tuning/fedogda_s_pilot_alpha0p5/linear/fedogda_s/seed_1/tune_fedogda_s_linear_seed1_alpha0p5_cm5_wd0p01
a0265,fedogda_s_tuning_pilot_all_configs,linear,fedogda_s,FedOGDA-S,0.5,1,best_validation_prediction,0.0018804638328278592,0.03781310750225659,0.15555153227052987,0.26567669279100237,0.0018412447965644077,486,0.0018804638328278553,0.007678416337486867,,,True,results/rerun_protocol_v1_tuning/fedogda_s_pilot_alpha0p5/linear/fedogda_s/seed_1/tune_fedogda_s_linear_seed1_alpha0p5_cm5_wd0p03/predictions.npz,results/rerun_protocol_v1_tuning/fedogda_s_pilot_alpha0p5/linear/fedogda_s/seed_1/tune_fedogda_s_linear_seed1_alpha0p5_cm5_wd0p03
a0266,fedogda_s_tuning_pilot_all_configs,linear,fedogda_s,FedOGDA-S,0.5,1,best_validation_prediction,0.0018804638328278592,0.03781310750225659,0.15555153227052987,0.26567669279100237,0.0018412447965644077,486,0.0018804638328278553,0.007678416337486867,,,True,results/rerun_protocol_v1_tuning/fedogda_s_pilot_alpha0p5/linear/fedogda_s/seed_1/tune_fedogda_s_linear_seed1_alpha0p5_cm5_wd0p1/predictions.npz,results/rerun_protocol_v1_tuning/fedogda_s_pilot_alpha0p5/linear/fedogda_s/seed_1/tune_fedogda_s_linear_seed1_alpha0p5_cm5_wd0p1
a0267,fedogda_s_tuning_pilot_all_configs,linear,fedogda_s,FedOGDA-S,0.5,1,best_validation_prediction,0.000767250964758521,0.021577747114817032,0.11287004994042138,0.12388895556780888,0.0007639782529321825,338,0.0007672509647585216,0.0020528830767290703,,,True,results/rerun_protocol_v1_tuning/fedogda_s_pilot_alpha0p5/linear/fedogda_s/seed_1/tune_fedogda_s_linear_seed1_alpha0p5_cm10_wd0p001/predictions.npz,results/rerun_protocol_v1_tuning/fedogda_s_pilot_alpha0p5/linear/fedogda_s/seed_1/tune_fedogda_s_linear_seed1_alpha0p5_cm10_wd0p001
a0268,fedogda_s_tuning_pilot_all_configs,linear,fedogda_s,FedOGDA-S,0.5,1,best_validation_prediction,0.000767250964758521,0.021577747114817032,0.11287004994042138,0.12388895556780888,0.0007639782529321825,338,0.0007672509647585216,0.0020528830767290703,,,True,results/rerun_protocol_v1_tuning/fedogda_s_pilot_alpha0p5/linear/fedogda_s/seed_1/tune_fedogda_s_linear_seed1_alpha0p5_cm10_wd0p01/predictions.npz,results/rerun_protocol_v1_tuning/fedogda_s_pilot_alpha0p5/linear/fedogda_s/seed_1/tune_fedogda_s_linear_seed1_alpha0p5_cm10_wd0p01
a0269,fedogda_s_tuning_pilot_all_configs,linear,fedogda_s,FedOGDA-S,0.5,1,best_validation_prediction,0.000767250964758521,0.021577747114817032,0.11287004994042138,0.12388895556780888,0.0007639782529321825,338,0.0007672509647585216,0.0020528830767290703,,,True,results/rerun_protocol_v1_tuning/fedogda_s_pilot_alpha0p5/linear/fedogda_s/seed_1/tune_fedogda_s_linear_seed1_alpha0p5_cm10_wd0p03/predictions.npz,results/rerun_protocol_v1_tuning/fedogda_s_pilot_alpha0p5/linear/fedogda_s/seed_1/tune_fedogda_s_linear_seed1_alpha0p5_cm10_wd0p03
a0270,fedogda_s_tuning_pilot_all_configs,linear,fedogda_s,FedOGDA-S,0.5,1,best_validation_prediction,0.000767250964758521,0.021577747114817032,0.11287004994042138,0.12388895556780888,0.0007639782529321825,338,0.0007672509647585216,0.0020528830767290703,,,True,results/rerun_protocol_v1_tuning/fedogda_s_pilot_alpha0p5/linear/fedogda_s/seed_1/tune_fedogda_s_linear_seed1_alpha0p5_cm10_wd0p1/predictions.npz,results/rerun_protocol_v1_tuning/fedogda_s_pilot_alpha0p5/linear/fedogda_s/seed_1/tune_fedogda_s_linear_seed1_alpha0p5_cm10_wd0p1
a0271,fedogda_s_tuning_pilot_selected,linear,fedogda_s,FedOGDA-S,0.5,1,best_validation_prediction,0.0005957834637334915,0.020453536983728142,0.09793489329964022,0.05752170791735822,0.0005910273538212228,477,0.0005957834637334901,0.0007748562799771133,,,True,results/rerun_protocol_v1_tuning/fedogda_s_pilot_alpha0p5/linear/fedogda_s/seed_1/tune_fedogda_s_linear_seed1_alpha0p5_cm20_wd0p001/predictions.npz,results/rerun_protocol_v1_tuning/fedogda_s_pilot_alpha0p5/linear/fedogda_s/seed_1/tune_fedogda_s_linear_seed1_alpha0p5_cm20_wd0p001
a0272,fedogda_s_tuning_pilot_all_configs,linear,fedogda_s,FedOGDA-S,0.5,1,best_validation_prediction,0.0005957834637334915,0.020453536983728142,0.09793489329964022,0.05752170791735822,0.0005910273538212228,477,0.0005957834637334901,0.0007748562799771133,,,True,results/rerun_protocol_v1_tuning/fedogda_s_pilot_alpha0p5/linear/fedogda_s/seed_1/tune_fedogda_s_linear_seed1_alpha0p5_cm20_wd0p01/predictions.npz,results/rerun_protocol_v1_tuning/fedogda_s_pilot_alpha0p5/linear/fedogda_s/seed_1/tune_fedogda_s_linear_seed1_alpha0p5_cm20_wd0p01
a0273,fedogda_s_tuning_pilot_all_configs,linear,fedogda_s,FedOGDA-S,0.5,1,best_validation_prediction,0.0005957834637334915,0.020453536983728142,0.09793489329964022,0.05752170791735822,0.0005910273538212228,477,0.0005957834637334901,0.0007748562799771133,,,True,results/rerun_protocol_v1_tuning/fedogda_s_pilot_alpha0p5/linear/fedogda_s/seed_1/tune_fedogda_s_linear_seed1_alpha0p5_cm20_wd0p03/predictions.npz,results/rerun_protocol_v1_tuning/fedogda_s_pilot_alpha0p5/linear/fedogda_s/seed_1/tune_fedogda_s_linear_seed1_alpha0p5_cm20_wd0p03
a0274,fedogda_s_tuning_pilot_all_configs,linear,fedogda_s,FedOGDA-S,0.5,1,best_validation_prediction,0.0005957834637334915,0.020453536983728142,0.09793489329964022,0.05752170791735822,0.0005910273538212228,477,0.0005957834637334901,0.0007748562799771133,,,True,results/rerun_protocol_v1_tuning/fedogda_s_pilot_alpha0p5/linear/fedogda_s/seed_1/tune_fedogda_s_linear_seed1_alpha0p5_cm20_wd0p1/predictions.npz,results/rerun_protocol_v1_tuning/fedogda_s_pilot_alpha0p5/linear/fedogda_s/seed_1/tune_fedogda_s_linear_seed1_alpha0p5_cm20_wd0p1
a0275,fedogda_s_tuning_pilot_all_configs,linear,fedogda_s,FedOGDA-S,0.5,2,best_validation_prediction,0.011014833582724646,0.08900144857772983,0.29908527031058285,1.2749794071360014,0.01094605866722792,293,0.01101483358272468,0.17566016391612638,,,True,results/rerun_protocol_v1_tuning/fedogda_s_pilot_alpha0p5/linear/fedogda_s/seed_2/tune_fedogda_s_linear_seed2_alpha0p5_cm2_wd0p001/predictions.npz,results/rerun_protocol_v1_tuning/fedogda_s_pilot_alpha0p5/linear/fedogda_s/seed_2/tune_fedogda_s_linear_seed2_alpha0p5_cm2_wd0p001
a0276,fedogda_s_tuning_pilot_all_configs,linear,fedogda_s,FedOGDA-S,0.5,2,best_validation_prediction,0.011014833582724646,0.08900144857772983,0.29908527031058285,1.2749794071360014,0.01094605866722792,293,0.01101483358272468,0.17566016391612638,,,True,results/rerun_protocol_v1_tuning/fedogda_s_pilot_alpha0p5/linear/fedogda_s/seed_2/tune_fedogda_s_linear_seed2_alpha0p5_cm2_wd0p01/predictions.npz,results/rerun_protocol_v1_tuning/fedogda_s_pilot_alpha0p5/linear/fedogda_s/seed_2/tune_fedogda_s_linear_seed2_alpha0p5_cm2_wd0p01
a0277,fedogda_s_tuning_pilot_all_configs,linear,fedogda_s,FedOGDA-S,0.5,2,best_validation_prediction,0.011014833582724646,0.08900144857772983,0.29908527031058285,1.2749794071360014,0.01094605866722792,293,0.01101483358272468,0.17566016391612638,,,True,results/rerun_protocol_v1_tuning/fedogda_s_pilot_alpha0p5/linear/fedogda_s/seed_2/tune_fedogda_s_linear_seed2_alpha0p5_cm2_wd0p03/predictions.npz,results/rerun_protocol_v1_tuning/fedogda_s_pilot_alpha0p5/linear/fedogda_s/seed_2/tune_fedogda_s_linear_seed2_alpha0p5_cm2_wd0p03
a0278,fedogda_s_tuning_pilot_all_configs,linear,fedogda_s,FedOGDA-S,0.5,2,best_validation_prediction,0.011014833582724646,0.08900144857772983,0.29908527031058285,1.2749794071360014,0.01094605866722792,293,0.01101483358272468,0.17566016391612638,,,True,results/rerun_protocol_v1_tuning/fedogda_s_pilot_alpha0p5/linear/fedogda_s/seed_2/tune_fedogda_s_linear_seed2_alpha0p5_cm2_wd0p1/predictions.npz,results/rerun_protocol_v1_tuning/fedogda_s_pilot_alpha0p5/linear/fedogda_s/seed_2/tune_fedogda_s_linear_seed2_alpha0p5_cm2_wd0p1
a0279,fedogda_s_tuning_pilot_all_configs,linear,fedogda_s,FedOGDA-S,0.5,2,best_validation_prediction,0.012394574414133374,0.08800547998970112,0.5447007213085202,0.38754159695411206,0.012198857354528083,183,0.012394574414133394,0.02945761142436646,,,True,results/rerun_protocol_v1_tuning/fedogda_s_pilot_alpha0p5/linear/fedogda_s/seed_2/tune_fedogda_s_linear_seed2_alpha0p5_cm5_wd0p001/predictions.npz,results/rerun_protocol_v1_tuning/fedogda_s_pilot_alpha0p5/linear/fedogda_s/seed_2/tune_fedogda_s_linear_seed2_alpha0p5_cm5_wd0p001
a0280,fedogda_s_tuning_pilot_all_configs,linear,fedogda_s,FedOGDA-S,0.5,2,best_validation_prediction,0.012394574414133374,0.08800547998970112,0.5447007213085202,0.38754159695411206,0.012198857354528083,183,0.012394574414133394,0.02945761142436646,,,True,results/rerun_protocol_v1_tuning/fedogda_s_pilot_alpha0p5/linear/fedogda_s/seed_2/tune_fedogda_s_linear_seed2_alpha0p5_cm5_wd0p01/predictions.npz,results/rerun_protocol_v1_tuning/fedogda_s_pilot_alpha0p5/linear/fedogda_s/seed_2/tune_fedogda_s_linear_seed2_alpha0p5_cm5_wd0p01
a0281,fedogda_s_tuning_pilot_all_configs,linear,fedogda_s,FedOGDA-S,0.5,2,best_validation_prediction,0.012394574414133374,0.08800547998970112,0.5447007213085202,0.38754159695411206,0.012198857354528083,183,0.012394574414133394,0.02945761142436646,,,True,results/rerun_protocol_v1_tuning/fedogda_s_pilot_alpha0p5/linear/fedogda_s/seed_2/tune_fedogda_s_linear_seed2_alpha0p5_cm5_wd0p03/predictions.npz,results/rerun_protocol_v1_tuning/fedogda_s_pilot_alpha0p5/linear/fedogda_s/seed_2/tune_fedogda_s_linear_seed2_alpha0p5_cm5_wd0p03
a0282,fedogda_s_tuning_pilot_all_configs,linear,fedogda_s,FedOGDA-S,0.5,2,best_validation_prediction,0.012394574414133374,0.08800547998970112,0.5447007213085202,0.38754159695411206,0.012198857354528083,183,0.012394574414133394,0.02945761142436646,,,True,results/rerun_protocol_v1_tuning/fedogda_s_pilot_alpha0p5/linear/fedogda_s/seed_2/tune_fedogda_s_linear_seed2_alpha0p5_cm5_wd0p1/predictions.npz,results/rerun_protocol_v1_tuning/fedogda_s_pilot_alpha0p5/linear/fedogda_s/seed_2/tune_fedogda_s_linear_seed2_alpha0p5_cm5_wd0p1
a0283,fedogda_s_tuning_pilot_all_configs,linear,fedogda_s,FedOGDA-S,0.5,2,best_validation_prediction,0.007251052753362227,0.07106894247183404,0.32947809105535897,0.0,0.007075657910292095,499,0.007251052753362265,0.007251052753362265,,,True,results/rerun_protocol_v1_tuning/fedogda_s_pilot_alpha0p5/linear/fedogda_s/seed_2/tune_fedogda_s_linear_seed2_alpha0p5_cm10_wd0p001/predictions.npz,results/rerun_protocol_v1_tuning/fedogda_s_pilot_alpha0p5/linear/fedogda_s/seed_2/tune_fedogda_s_linear_seed2_alpha0p5_cm10_wd0p001
a0284,fedogda_s_tuning_pilot_all_configs,linear,fedogda_s,FedOGDA-S,0.5,2,best_validation_prediction,0.007251052753362227,0.07106894247183404,0.32947809105535897,0.0,0.007075657910292095,499,0.007251052753362265,0.007251052753362265,,,True,results/rerun_protocol_v1_tuning/fedogda_s_pilot_alpha0p5/linear/fedogda_s/seed_2/tune_fedogda_s_linear_seed2_alpha0p5_cm10_wd0p01/predictions.npz,results/rerun_protocol_v1_tuning/fedogda_s_pilot_alpha0p5/linear/fedogda_s/seed_2/tune_fedogda_s_linear_seed2_alpha0p5_cm10_wd0p01
a0285,fedogda_s_tuning_pilot_all_configs,linear,fedogda_s,FedOGDA-S,0.5,2,best_validation_prediction,0.007251052753362227,0.07106894247183404,0.32947809105535897,0.0,0.007075657910292095,499,0.007251052753362265,0.007251052753362265,,,True,results/rerun_protocol_v1_tuning/fedogda_s_pilot_alpha0p5/linear/fedogda_s/seed_2/tune_fedogda_s_linear_seed2_alpha0p5_cm10_wd0p03/predictions.npz,results/rerun_protocol_v1_tuning/fedogda_s_pilot_alpha0p5/linear/fedogda_s/seed_2/tune_fedogda_s_linear_seed2_alpha0p5_cm10_wd0p03
a0286,fedogda_s_tuning_pilot_all_configs,linear,fedogda_s,FedOGDA-S,0.5,2,best_validation_prediction,0.007251052753362227,0.07106894247183404,0.32947809105535897,0.0,0.007075657910292095,499,0.007251052753362265,0.007251052753362265,,,True,results/rerun_protocol_v1_tuning/fedogda_s_pilot_alpha0p5/linear/fedogda_s/seed_2/tune_fedogda_s_linear_seed2_alpha0p5_cm10_wd0p1/predictions.npz,results/rerun_protocol_v1_tuning/fedogda_s_pilot_alpha0p5/linear/fedogda_s/seed_2/tune_fedogda_s_linear_seed2_alpha0p5_cm10_wd0p1
a0287,fedogda_s_tuning_pilot_selected,linear,fedogda_s,FedOGDA-S,0.5,2,best_validation_prediction,0.001989584106619678,0.03633564158790011,0.1869301320440535,0.0,0.0019569719005613773,499,0.0019895841066196658,0.0019895841066196658,,,True,results/rerun_protocol_v1_tuning/fedogda_s_pilot_alpha0p5/linear/fedogda_s/seed_2/tune_fedogda_s_linear_seed2_alpha0p5_cm20_wd0p001/predictions.npz,results/rerun_protocol_v1_tuning/fedogda_s_pilot_alpha0p5/linear/fedogda_s/seed_2/tune_fedogda_s_linear_seed2_alpha0p5_cm20_wd0p001
a0288,fedogda_s_tuning_pilot_all_configs,linear,fedogda_s,FedOGDA-S,0.5,2,best_validation_prediction,0.001989584106619678,0.03633564158790011,0.1869301320440535,0.0,0.0019569719005613773,499,0.0019895841066196658,0.0019895841066196658,,,True,results/rerun_protocol_v1_tuning/fedogda_s_pilot_alpha0p5/linear/fedogda_s/seed_2/tune_fedogda_s_linear_seed2_alpha0p5_cm20_wd0p01/predictions.npz,results/rerun_protocol_v1_tuning/fedogda_s_pilot_alpha0p5/linear/fedogda_s/seed_2/tune_fedogda_s_linear_seed2_alpha0p5_cm20_wd0p01
a0289,fedogda_s_tuning_pilot_all_configs,linear,fedogda_s,FedOGDA-S,0.5,2,best_validation_prediction,0.001989584106619678,0.03633564158790011,0.1869301320440535,0.0,0.0019569719005613773,499,0.0019895841066196658,0.0019895841066196658,,,True,results/rerun_protocol_v1_tuning/fedogda_s_pilot_alpha0p5/linear/fedogda_s/seed_2/tune_fedogda_s_linear_seed2_alpha0p5_cm20_wd0p03/predictions.npz,results/rerun_protocol_v1_tuning/fedogda_s_pilot_alpha0p5/linear/fedogda_s/seed_2/tune_fedogda_s_linear_seed2_alpha0p5_cm20_wd0p03
a0290,fedogda_s_tuning_pilot_all_configs,linear,fedogda_s,FedOGDA-S,0.5,2,best_validation_prediction,0.001989584106619678,0.03633564158790011,0.1869301320440535,0.0,0.0019569719005613773,499,0.0019895841066196658,0.0019895841066196658,,,True,results/rerun_protocol_v1_tuning/fedogda_s_pilot_alpha0p5/linear/fedogda_s/seed_2/tune_fedogda_s_linear_seed2_alpha0p5_cm20_wd0p1/predictions.npz,results/rerun_protocol_v1_tuning/fedogda_s_pilot_alpha0p5/linear/fedogda_s/seed_2/tune_fedogda_s_linear_seed2_alpha0p5_cm20_wd0p1
a0291,centralized_c5_tuned_gda_sgda,abs,gda,DeepGMM-GDA,na,0,best_validation_prediction,0.05431485708867765,0.19420373639062619,0.9309404382677418,0.0,0.05302576367829993,499,0.054314857088677705,0.054314857088677705,validation,False,True,results/centralized_lowdim_v1_tuning/c5_gda_sgda_lr_screen/abs/gda/seed_0/glr_0p005_flr_0p03/predictions.npz,results/centralized_lowdim_v1_tuning/c5_gda_sgda_lr_screen/abs/gda/seed_0/glr_0p005_flr_0p03
a0292,centralized_c5_tuned_gda_sgda,abs,gda,DeepGMM-GDA,na,1,best_validation_prediction,0.10983557881627419,0.2708456548678259,1.6093652891307468,0.0,0.10632701740698818,499,0.10983557881627441,0.10983557881627441,validation,False,True,results/centralized_lowdim_v1_tuning/c5b_gda_sgda_lr_confirm/abs/gda/seed_1/glr_0p005_flr_0p03/predictions.npz,results/centralized_lowdim_v1_tuning/c5b_gda_sgda_lr_confirm/abs/gda/seed_1/glr_0p005_flr_0p03
a0293,centralized_c5_tuned_gda_sgda,abs,gda,DeepGMM-GDA,na,2,best_validation_prediction,0.004356505613566911,0.052116914988508824,0.38472426082382705,0.0,0.004204602522418393,499,0.004356505613566896,0.004356505613566896,validation,False,True,results/centralized_lowdim_v1_tuning/c5b_gda_sgda_lr_confirm/abs/gda/seed_2/glr_0p005_flr_0p03/predictions.npz,results/centralized_lowdim_v1_tuning/c5b_gda_sgda_lr_confirm/abs/gda/seed_2/glr_0p005_flr_0p03
a0294,centralized_c5_tuned_gda_sgda,abs,sgda,DeepGMM-SGDA,na,0,best_validation_prediction,0.05147121728718951,0.18934811594895565,0.8484053042755983,0.0,0.050380845932419975,499,0.05147121728718953,0.05147121728718953,validation,False,True,results/centralized_lowdim_v1_tuning/c5_gda_sgda_lr_screen/abs/sgda/seed_0/glr_0p005_flr_0p03/predictions.npz,results/centralized_lowdim_v1_tuning/c5_gda_sgda_lr_screen/abs/sgda/seed_0/glr_0p005_flr_0p03
a0295,centralized_c5_tuned_gda_sgda,abs,sgda,DeepGMM-SGDA,na,1,best_validation_prediction,0.11368856159290786,0.275430337940593,1.62817507964461,0.0,0.11010715280738495,499,0.11368856159290733,0.11368856159290733,validation,False,True,results/centralized_lowdim_v1_tuning/c5b_gda_sgda_lr_confirm/abs/sgda/seed_1/glr_0p005_flr_0p03/predictions.npz,results/centralized_lowdim_v1_tuning/c5b_gda_sgda_lr_confirm/abs/sgda/seed_1/glr_0p005_flr_0p03
a0296,centralized_c5_tuned_gda_sgda,abs,sgda,DeepGMM-SGDA,na,2,best_validation_prediction,0.0036149451869550773,0.047935531683723186,0.3505386838496074,0.0,0.00349665773829746,499,0.003614945186955071,0.003614945186955071,validation,False,True,results/centralized_lowdim_v1_tuning/c5b_gda_sgda_lr_confirm/abs/sgda/seed_2/glr_0p005_flr_0p03/predictions.npz,results/centralized_lowdim_v1_tuning/c5b_gda_sgda_lr_confirm/abs/sgda/seed_2/glr_0p005_flr_0p03
a0297,centralized_c5_tuned_gda_sgda,linear,gda,DeepGMM-GDA,na,0,best_validation_prediction,0.015596942119116627,0.10011795488240641,0.5457079946158767,0.744097602471439,0.015301129722497654,440,0.015596942119116596,0.07755469605159047,validation,False,True,results/centralized_lowdim_v1_tuning/c5_gda_sgda_lr_screen/linear/gda/seed_0/glr_0p005_flr_0p03/predictions.npz,results/centralized_lowdim_v1_tuning/c5_gda_sgda_lr_screen/linear/gda/seed_0/glr_0p005_flr_0p03
a0298,centralized_c5_tuned_gda_sgda,linear,gda,DeepGMM-GDA,na,1,best_validation_prediction,0.012042814708910433,0.09071987603311704,0.47116698563896686,0.40302255533696796,0.011748277213242068,319,0.012042814708910358,0.02600928585743516,validation,False,True,results/centralized_lowdim_v1_tuning/c5b_gda_sgda_lr_confirm/linear/gda/seed_1/glr_0p005_flr_0p03/predictions.npz,results/centralized_lowdim_v1_tuning/c5b_gda_sgda_lr_confirm/linear/gda/seed_1/glr_0p005_flr_0p03
a0299,centralized_c5_tuned_gda_sgda,linear,gda,DeepGMM-GDA,na,2,best_validation_prediction,0.0009915312770676999,0.023080531994398298,0.14438057087160305,0.8447052056771809,0.0009900679516931454,73,0.0009915312770676994,0.050379380143635646,validation,False,True,results/centralized_lowdim_v1_tuning/c5b_gda_sgda_lr_confirm/linear/gda/seed_2/glr_0p005_flr_0p03/predictions.npz,results/centralized_lowdim_v1_tuning/c5b_gda_sgda_lr_confirm/linear/gda/seed_2/glr_0p005_flr_0p03
a0300,centralized_c5_tuned_gda_sgda,linear,sgda,DeepGMM-SGDA,na,0,best_validation_prediction,0.011146386879056792,0.08812263331408822,0.44393982412988975,1.025297582156576,0.010889469178672782,434,0.011146386879056738,0.09941223116147384,validation,False,True,results/centralized_lowdim_v1_tuning/c5_gda_sgda_lr_screen/linear/sgda/seed_0/glr_0p005_flr_0p03/predictions.npz,results/centralized_lowdim_v1_tuning/c5_gda_sgda_lr_screen/linear/sgda/seed_0/glr_0p005_flr_0p03
a0301,centralized_c5_tuned_gda_sgda,linear,sgda,DeepGMM-SGDA,na,1,best_validation_prediction,0.011690063027747418,0.08868235057530424,0.49065625379377753,0.3888462045377157,0.011371893185553586,320,0.011690063027747406,0.026781550794295214,validation,False,True,results/centralized_lowdim_v1_tuning/c5b_gda_sgda_lr_confirm/linear/sgda/seed_1/glr_0p005_flr_0p03/predictions.npz,results/centralized_lowdim_v1_tuning/c5b_gda_sgda_lr_confirm/linear/sgda/seed_1/glr_0p005_flr_0p03
a0302,centralized_c5_tuned_gda_sgda,linear,sgda,DeepGMM-SGDA,na,2,best_validation_prediction,0.0011554443949617274,0.02823758464806973,0.17016252412665578,0.7930219088038828,0.0011519770934856305,73,0.0011554443949617263,0.04770785152391305,validation,False,True,results/centralized_lowdim_v1_tuning/c5b_gda_sgda_lr_confirm/linear/sgda/seed_2/glr_0p005_flr_0p03/predictions.npz,results/centralized_lowdim_v1_tuning/c5b_gda_sgda_lr_confirm/linear/sgda/seed_2/glr_0p005_flr_0p03
a0303,centralized_c5_tuned_gda_sgda,sin,gda,DeepGMM-GDA,na,0,best_validation_prediction,0.09482033723840273,0.2586044358857036,1.0511717640012979,0.21624406882859104,0.09374256732495806,470,0.0948203372384028,0.09890828284303067,validation,False,True,results/centralized_lowdim_v1_tuning/c5_gda_sgda_lr_screen/sin/gda/seed_0/glr_0p005_flr_0p03/predictions.npz,results/centralized_lowdim_v1_tuning/c5_gda_sgda_lr_screen/sin/gda/seed_0/glr_0p005_flr_0p03
a0304,centralized_c5_tuned_gda_sgda,sin,gda,DeepGMM-GDA,na,1,best_validation_prediction,0.08118429031668342,0.24394496694446058,0.90390734437018,0.17344436239672056,0.0801376191109789,468,0.08118429031668362,0.08403226923094712,validation,False,True,results/centralized_lowdim_v1_tuning/c5b_gda_sgda_lr_confirm/sin/gda/seed_1/glr_0p005_flr_0p03/predictions.npz,results/centralized_lowdim_v1_tuning/c5b_gda_sgda_lr_confirm/sin/gda/seed_1/glr_0p005_flr_0p03
a0305,centralized_c5_tuned_gda_sgda,sin,gda,DeepGMM-GDA,na,2,best_validation_prediction,0.08534746667293758,0.24720762765244086,0.9493997134024496,0.0996299296331856,0.08276295925994495,458,0.08534746667293774,0.08533846782872886,validation,False,True,results/centralized_lowdim_v1_tuning/c5b_gda_sgda_lr_confirm/sin/gda/seed_2/glr_0p005_flr_0p03/predictions.npz,results/centralized_lowdim_v1_tuning/c5b_gda_sgda_lr_confirm/sin/gda/seed_2/glr_0p005_flr_0p03
a0306,centralized_c5_tuned_gda_sgda,sin,sgda,DeepGMM-SGDA,na,0,best_validation_prediction,0.09568293542117091,0.258282601259631,1.0269041670987447,0.36164863022211724,0.09440103388577842,459,0.09568293542117115,0.1042182379283322,validation,False,True,results/centralized_lowdim_v1_tuning/c5_gda_sgda_lr_screen/sin/sgda/seed_0/glr_0p005_flr_0p03/predictions.npz,results/centralized_lowdim_v1_tuning/c5_gda_sgda_lr_screen/sin/sgda/seed_0/glr_0p005_flr_0p03
a0307,centralized_c5_tuned_gda_sgda,sin,sgda,DeepGMM-SGDA,na,1,best_validation_prediction,0.08171502878435032,0.24553121087870505,0.8756166824530618,0.29229597450763245,0.08054649712154029,455,0.08171502878435061,0.08712774396704391,validation,False,True,results/centralized_lowdim_v1_tuning/c5b_gda_sgda_lr_confirm/sin/sgda/seed_1/glr_0p005_flr_0p03/predictions.npz,results/centralized_lowdim_v1_tuning/c5b_gda_sgda_lr_confirm/sin/sgda/seed_1/glr_0p005_flr_0p03
a0308,centralized_c5_tuned_gda_sgda,sin,sgda,DeepGMM-SGDA,na,2,best_validation_prediction,0.08564188668616513,0.24709991501810105,0.9451054129465302,0.15480337825674714,0.08311841282108942,181,0.08564188668616475,0.08647976449475248,validation,False,True,results/centralized_lowdim_v1_tuning/c5b_gda_sgda_lr_confirm/sin/sgda/seed_2/glr_0p005_flr_0p03/predictions.npz,results/centralized_lowdim_v1_tuning/c5b_gda_sgda_lr_confirm/sin/sgda/seed_2/glr_0p005_flr_0p03
a0309,centralized_c5_tuned_gda_sgda,step,gda,DeepGMM-GDA,na,0,best_validation_prediction,0.03836291758160285,0.1523853408693894,0.8252415905217111,0.2119512854439607,0.03809920333915281,473,0.03836291758160272,0.04219264190675902,validation,False,True,results/centralized_lowdim_v1_tuning/c5_gda_sgda_lr_screen/step/gda/seed_0/glr_0p005_flr_0p03/predictions.npz,results/centralized_lowdim_v1_tuning/c5_gda_sgda_lr_screen/step/gda/seed_0/glr_0p005_flr_0p03
a0310,centralized_c5_tuned_gda_sgda,step,gda,DeepGMM-GDA,na,1,best_validation_prediction,0.030032276121409244,0.15062583135801247,0.5453300285341386,0.0,0.029781702692594985,499,0.03003227612140899,0.03003227612140899,validation,False,True,results/centralized_lowdim_v1_tuning/c5b_gda_sgda_lr_confirm/step/gda/seed_1/glr_0p005_flr_0p03/predictions.npz,results/centralized_lowdim_v1_tuning/c5b_gda_sgda_lr_confirm/step/gda/seed_1/glr_0p005_flr_0p03
a0311,centralized_c5_tuned_gda_sgda,step,gda,DeepGMM-GDA,na,2,best_validation_prediction,0.02818039719255571,0.14119938786231906,0.6367923793537409,0.2729563539557248,0.027617710485785853,56,0.028180397192555735,0.03245915446208441,validation,False,True,results/centralized_lowdim_v1_tuning/c5b_gda_sgda_lr_confirm/step/gda/seed_2/glr_0p005_flr_0p03/predictions.npz,results/centralized_lowdim_v1_tuning/c5b_gda_sgda_lr_confirm/step/gda/seed_2/glr_0p005_flr_0p03
a0312,centralized_c5_tuned_gda_sgda,step,sgda,DeepGMM-SGDA,na,0,best_validation_prediction,0.03859078527204635,0.1520347674978605,0.7964811157545092,0.38768432527028485,0.03829504144146457,463,0.0385907852720464,0.0489508200444193,validation,False,True,results/centralized_lowdim_v1_tuning/c5_gda_sgda_lr_screen/step/sgda/seed_0/glr_0p005_flr_0p03/predictions.npz,results/centralized_lowdim_v1_tuning/c5_gda_sgda_lr_screen/step/sgda/seed_0/glr_0p005_flr_0p03
a0313,centralized_c5_tuned_gda_sgda,step,sgda,DeepGMM-SGDA,na,1,best_validation_prediction,0.02876437565678977,0.14398150614274693,0.6109627831423255,0.0,0.028516111819436498,499,0.02876437565678985,0.02876437565678985,validation,False,True,results/centralized_lowdim_v1_tuning/c5b_gda_sgda_lr_confirm/step/sgda/seed_1/glr_0p005_flr_0p03/predictions.npz,results/centralized_lowdim_v1_tuning/c5b_gda_sgda_lr_confirm/step/sgda/seed_1/glr_0p005_flr_0p03
a0314,centralized_c5_tuned_gda_sgda,step,sgda,DeepGMM-SGDA,na,2,best_validation_prediction,0.0285495001777287,0.14197494092208898,0.6668498531374378,0.28409670073341,0.027936490191135442,57,0.02854950017772844,0.032914915910189135,validation,False,True,results/centralized_lowdim_v1_tuning/c5b_gda_sgda_lr_confirm/step/sgda/seed_2/glr_0p005_flr_0p03/predictions.npz,results/centralized_lowdim_v1_tuning/c5b_gda_sgda_lr_confirm/step/sgda/seed_2/glr_0p005_flr_0p03
a0315,centralized_c3_oadam,abs,oadam,DeepGMM-OAdam,na,0,best_validation_prediction,0.0025611681405078657,0.03453739410772946,0.15395964062559175,0.8597431958628214,0.002452301260900929,293,0.0025611681405078635,0.051634071007821886,validation,False,True,results/centralized_lowdim_v1/abs/oadam/seed_0/predictions.npz,results/centralized_lowdim_v1/abs/oadam/seed_0
a0316,centralized_c3_oadam,abs,oadam,DeepGMM-OAdam,na,1,best_validation_prediction,0.0018639669781899278,0.031023843508871926,0.2911081205642383,0.7605329512153409,0.001860230969645918,367,0.001863966978189924,0.026665649565852753,validation,False,True,results/centralized_lowdim_v1/abs/oadam/seed_1/predictions.npz,results/centralized_lowdim_v1/abs/oadam/seed_1
a0317,centralized_c3_oadam,abs,oadam,DeepGMM-OAdam,na,2,best_validation_prediction,0.0009134084095054984,0.025245398626293526,0.152174021798811,0.29801201937055755,0.0009024838437940774,146,0.0009134084095055021,0.0036061974557498404,validation,False,True,results/centralized_lowdim_v1/abs/oadam/seed_2/predictions.npz,results/centralized_lowdim_v1/abs/oadam/seed_2
a0318,centralized_c3_oadam,step,oadam,DeepGMM-OAdam,na,0,best_validation_prediction,0.017875128368278457,0.11070830814957455,0.44479659244652575,0.5911663235904653,0.017543878947170563,492,0.017875128368278575,0.03242381415706493,validation,False,True,results/centralized_lowdim_v1/step/oadam/seed_0/predictions.npz,results/centralized_lowdim_v1/step/oadam/seed_0
a0319,centralized_c3_oadam,step,oadam,DeepGMM-OAdam,na,1,best_validation_prediction,0.01689954924351917,0.10533921936524057,0.3572666852353731,0.0,0.01673041167963161,499,0.01689954924351908,0.01689954924351908,validation,False,True,results/centralized_lowdim_v1/step/oadam/seed_1/predictions.npz,results/centralized_lowdim_v1/step/oadam/seed_1
a0320,centralized_c3_oadam,step,oadam,DeepGMM-OAdam,na,2,best_validation_prediction,0.01686736490852889,0.10608836963587191,0.42364916187791546,0.10734454959714967,0.016643408641366625,498,0.01686736490852871,0.017579706108875708,validation,False,True,results/centralized_lowdim_v1/step/oadam/seed_2/predictions.npz,results/centralized_lowdim_v1/step/oadam/seed_2
a0321,centralized_c3_oadam,linear,oadam,DeepGMM-OAdam,na,0,best_validation_prediction,0.0002649107641041928,0.011358895262852213,0.08602492329980116,0.7997671976903507,0.00026428704740054355,196,0.00026491076410419093,0.038438805462519036,validation,False,True,results/centralized_lowdim_v1/linear/oadam/seed_0/predictions.npz,results/centralized_lowdim_v1/linear/oadam/seed_0
a0322,centralized_c3_oadam,linear,oadam,DeepGMM-OAdam,na,1,best_validation_prediction,0.0005597226160668667,0.01976296262659671,0.10800817682490926,0.5226549438567272,0.0005486386061580602,199,0.0005597226160668643,0.01815513756954807,validation,False,True,results/centralized_lowdim_v1/linear/oadam/seed_1/predictions.npz,results/centralized_lowdim_v1/linear/oadam/seed_1
a0323,centralized_c3_oadam,linear,oadam,DeepGMM-OAdam,na,2,best_validation_prediction,0.0014543578255949284,0.029467627864170703,0.18141206058936543,0.3900134894444409,0.00141896052137459,414,0.0014543578255949284,0.00839947465908146,validation,False,True,results/centralized_lowdim_v1/linear/oadam/seed_2/predictions.npz,results/centralized_lowdim_v1/linear/oadam/seed_2
a0324,centralized_c3_oadam,sin,oadam,DeepGMM-OAdam,na,0,best_validation_prediction,0.041369989210848016,0.15504052570687393,0.6871386775304076,0.0,0.040151246673851296,499,0.04136998921084803,0.04136998921084803,validation,False,True,results/centralized_lowdim_v1/sin/oadam/seed_0/predictions.npz,results/centralized_lowdim_v1/sin/oadam/seed_0
a0325,centralized_c3_oadam,sin,oadam,DeepGMM-OAdam,na,1,best_validation_prediction,0.03458292035956867,0.14831998035836236,0.5404359285664738,0.07717496243004394,0.033902544024302116,498,0.03458292035956873,0.03504909269508951,validation,False,True,results/centralized_lowdim_v1/sin/oadam/seed_1/predictions.npz,results/centralized_lowdim_v1/sin/oadam/seed_1
a0326,centralized_c3_oadam,sin,oadam,DeepGMM-OAdam,na,2,best_validation_prediction,0.037075447951064947,0.150961151640658,0.6093329350255233,0.3489421251758873,0.03633342841104923,495,0.037075447951065,0.04795475344200251,validation,False,True,results/centralized_lowdim_v1/sin/oadam/seed_2/predictions.npz,results/centralized_lowdim_v1/sin/oadam/seed_2
