artifact_id,source_family,dataset,method,method_label,alpha,seed,prediction_path,result_dir,prediction_key_used,final_prediction_key_used,pred_finite,x_shape,true_g_shape,pred_shape,included,skip_reason,notes
a0000,base_sweep,abs,fedgda_d,FedGDA-D,0.1,0,results/rerun_protocol_v1/abs/fedgda_d/seed_0/rerun_protocol_v1_abs_fedgda_d_seed0_alpha0p1/predictions.npz,results/rerun_protocol_v1/abs/fedgda_d/seed_0/rerun_protocol_v1_abs_fedgda_d_seed0_alpha0p1,best_validation_prediction,final_prediction,True,"(20000, 1)","(20000, 1)","(20000, 1)",True,,original low-dimensional federated base sweep
a0001,base_sweep,abs,fedgda_s,FedGDA-S,0.1,0,results/rerun_protocol_v1/abs/fedgda_s/seed_0/rerun_protocol_v1_abs_fedgda_s_seed0_alpha0p1/predictions.npz,results/rerun_protocol_v1/abs/fedgda_s/seed_0/rerun_protocol_v1_abs_fedgda_s_seed0_alpha0p1,best_validation_prediction,final_prediction,True,"(20000, 1)","(20000, 1)","(20000, 1)",True,,original low-dimensional federated base sweep
a0002,base_sweep,abs,fedogda_d,FedOGDA-D,0.1,0,results/rerun_protocol_v1/abs/fedogda_d/seed_0/rerun_protocol_v1_abs_fedogda_d_seed0_alpha0p1/predictions.npz,results/rerun_protocol_v1/abs/fedogda_d/seed_0/rerun_protocol_v1_abs_fedogda_d_seed0_alpha0p1,best_validation_prediction,final_prediction,True,"(20000, 1)","(20000, 1)","(20000, 1)",True,,original low-dimensional federated base sweep
a0003,base_sweep,abs,fedogda_s,FedOGDA-S,0.1,0,results/rerun_protocol_v1/abs/fedogda_s/seed_0/rerun_protocol_v1_abs_fedogda_s_seed0_alpha0p1/predictions.npz,results/rerun_protocol_v1/abs/fedogda_s/seed_0/rerun_protocol_v1_abs_fedogda_s_seed0_alpha0p1,best_validation_prediction,final_prediction,True,"(20000, 1)","(20000, 1)","(20000, 1)",True,,original low-dimensional federated base sweep
a0004,base_sweep,abs,fedgda_d,FedGDA-D,0.1,1,results/rerun_protocol_v1/abs/fedgda_d/seed_1/rerun_protocol_v1_abs_fedgda_d_seed1_alpha0p1/predictions.npz,results/rerun_protocol_v1/abs/fedgda_d/seed_1/rerun_protocol_v1_abs_fedgda_d_seed1_alpha0p1,best_validation_prediction,final_prediction,True,"(20000, 1)","(20000, 1)","(20000, 1)",True,,original low-dimensional federated base sweep
a0005,base_sweep,abs,fedgda_s,FedGDA-S,0.1,1,results/rerun_protocol_v1/abs/fedgda_s/seed_1/rerun_protocol_v1_abs_fedgda_s_seed1_alpha0p1/predictions.npz,results/rerun_protocol_v1/abs/fedgda_s/seed_1/rerun_protocol_v1_abs_fedgda_s_seed1_alpha0p1,best_validation_prediction,final_prediction,True,"(20000, 1)","(20000, 1)","(20000, 1)",True,,original low-dimensional federated base sweep
a0006,base_sweep,abs,fedogda_d,FedOGDA-D,0.1,1,results/rerun_protocol_v1/abs/fedogda_d/seed_1/rerun_protocol_v1_abs_fedogda_d_seed1_alpha0p1/predictions.npz,results/rerun_protocol_v1/abs/fedogda_d/seed_1/rerun_protocol_v1_abs_fedogda_d_seed1_alpha0p1,best_validation_prediction,final_prediction,True,"(20000, 1)","(20000, 1)","(20000, 1)",True,,original low-dimensional federated base sweep
a0007,base_sweep,abs,fedogda_s,FedOGDA-S,0.1,1,results/rerun_protocol_v1/abs/fedogda_s/seed_1/rerun_protocol_v1_abs_fedogda_s_seed1_alpha0p1/predictions.npz,results/rerun_protocol_v1/abs/fedogda_s/seed_1/rerun_protocol_v1_abs_fedogda_s_seed1_alpha0p1,best_validation_prediction,final_prediction,True,"(20000, 1)","(20000, 1)","(20000, 1)",True,,original low-dimensional federated base sweep
a0008,base_sweep,abs,fedgda_d,FedGDA-D,0.1,2,results/rerun_protocol_v1/abs/fedgda_d/seed_2/rerun_protocol_v1_abs_fedgda_d_seed2_alpha0p1/predictions.npz,results/rerun_protocol_v1/abs/fedgda_d/seed_2/rerun_protocol_v1_abs_fedgda_d_seed2_alpha0p1,best_validation_prediction,final_prediction,True,"(20000, 1)","(20000, 1)","(20000, 1)",True,,original low-dimensional federated base sweep
a0009,base_sweep,abs,fedgda_s,FedGDA-S,0.1,2,results/rerun_protocol_v1/abs/fedgda_s/seed_2/rerun_protocol_v1_abs_fedgda_s_seed2_alpha0p1/predictions.npz,results/rerun_protocol_v1/abs/fedgda_s/seed_2/rerun_protocol_v1_abs_fedgda_s_seed2_alpha0p1,best_validation_prediction,final_prediction,True,"(20000, 1)","(20000, 1)","(20000, 1)",True,,original low-dimensional federated base sweep
a0010,base_sweep,abs,fedogda_d,FedOGDA-D,0.1,2,results/rerun_protocol_v1/abs/fedogda_d/seed_2/rerun_protocol_v1_abs_fedogda_d_seed2_alpha0p1/predictions.npz,results/rerun_protocol_v1/abs/fedogda_d/seed_2/rerun_protocol_v1_abs_fedogda_d_seed2_alpha0p1,best_validation_prediction,final_prediction,True,"(20000, 1)","(20000, 1)","(20000, 1)",True,,original low-dimensional federated base sweep
a0011,base_sweep,abs,fedogda_s,FedOGDA-S,0.1,2,results/rerun_protocol_v1/abs/fedogda_s/seed_2/rerun_protocol_v1_abs_fedogda_s_seed2_alpha0p1/predictions.npz,results/rerun_protocol_v1/abs/fedogda_s/seed_2/rerun_protocol_v1_abs_fedogda_s_seed2_alpha0p1,best_validation_prediction,final_prediction,True,"(20000, 1)","(20000, 1)","(20000, 1)",True,,original low-dimensional federated base sweep
a0012,base_sweep,abs,fedgda_d,FedGDA-D,0.5,0,results/rerun_protocol_v1/abs/fedgda_d/seed_0/rerun_protocol_v1_abs_fedgda_d_seed0_alpha0p5/predictions.npz,results/rerun_protocol_v1/abs/fedgda_d/seed_0/rerun_protocol_v1_abs_fedgda_d_seed0_alpha0p5,best_validation_prediction,final_prediction,True,"(20000, 1)","(20000, 1)","(20000, 1)",True,,original low-dimensional federated base sweep
a0013,base_sweep,abs,fedgda_s,FedGDA-S,0.5,0,results/rerun_protocol_v1/abs/fedgda_s/seed_0/rerun_protocol_v1_abs_fedgda_s_seed0_alpha0p5/predictions.npz,results/rerun_protocol_v1/abs/fedgda_s/seed_0/rerun_protocol_v1_abs_fedgda_s_seed0_alpha0p5,best_validation_prediction,final_prediction,True,"(20000, 1)","(20000, 1)","(20000, 1)",True,,original low-dimensional federated base sweep
a0014,base_sweep,abs,fedogda_d,FedOGDA-D,0.5,0,results/rerun_protocol_v1/abs/fedogda_d/seed_0/rerun_protocol_v1_abs_fedogda_d_seed0_alpha0p5/predictions.npz,results/rerun_protocol_v1/abs/fedogda_d/seed_0/rerun_protocol_v1_abs_fedogda_d_seed0_alpha0p5,best_validation_prediction,final_prediction,True,"(20000, 1)","(20000, 1)","(20000, 1)",True,,original low-dimensional federated base sweep
a0015,base_sweep,abs,fedogda_s,FedOGDA-S,0.5,0,results/rerun_protocol_v1/abs/fedogda_s/seed_0/rerun_protocol_v1_abs_fedogda_s_seed0_alpha0p5/predictions.npz,results/rerun_protocol_v1/abs/fedogda_s/seed_0/rerun_protocol_v1_abs_fedogda_s_seed0_alpha0p5,best_validation_prediction,final_prediction,True,"(20000, 1)","(20000, 1)","(20000, 1)",True,,original low-dimensional federated base sweep
a0016,base_sweep,abs,fedgda_d,FedGDA-D,0.5,1,results/rerun_protocol_v1/abs/fedgda_d/seed_1/rerun_protocol_v1_abs_fedgda_d_seed1_alpha0p5/predictions.npz,results/rerun_protocol_v1/abs/fedgda_d/seed_1/rerun_protocol_v1_abs_fedgda_d_seed1_alpha0p5,best_validation_prediction,final_prediction,True,"(20000, 1)","(20000, 1)","(20000, 1)",True,,original low-dimensional federated base sweep
a0017,base_sweep,abs,fedgda_s,FedGDA-S,0.5,1,results/rerun_protocol_v1/abs/fedgda_s/seed_1/rerun_protocol_v1_abs_fedgda_s_seed1_alpha0p5/predictions.npz,results/rerun_protocol_v1/abs/fedgda_s/seed_1/rerun_protocol_v1_abs_fedgda_s_seed1_alpha0p5,best_validation_prediction,final_prediction,True,"(20000, 1)","(20000, 1)","(20000, 1)",True,,original low-dimensional federated base sweep
a0018,base_sweep,abs,fedogda_d,FedOGDA-D,0.5,1,results/rerun_protocol_v1/abs/fedogda_d/seed_1/rerun_protocol_v1_abs_fedogda_d_seed1_alpha0p5/predictions.npz,results/rerun_protocol_v1/abs/fedogda_d/seed_1/rerun_protocol_v1_abs_fedogda_d_seed1_alpha0p5,best_validation_prediction,final_prediction,True,"(20000, 1)","(20000, 1)","(20000, 1)",True,,original low-dimensional federated base sweep
a0019,base_sweep,abs,fedogda_s,FedOGDA-S,0.5,1,results/rerun_protocol_v1/abs/fedogda_s/seed_1/rerun_protocol_v1_abs_fedogda_s_seed1_alpha0p5/predictions.npz,results/rerun_protocol_v1/abs/fedogda_s/seed_1/rerun_protocol_v1_abs_fedogda_s_seed1_alpha0p5,best_validation_prediction,final_prediction,True,"(20000, 1)","(20000, 1)","(20000, 1)",True,,original low-dimensional federated base sweep
a0020,base_sweep,abs,fedgda_d,FedGDA-D,0.5,2,results/rerun_protocol_v1/abs/fedgda_d/seed_2/rerun_protocol_v1_abs_fedgda_d_seed2_alpha0p5/predictions.npz,results/rerun_protocol_v1/abs/fedgda_d/seed_2/rerun_protocol_v1_abs_fedgda_d_seed2_alpha0p5,best_validation_prediction,final_prediction,True,"(20000, 1)","(20000, 1)","(20000, 1)",True,,original low-dimensional federated base sweep
a0021,base_sweep,abs,fedgda_s,FedGDA-S,0.5,2,results/rerun_protocol_v1/abs/fedgda_s/seed_2/rerun_protocol_v1_abs_fedgda_s_seed2_alpha0p5/predictions.npz,results/rerun_protocol_v1/abs/fedgda_s/seed_2/rerun_protocol_v1_abs_fedgda_s_seed2_alpha0p5,best_validation_prediction,final_prediction,True,"(20000, 1)","(20000, 1)","(20000, 1)",True,,original low-dimensional federated base sweep
a0022,base_sweep,abs,fedogda_d,FedOGDA-D,0.5,2,results/rerun_protocol_v1/abs/fedogda_d/seed_2/rerun_protocol_v1_abs_fedogda_d_seed2_alpha0p5/predictions.npz,results/rerun_protocol_v1/abs/fedogda_d/seed_2/rerun_protocol_v1_abs_fedogda_d_seed2_alpha0p5,best_validation_prediction,final_prediction,True,"(20000, 1)","(20000, 1)","(20000, 1)",True,,original low-dimensional federated base sweep
a0023,base_sweep,abs,fedogda_s,FedOGDA-S,0.5,2,results/rerun_protocol_v1/abs/fedogda_s/seed_2/rerun_protocol_v1_abs_fedogda_s_seed2_alpha0p5/predictions.npz,results/rerun_protocol_v1/abs/fedogda_s/seed_2/rerun_protocol_v1_abs_fedogda_s_seed2_alpha0p5,best_validation_prediction,final_prediction,True,"(20000, 1)","(20000, 1)","(20000, 1)",True,,original low-dimensional federated base sweep
a0024,base_sweep,abs,fedgda_d,FedGDA-D,1.0,0,results/rerun_protocol_v1/abs/fedgda_d/seed_0/rerun_protocol_v1_abs_fedgda_d_seed0_alpha1p0/predictions.npz,results/rerun_protocol_v1/abs/fedgda_d/seed_0/rerun_protocol_v1_abs_fedgda_d_seed0_alpha1p0,best_validation_prediction,final_prediction,True,"(20000, 1)","(20000, 1)","(20000, 1)",True,,original low-dimensional federated base sweep
a0025,base_sweep,abs,fedgda_s,FedGDA-S,1.0,0,results/rerun_protocol_v1/abs/fedgda_s/seed_0/rerun_protocol_v1_abs_fedgda_s_seed0_alpha1p0/predictions.npz,results/rerun_protocol_v1/abs/fedgda_s/seed_0/rerun_protocol_v1_abs_fedgda_s_seed0_alpha1p0,best_validation_prediction,final_prediction,True,"(20000, 1)","(20000, 1)","(20000, 1)",True,,original low-dimensional federated base sweep
a0026,base_sweep,abs,fedogda_d,FedOGDA-D,1.0,0,results/rerun_protocol_v1/abs/fedogda_d/seed_0/rerun_protocol_v1_abs_fedogda_d_seed0_alpha1p0/predictions.npz,results/rerun_protocol_v1/abs/fedogda_d/seed_0/rerun_protocol_v1_abs_fedogda_d_seed0_alpha1p0,best_validation_prediction,final_prediction,True,"(20000, 1)","(20000, 1)","(20000, 1)",True,,original low-dimensional federated base sweep
a0027,base_sweep,abs,fedogda_s,FedOGDA-S,1.0,0,results/rerun_protocol_v1/abs/fedogda_s/seed_0/rerun_protocol_v1_abs_fedogda_s_seed0_alpha1p0/predictions.npz,results/rerun_protocol_v1/abs/fedogda_s/seed_0/rerun_protocol_v1_abs_fedogda_s_seed0_alpha1p0,best_validation_prediction,final_prediction,True,"(20000, 1)","(20000, 1)","(20000, 1)",True,,original low-dimensional federated base sweep
a0028,base_sweep,abs,fedgda_d,FedGDA-D,1.0,1,results/rerun_protocol_v1/abs/fedgda_d/seed_1/rerun_protocol_v1_abs_fedgda_d_seed1_alpha1p0/predictions.npz,results/rerun_protocol_v1/abs/fedgda_d/seed_1/rerun_protocol_v1_abs_fedgda_d_seed1_alpha1p0,best_validation_prediction,final_prediction,True,"(20000, 1)","(20000, 1)","(20000, 1)",True,,original low-dimensional federated base sweep
a0029,base_sweep,abs,fedgda_s,FedGDA-S,1.0,1,results/rerun_protocol_v1/abs/fedgda_s/seed_1/rerun_protocol_v1_abs_fedgda_s_seed1_alpha1p0/predictions.npz,results/rerun_protocol_v1/abs/fedgda_s/seed_1/rerun_protocol_v1_abs_fedgda_s_seed1_alpha1p0,best_validation_prediction,final_prediction,True,"(20000, 1)","(20000, 1)","(20000, 1)",True,,original low-dimensional federated base sweep
a0030,base_sweep,abs,fedogda_d,FedOGDA-D,1.0,1,results/rerun_protocol_v1/abs/fedogda_d/seed_1/rerun_protocol_v1_abs_fedogda_d_seed1_alpha1p0/predictions.npz,results/rerun_protocol_v1/abs/fedogda_d/seed_1/rerun_protocol_v1_abs_fedogda_d_seed1_alpha1p0,best_validation_prediction,final_prediction,True,"(20000, 1)","(20000, 1)","(20000, 1)",True,,original low-dimensional federated base sweep
a0031,base_sweep,abs,fedogda_s,FedOGDA-S,1.0,1,results/rerun_protocol_v1/abs/fedogda_s/seed_1/rerun_protocol_v1_abs_fedogda_s_seed1_alpha1p0/predictions.npz,results/rerun_protocol_v1/abs/fedogda_s/seed_1/rerun_protocol_v1_abs_fedogda_s_seed1_alpha1p0,best_validation_prediction,final_prediction,True,"(20000, 1)","(20000, 1)","(20000, 1)",True,,original low-dimensional federated base sweep
a0032,base_sweep,abs,fedgda_d,FedGDA-D,1.0,2,results/rerun_protocol_v1/abs/fedgda_d/seed_2/rerun_protocol_v1_abs_fedgda_d_seed2_alpha1p0/predictions.npz,results/rerun_protocol_v1/abs/fedgda_d/seed_2/rerun_protocol_v1_abs_fedgda_d_seed2_alpha1p0,best_validation_prediction,final_prediction,True,"(20000, 1)","(20000, 1)","(20000, 1)",True,,original low-dimensional federated base sweep
a0033,base_sweep,abs,fedgda_s,FedGDA-S,1.0,2,results/rerun_protocol_v1/abs/fedgda_s/seed_2/rerun_protocol_v1_abs_fedgda_s_seed2_alpha1p0/predictions.npz,results/rerun_protocol_v1/abs/fedgda_s/seed_2/rerun_protocol_v1_abs_fedgda_s_seed2_alpha1p0,best_validation_prediction,final_prediction,True,"(20000, 1)","(20000, 1)","(20000, 1)",True,,original low-dimensional federated base sweep
a0034,base_sweep,abs,fedogda_d,FedOGDA-D,1.0,2,results/rerun_protocol_v1/abs/fedogda_d/seed_2/rerun_protocol_v1_abs_fedogda_d_seed2_alpha1p0/predictions.npz,results/rerun_protocol_v1/abs/fedogda_d/seed_2/rerun_protocol_v1_abs_fedogda_d_seed2_alpha1p0,best_validation_prediction,final_prediction,True,"(20000, 1)","(20000, 1)","(20000, 1)",True,,original low-dimensional federated base sweep
a0035,base_sweep,abs,fedogda_s,FedOGDA-S,1.0,2,results/rerun_protocol_v1/abs/fedogda_s/seed_2/rerun_protocol_v1_abs_fedogda_s_seed2_alpha1p0/predictions.npz,results/rerun_protocol_v1/abs/fedogda_s/seed_2/rerun_protocol_v1_abs_fedogda_s_seed2_alpha1p0,best_validation_prediction,final_prediction,True,"(20000, 1)","(20000, 1)","(20000, 1)",True,,original low-dimensional federated base sweep
a0036,base_sweep,step,fedgda_d,FedGDA-D,0.1,0,results/rerun_protocol_v1/step/fedgda_d/seed_0/rerun_protocol_v1_step_fedgda_d_seed0_alpha0p1/predictions.npz,results/rerun_protocol_v1/step/fedgda_d/seed_0/rerun_protocol_v1_step_fedgda_d_seed0_alpha0p1,best_validation_prediction,final_prediction,True,"(20000, 1)","(20000, 1)","(20000, 1)",True,,original low-dimensional federated base sweep
a0037,base_sweep,step,fedgda_s,FedGDA-S,0.1,0,results/rerun_protocol_v1/step/fedgda_s/seed_0/rerun_protocol_v1_step_fedgda_s_seed0_alpha0p1/predictions.npz,results/rerun_protocol_v1/step/fedgda_s/seed_0/rerun_protocol_v1_step_fedgda_s_seed0_alpha0p1,best_validation_prediction,final_prediction,True,"(20000, 1)","(20000, 1)","(20000, 1)",True,,original low-dimensional federated base sweep
a0038,base_sweep,step,fedogda_d,FedOGDA-D,0.1,0,results/rerun_protocol_v1/step/fedogda_d/seed_0/rerun_protocol_v1_step_fedogda_d_seed0_alpha0p1/predictions.npz,results/rerun_protocol_v1/step/fedogda_d/seed_0/rerun_protocol_v1_step_fedogda_d_seed0_alpha0p1,best_validation_prediction,final_prediction,True,"(20000, 1)","(20000, 1)","(20000, 1)",True,,original low-dimensional federated base sweep
a0039,base_sweep,step,fedogda_s,FedOGDA-S,0.1,0,results/rerun_protocol_v1/step/fedogda_s/seed_0/rerun_protocol_v1_step_fedogda_s_seed0_alpha0p1/predictions.npz,results/rerun_protocol_v1/step/fedogda_s/seed_0/rerun_protocol_v1_step_fedogda_s_seed0_alpha0p1,best_validation_prediction,final_prediction,True,"(20000, 1)","(20000, 1)","(20000, 1)",True,,original low-dimensional federated base sweep
a0040,base_sweep,step,fedgda_d,FedGDA-D,0.1,1,results/rerun_protocol_v1/step/fedgda_d/seed_1/rerun_protocol_v1_step_fedgda_d_seed1_alpha0p1/predictions.npz,results/rerun_protocol_v1/step/fedgda_d/seed_1/rerun_protocol_v1_step_fedgda_d_seed1_alpha0p1,best_validation_prediction,final_prediction,True,"(20000, 1)","(20000, 1)","(20000, 1)",True,,original low-dimensional federated base sweep
a0041,base_sweep,step,fedgda_s,FedGDA-S,0.1,1,results/rerun_protocol_v1/step/fedgda_s/seed_1/rerun_protocol_v1_step_fedgda_s_seed1_alpha0p1/predictions.npz,results/rerun_protocol_v1/step/fedgda_s/seed_1/rerun_protocol_v1_step_fedgda_s_seed1_alpha0p1,best_validation_prediction,final_prediction,True,"(20000, 1)","(20000, 1)","(20000, 1)",True,,original low-dimensional federated base sweep
a0042,base_sweep,step,fedogda_d,FedOGDA-D,0.1,1,results/rerun_protocol_v1/step/fedogda_d/seed_1/rerun_protocol_v1_step_fedogda_d_seed1_alpha0p1/predictions.npz,results/rerun_protocol_v1/step/fedogda_d/seed_1/rerun_protocol_v1_step_fedogda_d_seed1_alpha0p1,best_validation_prediction,final_prediction,True,"(20000, 1)","(20000, 1)","(20000, 1)",True,,original low-dimensional federated base sweep
a0043,base_sweep,step,fedogda_s,FedOGDA-S,0.1,1,results/rerun_protocol_v1/step/fedogda_s/seed_1/rerun_protocol_v1_step_fedogda_s_seed1_alpha0p1/predictions.npz,results/rerun_protocol_v1/step/fedogda_s/seed_1/rerun_protocol_v1_step_fedogda_s_seed1_alpha0p1,best_validation_prediction,final_prediction,True,"(20000, 1)","(20000, 1)","(20000, 1)",True,,original low-dimensional federated base sweep
a0044,base_sweep,step,fedgda_d,FedGDA-D,0.1,2,results/rerun_protocol_v1/step/fedgda_d/seed_2/rerun_protocol_v1_step_fedgda_d_seed2_alpha0p1/predictions.npz,results/rerun_protocol_v1/step/fedgda_d/seed_2/rerun_protocol_v1_step_fedgda_d_seed2_alpha0p1,best_validation_prediction,final_prediction,True,"(20000, 1)","(20000, 1)","(20000, 1)",True,,original low-dimensional federated base sweep
a0045,base_sweep,step,fedgda_s,FedGDA-S,0.1,2,results/rerun_protocol_v1/step/fedgda_s/seed_2/rerun_protocol_v1_step_fedgda_s_seed2_alpha0p1/predictions.npz,results/rerun_protocol_v1/step/fedgda_s/seed_2/rerun_protocol_v1_step_fedgda_s_seed2_alpha0p1,best_validation_prediction,final_prediction,True,"(20000, 1)","(20000, 1)","(20000, 1)",True,,original low-dimensional federated base sweep
a0046,base_sweep,step,fedogda_d,FedOGDA-D,0.1,2,results/rerun_protocol_v1/step/fedogda_d/seed_2/rerun_protocol_v1_step_fedogda_d_seed2_alpha0p1/predictions.npz,results/rerun_protocol_v1/step/fedogda_d/seed_2/rerun_protocol_v1_step_fedogda_d_seed2_alpha0p1,best_validation_prediction,final_prediction,True,"(20000, 1)","(20000, 1)","(20000, 1)",True,,original low-dimensional federated base sweep
a0047,base_sweep,step,fedogda_s,FedOGDA-S,0.1,2,results/rerun_protocol_v1/step/fedogda_s/seed_2/rerun_protocol_v1_step_fedogda_s_seed2_alpha0p1/predictions.npz,results/rerun_protocol_v1/step/fedogda_s/seed_2/rerun_protocol_v1_step_fedogda_s_seed2_alpha0p1,best_validation_prediction,final_prediction,True,"(20000, 1)","(20000, 1)","(20000, 1)",True,,original low-dimensional federated base sweep
a0048,base_sweep,step,fedgda_d,FedGDA-D,0.5,0,results/rerun_protocol_v1/step/fedgda_d/seed_0/rerun_protocol_v1_step_fedgda_d_seed0_alpha0p5/predictions.npz,results/rerun_protocol_v1/step/fedgda_d/seed_0/rerun_protocol_v1_step_fedgda_d_seed0_alpha0p5,best_validation_prediction,final_prediction,True,"(20000, 1)","(20000, 1)","(20000, 1)",True,,original low-dimensional federated base sweep
a0049,base_sweep,step,fedgda_s,FedGDA-S,0.5,0,results/rerun_protocol_v1/step/fedgda_s/seed_0/rerun_protocol_v1_step_fedgda_s_seed0_alpha0p5/predictions.npz,results/rerun_protocol_v1/step/fedgda_s/seed_0/rerun_protocol_v1_step_fedgda_s_seed0_alpha0p5,best_validation_prediction,final_prediction,True,"(20000, 1)","(20000, 1)","(20000, 1)",True,,original low-dimensional federated base sweep
a0050,base_sweep,step,fedogda_d,FedOGDA-D,0.5,0,results/rerun_protocol_v1/step/fedogda_d/seed_0/rerun_protocol_v1_step_fedogda_d_seed0_alpha0p5/predictions.npz,results/rerun_protocol_v1/step/fedogda_d/seed_0/rerun_protocol_v1_step_fedogda_d_seed0_alpha0p5,best_validation_prediction,final_prediction,True,"(20000, 1)","(20000, 1)","(20000, 1)",True,,original low-dimensional federated base sweep
a0051,base_sweep,step,fedogda_s,FedOGDA-S,0.5,0,results/rerun_protocol_v1/step/fedogda_s/seed_0/rerun_protocol_v1_step_fedogda_s_seed0_alpha0p5/predictions.npz,results/rerun_protocol_v1/step/fedogda_s/seed_0/rerun_protocol_v1_step_fedogda_s_seed0_alpha0p5,best_validation_prediction,final_prediction,True,"(20000, 1)","(20000, 1)","(20000, 1)",True,,original low-dimensional federated base sweep
a0052,base_sweep,step,fedgda_d,FedGDA-D,0.5,1,results/rerun_protocol_v1/step/fedgda_d/seed_1/rerun_protocol_v1_step_fedgda_d_seed1_alpha0p5/predictions.npz,results/rerun_protocol_v1/step/fedgda_d/seed_1/rerun_protocol_v1_step_fedgda_d_seed1_alpha0p5,best_validation_prediction,final_prediction,True,"(20000, 1)","(20000, 1)","(20000, 1)",True,,original low-dimensional federated base sweep
a0053,base_sweep,step,fedgda_s,FedGDA-S,0.5,1,results/rerun_protocol_v1/step/fedgda_s/seed_1/rerun_protocol_v1_step_fedgda_s_seed1_alpha0p5/predictions.npz,results/rerun_protocol_v1/step/fedgda_s/seed_1/rerun_protocol_v1_step_fedgda_s_seed1_alpha0p5,best_validation_prediction,final_prediction,True,"(20000, 1)","(20000, 1)","(20000, 1)",True,,original low-dimensional federated base sweep
a0054,base_sweep,step,fedogda_d,FedOGDA-D,0.5,1,results/rerun_protocol_v1/step/fedogda_d/seed_1/rerun_protocol_v1_step_fedogda_d_seed1_alpha0p5/predictions.npz,results/rerun_protocol_v1/step/fedogda_d/seed_1/rerun_protocol_v1_step_fedogda_d_seed1_alpha0p5,best_validation_prediction,final_prediction,True,"(20000, 1)","(20000, 1)","(20000, 1)",True,,original low-dimensional federated base sweep
a0055,base_sweep,step,fedogda_s,FedOGDA-S,0.5,1,results/rerun_protocol_v1/step/fedogda_s/seed_1/rerun_protocol_v1_step_fedogda_s_seed1_alpha0p5/predictions.npz,results/rerun_protocol_v1/step/fedogda_s/seed_1/rerun_protocol_v1_step_fedogda_s_seed1_alpha0p5,best_validation_prediction,final_prediction,True,"(20000, 1)","(20000, 1)","(20000, 1)",True,,original low-dimensional federated base sweep
a0056,base_sweep,step,fedgda_d,FedGDA-D,0.5,2,results/rerun_protocol_v1/step/fedgda_d/seed_2/rerun_protocol_v1_step_fedgda_d_seed2_alpha0p5/predictions.npz,results/rerun_protocol_v1/step/fedgda_d/seed_2/rerun_protocol_v1_step_fedgda_d_seed2_alpha0p5,best_validation_prediction,final_prediction,True,"(20000, 1)","(20000, 1)","(20000, 1)",True,,original low-dimensional federated base sweep
a0057,base_sweep,step,fedgda_s,FedGDA-S,0.5,2,results/rerun_protocol_v1/step/fedgda_s/seed_2/rerun_protocol_v1_step_fedgda_s_seed2_alpha0p5/predictions.npz,results/rerun_protocol_v1/step/fedgda_s/seed_2/rerun_protocol_v1_step_fedgda_s_seed2_alpha0p5,best_validation_prediction,final_prediction,True,"(20000, 1)","(20000, 1)","(20000, 1)",True,,original low-dimensional federated base sweep
a0058,base_sweep,step,fedogda_d,FedOGDA-D,0.5,2,results/rerun_protocol_v1/step/fedogda_d/seed_2/rerun_protocol_v1_step_fedogda_d_seed2_alpha0p5/predictions.npz,results/rerun_protocol_v1/step/fedogda_d/seed_2/rerun_protocol_v1_step_fedogda_d_seed2_alpha0p5,best_validation_prediction,final_prediction,True,"(20000, 1)","(20000, 1)","(20000, 1)",True,,original low-dimensional federated base sweep
a0059,base_sweep,step,fedogda_s,FedOGDA-S,0.5,2,results/rerun_protocol_v1/step/fedogda_s/seed_2/rerun_protocol_v1_step_fedogda_s_seed2_alpha0p5/predictions.npz,results/rerun_protocol_v1/step/fedogda_s/seed_2/rerun_protocol_v1_step_fedogda_s_seed2_alpha0p5,best_validation_prediction,final_prediction,True,"(20000, 1)","(20000, 1)","(20000, 1)",True,,original low-dimensional federated base sweep
a0060,base_sweep,step,fedgda_d,FedGDA-D,1.0,0,results/rerun_protocol_v1/step/fedgda_d/seed_0/rerun_protocol_v1_step_fedgda_d_seed0_alpha1p0/predictions.npz,results/rerun_protocol_v1/step/fedgda_d/seed_0/rerun_protocol_v1_step_fedgda_d_seed0_alpha1p0,best_validation_prediction,final_prediction,True,"(20000, 1)","(20000, 1)","(20000, 1)",True,,original low-dimensional federated base sweep
a0061,base_sweep,step,fedgda_s,FedGDA-S,1.0,0,results/rerun_protocol_v1/step/fedgda_s/seed_0/rerun_protocol_v1_step_fedgda_s_seed0_alpha1p0/predictions.npz,results/rerun_protocol_v1/step/fedgda_s/seed_0/rerun_protocol_v1_step_fedgda_s_seed0_alpha1p0,best_validation_prediction,final_prediction,True,"(20000, 1)","(20000, 1)","(20000, 1)",True,,original low-dimensional federated base sweep
a0062,base_sweep,step,fedogda_d,FedOGDA-D,1.0,0,results/rerun_protocol_v1/step/fedogda_d/seed_0/rerun_protocol_v1_step_fedogda_d_seed0_alpha1p0/predictions.npz,results/rerun_protocol_v1/step/fedogda_d/seed_0/rerun_protocol_v1_step_fedogda_d_seed0_alpha1p0,best_validation_prediction,final_prediction,True,"(20000, 1)","(20000, 1)","(20000, 1)",True,,original low-dimensional federated base sweep
a0063,base_sweep,step,fedogda_s,FedOGDA-S,1.0,0,results/rerun_protocol_v1/step/fedogda_s/seed_0/rerun_protocol_v1_step_fedogda_s_seed0_alpha1p0/predictions.npz,results/rerun_protocol_v1/step/fedogda_s/seed_0/rerun_protocol_v1_step_fedogda_s_seed0_alpha1p0,best_validation_prediction,final_prediction,True,"(20000, 1)","(20000, 1)","(20000, 1)",True,,original low-dimensional federated base sweep
a0064,base_sweep,step,fedgda_d,FedGDA-D,1.0,1,results/rerun_protocol_v1/step/fedgda_d/seed_1/rerun_protocol_v1_step_fedgda_d_seed1_alpha1p0/predictions.npz,results/rerun_protocol_v1/step/fedgda_d/seed_1/rerun_protocol_v1_step_fedgda_d_seed1_alpha1p0,best_validation_prediction,final_prediction,True,"(20000, 1)","(20000, 1)","(20000, 1)",True,,original low-dimensional federated base sweep
a0065,base_sweep,step,fedgda_s,FedGDA-S,1.0,1,results/rerun_protocol_v1/step/fedgda_s/seed_1/rerun_protocol_v1_step_fedgda_s_seed1_alpha1p0/predictions.npz,results/rerun_protocol_v1/step/fedgda_s/seed_1/rerun_protocol_v1_step_fedgda_s_seed1_alpha1p0,best_validation_prediction,final_prediction,True,"(20000, 1)","(20000, 1)","(20000, 1)",True,,original low-dimensional federated base sweep
a0066,base_sweep,step,fedogda_d,FedOGDA-D,1.0,1,results/rerun_protocol_v1/step/fedogda_d/seed_1/rerun_protocol_v1_step_fedogda_d_seed1_alpha1p0/predictions.npz,results/rerun_protocol_v1/step/fedogda_d/seed_1/rerun_protocol_v1_step_fedogda_d_seed1_alpha1p0,best_validation_prediction,final_prediction,True,"(20000, 1)","(20000, 1)","(20000, 1)",True,,original low-dimensional federated base sweep
a0067,base_sweep,step,fedogda_s,FedOGDA-S,1.0,1,results/rerun_protocol_v1/step/fedogda_s/seed_1/rerun_protocol_v1_step_fedogda_s_seed1_alpha1p0/predictions.npz,results/rerun_protocol_v1/step/fedogda_s/seed_1/rerun_protocol_v1_step_fedogda_s_seed1_alpha1p0,best_validation_prediction,final_prediction,True,"(20000, 1)","(20000, 1)","(20000, 1)",True,,original low-dimensional federated base sweep
a0068,base_sweep,step,fedgda_d,FedGDA-D,1.0,2,results/rerun_protocol_v1/step/fedgda_d/seed_2/rerun_protocol_v1_step_fedgda_d_seed2_alpha1p0/predictions.npz,results/rerun_protocol_v1/step/fedgda_d/seed_2/rerun_protocol_v1_step_fedgda_d_seed2_alpha1p0,best_validation_prediction,final_prediction,True,"(20000, 1)","(20000, 1)","(20000, 1)",True,,original low-dimensional federated base sweep
a0069,base_sweep,step,fedgda_s,FedGDA-S,1.0,2,results/rerun_protocol_v1/step/fedgda_s/seed_2/rerun_protocol_v1_step_fedgda_s_seed2_alpha1p0/predictions.npz,results/rerun_protocol_v1/step/fedgda_s/seed_2/rerun_protocol_v1_step_fedgda_s_seed2_alpha1p0,best_validation_prediction,final_prediction,True,"(20000, 1)","(20000, 1)","(20000, 1)",True,,original low-dimensional federated base sweep
a0070,base_sweep,step,fedogda_d,FedOGDA-D,1.0,2,results/rerun_protocol_v1/step/fedogda_d/seed_2/rerun_protocol_v1_step_fedogda_d_seed2_alpha1p0/predictions.npz,results/rerun_protocol_v1/step/fedogda_d/seed_2/rerun_protocol_v1_step_fedogda_d_seed2_alpha1p0,best_validation_prediction,final_prediction,True,"(20000, 1)","(20000, 1)","(20000, 1)",True,,original low-dimensional federated base sweep
a0071,base_sweep,step,fedogda_s,FedOGDA-S,1.0,2,results/rerun_protocol_v1/step/fedogda_s/seed_2/rerun_protocol_v1_step_fedogda_s_seed2_alpha1p0/predictions.npz,results/rerun_protocol_v1/step/fedogda_s/seed_2/rerun_protocol_v1_step_fedogda_s_seed2_alpha1p0,best_validation_prediction,final_prediction,True,"(20000, 1)","(20000, 1)","(20000, 1)",True,,original low-dimensional federated base sweep
a0072,base_sweep,linear,fedgda_d,FedGDA-D,0.1,0,results/rerun_protocol_v1/linear/fedgda_d/seed_0/rerun_protocol_v1_linear_fedgda_d_seed0_alpha0p1/predictions.npz,results/rerun_protocol_v1/linear/fedgda_d/seed_0/rerun_protocol_v1_linear_fedgda_d_seed0_alpha0p1,best_validation_prediction,final_prediction,True,"(20000, 1)","(20000, 1)","(20000, 1)",True,,original low-dimensional federated base sweep
a0073,base_sweep,linear,fedgda_s,FedGDA-S,0.1,0,results/rerun_protocol_v1/linear/fedgda_s/seed_0/rerun_protocol_v1_linear_fedgda_s_seed0_alpha0p1/predictions.npz,results/rerun_protocol_v1/linear/fedgda_s/seed_0/rerun_protocol_v1_linear_fedgda_s_seed0_alpha0p1,best_validation_prediction,final_prediction,True,"(20000, 1)","(20000, 1)","(20000, 1)",True,,original low-dimensional federated base sweep
a0074,base_sweep,linear,fedogda_d,FedOGDA-D,0.1,0,results/rerun_protocol_v1/linear/fedogda_d/seed_0/rerun_protocol_v1_linear_fedogda_d_seed0_alpha0p1/predictions.npz,results/rerun_protocol_v1/linear/fedogda_d/seed_0/rerun_protocol_v1_linear_fedogda_d_seed0_alpha0p1,best_validation_prediction,final_prediction,True,"(20000, 1)","(20000, 1)","(20000, 1)",True,,original low-dimensional federated base sweep
a0075,base_sweep,linear,fedogda_s,FedOGDA-S,0.1,0,results/rerun_protocol_v1/linear/fedogda_s/seed_0/rerun_protocol_v1_linear_fedogda_s_seed0_alpha0p1/predictions.npz,results/rerun_protocol_v1/linear/fedogda_s/seed_0/rerun_protocol_v1_linear_fedogda_s_seed0_alpha0p1,best_validation_prediction,final_prediction,True,"(20000, 1)","(20000, 1)","(20000, 1)",True,,original low-dimensional federated base sweep
a0076,base_sweep,linear,fedgda_d,FedGDA-D,0.1,1,results/rerun_protocol_v1/linear/fedgda_d/seed_1/rerun_protocol_v1_linear_fedgda_d_seed1_alpha0p1/predictions.npz,results/rerun_protocol_v1/linear/fedgda_d/seed_1/rerun_protocol_v1_linear_fedgda_d_seed1_alpha0p1,best_validation_prediction,final_prediction,True,"(20000, 1)","(20000, 1)","(20000, 1)",True,,original low-dimensional federated base sweep
a0077,base_sweep,linear,fedgda_s,FedGDA-S,0.1,1,results/rerun_protocol_v1/linear/fedgda_s/seed_1/rerun_protocol_v1_linear_fedgda_s_seed1_alpha0p1/predictions.npz,results/rerun_protocol_v1/linear/fedgda_s/seed_1/rerun_protocol_v1_linear_fedgda_s_seed1_alpha0p1,best_validation_prediction,final_prediction,True,"(20000, 1)","(20000, 1)","(20000, 1)",True,,original low-dimensional federated base sweep
a0078,base_sweep,linear,fedogda_d,FedOGDA-D,0.1,1,results/rerun_protocol_v1/linear/fedogda_d/seed_1/rerun_protocol_v1_linear_fedogda_d_seed1_alpha0p1/predictions.npz,results/rerun_protocol_v1/linear/fedogda_d/seed_1/rerun_protocol_v1_linear_fedogda_d_seed1_alpha0p1,best_validation_prediction,final_prediction,True,"(20000, 1)","(20000, 1)","(20000, 1)",True,,original low-dimensional federated base sweep
a0079,base_sweep,linear,fedogda_s,FedOGDA-S,0.1,1,results/rerun_protocol_v1/linear/fedogda_s/seed_1/rerun_protocol_v1_linear_fedogda_s_seed1_alpha0p1/predictions.npz,results/rerun_protocol_v1/linear/fedogda_s/seed_1/rerun_protocol_v1_linear_fedogda_s_seed1_alpha0p1,best_validation_prediction,final_prediction,True,"(20000, 1)","(20000, 1)","(20000, 1)",True,,original low-dimensional federated base sweep
a0080,base_sweep,linear,fedgda_d,FedGDA-D,0.1,2,results/rerun_protocol_v1/linear/fedgda_d/seed_2/rerun_protocol_v1_linear_fedgda_d_seed2_alpha0p1/predictions.npz,results/rerun_protocol_v1/linear/fedgda_d/seed_2/rerun_protocol_v1_linear_fedgda_d_seed2_alpha0p1,best_validation_prediction,final_prediction,True,"(20000, 1)","(20000, 1)","(20000, 1)",True,,original low-dimensional federated base sweep
a0081,base_sweep,linear,fedgda_s,FedGDA-S,0.1,2,results/rerun_protocol_v1/linear/fedgda_s/seed_2/rerun_protocol_v1_linear_fedgda_s_seed2_alpha0p1/predictions.npz,results/rerun_protocol_v1/linear/fedgda_s/seed_2/rerun_protocol_v1_linear_fedgda_s_seed2_alpha0p1,best_validation_prediction,final_prediction,True,"(20000, 1)","(20000, 1)","(20000, 1)",True,,original low-dimensional federated base sweep
a0082,base_sweep,linear,fedogda_d,FedOGDA-D,0.1,2,results/rerun_protocol_v1/linear/fedogda_d/seed_2/rerun_protocol_v1_linear_fedogda_d_seed2_alpha0p1/predictions.npz,results/rerun_protocol_v1/linear/fedogda_d/seed_2/rerun_protocol_v1_linear_fedogda_d_seed2_alpha0p1,best_validation_prediction,final_prediction,True,"(20000, 1)","(20000, 1)","(20000, 1)",True,,original low-dimensional federated base sweep
a0083,base_sweep,linear,fedogda_s,FedOGDA-S,0.1,2,results/rerun_protocol_v1/linear/fedogda_s/seed_2/rerun_protocol_v1_linear_fedogda_s_seed2_alpha0p1/predictions.npz,results/rerun_protocol_v1/linear/fedogda_s/seed_2/rerun_protocol_v1_linear_fedogda_s_seed2_alpha0p1,best_validation_prediction,final_prediction,True,"(20000, 1)","(20000, 1)","(20000, 1)",True,,original low-dimensional federated base sweep
a0084,base_sweep,linear,fedgda_d,FedGDA-D,0.5,0,results/rerun_protocol_v1/linear/fedgda_d/seed_0/rerun_protocol_v1_linear_fedgda_d_seed0_alpha0p5/predictions.npz,results/rerun_protocol_v1/linear/fedgda_d/seed_0/rerun_protocol_v1_linear_fedgda_d_seed0_alpha0p5,best_validation_prediction,final_prediction,True,"(20000, 1)","(20000, 1)","(20000, 1)",True,,original low-dimensional federated base sweep
a0085,base_sweep,linear,fedgda_s,FedGDA-S,0.5,0,results/rerun_protocol_v1/linear/fedgda_s/seed_0/rerun_protocol_v1_linear_fedgda_s_seed0_alpha0p5/predictions.npz,results/rerun_protocol_v1/linear/fedgda_s/seed_0/rerun_protocol_v1_linear_fedgda_s_seed0_alpha0p5,best_validation_prediction,final_prediction,True,"(20000, 1)","(20000, 1)","(20000, 1)",True,,original low-dimensional federated base sweep
a0086,base_sweep,linear,fedogda_d,FedOGDA-D,0.5,0,results/rerun_protocol_v1/linear/fedogda_d/seed_0/rerun_protocol_v1_linear_fedogda_d_seed0_alpha0p5/predictions.npz,results/rerun_protocol_v1/linear/fedogda_d/seed_0/rerun_protocol_v1_linear_fedogda_d_seed0_alpha0p5,best_validation_prediction,final_prediction,True,"(20000, 1)","(20000, 1)","(20000, 1)",True,,original low-dimensional federated base sweep
a0087,base_sweep,linear,fedogda_s,FedOGDA-S,0.5,0,results/rerun_protocol_v1/linear/fedogda_s/seed_0/rerun_protocol_v1_linear_fedogda_s_seed0_alpha0p5/predictions.npz,results/rerun_protocol_v1/linear/fedogda_s/seed_0/rerun_protocol_v1_linear_fedogda_s_seed0_alpha0p5,best_validation_prediction,final_prediction,True,"(20000, 1)","(20000, 1)","(20000, 1)",True,,original low-dimensional federated base sweep
a0088,base_sweep,linear,fedgda_d,FedGDA-D,0.5,1,results/rerun_protocol_v1/linear/fedgda_d/seed_1/rerun_protocol_v1_linear_fedgda_d_seed1_alpha0p5/predictions.npz,results/rerun_protocol_v1/linear/fedgda_d/seed_1/rerun_protocol_v1_linear_fedgda_d_seed1_alpha0p5,best_validation_prediction,final_prediction,True,"(20000, 1)","(20000, 1)","(20000, 1)",True,,original low-dimensional federated base sweep
a0089,base_sweep,linear,fedgda_s,FedGDA-S,0.5,1,results/rerun_protocol_v1/linear/fedgda_s/seed_1/rerun_protocol_v1_linear_fedgda_s_seed1_alpha0p5/predictions.npz,results/rerun_protocol_v1/linear/fedgda_s/seed_1/rerun_protocol_v1_linear_fedgda_s_seed1_alpha0p5,best_validation_prediction,final_prediction,True,"(20000, 1)","(20000, 1)","(20000, 1)",True,,original low-dimensional federated base sweep
a0090,base_sweep,linear,fedogda_d,FedOGDA-D,0.5,1,results/rerun_protocol_v1/linear/fedogda_d/seed_1/rerun_protocol_v1_linear_fedogda_d_seed1_alpha0p5/predictions.npz,results/rerun_protocol_v1/linear/fedogda_d/seed_1/rerun_protocol_v1_linear_fedogda_d_seed1_alpha0p5,best_validation_prediction,final_prediction,True,"(20000, 1)","(20000, 1)","(20000, 1)",True,,original low-dimensional federated base sweep
a0091,base_sweep,linear,fedogda_s,FedOGDA-S,0.5,1,results/rerun_protocol_v1/linear/fedogda_s/seed_1/rerun_protocol_v1_linear_fedogda_s_seed1_alpha0p5/predictions.npz,results/rerun_protocol_v1/linear/fedogda_s/seed_1/rerun_protocol_v1_linear_fedogda_s_seed1_alpha0p5,best_validation_prediction,final_prediction,True,"(20000, 1)","(20000, 1)","(20000, 1)",True,,original low-dimensional federated base sweep
a0092,base_sweep,linear,fedgda_d,FedGDA-D,0.5,2,results/rerun_protocol_v1/linear/fedgda_d/seed_2/rerun_protocol_v1_linear_fedgda_d_seed2_alpha0p5/predictions.npz,results/rerun_protocol_v1/linear/fedgda_d/seed_2/rerun_protocol_v1_linear_fedgda_d_seed2_alpha0p5,best_validation_prediction,final_prediction,True,"(20000, 1)","(20000, 1)","(20000, 1)",True,,original low-dimensional federated base sweep
a0093,base_sweep,linear,fedgda_s,FedGDA-S,0.5,2,results/rerun_protocol_v1/linear/fedgda_s/seed_2/rerun_protocol_v1_linear_fedgda_s_seed2_alpha0p5/predictions.npz,results/rerun_protocol_v1/linear/fedgda_s/seed_2/rerun_protocol_v1_linear_fedgda_s_seed2_alpha0p5,best_validation_prediction,final_prediction,True,"(20000, 1)","(20000, 1)","(20000, 1)",True,,original low-dimensional federated base sweep
a0094,base_sweep,linear,fedogda_d,FedOGDA-D,0.5,2,results/rerun_protocol_v1/linear/fedogda_d/seed_2/rerun_protocol_v1_linear_fedogda_d_seed2_alpha0p5/predictions.npz,results/rerun_protocol_v1/linear/fedogda_d/seed_2/rerun_protocol_v1_linear_fedogda_d_seed2_alpha0p5,best_validation_prediction,final_prediction,True,"(20000, 1)","(20000, 1)","(20000, 1)",True,,original low-dimensional federated base sweep
a0095,base_sweep,linear,fedogda_s,FedOGDA-S,0.5,2,results/rerun_protocol_v1/linear/fedogda_s/seed_2/rerun_protocol_v1_linear_fedogda_s_seed2_alpha0p5/predictions.npz,results/rerun_protocol_v1/linear/fedogda_s/seed_2/rerun_protocol_v1_linear_fedogda_s_seed2_alpha0p5,best_validation_prediction,final_prediction,True,"(20000, 1)","(20000, 1)","(20000, 1)",True,,original low-dimensional federated base sweep
a0096,base_sweep,linear,fedgda_d,FedGDA-D,1.0,0,results/rerun_protocol_v1/linear/fedgda_d/seed_0/rerun_protocol_v1_linear_fedgda_d_seed0_alpha1p0/predictions.npz,results/rerun_protocol_v1/linear/fedgda_d/seed_0/rerun_protocol_v1_linear_fedgda_d_seed0_alpha1p0,best_validation_prediction,final_prediction,True,"(20000, 1)","(20000, 1)","(20000, 1)",True,,original low-dimensional federated base sweep
a0097,base_sweep,linear,fedgda_s,FedGDA-S,1.0,0,results/rerun_protocol_v1/linear/fedgda_s/seed_0/rerun_protocol_v1_linear_fedgda_s_seed0_alpha1p0/predictions.npz,results/rerun_protocol_v1/linear/fedgda_s/seed_0/rerun_protocol_v1_linear_fedgda_s_seed0_alpha1p0,best_validation_prediction,final_prediction,True,"(20000, 1)","(20000, 1)","(20000, 1)",True,,original low-dimensional federated base sweep
a0098,base_sweep,linear,fedogda_d,FedOGDA-D,1.0,0,results/rerun_protocol_v1/linear/fedogda_d/seed_0/rerun_protocol_v1_linear_fedogda_d_seed0_alpha1p0/predictions.npz,results/rerun_protocol_v1/linear/fedogda_d/seed_0/rerun_protocol_v1_linear_fedogda_d_seed0_alpha1p0,best_validation_prediction,final_prediction,True,"(20000, 1)","(20000, 1)","(20000, 1)",True,,original low-dimensional federated base sweep
a0099,base_sweep,linear,fedogda_s,FedOGDA-S,1.0,0,results/rerun_protocol_v1/linear/fedogda_s/seed_0/rerun_protocol_v1_linear_fedogda_s_seed0_alpha1p0/predictions.npz,results/rerun_protocol_v1/linear/fedogda_s/seed_0/rerun_protocol_v1_linear_fedogda_s_seed0_alpha1p0,best_validation_prediction,final_prediction,True,"(20000, 1)","(20000, 1)","(20000, 1)",True,,original low-dimensional federated base sweep
a0100,base_sweep,linear,fedgda_d,FedGDA-D,1.0,1,results/rerun_protocol_v1/linear/fedgda_d/seed_1/rerun_protocol_v1_linear_fedgda_d_seed1_alpha1p0/predictions.npz,results/rerun_protocol_v1/linear/fedgda_d/seed_1/rerun_protocol_v1_linear_fedgda_d_seed1_alpha1p0,best_validation_prediction,final_prediction,True,"(20000, 1)","(20000, 1)","(20000, 1)",True,,original low-dimensional federated base sweep
a0101,base_sweep,linear,fedgda_s,FedGDA-S,1.0,1,results/rerun_protocol_v1/linear/fedgda_s/seed_1/rerun_protocol_v1_linear_fedgda_s_seed1_alpha1p0/predictions.npz,results/rerun_protocol_v1/linear/fedgda_s/seed_1/rerun_protocol_v1_linear_fedgda_s_seed1_alpha1p0,best_validation_prediction,final_prediction,True,"(20000, 1)","(20000, 1)","(20000, 1)",True,,original low-dimensional federated base sweep
a0102,base_sweep,linear,fedogda_d,FedOGDA-D,1.0,1,results/rerun_protocol_v1/linear/fedogda_d/seed_1/rerun_protocol_v1_linear_fedogda_d_seed1_alpha1p0/predictions.npz,results/rerun_protocol_v1/linear/fedogda_d/seed_1/rerun_protocol_v1_linear_fedogda_d_seed1_alpha1p0,best_validation_prediction,final_prediction,True,"(20000, 1)","(20000, 1)","(20000, 1)",True,,original low-dimensional federated base sweep
a0103,base_sweep,linear,fedogda_s,FedOGDA-S,1.0,1,results/rerun_protocol_v1/linear/fedogda_s/seed_1/rerun_protocol_v1_linear_fedogda_s_seed1_alpha1p0/predictions.npz,results/rerun_protocol_v1/linear/fedogda_s/seed_1/rerun_protocol_v1_linear_fedogda_s_seed1_alpha1p0,best_validation_prediction,final_prediction,True,"(20000, 1)","(20000, 1)","(20000, 1)",True,,original low-dimensional federated base sweep
a0104,base_sweep,linear,fedgda_d,FedGDA-D,1.0,2,results/rerun_protocol_v1/linear/fedgda_d/seed_2/rerun_protocol_v1_linear_fedgda_d_seed2_alpha1p0/predictions.npz,results/rerun_protocol_v1/linear/fedgda_d/seed_2/rerun_protocol_v1_linear_fedgda_d_seed2_alpha1p0,best_validation_prediction,final_prediction,True,"(20000, 1)","(20000, 1)","(20000, 1)",True,,original low-dimensional federated base sweep
a0105,base_sweep,linear,fedgda_s,FedGDA-S,1.0,2,results/rerun_protocol_v1/linear/fedgda_s/seed_2/rerun_protocol_v1_linear_fedgda_s_seed2_alpha1p0/predictions.npz,results/rerun_protocol_v1/linear/fedgda_s/seed_2/rerun_protocol_v1_linear_fedgda_s_seed2_alpha1p0,best_validation_prediction,final_prediction,True,"(20000, 1)","(20000, 1)","(20000, 1)",True,,original low-dimensional federated base sweep
a0106,base_sweep,linear,fedogda_d,FedOGDA-D,1.0,2,results/rerun_protocol_v1/linear/fedogda_d/seed_2/rerun_protocol_v1_linear_fedogda_d_seed2_alpha1p0/predictions.npz,results/rerun_protocol_v1/linear/fedogda_d/seed_2/rerun_protocol_v1_linear_fedogda_d_seed2_alpha1p0,best_validation_prediction,final_prediction,True,"(20000, 1)","(20000, 1)","(20000, 1)",True,,original low-dimensional federated base sweep
a0107,base_sweep,linear,fedogda_s,FedOGDA-S,1.0,2,results/rerun_protocol_v1/linear/fedogda_s/seed_2/rerun_protocol_v1_linear_fedogda_s_seed2_alpha1p0/predictions.npz,results/rerun_protocol_v1/linear/fedogda_s/seed_2/rerun_protocol_v1_linear_fedogda_s_seed2_alpha1p0,best_validation_prediction,final_prediction,True,"(20000, 1)","(20000, 1)","(20000, 1)",True,,original low-dimensional federated base sweep
a0108,base_sweep,sin,fedgda_d,FedGDA-D,0.1,0,results/rerun_protocol_v1/sin/fedgda_d/seed_0/rerun_protocol_v1_sin_fedgda_d_seed0_alpha0p1/predictions.npz,results/rerun_protocol_v1/sin/fedgda_d/seed_0/rerun_protocol_v1_sin_fedgda_d_seed0_alpha0p1,best_validation_prediction,final_prediction,True,"(20000, 1)","(20000, 1)","(20000, 1)",True,,original low-dimensional federated base sweep
a0109,base_sweep,sin,fedgda_s,FedGDA-S,0.1,0,results/rerun_protocol_v1/sin/fedgda_s/seed_0/rerun_protocol_v1_sin_fedgda_s_seed0_alpha0p1/predictions.npz,results/rerun_protocol_v1/sin/fedgda_s/seed_0/rerun_protocol_v1_sin_fedgda_s_seed0_alpha0p1,best_validation_prediction,final_prediction,True,"(20000, 1)","(20000, 1)","(20000, 1)",True,,original low-dimensional federated base sweep
a0110,base_sweep,sin,fedogda_d,FedOGDA-D,0.1,0,results/rerun_protocol_v1/sin/fedogda_d/seed_0/rerun_protocol_v1_sin_fedogda_d_seed0_alpha0p1/predictions.npz,results/rerun_protocol_v1/sin/fedogda_d/seed_0/rerun_protocol_v1_sin_fedogda_d_seed0_alpha0p1,best_validation_prediction,final_prediction,True,"(20000, 1)","(20000, 1)","(20000, 1)",True,,original low-dimensional federated base sweep
a0111,base_sweep,sin,fedogda_s,FedOGDA-S,0.1,0,results/rerun_protocol_v1/sin/fedogda_s/seed_0/rerun_protocol_v1_sin_fedogda_s_seed0_alpha0p1/predictions.npz,results/rerun_protocol_v1/sin/fedogda_s/seed_0/rerun_protocol_v1_sin_fedogda_s_seed0_alpha0p1,best_validation_prediction,final_prediction,True,"(20000, 1)","(20000, 1)","(20000, 1)",True,,original low-dimensional federated base sweep
a0112,base_sweep,sin,fedgda_d,FedGDA-D,0.1,1,results/rerun_protocol_v1/sin/fedgda_d/seed_1/rerun_protocol_v1_sin_fedgda_d_seed1_alpha0p1/predictions.npz,results/rerun_protocol_v1/sin/fedgda_d/seed_1/rerun_protocol_v1_sin_fedgda_d_seed1_alpha0p1,best_validation_prediction,final_prediction,True,"(20000, 1)","(20000, 1)","(20000, 1)",True,,original low-dimensional federated base sweep
a0113,base_sweep,sin,fedgda_s,FedGDA-S,0.1,1,results/rerun_protocol_v1/sin/fedgda_s/seed_1/rerun_protocol_v1_sin_fedgda_s_seed1_alpha0p1/predictions.npz,results/rerun_protocol_v1/sin/fedgda_s/seed_1/rerun_protocol_v1_sin_fedgda_s_seed1_alpha0p1,best_validation_prediction,final_prediction,True,"(20000, 1)","(20000, 1)","(20000, 1)",True,,original low-dimensional federated base sweep
a0114,base_sweep,sin,fedogda_d,FedOGDA-D,0.1,1,results/rerun_protocol_v1/sin/fedogda_d/seed_1/rerun_protocol_v1_sin_fedogda_d_seed1_alpha0p1/predictions.npz,results/rerun_protocol_v1/sin/fedogda_d/seed_1/rerun_protocol_v1_sin_fedogda_d_seed1_alpha0p1,best_validation_prediction,final_prediction,True,"(20000, 1)","(20000, 1)","(20000, 1)",True,,original low-dimensional federated base sweep
a0115,base_sweep,sin,fedogda_s,FedOGDA-S,0.1,1,results/rerun_protocol_v1/sin/fedogda_s/seed_1/rerun_protocol_v1_sin_fedogda_s_seed1_alpha0p1/predictions.npz,results/rerun_protocol_v1/sin/fedogda_s/seed_1/rerun_protocol_v1_sin_fedogda_s_seed1_alpha0p1,best_validation_prediction,final_prediction,True,"(20000, 1)","(20000, 1)","(20000, 1)",True,,original low-dimensional federated base sweep
a0116,base_sweep,sin,fedgda_d,FedGDA-D,0.1,2,results/rerun_protocol_v1/sin/fedgda_d/seed_2/rerun_protocol_v1_sin_fedgda_d_seed2_alpha0p1/predictions.npz,results/rerun_protocol_v1/sin/fedgda_d/seed_2/rerun_protocol_v1_sin_fedgda_d_seed2_alpha0p1,best_validation_prediction,final_prediction,True,"(20000, 1)","(20000, 1)","(20000, 1)",True,,original low-dimensional federated base sweep
a0117,base_sweep,sin,fedgda_s,FedGDA-S,0.1,2,results/rerun_protocol_v1/sin/fedgda_s/seed_2/rerun_protocol_v1_sin_fedgda_s_seed2_alpha0p1/predictions.npz,results/rerun_protocol_v1/sin/fedgda_s/seed_2/rerun_protocol_v1_sin_fedgda_s_seed2_alpha0p1,best_validation_prediction,final_prediction,True,"(20000, 1)","(20000, 1)","(20000, 1)",True,,original low-dimensional federated base sweep
a0118,base_sweep,sin,fedogda_d,FedOGDA-D,0.1,2,results/rerun_protocol_v1/sin/fedogda_d/seed_2/rerun_protocol_v1_sin_fedogda_d_seed2_alpha0p1/predictions.npz,results/rerun_protocol_v1/sin/fedogda_d/seed_2/rerun_protocol_v1_sin_fedogda_d_seed2_alpha0p1,best_validation_prediction,final_prediction,True,"(20000, 1)","(20000, 1)","(20000, 1)",True,,original low-dimensional federated base sweep
a0119,base_sweep,sin,fedogda_s,FedOGDA-S,0.1,2,results/rerun_protocol_v1/sin/fedogda_s/seed_2/rerun_protocol_v1_sin_fedogda_s_seed2_alpha0p1/predictions.npz,results/rerun_protocol_v1/sin/fedogda_s/seed_2/rerun_protocol_v1_sin_fedogda_s_seed2_alpha0p1,best_validation_prediction,final_prediction,True,"(20000, 1)","(20000, 1)","(20000, 1)",True,,original low-dimensional federated base sweep
a0120,base_sweep,sin,fedgda_d,FedGDA-D,0.5,0,results/rerun_protocol_v1/sin/fedgda_d/seed_0/rerun_protocol_v1_sin_fedgda_d_seed0_alpha0p5/predictions.npz,results/rerun_protocol_v1/sin/fedgda_d/seed_0/rerun_protocol_v1_sin_fedgda_d_seed0_alpha0p5,best_validation_prediction,final_prediction,True,"(20000, 1)","(20000, 1)","(20000, 1)",True,,original low-dimensional federated base sweep
a0121,base_sweep,sin,fedgda_s,FedGDA-S,0.5,0,results/rerun_protocol_v1/sin/fedgda_s/seed_0/rerun_protocol_v1_sin_fedgda_s_seed0_alpha0p5/predictions.npz,results/rerun_protocol_v1/sin/fedgda_s/seed_0/rerun_protocol_v1_sin_fedgda_s_seed0_alpha0p5,best_validation_prediction,final_prediction,True,"(20000, 1)","(20000, 1)","(20000, 1)",True,,original low-dimensional federated base sweep
a0122,base_sweep,sin,fedogda_d,FedOGDA-D,0.5,0,results/rerun_protocol_v1/sin/fedogda_d/seed_0/rerun_protocol_v1_sin_fedogda_d_seed0_alpha0p5/predictions.npz,results/rerun_protocol_v1/sin/fedogda_d/seed_0/rerun_protocol_v1_sin_fedogda_d_seed0_alpha0p5,best_validation_prediction,final_prediction,True,"(20000, 1)","(20000, 1)","(20000, 1)",True,,original low-dimensional federated base sweep
a0123,base_sweep,sin,fedogda_s,FedOGDA-S,0.5,0,results/rerun_protocol_v1/sin/fedogda_s/seed_0/rerun_protocol_v1_sin_fedogda_s_seed0_alpha0p5/predictions.npz,results/rerun_protocol_v1/sin/fedogda_s/seed_0/rerun_protocol_v1_sin_fedogda_s_seed0_alpha0p5,best_validation_prediction,final_prediction,True,"(20000, 1)","(20000, 1)","(20000, 1)",True,,original low-dimensional federated base sweep
a0124,base_sweep,sin,fedgda_d,FedGDA-D,0.5,1,results/rerun_protocol_v1/sin/fedgda_d/seed_1/rerun_protocol_v1_sin_fedgda_d_seed1_alpha0p5/predictions.npz,results/rerun_protocol_v1/sin/fedgda_d/seed_1/rerun_protocol_v1_sin_fedgda_d_seed1_alpha0p5,best_validation_prediction,final_prediction,True,"(20000, 1)","(20000, 1)","(20000, 1)",True,,original low-dimensional federated base sweep
a0125,base_sweep,sin,fedgda_s,FedGDA-S,0.5,1,results/rerun_protocol_v1/sin/fedgda_s/seed_1/rerun_protocol_v1_sin_fedgda_s_seed1_alpha0p5/predictions.npz,results/rerun_protocol_v1/sin/fedgda_s/seed_1/rerun_protocol_v1_sin_fedgda_s_seed1_alpha0p5,best_validation_prediction,final_prediction,True,"(20000, 1)","(20000, 1)","(20000, 1)",True,,original low-dimensional federated base sweep
a0126,base_sweep,sin,fedogda_d,FedOGDA-D,0.5,1,results/rerun_protocol_v1/sin/fedogda_d/seed_1/rerun_protocol_v1_sin_fedogda_d_seed1_alpha0p5/predictions.npz,results/rerun_protocol_v1/sin/fedogda_d/seed_1/rerun_protocol_v1_sin_fedogda_d_seed1_alpha0p5,best_validation_prediction,final_prediction,True,"(20000, 1)","(20000, 1)","(20000, 1)",True,,original low-dimensional federated base sweep
a0127,base_sweep,sin,fedogda_s,FedOGDA-S,0.5,1,results/rerun_protocol_v1/sin/fedogda_s/seed_1/rerun_protocol_v1_sin_fedogda_s_seed1_alpha0p5/predictions.npz,results/rerun_protocol_v1/sin/fedogda_s/seed_1/rerun_protocol_v1_sin_fedogda_s_seed1_alpha0p5,best_validation_prediction,final_prediction,True,"(20000, 1)","(20000, 1)","(20000, 1)",True,,original low-dimensional federated base sweep
a0128,base_sweep,sin,fedgda_d,FedGDA-D,0.5,2,results/rerun_protocol_v1/sin/fedgda_d/seed_2/rerun_protocol_v1_sin_fedgda_d_seed2_alpha0p5/predictions.npz,results/rerun_protocol_v1/sin/fedgda_d/seed_2/rerun_protocol_v1_sin_fedgda_d_seed2_alpha0p5,best_validation_prediction,final_prediction,True,"(20000, 1)","(20000, 1)","(20000, 1)",True,,original low-dimensional federated base sweep
a0129,base_sweep,sin,fedgda_s,FedGDA-S,0.5,2,results/rerun_protocol_v1/sin/fedgda_s/seed_2/rerun_protocol_v1_sin_fedgda_s_seed2_alpha0p5/predictions.npz,results/rerun_protocol_v1/sin/fedgda_s/seed_2/rerun_protocol_v1_sin_fedgda_s_seed2_alpha0p5,best_validation_prediction,final_prediction,True,"(20000, 1)","(20000, 1)","(20000, 1)",True,,original low-dimensional federated base sweep
a0130,base_sweep,sin,fedogda_d,FedOGDA-D,0.5,2,results/rerun_protocol_v1/sin/fedogda_d/seed_2/rerun_protocol_v1_sin_fedogda_d_seed2_alpha0p5/predictions.npz,results/rerun_protocol_v1/sin/fedogda_d/seed_2/rerun_protocol_v1_sin_fedogda_d_seed2_alpha0p5,best_validation_prediction,final_prediction,True,"(20000, 1)","(20000, 1)","(20000, 1)",True,,original low-dimensional federated base sweep
a0131,base_sweep,sin,fedogda_s,FedOGDA-S,0.5,2,results/rerun_protocol_v1/sin/fedogda_s/seed_2/rerun_protocol_v1_sin_fedogda_s_seed2_alpha0p5/predictions.npz,results/rerun_protocol_v1/sin/fedogda_s/seed_2/rerun_protocol_v1_sin_fedogda_s_seed2_alpha0p5,best_validation_prediction,final_prediction,True,"(20000, 1)","(20000, 1)","(20000, 1)",True,,original low-dimensional federated base sweep
a0132,base_sweep,sin,fedgda_d,FedGDA-D,1.0,0,results/rerun_protocol_v1/sin/fedgda_d/seed_0/rerun_protocol_v1_sin_fedgda_d_seed0_alpha1p0/predictions.npz,results/rerun_protocol_v1/sin/fedgda_d/seed_0/rerun_protocol_v1_sin_fedgda_d_seed0_alpha1p0,best_validation_prediction,final_prediction,True,"(20000, 1)","(20000, 1)","(20000, 1)",True,,original low-dimensional federated base sweep
a0133,base_sweep,sin,fedgda_s,FedGDA-S,1.0,0,results/rerun_protocol_v1/sin/fedgda_s/seed_0/rerun_protocol_v1_sin_fedgda_s_seed0_alpha1p0/predictions.npz,results/rerun_protocol_v1/sin/fedgda_s/seed_0/rerun_protocol_v1_sin_fedgda_s_seed0_alpha1p0,best_validation_prediction,final_prediction,True,"(20000, 1)","(20000, 1)","(20000, 1)",True,,original low-dimensional federated base sweep
a0134,base_sweep,sin,fedogda_d,FedOGDA-D,1.0,0,results/rerun_protocol_v1/sin/fedogda_d/seed_0/rerun_protocol_v1_sin_fedogda_d_seed0_alpha1p0/predictions.npz,results/rerun_protocol_v1/sin/fedogda_d/seed_0/rerun_protocol_v1_sin_fedogda_d_seed0_alpha1p0,best_validation_prediction,final_prediction,True,"(20000, 1)","(20000, 1)","(20000, 1)",True,,original low-dimensional federated base sweep
a0135,base_sweep,sin,fedogda_s,FedOGDA-S,1.0,0,results/rerun_protocol_v1/sin/fedogda_s/seed_0/rerun_protocol_v1_sin_fedogda_s_seed0_alpha1p0/predictions.npz,results/rerun_protocol_v1/sin/fedogda_s/seed_0/rerun_protocol_v1_sin_fedogda_s_seed0_alpha1p0,best_validation_prediction,final_prediction,True,"(20000, 1)","(20000, 1)","(20000, 1)",True,,original low-dimensional federated base sweep
a0136,base_sweep,sin,fedgda_d,FedGDA-D,1.0,1,results/rerun_protocol_v1/sin/fedgda_d/seed_1/rerun_protocol_v1_sin_fedgda_d_seed1_alpha1p0/predictions.npz,results/rerun_protocol_v1/sin/fedgda_d/seed_1/rerun_protocol_v1_sin_fedgda_d_seed1_alpha1p0,best_validation_prediction,final_prediction,True,"(20000, 1)","(20000, 1)","(20000, 1)",True,,original low-dimensional federated base sweep
a0137,base_sweep,sin,fedgda_s,FedGDA-S,1.0,1,results/rerun_protocol_v1/sin/fedgda_s/seed_1/rerun_protocol_v1_sin_fedgda_s_seed1_alpha1p0/predictions.npz,results/rerun_protocol_v1/sin/fedgda_s/seed_1/rerun_protocol_v1_sin_fedgda_s_seed1_alpha1p0,best_validation_prediction,final_prediction,True,"(20000, 1)","(20000, 1)","(20000, 1)",True,,original low-dimensional federated base sweep
a0138,base_sweep,sin,fedogda_d,FedOGDA-D,1.0,1,results/rerun_protocol_v1/sin/fedogda_d/seed_1/rerun_protocol_v1_sin_fedogda_d_seed1_alpha1p0/predictions.npz,results/rerun_protocol_v1/sin/fedogda_d/seed_1/rerun_protocol_v1_sin_fedogda_d_seed1_alpha1p0,best_validation_prediction,final_prediction,True,"(20000, 1)","(20000, 1)","(20000, 1)",True,,original low-dimensional federated base sweep
a0139,base_sweep,sin,fedogda_s,FedOGDA-S,1.0,1,results/rerun_protocol_v1/sin/fedogda_s/seed_1/rerun_protocol_v1_sin_fedogda_s_seed1_alpha1p0/predictions.npz,results/rerun_protocol_v1/sin/fedogda_s/seed_1/rerun_protocol_v1_sin_fedogda_s_seed1_alpha1p0,best_validation_prediction,final_prediction,True,"(20000, 1)","(20000, 1)","(20000, 1)",True,,original low-dimensional federated base sweep
a0140,base_sweep,sin,fedgda_d,FedGDA-D,1.0,2,results/rerun_protocol_v1/sin/fedgda_d/seed_2/rerun_protocol_v1_sin_fedgda_d_seed2_alpha1p0/predictions.npz,results/rerun_protocol_v1/sin/fedgda_d/seed_2/rerun_protocol_v1_sin_fedgda_d_seed2_alpha1p0,best_validation_prediction,final_prediction,True,"(20000, 1)","(20000, 1)","(20000, 1)",True,,original low-dimensional federated base sweep
a0141,base_sweep,sin,fedgda_s,FedGDA-S,1.0,2,results/rerun_protocol_v1/sin/fedgda_s/seed_2/rerun_protocol_v1_sin_fedgda_s_seed2_alpha1p0/predictions.npz,results/rerun_protocol_v1/sin/fedgda_s/seed_2/rerun_protocol_v1_sin_fedgda_s_seed2_alpha1p0,best_validation_prediction,final_prediction,True,"(20000, 1)","(20000, 1)","(20000, 1)",True,,original low-dimensional federated base sweep
a0142,base_sweep,sin,fedogda_d,FedOGDA-D,1.0,2,results/rerun_protocol_v1/sin/fedogda_d/seed_2/rerun_protocol_v1_sin_fedogda_d_seed2_alpha1p0/predictions.npz,results/rerun_protocol_v1/sin/fedogda_d/seed_2/rerun_protocol_v1_sin_fedogda_d_seed2_alpha1p0,best_validation_prediction,final_prediction,True,"(20000, 1)","(20000, 1)","(20000, 1)",True,,original low-dimensional federated base sweep
a0143,base_sweep,sin,fedogda_s,FedOGDA-S,1.0,2,results/rerun_protocol_v1/sin/fedogda_s/seed_2/rerun_protocol_v1_sin_fedogda_s_seed2_alpha1p0/predictions.npz,results/rerun_protocol_v1/sin/fedogda_s/seed_2/rerun_protocol_v1_sin_fedogda_s_seed2_alpha1p0,best_validation_prediction,final_prediction,True,"(20000, 1)","(20000, 1)","(20000, 1)",True,,original low-dimensional federated base sweep
a0144,tuned_sine_a2_lite,sin,fedogda_d,Tuned FedOGDA-D,1.0,0,results/sine_fedogda_tuning/stage_A2_from_A1_mini/sin/fedogda_d/seed_0/stage_A2_from_A1_mini_sin_fedogda_d_seed0_alpha1p0_R3_cm15_slr1.5_glr0p002/predictions.npz,results/sine_fedogda_tuning/stage_A2_from_A1_mini/sin/fedogda_d/seed_0/stage_A2_from_A1_mini_sin_fedogda_d_seed0_alpha1p0_R3_cm15_slr1.5_glr0p002,best_validation_prediction,final_prediction,True,"(20000, 1)","(20000, 1)","(20000, 1)",True,,validation-locked deterministic Sine A2-lite FedOGDA-D
a0145,tuned_sine_a2_lite,sin,fedogda_d,Tuned FedOGDA-D,1.0,1,results/sine_fedogda_tuning/stage_A2_from_A1_mini/sin/fedogda_d/seed_1/stage_A2_from_A1_mini_sin_fedogda_d_seed1_alpha1p0_R3_cm15_slr1.5_glr0p002/predictions.npz,results/sine_fedogda_tuning/stage_A2_from_A1_mini/sin/fedogda_d/seed_1/stage_A2_from_A1_mini_sin_fedogda_d_seed1_alpha1p0_R3_cm15_slr1.5_glr0p002,best_validation_prediction,final_prediction,True,"(20000, 1)","(20000, 1)","(20000, 1)",True,,validation-locked deterministic Sine A2-lite FedOGDA-D
a0146,tuned_sine_a2_lite,sin,fedogda_d,Tuned FedOGDA-D,1.0,2,results/sine_fedogda_tuning/stage_A2_from_A1_mini/sin/fedogda_d/seed_2/stage_A2_from_A1_mini_sin_fedogda_d_seed2_alpha1p0_R3_cm15_slr1.5_glr0p002/predictions.npz,results/sine_fedogda_tuning/stage_A2_from_A1_mini/sin/fedogda_d/seed_2/stage_A2_from_A1_mini_sin_fedogda_d_seed2_alpha1p0_R3_cm15_slr1.5_glr0p002,best_validation_prediction,final_prediction,True,"(20000, 1)","(20000, 1)","(20000, 1)",True,,validation-locked deterministic Sine A2-lite FedOGDA-D
a0147,fedogda_s_tuning_pilot_all_configs,abs,fedogda_s,FedOGDA-S,0.5,0,results/rerun_protocol_v1_tuning/fedogda_s_pilot_alpha0p5/abs/fedogda_s/seed_0/tune_fedogda_s_abs_seed0_alpha0p5_cm2_wd0p001/predictions.npz,results/rerun_protocol_v1_tuning/fedogda_s_pilot_alpha0p5/abs/fedogda_s/seed_0/tune_fedogda_s_abs_seed0_alpha0p5_cm2_wd0p001,best_validation_prediction,final_prediction,True,"(20000, 1)","(20000, 1)","(20000, 1)",True,,FedOGDA-S pilot cm=2.0 wd=0.001
a0148,fedogda_s_tuning_pilot_all_configs,abs,fedogda_s,FedOGDA-S,0.5,0,results/rerun_protocol_v1_tuning/fedogda_s_pilot_alpha0p5/abs/fedogda_s/seed_0/tune_fedogda_s_abs_seed0_alpha0p5_cm2_wd0p01/predictions.npz,results/rerun_protocol_v1_tuning/fedogda_s_pilot_alpha0p5/abs/fedogda_s/seed_0/tune_fedogda_s_abs_seed0_alpha0p5_cm2_wd0p01,best_validation_prediction,final_prediction,True,"(20000, 1)","(20000, 1)","(20000, 1)",True,,FedOGDA-S pilot cm=2.0 wd=0.01
a0149,fedogda_s_tuning_pilot_all_configs,abs,fedogda_s,FedOGDA-S,0.5,0,results/rerun_protocol_v1_tuning/fedogda_s_pilot_alpha0p5/abs/fedogda_s/seed_0/tune_fedogda_s_abs_seed0_alpha0p5_cm2_wd0p03/predictions.npz,results/rerun_protocol_v1_tuning/fedogda_s_pilot_alpha0p5/abs/fedogda_s/seed_0/tune_fedogda_s_abs_seed0_alpha0p5_cm2_wd0p03,best_validation_prediction,final_prediction,True,"(20000, 1)","(20000, 1)","(20000, 1)",True,,FedOGDA-S pilot cm=2.0 wd=0.03
a0150,fedogda_s_tuning_pilot_all_configs,abs,fedogda_s,FedOGDA-S,0.5,0,results/rerun_protocol_v1_tuning/fedogda_s_pilot_alpha0p5/abs/fedogda_s/seed_0/tune_fedogda_s_abs_seed0_alpha0p5_cm2_wd0p1/predictions.npz,results/rerun_protocol_v1_tuning/fedogda_s_pilot_alpha0p5/abs/fedogda_s/seed_0/tune_fedogda_s_abs_seed0_alpha0p5_cm2_wd0p1,best_validation_prediction,final_prediction,True,"(20000, 1)","(20000, 1)","(20000, 1)",True,,FedOGDA-S pilot cm=2.0 wd=0.1
a0151,fedogda_s_tuning_pilot_all_configs,abs,fedogda_s,FedOGDA-S,0.5,0,results/rerun_protocol_v1_tuning/fedogda_s_pilot_alpha0p5/abs/fedogda_s/seed_0/tune_fedogda_s_abs_seed0_alpha0p5_cm5_wd0p001/predictions.npz,results/rerun_protocol_v1_tuning/fedogda_s_pilot_alpha0p5/abs/fedogda_s/seed_0/tune_fedogda_s_abs_seed0_alpha0p5_cm5_wd0p001,best_validation_prediction,final_prediction,True,"(20000, 1)","(20000, 1)","(20000, 1)",True,,FedOGDA-S pilot cm=5.0 wd=0.001
a0152,fedogda_s_tuning_pilot_all_configs,abs,fedogda_s,FedOGDA-S,0.5,0,results/rerun_protocol_v1_tuning/fedogda_s_pilot_alpha0p5/abs/fedogda_s/seed_0/tune_fedogda_s_abs_seed0_alpha0p5_cm5_wd0p01/predictions.npz,results/rerun_protocol_v1_tuning/fedogda_s_pilot_alpha0p5/abs/fedogda_s/seed_0/tune_fedogda_s_abs_seed0_alpha0p5_cm5_wd0p01,best_validation_prediction,final_prediction,True,"(20000, 1)","(20000, 1)","(20000, 1)",True,,FedOGDA-S pilot cm=5.0 wd=0.01
a0153,fedogda_s_tuning_pilot_all_configs,abs,fedogda_s,FedOGDA-S,0.5,0,results/rerun_protocol_v1_tuning/fedogda_s_pilot_alpha0p5/abs/fedogda_s/seed_0/tune_fedogda_s_abs_seed0_alpha0p5_cm5_wd0p03/predictions.npz,results/rerun_protocol_v1_tuning/fedogda_s_pilot_alpha0p5/abs/fedogda_s/seed_0/tune_fedogda_s_abs_seed0_alpha0p5_cm5_wd0p03,best_validation_prediction,final_prediction,True,"(20000, 1)","(20000, 1)","(20000, 1)",True,,FedOGDA-S pilot cm=5.0 wd=0.03
a0154,fedogda_s_tuning_pilot_all_configs,abs,fedogda_s,FedOGDA-S,0.5,0,results/rerun_protocol_v1_tuning/fedogda_s_pilot_alpha0p5/abs/fedogda_s/seed_0/tune_fedogda_s_abs_seed0_alpha0p5_cm5_wd0p1/predictions.npz,results/rerun_protocol_v1_tuning/fedogda_s_pilot_alpha0p5/abs/fedogda_s/seed_0/tune_fedogda_s_abs_seed0_alpha0p5_cm5_wd0p1,best_validation_prediction,final_prediction,True,"(20000, 1)","(20000, 1)","(20000, 1)",True,,FedOGDA-S pilot cm=5.0 wd=0.1
a0155,fedogda_s_tuning_pilot_all_configs,abs,fedogda_s,FedOGDA-S,0.5,0,results/rerun_protocol_v1_tuning/fedogda_s_pilot_alpha0p5/abs/fedogda_s/seed_0/tune_fedogda_s_abs_seed0_alpha0p5_cm10_wd0p001/predictions.npz,results/rerun_protocol_v1_tuning/fedogda_s_pilot_alpha0p5/abs/fedogda_s/seed_0/tune_fedogda_s_abs_seed0_alpha0p5_cm10_wd0p001,best_validation_prediction,final_prediction,True,"(20000, 1)","(20000, 1)","(20000, 1)",True,,FedOGDA-S pilot cm=10.0 wd=0.001
a0156,fedogda_s_tuning_pilot_all_configs,abs,fedogda_s,FedOGDA-S,0.5,0,results/rerun_protocol_v1_tuning/fedogda_s_pilot_alpha0p5/abs/fedogda_s/seed_0/tune_fedogda_s_abs_seed0_alpha0p5_cm10_wd0p01/predictions.npz,results/rerun_protocol_v1_tuning/fedogda_s_pilot_alpha0p5/abs/fedogda_s/seed_0/tune_fedogda_s_abs_seed0_alpha0p5_cm10_wd0p01,best_validation_prediction,final_prediction,True,"(20000, 1)","(20000, 1)","(20000, 1)",True,,FedOGDA-S pilot cm=10.0 wd=0.01
a0157,fedogda_s_tuning_pilot_all_configs,abs,fedogda_s,FedOGDA-S,0.5,0,results/rerun_protocol_v1_tuning/fedogda_s_pilot_alpha0p5/abs/fedogda_s/seed_0/tune_fedogda_s_abs_seed0_alpha0p5_cm10_wd0p03/predictions.npz,results/rerun_protocol_v1_tuning/fedogda_s_pilot_alpha0p5/abs/fedogda_s/seed_0/tune_fedogda_s_abs_seed0_alpha0p5_cm10_wd0p03,best_validation_prediction,final_prediction,True,"(20000, 1)","(20000, 1)","(20000, 1)",True,,FedOGDA-S pilot cm=10.0 wd=0.03
a0158,fedogda_s_tuning_pilot_all_configs,abs,fedogda_s,FedOGDA-S,0.5,0,results/rerun_protocol_v1_tuning/fedogda_s_pilot_alpha0p5/abs/fedogda_s/seed_0/tune_fedogda_s_abs_seed0_alpha0p5_cm10_wd0p1/predictions.npz,results/rerun_protocol_v1_tuning/fedogda_s_pilot_alpha0p5/abs/fedogda_s/seed_0/tune_fedogda_s_abs_seed0_alpha0p5_cm10_wd0p1,best_validation_prediction,final_prediction,True,"(20000, 1)","(20000, 1)","(20000, 1)",True,,FedOGDA-S pilot cm=10.0 wd=0.1
a0159,fedogda_s_tuning_pilot_selected,abs,fedogda_s,FedOGDA-S,0.5,0,results/rerun_protocol_v1_tuning/fedogda_s_pilot_alpha0p5/abs/fedogda_s/seed_0/tune_fedogda_s_abs_seed0_alpha0p5_cm20_wd0p001/predictions.npz,results/rerun_protocol_v1_tuning/fedogda_s_pilot_alpha0p5/abs/fedogda_s/seed_0/tune_fedogda_s_abs_seed0_alpha0p5_cm20_wd0p001,best_validation_prediction,final_prediction,True,"(20000, 1)","(20000, 1)","(20000, 1)",True,,FedOGDA-S pilot cm=20.0 wd=0.001; selected by validation
a0160,fedogda_s_tuning_pilot_all_configs,abs,fedogda_s,FedOGDA-S,0.5,0,results/rerun_protocol_v1_tuning/fedogda_s_pilot_alpha0p5/abs/fedogda_s/seed_0/tune_fedogda_s_abs_seed0_alpha0p5_cm20_wd0p01/predictions.npz,results/rerun_protocol_v1_tuning/fedogda_s_pilot_alpha0p5/abs/fedogda_s/seed_0/tune_fedogda_s_abs_seed0_alpha0p5_cm20_wd0p01,best_validation_prediction,final_prediction,True,"(20000, 1)","(20000, 1)","(20000, 1)",True,,FedOGDA-S pilot cm=20.0 wd=0.01
a0161,fedogda_s_tuning_pilot_all_configs,abs,fedogda_s,FedOGDA-S,0.5,0,results/rerun_protocol_v1_tuning/fedogda_s_pilot_alpha0p5/abs/fedogda_s/seed_0/tune_fedogda_s_abs_seed0_alpha0p5_cm20_wd0p03/predictions.npz,results/rerun_protocol_v1_tuning/fedogda_s_pilot_alpha0p5/abs/fedogda_s/seed_0/tune_fedogda_s_abs_seed0_alpha0p5_cm20_wd0p03,best_validation_prediction,final_prediction,True,"(20000, 1)","(20000, 1)","(20000, 1)",True,,FedOGDA-S pilot cm=20.0 wd=0.03
a0162,fedogda_s_tuning_pilot_all_configs,abs,fedogda_s,FedOGDA-S,0.5,0,results/rerun_protocol_v1_tuning/fedogda_s_pilot_alpha0p5/abs/fedogda_s/seed_0/tune_fedogda_s_abs_seed0_alpha0p5_cm20_wd0p1/predictions.npz,results/rerun_protocol_v1_tuning/fedogda_s_pilot_alpha0p5/abs/fedogda_s/seed_0/tune_fedogda_s_abs_seed0_alpha0p5_cm20_wd0p1,best_validation_prediction,final_prediction,True,"(20000, 1)","(20000, 1)","(20000, 1)",True,,FedOGDA-S pilot cm=20.0 wd=0.1
a0163,fedogda_s_tuning_pilot_all_configs,abs,fedogda_s,FedOGDA-S,0.5,1,results/rerun_protocol_v1_tuning/fedogda_s_pilot_alpha0p5/abs/fedogda_s/seed_1/tune_fedogda_s_abs_seed1_alpha0p5_cm2_wd0p001/predictions.npz,results/rerun_protocol_v1_tuning/fedogda_s_pilot_alpha0p5/abs/fedogda_s/seed_1/tune_fedogda_s_abs_seed1_alpha0p5_cm2_wd0p001,best_validation_prediction,final_prediction,True,"(20000, 1)","(20000, 1)","(20000, 1)",True,,FedOGDA-S pilot cm=2.0 wd=0.001
a0164,fedogda_s_tuning_pilot_all_configs,abs,fedogda_s,FedOGDA-S,0.5,1,results/rerun_protocol_v1_tuning/fedogda_s_pilot_alpha0p5/abs/fedogda_s/seed_1/tune_fedogda_s_abs_seed1_alpha0p5_cm2_wd0p01/predictions.npz,results/rerun_protocol_v1_tuning/fedogda_s_pilot_alpha0p5/abs/fedogda_s/seed_1/tune_fedogda_s_abs_seed1_alpha0p5_cm2_wd0p01,best_validation_prediction,final_prediction,True,"(20000, 1)","(20000, 1)","(20000, 1)",True,,FedOGDA-S pilot cm=2.0 wd=0.01
a0165,fedogda_s_tuning_pilot_all_configs,abs,fedogda_s,FedOGDA-S,0.5,1,results/rerun_protocol_v1_tuning/fedogda_s_pilot_alpha0p5/abs/fedogda_s/seed_1/tune_fedogda_s_abs_seed1_alpha0p5_cm2_wd0p03/predictions.npz,results/rerun_protocol_v1_tuning/fedogda_s_pilot_alpha0p5/abs/fedogda_s/seed_1/tune_fedogda_s_abs_seed1_alpha0p5_cm2_wd0p03,best_validation_prediction,final_prediction,True,"(20000, 1)","(20000, 1)","(20000, 1)",True,,FedOGDA-S pilot cm=2.0 wd=0.03
a0166,fedogda_s_tuning_pilot_all_configs,abs,fedogda_s,FedOGDA-S,0.5,1,results/rerun_protocol_v1_tuning/fedogda_s_pilot_alpha0p5/abs/fedogda_s/seed_1/tune_fedogda_s_abs_seed1_alpha0p5_cm2_wd0p1/predictions.npz,results/rerun_protocol_v1_tuning/fedogda_s_pilot_alpha0p5/abs/fedogda_s/seed_1/tune_fedogda_s_abs_seed1_alpha0p5_cm2_wd0p1,best_validation_prediction,final_prediction,True,"(20000, 1)","(20000, 1)","(20000, 1)",True,,FedOGDA-S pilot cm=2.0 wd=0.1
a0167,fedogda_s_tuning_pilot_all_configs,abs,fedogda_s,FedOGDA-S,0.5,1,results/rerun_protocol_v1_tuning/fedogda_s_pilot_alpha0p5/abs/fedogda_s/seed_1/tune_fedogda_s_abs_seed1_alpha0p5_cm5_wd0p001/predictions.npz,results/rerun_protocol_v1_tuning/fedogda_s_pilot_alpha0p5/abs/fedogda_s/seed_1/tune_fedogda_s_abs_seed1_alpha0p5_cm5_wd0p001,best_validation_prediction,final_prediction,True,"(20000, 1)","(20000, 1)","(20000, 1)",True,,FedOGDA-S pilot cm=5.0 wd=0.001
a0168,fedogda_s_tuning_pilot_all_configs,abs,fedogda_s,FedOGDA-S,0.5,1,results/rerun_protocol_v1_tuning/fedogda_s_pilot_alpha0p5/abs/fedogda_s/seed_1/tune_fedogda_s_abs_seed1_alpha0p5_cm5_wd0p01/predictions.npz,results/rerun_protocol_v1_tuning/fedogda_s_pilot_alpha0p5/abs/fedogda_s/seed_1/tune_fedogda_s_abs_seed1_alpha0p5_cm5_wd0p01,best_validation_prediction,final_prediction,True,"(20000, 1)","(20000, 1)","(20000, 1)",True,,FedOGDA-S pilot cm=5.0 wd=0.01
a0169,fedogda_s_tuning_pilot_all_configs,abs,fedogda_s,FedOGDA-S,0.5,1,results/rerun_protocol_v1_tuning/fedogda_s_pilot_alpha0p5/abs/fedogda_s/seed_1/tune_fedogda_s_abs_seed1_alpha0p5_cm5_wd0p03/predictions.npz,results/rerun_protocol_v1_tuning/fedogda_s_pilot_alpha0p5/abs/fedogda_s/seed_1/tune_fedogda_s_abs_seed1_alpha0p5_cm5_wd0p03,best_validation_prediction,final_prediction,True,"(20000, 1)","(20000, 1)","(20000, 1)",True,,FedOGDA-S pilot cm=5.0 wd=0.03
a0170,fedogda_s_tuning_pilot_all_configs,abs,fedogda_s,FedOGDA-S,0.5,1,results/rerun_protocol_v1_tuning/fedogda_s_pilot_alpha0p5/abs/fedogda_s/seed_1/tune_fedogda_s_abs_seed1_alpha0p5_cm5_wd0p1/predictions.npz,results/rerun_protocol_v1_tuning/fedogda_s_pilot_alpha0p5/abs/fedogda_s/seed_1/tune_fedogda_s_abs_seed1_alpha0p5_cm5_wd0p1,best_validation_prediction,final_prediction,True,"(20000, 1)","(20000, 1)","(20000, 1)",True,,FedOGDA-S pilot cm=5.0 wd=0.1
a0171,fedogda_s_tuning_pilot_all_configs,abs,fedogda_s,FedOGDA-S,0.5,1,results/rerun_protocol_v1_tuning/fedogda_s_pilot_alpha0p5/abs/fedogda_s/seed_1/tune_fedogda_s_abs_seed1_alpha0p5_cm10_wd0p001/predictions.npz,results/rerun_protocol_v1_tuning/fedogda_s_pilot_alpha0p5/abs/fedogda_s/seed_1/tune_fedogda_s_abs_seed1_alpha0p5_cm10_wd0p001,best_validation_prediction,final_prediction,True,"(20000, 1)","(20000, 1)","(20000, 1)",True,,FedOGDA-S pilot cm=10.0 wd=0.001
a0172,fedogda_s_tuning_pilot_all_configs,abs,fedogda_s,FedOGDA-S,0.5,1,results/rerun_protocol_v1_tuning/fedogda_s_pilot_alpha0p5/abs/fedogda_s/seed_1/tune_fedogda_s_abs_seed1_alpha0p5_cm10_wd0p01/predictions.npz,results/rerun_protocol_v1_tuning/fedogda_s_pilot_alpha0p5/abs/fedogda_s/seed_1/tune_fedogda_s_abs_seed1_alpha0p5_cm10_wd0p01,best_validation_prediction,final_prediction,True,"(20000, 1)","(20000, 1)","(20000, 1)",True,,FedOGDA-S pilot cm=10.0 wd=0.01
a0173,fedogda_s_tuning_pilot_all_configs,abs,fedogda_s,FedOGDA-S,0.5,1,results/rerun_protocol_v1_tuning/fedogda_s_pilot_alpha0p5/abs/fedogda_s/seed_1/tune_fedogda_s_abs_seed1_alpha0p5_cm10_wd0p03/predictions.npz,results/rerun_protocol_v1_tuning/fedogda_s_pilot_alpha0p5/abs/fedogda_s/seed_1/tune_fedogda_s_abs_seed1_alpha0p5_cm10_wd0p03,best_validation_prediction,final_prediction,True,"(20000, 1)","(20000, 1)","(20000, 1)",True,,FedOGDA-S pilot cm=10.0 wd=0.03
a0174,fedogda_s_tuning_pilot_all_configs,abs,fedogda_s,FedOGDA-S,0.5,1,results/rerun_protocol_v1_tuning/fedogda_s_pilot_alpha0p5/abs/fedogda_s/seed_1/tune_fedogda_s_abs_seed1_alpha0p5_cm10_wd0p1/predictions.npz,results/rerun_protocol_v1_tuning/fedogda_s_pilot_alpha0p5/abs/fedogda_s/seed_1/tune_fedogda_s_abs_seed1_alpha0p5_cm10_wd0p1,best_validation_prediction,final_prediction,True,"(20000, 1)","(20000, 1)","(20000, 1)",True,,FedOGDA-S pilot cm=10.0 wd=0.1
a0175,fedogda_s_tuning_pilot_selected,abs,fedogda_s,FedOGDA-S,0.5,1,results/rerun_protocol_v1_tuning/fedogda_s_pilot_alpha0p5/abs/fedogda_s/seed_1/tune_fedogda_s_abs_seed1_alpha0p5_cm20_wd0p001/predictions.npz,results/rerun_protocol_v1_tuning/fedogda_s_pilot_alpha0p5/abs/fedogda_s/seed_1/tune_fedogda_s_abs_seed1_alpha0p5_cm20_wd0p001,best_validation_prediction,final_prediction,True,"(20000, 1)","(20000, 1)","(20000, 1)",True,,FedOGDA-S pilot cm=20.0 wd=0.001; selected by validation
a0176,fedogda_s_tuning_pilot_all_configs,abs,fedogda_s,FedOGDA-S,0.5,1,results/rerun_protocol_v1_tuning/fedogda_s_pilot_alpha0p5/abs/fedogda_s/seed_1/tune_fedogda_s_abs_seed1_alpha0p5_cm20_wd0p01/predictions.npz,results/rerun_protocol_v1_tuning/fedogda_s_pilot_alpha0p5/abs/fedogda_s/seed_1/tune_fedogda_s_abs_seed1_alpha0p5_cm20_wd0p01,best_validation_prediction,final_prediction,True,"(20000, 1)","(20000, 1)","(20000, 1)",True,,FedOGDA-S pilot cm=20.0 wd=0.01
a0177,fedogda_s_tuning_pilot_all_configs,abs,fedogda_s,FedOGDA-S,0.5,1,results/rerun_protocol_v1_tuning/fedogda_s_pilot_alpha0p5/abs/fedogda_s/seed_1/tune_fedogda_s_abs_seed1_alpha0p5_cm20_wd0p03/predictions.npz,results/rerun_protocol_v1_tuning/fedogda_s_pilot_alpha0p5/abs/fedogda_s/seed_1/tune_fedogda_s_abs_seed1_alpha0p5_cm20_wd0p03,best_validation_prediction,final_prediction,True,"(20000, 1)","(20000, 1)","(20000, 1)",True,,FedOGDA-S pilot cm=20.0 wd=0.03
a0178,fedogda_s_tuning_pilot_all_configs,abs,fedogda_s,FedOGDA-S,0.5,1,results/rerun_protocol_v1_tuning/fedogda_s_pilot_alpha0p5/abs/fedogda_s/seed_1/tune_fedogda_s_abs_seed1_alpha0p5_cm20_wd0p1/predictions.npz,results/rerun_protocol_v1_tuning/fedogda_s_pilot_alpha0p5/abs/fedogda_s/seed_1/tune_fedogda_s_abs_seed1_alpha0p5_cm20_wd0p1,best_validation_prediction,final_prediction,True,"(20000, 1)","(20000, 1)","(20000, 1)",True,,FedOGDA-S pilot cm=20.0 wd=0.1
a0179,fedogda_s_tuning_pilot_all_configs,abs,fedogda_s,FedOGDA-S,0.5,2,results/rerun_protocol_v1_tuning/fedogda_s_pilot_alpha0p5/abs/fedogda_s/seed_2/tune_fedogda_s_abs_seed2_alpha0p5_cm2_wd0p001/predictions.npz,results/rerun_protocol_v1_tuning/fedogda_s_pilot_alpha0p5/abs/fedogda_s/seed_2/tune_fedogda_s_abs_seed2_alpha0p5_cm2_wd0p001,best_validation_prediction,final_prediction,True,"(20000, 1)","(20000, 1)","(20000, 1)",True,,FedOGDA-S pilot cm=2.0 wd=0.001
a0180,fedogda_s_tuning_pilot_all_configs,abs,fedogda_s,FedOGDA-S,0.5,2,results/rerun_protocol_v1_tuning/fedogda_s_pilot_alpha0p5/abs/fedogda_s/seed_2/tune_fedogda_s_abs_seed2_alpha0p5_cm2_wd0p01/predictions.npz,results/rerun_protocol_v1_tuning/fedogda_s_pilot_alpha0p5/abs/fedogda_s/seed_2/tune_fedogda_s_abs_seed2_alpha0p5_cm2_wd0p01,best_validation_prediction,final_prediction,True,"(20000, 1)","(20000, 1)","(20000, 1)",True,,FedOGDA-S pilot cm=2.0 wd=0.01
a0181,fedogda_s_tuning_pilot_all_configs,abs,fedogda_s,FedOGDA-S,0.5,2,results/rerun_protocol_v1_tuning/fedogda_s_pilot_alpha0p5/abs/fedogda_s/seed_2/tune_fedogda_s_abs_seed2_alpha0p5_cm2_wd0p03/predictions.npz,results/rerun_protocol_v1_tuning/fedogda_s_pilot_alpha0p5/abs/fedogda_s/seed_2/tune_fedogda_s_abs_seed2_alpha0p5_cm2_wd0p03,best_validation_prediction,final_prediction,True,"(20000, 1)","(20000, 1)","(20000, 1)",True,,FedOGDA-S pilot cm=2.0 wd=0.03
a0182,fedogda_s_tuning_pilot_all_configs,abs,fedogda_s,FedOGDA-S,0.5,2,results/rerun_protocol_v1_tuning/fedogda_s_pilot_alpha0p5/abs/fedogda_s/seed_2/tune_fedogda_s_abs_seed2_alpha0p5_cm2_wd0p1/predictions.npz,results/rerun_protocol_v1_tuning/fedogda_s_pilot_alpha0p5/abs/fedogda_s/seed_2/tune_fedogda_s_abs_seed2_alpha0p5_cm2_wd0p1,best_validation_prediction,final_prediction,True,"(20000, 1)","(20000, 1)","(20000, 1)",True,,FedOGDA-S pilot cm=2.0 wd=0.1
a0183,fedogda_s_tuning_pilot_all_configs,abs,fedogda_s,FedOGDA-S,0.5,2,results/rerun_protocol_v1_tuning/fedogda_s_pilot_alpha0p5/abs/fedogda_s/seed_2/tune_fedogda_s_abs_seed2_alpha0p5_cm5_wd0p001/predictions.npz,results/rerun_protocol_v1_tuning/fedogda_s_pilot_alpha0p5/abs/fedogda_s/seed_2/tune_fedogda_s_abs_seed2_alpha0p5_cm5_wd0p001,best_validation_prediction,final_prediction,True,"(20000, 1)","(20000, 1)","(20000, 1)",True,,FedOGDA-S pilot cm=5.0 wd=0.001
a0184,fedogda_s_tuning_pilot_all_configs,abs,fedogda_s,FedOGDA-S,0.5,2,results/rerun_protocol_v1_tuning/fedogda_s_pilot_alpha0p5/abs/fedogda_s/seed_2/tune_fedogda_s_abs_seed2_alpha0p5_cm5_wd0p01/predictions.npz,results/rerun_protocol_v1_tuning/fedogda_s_pilot_alpha0p5/abs/fedogda_s/seed_2/tune_fedogda_s_abs_seed2_alpha0p5_cm5_wd0p01,best_validation_prediction,final_prediction,True,"(20000, 1)","(20000, 1)","(20000, 1)",True,,FedOGDA-S pilot cm=5.0 wd=0.01
a0185,fedogda_s_tuning_pilot_all_configs,abs,fedogda_s,FedOGDA-S,0.5,2,results/rerun_protocol_v1_tuning/fedogda_s_pilot_alpha0p5/abs/fedogda_s/seed_2/tune_fedogda_s_abs_seed2_alpha0p5_cm5_wd0p03/predictions.npz,results/rerun_protocol_v1_tuning/fedogda_s_pilot_alpha0p5/abs/fedogda_s/seed_2/tune_fedogda_s_abs_seed2_alpha0p5_cm5_wd0p03,best_validation_prediction,final_prediction,True,"(20000, 1)","(20000, 1)","(20000, 1)",True,,FedOGDA-S pilot cm=5.0 wd=0.03
a0186,fedogda_s_tuning_pilot_all_configs,abs,fedogda_s,FedOGDA-S,0.5,2,results/rerun_protocol_v1_tuning/fedogda_s_pilot_alpha0p5/abs/fedogda_s/seed_2/tune_fedogda_s_abs_seed2_alpha0p5_cm5_wd0p1/predictions.npz,results/rerun_protocol_v1_tuning/fedogda_s_pilot_alpha0p5/abs/fedogda_s/seed_2/tune_fedogda_s_abs_seed2_alpha0p5_cm5_wd0p1,best_validation_prediction,final_prediction,True,"(20000, 1)","(20000, 1)","(20000, 1)",True,,FedOGDA-S pilot cm=5.0 wd=0.1
a0187,fedogda_s_tuning_pilot_all_configs,abs,fedogda_s,FedOGDA-S,0.5,2,results/rerun_protocol_v1_tuning/fedogda_s_pilot_alpha0p5/abs/fedogda_s/seed_2/tune_fedogda_s_abs_seed2_alpha0p5_cm10_wd0p001/predictions.npz,results/rerun_protocol_v1_tuning/fedogda_s_pilot_alpha0p5/abs/fedogda_s/seed_2/tune_fedogda_s_abs_seed2_alpha0p5_cm10_wd0p001,best_validation_prediction,final_prediction,True,"(20000, 1)","(20000, 1)","(20000, 1)",True,,FedOGDA-S pilot cm=10.0 wd=0.001
a0188,fedogda_s_tuning_pilot_all_configs,abs,fedogda_s,FedOGDA-S,0.5,2,results/rerun_protocol_v1_tuning/fedogda_s_pilot_alpha0p5/abs/fedogda_s/seed_2/tune_fedogda_s_abs_seed2_alpha0p5_cm10_wd0p01/predictions.npz,results/rerun_protocol_v1_tuning/fedogda_s_pilot_alpha0p5/abs/fedogda_s/seed_2/tune_fedogda_s_abs_seed2_alpha0p5_cm10_wd0p01,best_validation_prediction,final_prediction,True,"(20000, 1)","(20000, 1)","(20000, 1)",True,,FedOGDA-S pilot cm=10.0 wd=0.01
a0189,fedogda_s_tuning_pilot_all_configs,abs,fedogda_s,FedOGDA-S,0.5,2,results/rerun_protocol_v1_tuning/fedogda_s_pilot_alpha0p5/abs/fedogda_s/seed_2/tune_fedogda_s_abs_seed2_alpha0p5_cm10_wd0p03/predictions.npz,results/rerun_protocol_v1_tuning/fedogda_s_pilot_alpha0p5/abs/fedogda_s/seed_2/tune_fedogda_s_abs_seed2_alpha0p5_cm10_wd0p03,best_validation_prediction,final_prediction,True,"(20000, 1)","(20000, 1)","(20000, 1)",True,,FedOGDA-S pilot cm=10.0 wd=0.03
a0190,fedogda_s_tuning_pilot_all_configs,abs,fedogda_s,FedOGDA-S,0.5,2,results/rerun_protocol_v1_tuning/fedogda_s_pilot_alpha0p5/abs/fedogda_s/seed_2/tune_fedogda_s_abs_seed2_alpha0p5_cm10_wd0p1/predictions.npz,results/rerun_protocol_v1_tuning/fedogda_s_pilot_alpha0p5/abs/fedogda_s/seed_2/tune_fedogda_s_abs_seed2_alpha0p5_cm10_wd0p1,best_validation_prediction,final_prediction,True,"(20000, 1)","(20000, 1)","(20000, 1)",True,,FedOGDA-S pilot cm=10.0 wd=0.1
a0191,fedogda_s_tuning_pilot_selected,abs,fedogda_s,FedOGDA-S,0.5,2,results/rerun_protocol_v1_tuning/fedogda_s_pilot_alpha0p5/abs/fedogda_s/seed_2/tune_fedogda_s_abs_seed2_alpha0p5_cm20_wd0p001/predictions.npz,results/rerun_protocol_v1_tuning/fedogda_s_pilot_alpha0p5/abs/fedogda_s/seed_2/tune_fedogda_s_abs_seed2_alpha0p5_cm20_wd0p001,best_validation_prediction,final_prediction,True,"(20000, 1)","(20000, 1)","(20000, 1)",True,,FedOGDA-S pilot cm=20.0 wd=0.001; selected by validation
a0192,fedogda_s_tuning_pilot_all_configs,abs,fedogda_s,FedOGDA-S,0.5,2,results/rerun_protocol_v1_tuning/fedogda_s_pilot_alpha0p5/abs/fedogda_s/seed_2/tune_fedogda_s_abs_seed2_alpha0p5_cm20_wd0p01/predictions.npz,results/rerun_protocol_v1_tuning/fedogda_s_pilot_alpha0p5/abs/fedogda_s/seed_2/tune_fedogda_s_abs_seed2_alpha0p5_cm20_wd0p01,best_validation_prediction,final_prediction,True,"(20000, 1)","(20000, 1)","(20000, 1)",True,,FedOGDA-S pilot cm=20.0 wd=0.01
a0193,fedogda_s_tuning_pilot_all_configs,abs,fedogda_s,FedOGDA-S,0.5,2,results/rerun_protocol_v1_tuning/fedogda_s_pilot_alpha0p5/abs/fedogda_s/seed_2/tune_fedogda_s_abs_seed2_alpha0p5_cm20_wd0p03/predictions.npz,results/rerun_protocol_v1_tuning/fedogda_s_pilot_alpha0p5/abs/fedogda_s/seed_2/tune_fedogda_s_abs_seed2_alpha0p5_cm20_wd0p03,best_validation_prediction,final_prediction,True,"(20000, 1)","(20000, 1)","(20000, 1)",True,,FedOGDA-S pilot cm=20.0 wd=0.03
a0194,fedogda_s_tuning_pilot_all_configs,abs,fedogda_s,FedOGDA-S,0.5,2,results/rerun_protocol_v1_tuning/fedogda_s_pilot_alpha0p5/abs/fedogda_s/seed_2/tune_fedogda_s_abs_seed2_alpha0p5_cm20_wd0p1/predictions.npz,results/rerun_protocol_v1_tuning/fedogda_s_pilot_alpha0p5/abs/fedogda_s/seed_2/tune_fedogda_s_abs_seed2_alpha0p5_cm20_wd0p1,best_validation_prediction,final_prediction,True,"(20000, 1)","(20000, 1)","(20000, 1)",True,,FedOGDA-S pilot cm=20.0 wd=0.1
a0195,fedogda_s_tuning_pilot_all_configs,step,fedogda_s,FedOGDA-S,0.5,0,results/rerun_protocol_v1_tuning/fedogda_s_pilot_alpha0p5/step/fedogda_s/seed_0/tune_fedogda_s_step_seed0_alpha0p5_cm2_wd0p001/predictions.npz,results/rerun_protocol_v1_tuning/fedogda_s_pilot_alpha0p5/step/fedogda_s/seed_0/tune_fedogda_s_step_seed0_alpha0p5_cm2_wd0p001,best_validation_prediction,final_prediction,True,"(20000, 1)","(20000, 1)","(20000, 1)",True,,FedOGDA-S pilot cm=2.0 wd=0.001
a0196,fedogda_s_tuning_pilot_all_configs,step,fedogda_s,FedOGDA-S,0.5,0,results/rerun_protocol_v1_tuning/fedogda_s_pilot_alpha0p5/step/fedogda_s/seed_0/tune_fedogda_s_step_seed0_alpha0p5_cm2_wd0p01/predictions.npz,results/rerun_protocol_v1_tuning/fedogda_s_pilot_alpha0p5/step/fedogda_s/seed_0/tune_fedogda_s_step_seed0_alpha0p5_cm2_wd0p01,best_validation_prediction,final_prediction,True,"(20000, 1)","(20000, 1)","(20000, 1)",True,,FedOGDA-S pilot cm=2.0 wd=0.01
a0197,fedogda_s_tuning_pilot_all_configs,step,fedogda_s,FedOGDA-S,0.5,0,results/rerun_protocol_v1_tuning/fedogda_s_pilot_alpha0p5/step/fedogda_s/seed_0/tune_fedogda_s_step_seed0_alpha0p5_cm2_wd0p03/predictions.npz,results/rerun_protocol_v1_tuning/fedogda_s_pilot_alpha0p5/step/fedogda_s/seed_0/tune_fedogda_s_step_seed0_alpha0p5_cm2_wd0p03,best_validation_prediction,final_prediction,True,"(20000, 1)","(20000, 1)","(20000, 1)",True,,FedOGDA-S pilot cm=2.0 wd=0.03
a0198,fedogda_s_tuning_pilot_all_configs,step,fedogda_s,FedOGDA-S,0.5,0,results/rerun_protocol_v1_tuning/fedogda_s_pilot_alpha0p5/step/fedogda_s/seed_0/tune_fedogda_s_step_seed0_alpha0p5_cm2_wd0p1/predictions.npz,results/rerun_protocol_v1_tuning/fedogda_s_pilot_alpha0p5/step/fedogda_s/seed_0/tune_fedogda_s_step_seed0_alpha0p5_cm2_wd0p1,best_validation_prediction,final_prediction,True,"(20000, 1)","(20000, 1)","(20000, 1)",True,,FedOGDA-S pilot cm=2.0 wd=0.1
a0199,fedogda_s_tuning_pilot_all_configs,step,fedogda_s,FedOGDA-S,0.5,0,results/rerun_protocol_v1_tuning/fedogda_s_pilot_alpha0p5/step/fedogda_s/seed_0/tune_fedogda_s_step_seed0_alpha0p5_cm5_wd0p001/predictions.npz,results/rerun_protocol_v1_tuning/fedogda_s_pilot_alpha0p5/step/fedogda_s/seed_0/tune_fedogda_s_step_seed0_alpha0p5_cm5_wd0p001,best_validation_prediction,final_prediction,True,"(20000, 1)","(20000, 1)","(20000, 1)",True,,FedOGDA-S pilot cm=5.0 wd=0.001
a0200,fedogda_s_tuning_pilot_all_configs,step,fedogda_s,FedOGDA-S,0.5,0,results/rerun_protocol_v1_tuning/fedogda_s_pilot_alpha0p5/step/fedogda_s/seed_0/tune_fedogda_s_step_seed0_alpha0p5_cm5_wd0p01/predictions.npz,results/rerun_protocol_v1_tuning/fedogda_s_pilot_alpha0p5/step/fedogda_s/seed_0/tune_fedogda_s_step_seed0_alpha0p5_cm5_wd0p01,best_validation_prediction,final_prediction,True,"(20000, 1)","(20000, 1)","(20000, 1)",True,,FedOGDA-S pilot cm=5.0 wd=0.01
a0201,fedogda_s_tuning_pilot_all_configs,step,fedogda_s,FedOGDA-S,0.5,0,results/rerun_protocol_v1_tuning/fedogda_s_pilot_alpha0p5/step/fedogda_s/seed_0/tune_fedogda_s_step_seed0_alpha0p5_cm5_wd0p03/predictions.npz,results/rerun_protocol_v1_tuning/fedogda_s_pilot_alpha0p5/step/fedogda_s/seed_0/tune_fedogda_s_step_seed0_alpha0p5_cm5_wd0p03,best_validation_prediction,final_prediction,True,"(20000, 1)","(20000, 1)","(20000, 1)",True,,FedOGDA-S pilot cm=5.0 wd=0.03
a0202,fedogda_s_tuning_pilot_all_configs,step,fedogda_s,FedOGDA-S,0.5,0,results/rerun_protocol_v1_tuning/fedogda_s_pilot_alpha0p5/step/fedogda_s/seed_0/tune_fedogda_s_step_seed0_alpha0p5_cm5_wd0p1/predictions.npz,results/rerun_protocol_v1_tuning/fedogda_s_pilot_alpha0p5/step/fedogda_s/seed_0/tune_fedogda_s_step_seed0_alpha0p5_cm5_wd0p1,best_validation_prediction,final_prediction,True,"(20000, 1)","(20000, 1)","(20000, 1)",True,,FedOGDA-S pilot cm=5.0 wd=0.1
a0203,fedogda_s_tuning_pilot_all_configs,step,fedogda_s,FedOGDA-S,0.5,0,results/rerun_protocol_v1_tuning/fedogda_s_pilot_alpha0p5/step/fedogda_s/seed_0/tune_fedogda_s_step_seed0_alpha0p5_cm10_wd0p001/predictions.npz,results/rerun_protocol_v1_tuning/fedogda_s_pilot_alpha0p5/step/fedogda_s/seed_0/tune_fedogda_s_step_seed0_alpha0p5_cm10_wd0p001,best_validation_prediction,final_prediction,True,"(20000, 1)","(20000, 1)","(20000, 1)",True,,FedOGDA-S pilot cm=10.0 wd=0.001
a0204,fedogda_s_tuning_pilot_all_configs,step,fedogda_s,FedOGDA-S,0.5,0,results/rerun_protocol_v1_tuning/fedogda_s_pilot_alpha0p5/step/fedogda_s/seed_0/tune_fedogda_s_step_seed0_alpha0p5_cm10_wd0p01/predictions.npz,results/rerun_protocol_v1_tuning/fedogda_s_pilot_alpha0p5/step/fedogda_s/seed_0/tune_fedogda_s_step_seed0_alpha0p5_cm10_wd0p01,best_validation_prediction,final_prediction,True,"(20000, 1)","(20000, 1)","(20000, 1)",True,,FedOGDA-S pilot cm=10.0 wd=0.01
a0205,fedogda_s_tuning_pilot_all_configs,step,fedogda_s,FedOGDA-S,0.5,0,results/rerun_protocol_v1_tuning/fedogda_s_pilot_alpha0p5/step/fedogda_s/seed_0/tune_fedogda_s_step_seed0_alpha0p5_cm10_wd0p03/predictions.npz,results/rerun_protocol_v1_tuning/fedogda_s_pilot_alpha0p5/step/fedogda_s/seed_0/tune_fedogda_s_step_seed0_alpha0p5_cm10_wd0p03,best_validation_prediction,final_prediction,True,"(20000, 1)","(20000, 1)","(20000, 1)",True,,FedOGDA-S pilot cm=10.0 wd=0.03
a0206,fedogda_s_tuning_pilot_all_configs,step,fedogda_s,FedOGDA-S,0.5,0,results/rerun_protocol_v1_tuning/fedogda_s_pilot_alpha0p5/step/fedogda_s/seed_0/tune_fedogda_s_step_seed0_alpha0p5_cm10_wd0p1/predictions.npz,results/rerun_protocol_v1_tuning/fedogda_s_pilot_alpha0p5/step/fedogda_s/seed_0/tune_fedogda_s_step_seed0_alpha0p5_cm10_wd0p1,best_validation_prediction,final_prediction,True,"(20000, 1)","(20000, 1)","(20000, 1)",True,,FedOGDA-S pilot cm=10.0 wd=0.1
a0207,fedogda_s_tuning_pilot_selected,step,fedogda_s,FedOGDA-S,0.5,0,results/rerun_protocol_v1_tuning/fedogda_s_pilot_alpha0p5/step/fedogda_s/seed_0/tune_fedogda_s_step_seed0_alpha0p5_cm20_wd0p001/predictions.npz,results/rerun_protocol_v1_tuning/fedogda_s_pilot_alpha0p5/step/fedogda_s/seed_0/tune_fedogda_s_step_seed0_alpha0p5_cm20_wd0p001,best_validation_prediction,final_prediction,True,"(20000, 1)","(20000, 1)","(20000, 1)",True,,FedOGDA-S pilot cm=20.0 wd=0.001; selected by validation
a0208,fedogda_s_tuning_pilot_all_configs,step,fedogda_s,FedOGDA-S,0.5,0,results/rerun_protocol_v1_tuning/fedogda_s_pilot_alpha0p5/step/fedogda_s/seed_0/tune_fedogda_s_step_seed0_alpha0p5_cm20_wd0p01/predictions.npz,results/rerun_protocol_v1_tuning/fedogda_s_pilot_alpha0p5/step/fedogda_s/seed_0/tune_fedogda_s_step_seed0_alpha0p5_cm20_wd0p01,best_validation_prediction,final_prediction,True,"(20000, 1)","(20000, 1)","(20000, 1)",True,,FedOGDA-S pilot cm=20.0 wd=0.01
a0209,fedogda_s_tuning_pilot_all_configs,step,fedogda_s,FedOGDA-S,0.5,0,results/rerun_protocol_v1_tuning/fedogda_s_pilot_alpha0p5/step/fedogda_s/seed_0/tune_fedogda_s_step_seed0_alpha0p5_cm20_wd0p03/predictions.npz,results/rerun_protocol_v1_tuning/fedogda_s_pilot_alpha0p5/step/fedogda_s/seed_0/tune_fedogda_s_step_seed0_alpha0p5_cm20_wd0p03,best_validation_prediction,final_prediction,True,"(20000, 1)","(20000, 1)","(20000, 1)",True,,FedOGDA-S pilot cm=20.0 wd=0.03
a0210,fedogda_s_tuning_pilot_all_configs,step,fedogda_s,FedOGDA-S,0.5,0,results/rerun_protocol_v1_tuning/fedogda_s_pilot_alpha0p5/step/fedogda_s/seed_0/tune_fedogda_s_step_seed0_alpha0p5_cm20_wd0p1/predictions.npz,results/rerun_protocol_v1_tuning/fedogda_s_pilot_alpha0p5/step/fedogda_s/seed_0/tune_fedogda_s_step_seed0_alpha0p5_cm20_wd0p1,best_validation_prediction,final_prediction,True,"(20000, 1)","(20000, 1)","(20000, 1)",True,,FedOGDA-S pilot cm=20.0 wd=0.1
a0211,fedogda_s_tuning_pilot_all_configs,step,fedogda_s,FedOGDA-S,0.5,1,results/rerun_protocol_v1_tuning/fedogda_s_pilot_alpha0p5/step/fedogda_s/seed_1/tune_fedogda_s_step_seed1_alpha0p5_cm2_wd0p001/predictions.npz,results/rerun_protocol_v1_tuning/fedogda_s_pilot_alpha0p5/step/fedogda_s/seed_1/tune_fedogda_s_step_seed1_alpha0p5_cm2_wd0p001,best_validation_prediction,final_prediction,True,"(20000, 1)","(20000, 1)","(20000, 1)",True,,FedOGDA-S pilot cm=2.0 wd=0.001
a0212,fedogda_s_tuning_pilot_all_configs,step,fedogda_s,FedOGDA-S,0.5,1,results/rerun_protocol_v1_tuning/fedogda_s_pilot_alpha0p5/step/fedogda_s/seed_1/tune_fedogda_s_step_seed1_alpha0p5_cm2_wd0p01/predictions.npz,results/rerun_protocol_v1_tuning/fedogda_s_pilot_alpha0p5/step/fedogda_s/seed_1/tune_fedogda_s_step_seed1_alpha0p5_cm2_wd0p01,best_validation_prediction,final_prediction,True,"(20000, 1)","(20000, 1)","(20000, 1)",True,,FedOGDA-S pilot cm=2.0 wd=0.01
a0213,fedogda_s_tuning_pilot_all_configs,step,fedogda_s,FedOGDA-S,0.5,1,results/rerun_protocol_v1_tuning/fedogda_s_pilot_alpha0p5/step/fedogda_s/seed_1/tune_fedogda_s_step_seed1_alpha0p5_cm2_wd0p03/predictions.npz,results/rerun_protocol_v1_tuning/fedogda_s_pilot_alpha0p5/step/fedogda_s/seed_1/tune_fedogda_s_step_seed1_alpha0p5_cm2_wd0p03,best_validation_prediction,final_prediction,True,"(20000, 1)","(20000, 1)","(20000, 1)",True,,FedOGDA-S pilot cm=2.0 wd=0.03
a0214,fedogda_s_tuning_pilot_all_configs,step,fedogda_s,FedOGDA-S,0.5,1,results/rerun_protocol_v1_tuning/fedogda_s_pilot_alpha0p5/step/fedogda_s/seed_1/tune_fedogda_s_step_seed1_alpha0p5_cm2_wd0p1/predictions.npz,results/rerun_protocol_v1_tuning/fedogda_s_pilot_alpha0p5/step/fedogda_s/seed_1/tune_fedogda_s_step_seed1_alpha0p5_cm2_wd0p1,best_validation_prediction,final_prediction,True,"(20000, 1)","(20000, 1)","(20000, 1)",True,,FedOGDA-S pilot cm=2.0 wd=0.1
a0215,fedogda_s_tuning_pilot_all_configs,step,fedogda_s,FedOGDA-S,0.5,1,results/rerun_protocol_v1_tuning/fedogda_s_pilot_alpha0p5/step/fedogda_s/seed_1/tune_fedogda_s_step_seed1_alpha0p5_cm5_wd0p001/predictions.npz,results/rerun_protocol_v1_tuning/fedogda_s_pilot_alpha0p5/step/fedogda_s/seed_1/tune_fedogda_s_step_seed1_alpha0p5_cm5_wd0p001,best_validation_prediction,final_prediction,True,"(20000, 1)","(20000, 1)","(20000, 1)",True,,FedOGDA-S pilot cm=5.0 wd=0.001
a0216,fedogda_s_tuning_pilot_all_configs,step,fedogda_s,FedOGDA-S,0.5,1,results/rerun_protocol_v1_tuning/fedogda_s_pilot_alpha0p5/step/fedogda_s/seed_1/tune_fedogda_s_step_seed1_alpha0p5_cm5_wd0p01/predictions.npz,results/rerun_protocol_v1_tuning/fedogda_s_pilot_alpha0p5/step/fedogda_s/seed_1/tune_fedogda_s_step_seed1_alpha0p5_cm5_wd0p01,best_validation_prediction,final_prediction,True,"(20000, 1)","(20000, 1)","(20000, 1)",True,,FedOGDA-S pilot cm=5.0 wd=0.01
a0217,fedogda_s_tuning_pilot_all_configs,step,fedogda_s,FedOGDA-S,0.5,1,results/rerun_protocol_v1_tuning/fedogda_s_pilot_alpha0p5/step/fedogda_s/seed_1/tune_fedogda_s_step_seed1_alpha0p5_cm5_wd0p03/predictions.npz,results/rerun_protocol_v1_tuning/fedogda_s_pilot_alpha0p5/step/fedogda_s/seed_1/tune_fedogda_s_step_seed1_alpha0p5_cm5_wd0p03,best_validation_prediction,final_prediction,True,"(20000, 1)","(20000, 1)","(20000, 1)",True,,FedOGDA-S pilot cm=5.0 wd=0.03
a0218,fedogda_s_tuning_pilot_all_configs,step,fedogda_s,FedOGDA-S,0.5,1,results/rerun_protocol_v1_tuning/fedogda_s_pilot_alpha0p5/step/fedogda_s/seed_1/tune_fedogda_s_step_seed1_alpha0p5_cm5_wd0p1/predictions.npz,results/rerun_protocol_v1_tuning/fedogda_s_pilot_alpha0p5/step/fedogda_s/seed_1/tune_fedogda_s_step_seed1_alpha0p5_cm5_wd0p1,best_validation_prediction,final_prediction,True,"(20000, 1)","(20000, 1)","(20000, 1)",True,,FedOGDA-S pilot cm=5.0 wd=0.1
a0219,fedogda_s_tuning_pilot_all_configs,step,fedogda_s,FedOGDA-S,0.5,1,results/rerun_protocol_v1_tuning/fedogda_s_pilot_alpha0p5/step/fedogda_s/seed_1/tune_fedogda_s_step_seed1_alpha0p5_cm10_wd0p001/predictions.npz,results/rerun_protocol_v1_tuning/fedogda_s_pilot_alpha0p5/step/fedogda_s/seed_1/tune_fedogda_s_step_seed1_alpha0p5_cm10_wd0p001,best_validation_prediction,final_prediction,True,"(20000, 1)","(20000, 1)","(20000, 1)",True,,FedOGDA-S pilot cm=10.0 wd=0.001
a0220,fedogda_s_tuning_pilot_all_configs,step,fedogda_s,FedOGDA-S,0.5,1,results/rerun_protocol_v1_tuning/fedogda_s_pilot_alpha0p5/step/fedogda_s/seed_1/tune_fedogda_s_step_seed1_alpha0p5_cm10_wd0p01/predictions.npz,results/rerun_protocol_v1_tuning/fedogda_s_pilot_alpha0p5/step/fedogda_s/seed_1/tune_fedogda_s_step_seed1_alpha0p5_cm10_wd0p01,best_validation_prediction,final_prediction,True,"(20000, 1)","(20000, 1)","(20000, 1)",True,,FedOGDA-S pilot cm=10.0 wd=0.01
a0221,fedogda_s_tuning_pilot_all_configs,step,fedogda_s,FedOGDA-S,0.5,1,results/rerun_protocol_v1_tuning/fedogda_s_pilot_alpha0p5/step/fedogda_s/seed_1/tune_fedogda_s_step_seed1_alpha0p5_cm10_wd0p03/predictions.npz,results/rerun_protocol_v1_tuning/fedogda_s_pilot_alpha0p5/step/fedogda_s/seed_1/tune_fedogda_s_step_seed1_alpha0p5_cm10_wd0p03,best_validation_prediction,final_prediction,True,"(20000, 1)","(20000, 1)","(20000, 1)",True,,FedOGDA-S pilot cm=10.0 wd=0.03
a0222,fedogda_s_tuning_pilot_all_configs,step,fedogda_s,FedOGDA-S,0.5,1,results/rerun_protocol_v1_tuning/fedogda_s_pilot_alpha0p5/step/fedogda_s/seed_1/tune_fedogda_s_step_seed1_alpha0p5_cm10_wd0p1/predictions.npz,results/rerun_protocol_v1_tuning/fedogda_s_pilot_alpha0p5/step/fedogda_s/seed_1/tune_fedogda_s_step_seed1_alpha0p5_cm10_wd0p1,best_validation_prediction,final_prediction,True,"(20000, 1)","(20000, 1)","(20000, 1)",True,,FedOGDA-S pilot cm=10.0 wd=0.1
a0223,fedogda_s_tuning_pilot_selected,step,fedogda_s,FedOGDA-S,0.5,1,results/rerun_protocol_v1_tuning/fedogda_s_pilot_alpha0p5/step/fedogda_s/seed_1/tune_fedogda_s_step_seed1_alpha0p5_cm20_wd0p001/predictions.npz,results/rerun_protocol_v1_tuning/fedogda_s_pilot_alpha0p5/step/fedogda_s/seed_1/tune_fedogda_s_step_seed1_alpha0p5_cm20_wd0p001,best_validation_prediction,final_prediction,True,"(20000, 1)","(20000, 1)","(20000, 1)",True,,FedOGDA-S pilot cm=20.0 wd=0.001; selected by validation
a0224,fedogda_s_tuning_pilot_all_configs,step,fedogda_s,FedOGDA-S,0.5,1,results/rerun_protocol_v1_tuning/fedogda_s_pilot_alpha0p5/step/fedogda_s/seed_1/tune_fedogda_s_step_seed1_alpha0p5_cm20_wd0p01/predictions.npz,results/rerun_protocol_v1_tuning/fedogda_s_pilot_alpha0p5/step/fedogda_s/seed_1/tune_fedogda_s_step_seed1_alpha0p5_cm20_wd0p01,best_validation_prediction,final_prediction,True,"(20000, 1)","(20000, 1)","(20000, 1)",True,,FedOGDA-S pilot cm=20.0 wd=0.01
a0225,fedogda_s_tuning_pilot_all_configs,step,fedogda_s,FedOGDA-S,0.5,1,results/rerun_protocol_v1_tuning/fedogda_s_pilot_alpha0p5/step/fedogda_s/seed_1/tune_fedogda_s_step_seed1_alpha0p5_cm20_wd0p03/predictions.npz,results/rerun_protocol_v1_tuning/fedogda_s_pilot_alpha0p5/step/fedogda_s/seed_1/tune_fedogda_s_step_seed1_alpha0p5_cm20_wd0p03,best_validation_prediction,final_prediction,True,"(20000, 1)","(20000, 1)","(20000, 1)",True,,FedOGDA-S pilot cm=20.0 wd=0.03
a0226,fedogda_s_tuning_pilot_all_configs,step,fedogda_s,FedOGDA-S,0.5,1,results/rerun_protocol_v1_tuning/fedogda_s_pilot_alpha0p5/step/fedogda_s/seed_1/tune_fedogda_s_step_seed1_alpha0p5_cm20_wd0p1/predictions.npz,results/rerun_protocol_v1_tuning/fedogda_s_pilot_alpha0p5/step/fedogda_s/seed_1/tune_fedogda_s_step_seed1_alpha0p5_cm20_wd0p1,best_validation_prediction,final_prediction,True,"(20000, 1)","(20000, 1)","(20000, 1)",True,,FedOGDA-S pilot cm=20.0 wd=0.1
a0227,fedogda_s_tuning_pilot_all_configs,step,fedogda_s,FedOGDA-S,0.5,2,results/rerun_protocol_v1_tuning/fedogda_s_pilot_alpha0p5/step/fedogda_s/seed_2/tune_fedogda_s_step_seed2_alpha0p5_cm2_wd0p001/predictions.npz,results/rerun_protocol_v1_tuning/fedogda_s_pilot_alpha0p5/step/fedogda_s/seed_2/tune_fedogda_s_step_seed2_alpha0p5_cm2_wd0p001,best_validation_prediction,final_prediction,True,"(20000, 1)","(20000, 1)","(20000, 1)",True,,FedOGDA-S pilot cm=2.0 wd=0.001
a0228,fedogda_s_tuning_pilot_all_configs,step,fedogda_s,FedOGDA-S,0.5,2,results/rerun_protocol_v1_tuning/fedogda_s_pilot_alpha0p5/step/fedogda_s/seed_2/tune_fedogda_s_step_seed2_alpha0p5_cm2_wd0p01/predictions.npz,results/rerun_protocol_v1_tuning/fedogda_s_pilot_alpha0p5/step/fedogda_s/seed_2/tune_fedogda_s_step_seed2_alpha0p5_cm2_wd0p01,best_validation_prediction,final_prediction,True,"(20000, 1)","(20000, 1)","(20000, 1)",True,,FedOGDA-S pilot cm=2.0 wd=0.01
a0229,fedogda_s_tuning_pilot_all_configs,step,fedogda_s,FedOGDA-S,0.5,2,results/rerun_protocol_v1_tuning/fedogda_s_pilot_alpha0p5/step/fedogda_s/seed_2/tune_fedogda_s_step_seed2_alpha0p5_cm2_wd0p03/predictions.npz,results/rerun_protocol_v1_tuning/fedogda_s_pilot_alpha0p5/step/fedogda_s/seed_2/tune_fedogda_s_step_seed2_alpha0p5_cm2_wd0p03,best_validation_prediction,final_prediction,True,"(20000, 1)","(20000, 1)","(20000, 1)",True,,FedOGDA-S pilot cm=2.0 wd=0.03
a0230,fedogda_s_tuning_pilot_all_configs,step,fedogda_s,FedOGDA-S,0.5,2,results/rerun_protocol_v1_tuning/fedogda_s_pilot_alpha0p5/step/fedogda_s/seed_2/tune_fedogda_s_step_seed2_alpha0p5_cm2_wd0p1/predictions.npz,results/rerun_protocol_v1_tuning/fedogda_s_pilot_alpha0p5/step/fedogda_s/seed_2/tune_fedogda_s_step_seed2_alpha0p5_cm2_wd0p1,best_validation_prediction,final_prediction,True,"(20000, 1)","(20000, 1)","(20000, 1)",True,,FedOGDA-S pilot cm=2.0 wd=0.1
a0231,fedogda_s_tuning_pilot_all_configs,step,fedogda_s,FedOGDA-S,0.5,2,results/rerun_protocol_v1_tuning/fedogda_s_pilot_alpha0p5/step/fedogda_s/seed_2/tune_fedogda_s_step_seed2_alpha0p5_cm5_wd0p001/predictions.npz,results/rerun_protocol_v1_tuning/fedogda_s_pilot_alpha0p5/step/fedogda_s/seed_2/tune_fedogda_s_step_seed2_alpha0p5_cm5_wd0p001,best_validation_prediction,final_prediction,True,"(20000, 1)","(20000, 1)","(20000, 1)",True,,FedOGDA-S pilot cm=5.0 wd=0.001
a0232,fedogda_s_tuning_pilot_all_configs,step,fedogda_s,FedOGDA-S,0.5,2,results/rerun_protocol_v1_tuning/fedogda_s_pilot_alpha0p5/step/fedogda_s/seed_2/tune_fedogda_s_step_seed2_alpha0p5_cm5_wd0p01/predictions.npz,results/rerun_protocol_v1_tuning/fedogda_s_pilot_alpha0p5/step/fedogda_s/seed_2/tune_fedogda_s_step_seed2_alpha0p5_cm5_wd0p01,best_validation_prediction,final_prediction,True,"(20000, 1)","(20000, 1)","(20000, 1)",True,,FedOGDA-S pilot cm=5.0 wd=0.01
a0233,fedogda_s_tuning_pilot_all_configs,step,fedogda_s,FedOGDA-S,0.5,2,results/rerun_protocol_v1_tuning/fedogda_s_pilot_alpha0p5/step/fedogda_s/seed_2/tune_fedogda_s_step_seed2_alpha0p5_cm5_wd0p03/predictions.npz,results/rerun_protocol_v1_tuning/fedogda_s_pilot_alpha0p5/step/fedogda_s/seed_2/tune_fedogda_s_step_seed2_alpha0p5_cm5_wd0p03,best_validation_prediction,final_prediction,True,"(20000, 1)","(20000, 1)","(20000, 1)",True,,FedOGDA-S pilot cm=5.0 wd=0.03
a0234,fedogda_s_tuning_pilot_all_configs,step,fedogda_s,FedOGDA-S,0.5,2,results/rerun_protocol_v1_tuning/fedogda_s_pilot_alpha0p5/step/fedogda_s/seed_2/tune_fedogda_s_step_seed2_alpha0p5_cm5_wd0p1/predictions.npz,results/rerun_protocol_v1_tuning/fedogda_s_pilot_alpha0p5/step/fedogda_s/seed_2/tune_fedogda_s_step_seed2_alpha0p5_cm5_wd0p1,best_validation_prediction,final_prediction,True,"(20000, 1)","(20000, 1)","(20000, 1)",True,,FedOGDA-S pilot cm=5.0 wd=0.1
a0235,fedogda_s_tuning_pilot_all_configs,step,fedogda_s,FedOGDA-S,0.5,2,results/rerun_protocol_v1_tuning/fedogda_s_pilot_alpha0p5/step/fedogda_s/seed_2/tune_fedogda_s_step_seed2_alpha0p5_cm10_wd0p001/predictions.npz,results/rerun_protocol_v1_tuning/fedogda_s_pilot_alpha0p5/step/fedogda_s/seed_2/tune_fedogda_s_step_seed2_alpha0p5_cm10_wd0p001,best_validation_prediction,final_prediction,True,"(20000, 1)","(20000, 1)","(20000, 1)",True,,FedOGDA-S pilot cm=10.0 wd=0.001
a0236,fedogda_s_tuning_pilot_all_configs,step,fedogda_s,FedOGDA-S,0.5,2,results/rerun_protocol_v1_tuning/fedogda_s_pilot_alpha0p5/step/fedogda_s/seed_2/tune_fedogda_s_step_seed2_alpha0p5_cm10_wd0p01/predictions.npz,results/rerun_protocol_v1_tuning/fedogda_s_pilot_alpha0p5/step/fedogda_s/seed_2/tune_fedogda_s_step_seed2_alpha0p5_cm10_wd0p01,best_validation_prediction,final_prediction,True,"(20000, 1)","(20000, 1)","(20000, 1)",True,,FedOGDA-S pilot cm=10.0 wd=0.01
a0237,fedogda_s_tuning_pilot_all_configs,step,fedogda_s,FedOGDA-S,0.5,2,results/rerun_protocol_v1_tuning/fedogda_s_pilot_alpha0p5/step/fedogda_s/seed_2/tune_fedogda_s_step_seed2_alpha0p5_cm10_wd0p03/predictions.npz,results/rerun_protocol_v1_tuning/fedogda_s_pilot_alpha0p5/step/fedogda_s/seed_2/tune_fedogda_s_step_seed2_alpha0p5_cm10_wd0p03,best_validation_prediction,final_prediction,True,"(20000, 1)","(20000, 1)","(20000, 1)",True,,FedOGDA-S pilot cm=10.0 wd=0.03
a0238,fedogda_s_tuning_pilot_all_configs,step,fedogda_s,FedOGDA-S,0.5,2,results/rerun_protocol_v1_tuning/fedogda_s_pilot_alpha0p5/step/fedogda_s/seed_2/tune_fedogda_s_step_seed2_alpha0p5_cm10_wd0p1/predictions.npz,results/rerun_protocol_v1_tuning/fedogda_s_pilot_alpha0p5/step/fedogda_s/seed_2/tune_fedogda_s_step_seed2_alpha0p5_cm10_wd0p1,best_validation_prediction,final_prediction,True,"(20000, 1)","(20000, 1)","(20000, 1)",True,,FedOGDA-S pilot cm=10.0 wd=0.1
a0239,fedogda_s_tuning_pilot_selected,step,fedogda_s,FedOGDA-S,0.5,2,results/rerun_protocol_v1_tuning/fedogda_s_pilot_alpha0p5/step/fedogda_s/seed_2/tune_fedogda_s_step_seed2_alpha0p5_cm20_wd0p001/predictions.npz,results/rerun_protocol_v1_tuning/fedogda_s_pilot_alpha0p5/step/fedogda_s/seed_2/tune_fedogda_s_step_seed2_alpha0p5_cm20_wd0p001,best_validation_prediction,final_prediction,True,"(20000, 1)","(20000, 1)","(20000, 1)",True,,FedOGDA-S pilot cm=20.0 wd=0.001; selected by validation
a0240,fedogda_s_tuning_pilot_all_configs,step,fedogda_s,FedOGDA-S,0.5,2,results/rerun_protocol_v1_tuning/fedogda_s_pilot_alpha0p5/step/fedogda_s/seed_2/tune_fedogda_s_step_seed2_alpha0p5_cm20_wd0p01/predictions.npz,results/rerun_protocol_v1_tuning/fedogda_s_pilot_alpha0p5/step/fedogda_s/seed_2/tune_fedogda_s_step_seed2_alpha0p5_cm20_wd0p01,best_validation_prediction,final_prediction,True,"(20000, 1)","(20000, 1)","(20000, 1)",True,,FedOGDA-S pilot cm=20.0 wd=0.01
a0241,fedogda_s_tuning_pilot_all_configs,step,fedogda_s,FedOGDA-S,0.5,2,results/rerun_protocol_v1_tuning/fedogda_s_pilot_alpha0p5/step/fedogda_s/seed_2/tune_fedogda_s_step_seed2_alpha0p5_cm20_wd0p03/predictions.npz,results/rerun_protocol_v1_tuning/fedogda_s_pilot_alpha0p5/step/fedogda_s/seed_2/tune_fedogda_s_step_seed2_alpha0p5_cm20_wd0p03,best_validation_prediction,final_prediction,True,"(20000, 1)","(20000, 1)","(20000, 1)",True,,FedOGDA-S pilot cm=20.0 wd=0.03
a0242,fedogda_s_tuning_pilot_all_configs,step,fedogda_s,FedOGDA-S,0.5,2,results/rerun_protocol_v1_tuning/fedogda_s_pilot_alpha0p5/step/fedogda_s/seed_2/tune_fedogda_s_step_seed2_alpha0p5_cm20_wd0p1/predictions.npz,results/rerun_protocol_v1_tuning/fedogda_s_pilot_alpha0p5/step/fedogda_s/seed_2/tune_fedogda_s_step_seed2_alpha0p5_cm20_wd0p1,best_validation_prediction,final_prediction,True,"(20000, 1)","(20000, 1)","(20000, 1)",True,,FedOGDA-S pilot cm=20.0 wd=0.1
a0243,fedogda_s_tuning_pilot_all_configs,linear,fedogda_s,FedOGDA-S,0.5,0,results/rerun_protocol_v1_tuning/fedogda_s_pilot_alpha0p5/linear/fedogda_s/seed_0/tune_fedogda_s_linear_seed0_alpha0p5_cm2_wd0p001/predictions.npz,results/rerun_protocol_v1_tuning/fedogda_s_pilot_alpha0p5/linear/fedogda_s/seed_0/tune_fedogda_s_linear_seed0_alpha0p5_cm2_wd0p001,best_validation_prediction,final_prediction,True,"(20000, 1)","(20000, 1)","(20000, 1)",True,,FedOGDA-S pilot cm=2.0 wd=0.001
a0244,fedogda_s_tuning_pilot_all_configs,linear,fedogda_s,FedOGDA-S,0.5,0,results/rerun_protocol_v1_tuning/fedogda_s_pilot_alpha0p5/linear/fedogda_s/seed_0/tune_fedogda_s_linear_seed0_alpha0p5_cm2_wd0p01/predictions.npz,results/rerun_protocol_v1_tuning/fedogda_s_pilot_alpha0p5/linear/fedogda_s/seed_0/tune_fedogda_s_linear_seed0_alpha0p5_cm2_wd0p01,best_validation_prediction,final_prediction,True,"(20000, 1)","(20000, 1)","(20000, 1)",True,,FedOGDA-S pilot cm=2.0 wd=0.01
a0245,fedogda_s_tuning_pilot_all_configs,linear,fedogda_s,FedOGDA-S,0.5,0,results/rerun_protocol_v1_tuning/fedogda_s_pilot_alpha0p5/linear/fedogda_s/seed_0/tune_fedogda_s_linear_seed0_alpha0p5_cm2_wd0p03/predictions.npz,results/rerun_protocol_v1_tuning/fedogda_s_pilot_alpha0p5/linear/fedogda_s/seed_0/tune_fedogda_s_linear_seed0_alpha0p5_cm2_wd0p03,best_validation_prediction,final_prediction,True,"(20000, 1)","(20000, 1)","(20000, 1)",True,,FedOGDA-S pilot cm=2.0 wd=0.03
a0246,fedogda_s_tuning_pilot_all_configs,linear,fedogda_s,FedOGDA-S,0.5,0,results/rerun_protocol_v1_tuning/fedogda_s_pilot_alpha0p5/linear/fedogda_s/seed_0/tune_fedogda_s_linear_seed0_alpha0p5_cm2_wd0p1/predictions.npz,results/rerun_protocol_v1_tuning/fedogda_s_pilot_alpha0p5/linear/fedogda_s/seed_0/tune_fedogda_s_linear_seed0_alpha0p5_cm2_wd0p1,best_validation_prediction,final_prediction,True,"(20000, 1)","(20000, 1)","(20000, 1)",True,,FedOGDA-S pilot cm=2.0 wd=0.1
a0247,fedogda_s_tuning_pilot_all_configs,linear,fedogda_s,FedOGDA-S,0.5,0,results/rerun_protocol_v1_tuning/fedogda_s_pilot_alpha0p5/linear/fedogda_s/seed_0/tune_fedogda_s_linear_seed0_alpha0p5_cm5_wd0p001/predictions.npz,results/rerun_protocol_v1_tuning/fedogda_s_pilot_alpha0p5/linear/fedogda_s/seed_0/tune_fedogda_s_linear_seed0_alpha0p5_cm5_wd0p001,best_validation_prediction,final_prediction,True,"(20000, 1)","(20000, 1)","(20000, 1)",True,,FedOGDA-S pilot cm=5.0 wd=0.001
a0248,fedogda_s_tuning_pilot_all_configs,linear,fedogda_s,FedOGDA-S,0.5,0,results/rerun_protocol_v1_tuning/fedogda_s_pilot_alpha0p5/linear/fedogda_s/seed_0/tune_fedogda_s_linear_seed0_alpha0p5_cm5_wd0p01/predictions.npz,results/rerun_protocol_v1_tuning/fedogda_s_pilot_alpha0p5/linear/fedogda_s/seed_0/tune_fedogda_s_linear_seed0_alpha0p5_cm5_wd0p01,best_validation_prediction,final_prediction,True,"(20000, 1)","(20000, 1)","(20000, 1)",True,,FedOGDA-S pilot cm=5.0 wd=0.01
a0249,fedogda_s_tuning_pilot_all_configs,linear,fedogda_s,FedOGDA-S,0.5,0,results/rerun_protocol_v1_tuning/fedogda_s_pilot_alpha0p5/linear/fedogda_s/seed_0/tune_fedogda_s_linear_seed0_alpha0p5_cm5_wd0p03/predictions.npz,results/rerun_protocol_v1_tuning/fedogda_s_pilot_alpha0p5/linear/fedogda_s/seed_0/tune_fedogda_s_linear_seed0_alpha0p5_cm5_wd0p03,best_validation_prediction,final_prediction,True,"(20000, 1)","(20000, 1)","(20000, 1)",True,,FedOGDA-S pilot cm=5.0 wd=0.03
a0250,fedogda_s_tuning_pilot_all_configs,linear,fedogda_s,FedOGDA-S,0.5,0,results/rerun_protocol_v1_tuning/fedogda_s_pilot_alpha0p5/linear/fedogda_s/seed_0/tune_fedogda_s_linear_seed0_alpha0p5_cm5_wd0p1/predictions.npz,results/rerun_protocol_v1_tuning/fedogda_s_pilot_alpha0p5/linear/fedogda_s/seed_0/tune_fedogda_s_linear_seed0_alpha0p5_cm5_wd0p1,best_validation_prediction,final_prediction,True,"(20000, 1)","(20000, 1)","(20000, 1)",True,,FedOGDA-S pilot cm=5.0 wd=0.1
a0251,fedogda_s_tuning_pilot_all_configs,linear,fedogda_s,FedOGDA-S,0.5,0,results/rerun_protocol_v1_tuning/fedogda_s_pilot_alpha0p5/linear/fedogda_s/seed_0/tune_fedogda_s_linear_seed0_alpha0p5_cm10_wd0p001/predictions.npz,results/rerun_protocol_v1_tuning/fedogda_s_pilot_alpha0p5/linear/fedogda_s/seed_0/tune_fedogda_s_linear_seed0_alpha0p5_cm10_wd0p001,best_validation_prediction,final_prediction,True,"(20000, 1)","(20000, 1)","(20000, 1)",True,,FedOGDA-S pilot cm=10.0 wd=0.001
a0252,fedogda_s_tuning_pilot_all_configs,linear,fedogda_s,FedOGDA-S,0.5,0,results/rerun_protocol_v1_tuning/fedogda_s_pilot_alpha0p5/linear/fedogda_s/seed_0/tune_fedogda_s_linear_seed0_alpha0p5_cm10_wd0p01/predictions.npz,results/rerun_protocol_v1_tuning/fedogda_s_pilot_alpha0p5/linear/fedogda_s/seed_0/tune_fedogda_s_linear_seed0_alpha0p5_cm10_wd0p01,best_validation_prediction,final_prediction,True,"(20000, 1)","(20000, 1)","(20000, 1)",True,,FedOGDA-S pilot cm=10.0 wd=0.01
a0253,fedogda_s_tuning_pilot_all_configs,linear,fedogda_s,FedOGDA-S,0.5,0,results/rerun_protocol_v1_tuning/fedogda_s_pilot_alpha0p5/linear/fedogda_s/seed_0/tune_fedogda_s_linear_seed0_alpha0p5_cm10_wd0p03/predictions.npz,results/rerun_protocol_v1_tuning/fedogda_s_pilot_alpha0p5/linear/fedogda_s/seed_0/tune_fedogda_s_linear_seed0_alpha0p5_cm10_wd0p03,best_validation_prediction,final_prediction,True,"(20000, 1)","(20000, 1)","(20000, 1)",True,,FedOGDA-S pilot cm=10.0 wd=0.03
a0254,fedogda_s_tuning_pilot_all_configs,linear,fedogda_s,FedOGDA-S,0.5,0,results/rerun_protocol_v1_tuning/fedogda_s_pilot_alpha0p5/linear/fedogda_s/seed_0/tune_fedogda_s_linear_seed0_alpha0p5_cm10_wd0p1/predictions.npz,results/rerun_protocol_v1_tuning/fedogda_s_pilot_alpha0p5/linear/fedogda_s/seed_0/tune_fedogda_s_linear_seed0_alpha0p5_cm10_wd0p1,best_validation_prediction,final_prediction,True,"(20000, 1)","(20000, 1)","(20000, 1)",True,,FedOGDA-S pilot cm=10.0 wd=0.1
a0255,fedogda_s_tuning_pilot_selected,linear,fedogda_s,FedOGDA-S,0.5,0,results/rerun_protocol_v1_tuning/fedogda_s_pilot_alpha0p5/linear/fedogda_s/seed_0/tune_fedogda_s_linear_seed0_alpha0p5_cm20_wd0p001/predictions.npz,results/rerun_protocol_v1_tuning/fedogda_s_pilot_alpha0p5/linear/fedogda_s/seed_0/tune_fedogda_s_linear_seed0_alpha0p5_cm20_wd0p001,best_validation_prediction,final_prediction,True,"(20000, 1)","(20000, 1)","(20000, 1)",True,,FedOGDA-S pilot cm=20.0 wd=0.001; selected by validation
a0256,fedogda_s_tuning_pilot_all_configs,linear,fedogda_s,FedOGDA-S,0.5,0,results/rerun_protocol_v1_tuning/fedogda_s_pilot_alpha0p5/linear/fedogda_s/seed_0/tune_fedogda_s_linear_seed0_alpha0p5_cm20_wd0p01/predictions.npz,results/rerun_protocol_v1_tuning/fedogda_s_pilot_alpha0p5/linear/fedogda_s/seed_0/tune_fedogda_s_linear_seed0_alpha0p5_cm20_wd0p01,best_validation_prediction,final_prediction,True,"(20000, 1)","(20000, 1)","(20000, 1)",True,,FedOGDA-S pilot cm=20.0 wd=0.01
a0257,fedogda_s_tuning_pilot_all_configs,linear,fedogda_s,FedOGDA-S,0.5,0,results/rerun_protocol_v1_tuning/fedogda_s_pilot_alpha0p5/linear/fedogda_s/seed_0/tune_fedogda_s_linear_seed0_alpha0p5_cm20_wd0p03/predictions.npz,results/rerun_protocol_v1_tuning/fedogda_s_pilot_alpha0p5/linear/fedogda_s/seed_0/tune_fedogda_s_linear_seed0_alpha0p5_cm20_wd0p03,best_validation_prediction,final_prediction,True,"(20000, 1)","(20000, 1)","(20000, 1)",True,,FedOGDA-S pilot cm=20.0 wd=0.03
a0258,fedogda_s_tuning_pilot_all_configs,linear,fedogda_s,FedOGDA-S,0.5,0,results/rerun_protocol_v1_tuning/fedogda_s_pilot_alpha0p5/linear/fedogda_s/seed_0/tune_fedogda_s_linear_seed0_alpha0p5_cm20_wd0p1/predictions.npz,results/rerun_protocol_v1_tuning/fedogda_s_pilot_alpha0p5/linear/fedogda_s/seed_0/tune_fedogda_s_linear_seed0_alpha0p5_cm20_wd0p1,best_validation_prediction,final_prediction,True,"(20000, 1)","(20000, 1)","(20000, 1)",True,,FedOGDA-S pilot cm=20.0 wd=0.1
a0259,fedogda_s_tuning_pilot_all_configs,linear,fedogda_s,FedOGDA-S,0.5,1,results/rerun_protocol_v1_tuning/fedogda_s_pilot_alpha0p5/linear/fedogda_s/seed_1/tune_fedogda_s_linear_seed1_alpha0p5_cm2_wd0p001/predictions.npz,results/rerun_protocol_v1_tuning/fedogda_s_pilot_alpha0p5/linear/fedogda_s/seed_1/tune_fedogda_s_linear_seed1_alpha0p5_cm2_wd0p001,best_validation_prediction,final_prediction,True,"(20000, 1)","(20000, 1)","(20000, 1)",True,,FedOGDA-S pilot cm=2.0 wd=0.001
a0260,fedogda_s_tuning_pilot_all_configs,linear,fedogda_s,FedOGDA-S,0.5,1,results/rerun_protocol_v1_tuning/fedogda_s_pilot_alpha0p5/linear/fedogda_s/seed_1/tune_fedogda_s_linear_seed1_alpha0p5_cm2_wd0p01/predictions.npz,results/rerun_protocol_v1_tuning/fedogda_s_pilot_alpha0p5/linear/fedogda_s/seed_1/tune_fedogda_s_linear_seed1_alpha0p5_cm2_wd0p01,best_validation_prediction,final_prediction,True,"(20000, 1)","(20000, 1)","(20000, 1)",True,,FedOGDA-S pilot cm=2.0 wd=0.01
a0261,fedogda_s_tuning_pilot_all_configs,linear,fedogda_s,FedOGDA-S,0.5,1,results/rerun_protocol_v1_tuning/fedogda_s_pilot_alpha0p5/linear/fedogda_s/seed_1/tune_fedogda_s_linear_seed1_alpha0p5_cm2_wd0p03/predictions.npz,results/rerun_protocol_v1_tuning/fedogda_s_pilot_alpha0p5/linear/fedogda_s/seed_1/tune_fedogda_s_linear_seed1_alpha0p5_cm2_wd0p03,best_validation_prediction,final_prediction,True,"(20000, 1)","(20000, 1)","(20000, 1)",True,,FedOGDA-S pilot cm=2.0 wd=0.03
a0262,fedogda_s_tuning_pilot_all_configs,linear,fedogda_s,FedOGDA-S,0.5,1,results/rerun_protocol_v1_tuning/fedogda_s_pilot_alpha0p5/linear/fedogda_s/seed_1/tune_fedogda_s_linear_seed1_alpha0p5_cm2_wd0p1/predictions.npz,results/rerun_protocol_v1_tuning/fedogda_s_pilot_alpha0p5/linear/fedogda_s/seed_1/tune_fedogda_s_linear_seed1_alpha0p5_cm2_wd0p1,best_validation_prediction,final_prediction,True,"(20000, 1)","(20000, 1)","(20000, 1)",True,,FedOGDA-S pilot cm=2.0 wd=0.1
a0263,fedogda_s_tuning_pilot_all_configs,linear,fedogda_s,FedOGDA-S,0.5,1,results/rerun_protocol_v1_tuning/fedogda_s_pilot_alpha0p5/linear/fedogda_s/seed_1/tune_fedogda_s_linear_seed1_alpha0p5_cm5_wd0p001/predictions.npz,results/rerun_protocol_v1_tuning/fedogda_s_pilot_alpha0p5/linear/fedogda_s/seed_1/tune_fedogda_s_linear_seed1_alpha0p5_cm5_wd0p001,best_validation_prediction,final_prediction,True,"(20000, 1)","(20000, 1)","(20000, 1)",True,,FedOGDA-S pilot cm=5.0 wd=0.001
a0264,fedogda_s_tuning_pilot_all_configs,linear,fedogda_s,FedOGDA-S,0.5,1,results/rerun_protocol_v1_tuning/fedogda_s_pilot_alpha0p5/linear/fedogda_s/seed_1/tune_fedogda_s_linear_seed1_alpha0p5_cm5_wd0p01/predictions.npz,results/rerun_protocol_v1_tuning/fedogda_s_pilot_alpha0p5/linear/fedogda_s/seed_1/tune_fedogda_s_linear_seed1_alpha0p5_cm5_wd0p01,best_validation_prediction,final_prediction,True,"(20000, 1)","(20000, 1)","(20000, 1)",True,,FedOGDA-S pilot cm=5.0 wd=0.01
a0265,fedogda_s_tuning_pilot_all_configs,linear,fedogda_s,FedOGDA-S,0.5,1,results/rerun_protocol_v1_tuning/fedogda_s_pilot_alpha0p5/linear/fedogda_s/seed_1/tune_fedogda_s_linear_seed1_alpha0p5_cm5_wd0p03/predictions.npz,results/rerun_protocol_v1_tuning/fedogda_s_pilot_alpha0p5/linear/fedogda_s/seed_1/tune_fedogda_s_linear_seed1_alpha0p5_cm5_wd0p03,best_validation_prediction,final_prediction,True,"(20000, 1)","(20000, 1)","(20000, 1)",True,,FedOGDA-S pilot cm=5.0 wd=0.03
a0266,fedogda_s_tuning_pilot_all_configs,linear,fedogda_s,FedOGDA-S,0.5,1,results/rerun_protocol_v1_tuning/fedogda_s_pilot_alpha0p5/linear/fedogda_s/seed_1/tune_fedogda_s_linear_seed1_alpha0p5_cm5_wd0p1/predictions.npz,results/rerun_protocol_v1_tuning/fedogda_s_pilot_alpha0p5/linear/fedogda_s/seed_1/tune_fedogda_s_linear_seed1_alpha0p5_cm5_wd0p1,best_validation_prediction,final_prediction,True,"(20000, 1)","(20000, 1)","(20000, 1)",True,,FedOGDA-S pilot cm=5.0 wd=0.1
a0267,fedogda_s_tuning_pilot_all_configs,linear,fedogda_s,FedOGDA-S,0.5,1,results/rerun_protocol_v1_tuning/fedogda_s_pilot_alpha0p5/linear/fedogda_s/seed_1/tune_fedogda_s_linear_seed1_alpha0p5_cm10_wd0p001/predictions.npz,results/rerun_protocol_v1_tuning/fedogda_s_pilot_alpha0p5/linear/fedogda_s/seed_1/tune_fedogda_s_linear_seed1_alpha0p5_cm10_wd0p001,best_validation_prediction,final_prediction,True,"(20000, 1)","(20000, 1)","(20000, 1)",True,,FedOGDA-S pilot cm=10.0 wd=0.001
a0268,fedogda_s_tuning_pilot_all_configs,linear,fedogda_s,FedOGDA-S,0.5,1,results/rerun_protocol_v1_tuning/fedogda_s_pilot_alpha0p5/linear/fedogda_s/seed_1/tune_fedogda_s_linear_seed1_alpha0p5_cm10_wd0p01/predictions.npz,results/rerun_protocol_v1_tuning/fedogda_s_pilot_alpha0p5/linear/fedogda_s/seed_1/tune_fedogda_s_linear_seed1_alpha0p5_cm10_wd0p01,best_validation_prediction,final_prediction,True,"(20000, 1)","(20000, 1)","(20000, 1)",True,,FedOGDA-S pilot cm=10.0 wd=0.01
a0269,fedogda_s_tuning_pilot_all_configs,linear,fedogda_s,FedOGDA-S,0.5,1,results/rerun_protocol_v1_tuning/fedogda_s_pilot_alpha0p5/linear/fedogda_s/seed_1/tune_fedogda_s_linear_seed1_alpha0p5_cm10_wd0p03/predictions.npz,results/rerun_protocol_v1_tuning/fedogda_s_pilot_alpha0p5/linear/fedogda_s/seed_1/tune_fedogda_s_linear_seed1_alpha0p5_cm10_wd0p03,best_validation_prediction,final_prediction,True,"(20000, 1)","(20000, 1)","(20000, 1)",True,,FedOGDA-S pilot cm=10.0 wd=0.03
a0270,fedogda_s_tuning_pilot_all_configs,linear,fedogda_s,FedOGDA-S,0.5,1,results/rerun_protocol_v1_tuning/fedogda_s_pilot_alpha0p5/linear/fedogda_s/seed_1/tune_fedogda_s_linear_seed1_alpha0p5_cm10_wd0p1/predictions.npz,results/rerun_protocol_v1_tuning/fedogda_s_pilot_alpha0p5/linear/fedogda_s/seed_1/tune_fedogda_s_linear_seed1_alpha0p5_cm10_wd0p1,best_validation_prediction,final_prediction,True,"(20000, 1)","(20000, 1)","(20000, 1)",True,,FedOGDA-S pilot cm=10.0 wd=0.1
a0271,fedogda_s_tuning_pilot_selected,linear,fedogda_s,FedOGDA-S,0.5,1,results/rerun_protocol_v1_tuning/fedogda_s_pilot_alpha0p5/linear/fedogda_s/seed_1/tune_fedogda_s_linear_seed1_alpha0p5_cm20_wd0p001/predictions.npz,results/rerun_protocol_v1_tuning/fedogda_s_pilot_alpha0p5/linear/fedogda_s/seed_1/tune_fedogda_s_linear_seed1_alpha0p5_cm20_wd0p001,best_validation_prediction,final_prediction,True,"(20000, 1)","(20000, 1)","(20000, 1)",True,,FedOGDA-S pilot cm=20.0 wd=0.001; selected by validation
a0272,fedogda_s_tuning_pilot_all_configs,linear,fedogda_s,FedOGDA-S,0.5,1,results/rerun_protocol_v1_tuning/fedogda_s_pilot_alpha0p5/linear/fedogda_s/seed_1/tune_fedogda_s_linear_seed1_alpha0p5_cm20_wd0p01/predictions.npz,results/rerun_protocol_v1_tuning/fedogda_s_pilot_alpha0p5/linear/fedogda_s/seed_1/tune_fedogda_s_linear_seed1_alpha0p5_cm20_wd0p01,best_validation_prediction,final_prediction,True,"(20000, 1)","(20000, 1)","(20000, 1)",True,,FedOGDA-S pilot cm=20.0 wd=0.01
a0273,fedogda_s_tuning_pilot_all_configs,linear,fedogda_s,FedOGDA-S,0.5,1,results/rerun_protocol_v1_tuning/fedogda_s_pilot_alpha0p5/linear/fedogda_s/seed_1/tune_fedogda_s_linear_seed1_alpha0p5_cm20_wd0p03/predictions.npz,results/rerun_protocol_v1_tuning/fedogda_s_pilot_alpha0p5/linear/fedogda_s/seed_1/tune_fedogda_s_linear_seed1_alpha0p5_cm20_wd0p03,best_validation_prediction,final_prediction,True,"(20000, 1)","(20000, 1)","(20000, 1)",True,,FedOGDA-S pilot cm=20.0 wd=0.03
a0274,fedogda_s_tuning_pilot_all_configs,linear,fedogda_s,FedOGDA-S,0.5,1,results/rerun_protocol_v1_tuning/fedogda_s_pilot_alpha0p5/linear/fedogda_s/seed_1/tune_fedogda_s_linear_seed1_alpha0p5_cm20_wd0p1/predictions.npz,results/rerun_protocol_v1_tuning/fedogda_s_pilot_alpha0p5/linear/fedogda_s/seed_1/tune_fedogda_s_linear_seed1_alpha0p5_cm20_wd0p1,best_validation_prediction,final_prediction,True,"(20000, 1)","(20000, 1)","(20000, 1)",True,,FedOGDA-S pilot cm=20.0 wd=0.1
a0275,fedogda_s_tuning_pilot_all_configs,linear,fedogda_s,FedOGDA-S,0.5,2,results/rerun_protocol_v1_tuning/fedogda_s_pilot_alpha0p5/linear/fedogda_s/seed_2/tune_fedogda_s_linear_seed2_alpha0p5_cm2_wd0p001/predictions.npz,results/rerun_protocol_v1_tuning/fedogda_s_pilot_alpha0p5/linear/fedogda_s/seed_2/tune_fedogda_s_linear_seed2_alpha0p5_cm2_wd0p001,best_validation_prediction,final_prediction,True,"(20000, 1)","(20000, 1)","(20000, 1)",True,,FedOGDA-S pilot cm=2.0 wd=0.001
a0276,fedogda_s_tuning_pilot_all_configs,linear,fedogda_s,FedOGDA-S,0.5,2,results/rerun_protocol_v1_tuning/fedogda_s_pilot_alpha0p5/linear/fedogda_s/seed_2/tune_fedogda_s_linear_seed2_alpha0p5_cm2_wd0p01/predictions.npz,results/rerun_protocol_v1_tuning/fedogda_s_pilot_alpha0p5/linear/fedogda_s/seed_2/tune_fedogda_s_linear_seed2_alpha0p5_cm2_wd0p01,best_validation_prediction,final_prediction,True,"(20000, 1)","(20000, 1)","(20000, 1)",True,,FedOGDA-S pilot cm=2.0 wd=0.01
a0277,fedogda_s_tuning_pilot_all_configs,linear,fedogda_s,FedOGDA-S,0.5,2,results/rerun_protocol_v1_tuning/fedogda_s_pilot_alpha0p5/linear/fedogda_s/seed_2/tune_fedogda_s_linear_seed2_alpha0p5_cm2_wd0p03/predictions.npz,results/rerun_protocol_v1_tuning/fedogda_s_pilot_alpha0p5/linear/fedogda_s/seed_2/tune_fedogda_s_linear_seed2_alpha0p5_cm2_wd0p03,best_validation_prediction,final_prediction,True,"(20000, 1)","(20000, 1)","(20000, 1)",True,,FedOGDA-S pilot cm=2.0 wd=0.03
a0278,fedogda_s_tuning_pilot_all_configs,linear,fedogda_s,FedOGDA-S,0.5,2,results/rerun_protocol_v1_tuning/fedogda_s_pilot_alpha0p5/linear/fedogda_s/seed_2/tune_fedogda_s_linear_seed2_alpha0p5_cm2_wd0p1/predictions.npz,results/rerun_protocol_v1_tuning/fedogda_s_pilot_alpha0p5/linear/fedogda_s/seed_2/tune_fedogda_s_linear_seed2_alpha0p5_cm2_wd0p1,best_validation_prediction,final_prediction,True,"(20000, 1)","(20000, 1)","(20000, 1)",True,,FedOGDA-S pilot cm=2.0 wd=0.1
a0279,fedogda_s_tuning_pilot_all_configs,linear,fedogda_s,FedOGDA-S,0.5,2,results/rerun_protocol_v1_tuning/fedogda_s_pilot_alpha0p5/linear/fedogda_s/seed_2/tune_fedogda_s_linear_seed2_alpha0p5_cm5_wd0p001/predictions.npz,results/rerun_protocol_v1_tuning/fedogda_s_pilot_alpha0p5/linear/fedogda_s/seed_2/tune_fedogda_s_linear_seed2_alpha0p5_cm5_wd0p001,best_validation_prediction,final_prediction,True,"(20000, 1)","(20000, 1)","(20000, 1)",True,,FedOGDA-S pilot cm=5.0 wd=0.001
a0280,fedogda_s_tuning_pilot_all_configs,linear,fedogda_s,FedOGDA-S,0.5,2,results/rerun_protocol_v1_tuning/fedogda_s_pilot_alpha0p5/linear/fedogda_s/seed_2/tune_fedogda_s_linear_seed2_alpha0p5_cm5_wd0p01/predictions.npz,results/rerun_protocol_v1_tuning/fedogda_s_pilot_alpha0p5/linear/fedogda_s/seed_2/tune_fedogda_s_linear_seed2_alpha0p5_cm5_wd0p01,best_validation_prediction,final_prediction,True,"(20000, 1)","(20000, 1)","(20000, 1)",True,,FedOGDA-S pilot cm=5.0 wd=0.01
a0281,fedogda_s_tuning_pilot_all_configs,linear,fedogda_s,FedOGDA-S,0.5,2,results/rerun_protocol_v1_tuning/fedogda_s_pilot_alpha0p5/linear/fedogda_s/seed_2/tune_fedogda_s_linear_seed2_alpha0p5_cm5_wd0p03/predictions.npz,results/rerun_protocol_v1_tuning/fedogda_s_pilot_alpha0p5/linear/fedogda_s/seed_2/tune_fedogda_s_linear_seed2_alpha0p5_cm5_wd0p03,best_validation_prediction,final_prediction,True,"(20000, 1)","(20000, 1)","(20000, 1)",True,,FedOGDA-S pilot cm=5.0 wd=0.03
a0282,fedogda_s_tuning_pilot_all_configs,linear,fedogda_s,FedOGDA-S,0.5,2,results/rerun_protocol_v1_tuning/fedogda_s_pilot_alpha0p5/linear/fedogda_s/seed_2/tune_fedogda_s_linear_seed2_alpha0p5_cm5_wd0p1/predictions.npz,results/rerun_protocol_v1_tuning/fedogda_s_pilot_alpha0p5/linear/fedogda_s/seed_2/tune_fedogda_s_linear_seed2_alpha0p5_cm5_wd0p1,best_validation_prediction,final_prediction,True,"(20000, 1)","(20000, 1)","(20000, 1)",True,,FedOGDA-S pilot cm=5.0 wd=0.1
a0283,fedogda_s_tuning_pilot_all_configs,linear,fedogda_s,FedOGDA-S,0.5,2,results/rerun_protocol_v1_tuning/fedogda_s_pilot_alpha0p5/linear/fedogda_s/seed_2/tune_fedogda_s_linear_seed2_alpha0p5_cm10_wd0p001/predictions.npz,results/rerun_protocol_v1_tuning/fedogda_s_pilot_alpha0p5/linear/fedogda_s/seed_2/tune_fedogda_s_linear_seed2_alpha0p5_cm10_wd0p001,best_validation_prediction,final_prediction,True,"(20000, 1)","(20000, 1)","(20000, 1)",True,,FedOGDA-S pilot cm=10.0 wd=0.001
a0284,fedogda_s_tuning_pilot_all_configs,linear,fedogda_s,FedOGDA-S,0.5,2,results/rerun_protocol_v1_tuning/fedogda_s_pilot_alpha0p5/linear/fedogda_s/seed_2/tune_fedogda_s_linear_seed2_alpha0p5_cm10_wd0p01/predictions.npz,results/rerun_protocol_v1_tuning/fedogda_s_pilot_alpha0p5/linear/fedogda_s/seed_2/tune_fedogda_s_linear_seed2_alpha0p5_cm10_wd0p01,best_validation_prediction,final_prediction,True,"(20000, 1)","(20000, 1)","(20000, 1)",True,,FedOGDA-S pilot cm=10.0 wd=0.01
a0285,fedogda_s_tuning_pilot_all_configs,linear,fedogda_s,FedOGDA-S,0.5,2,results/rerun_protocol_v1_tuning/fedogda_s_pilot_alpha0p5/linear/fedogda_s/seed_2/tune_fedogda_s_linear_seed2_alpha0p5_cm10_wd0p03/predictions.npz,results/rerun_protocol_v1_tuning/fedogda_s_pilot_alpha0p5/linear/fedogda_s/seed_2/tune_fedogda_s_linear_seed2_alpha0p5_cm10_wd0p03,best_validation_prediction,final_prediction,True,"(20000, 1)","(20000, 1)","(20000, 1)",True,,FedOGDA-S pilot cm=10.0 wd=0.03
a0286,fedogda_s_tuning_pilot_all_configs,linear,fedogda_s,FedOGDA-S,0.5,2,results/rerun_protocol_v1_tuning/fedogda_s_pilot_alpha0p5/linear/fedogda_s/seed_2/tune_fedogda_s_linear_seed2_alpha0p5_cm10_wd0p1/predictions.npz,results/rerun_protocol_v1_tuning/fedogda_s_pilot_alpha0p5/linear/fedogda_s/seed_2/tune_fedogda_s_linear_seed2_alpha0p5_cm10_wd0p1,best_validation_prediction,final_prediction,True,"(20000, 1)","(20000, 1)","(20000, 1)",True,,FedOGDA-S pilot cm=10.0 wd=0.1
a0287,fedogda_s_tuning_pilot_selected,linear,fedogda_s,FedOGDA-S,0.5,2,results/rerun_protocol_v1_tuning/fedogda_s_pilot_alpha0p5/linear/fedogda_s/seed_2/tune_fedogda_s_linear_seed2_alpha0p5_cm20_wd0p001/predictions.npz,results/rerun_protocol_v1_tuning/fedogda_s_pilot_alpha0p5/linear/fedogda_s/seed_2/tune_fedogda_s_linear_seed2_alpha0p5_cm20_wd0p001,best_validation_prediction,final_prediction,True,"(20000, 1)","(20000, 1)","(20000, 1)",True,,FedOGDA-S pilot cm=20.0 wd=0.001; selected by validation
a0288,fedogda_s_tuning_pilot_all_configs,linear,fedogda_s,FedOGDA-S,0.5,2,results/rerun_protocol_v1_tuning/fedogda_s_pilot_alpha0p5/linear/fedogda_s/seed_2/tune_fedogda_s_linear_seed2_alpha0p5_cm20_wd0p01/predictions.npz,results/rerun_protocol_v1_tuning/fedogda_s_pilot_alpha0p5/linear/fedogda_s/seed_2/tune_fedogda_s_linear_seed2_alpha0p5_cm20_wd0p01,best_validation_prediction,final_prediction,True,"(20000, 1)","(20000, 1)","(20000, 1)",True,,FedOGDA-S pilot cm=20.0 wd=0.01
a0289,fedogda_s_tuning_pilot_all_configs,linear,fedogda_s,FedOGDA-S,0.5,2,results/rerun_protocol_v1_tuning/fedogda_s_pilot_alpha0p5/linear/fedogda_s/seed_2/tune_fedogda_s_linear_seed2_alpha0p5_cm20_wd0p03/predictions.npz,results/rerun_protocol_v1_tuning/fedogda_s_pilot_alpha0p5/linear/fedogda_s/seed_2/tune_fedogda_s_linear_seed2_alpha0p5_cm20_wd0p03,best_validation_prediction,final_prediction,True,"(20000, 1)","(20000, 1)","(20000, 1)",True,,FedOGDA-S pilot cm=20.0 wd=0.03
a0290,fedogda_s_tuning_pilot_all_configs,linear,fedogda_s,FedOGDA-S,0.5,2,results/rerun_protocol_v1_tuning/fedogda_s_pilot_alpha0p5/linear/fedogda_s/seed_2/tune_fedogda_s_linear_seed2_alpha0p5_cm20_wd0p1/predictions.npz,results/rerun_protocol_v1_tuning/fedogda_s_pilot_alpha0p5/linear/fedogda_s/seed_2/tune_fedogda_s_linear_seed2_alpha0p5_cm20_wd0p1,best_validation_prediction,final_prediction,True,"(20000, 1)","(20000, 1)","(20000, 1)",True,,FedOGDA-S pilot cm=20.0 wd=0.1
a0291,centralized_c5_tuned_gda_sgda,abs,gda,DeepGMM-GDA,na,0,results/centralized_lowdim_v1_tuning/c5_gda_sgda_lr_screen/abs/gda/seed_0/glr_0p005_flr_0p03/predictions.npz,results/centralized_lowdim_v1_tuning/c5_gda_sgda_lr_screen/abs/gda/seed_0/glr_0p005_flr_0p03,best_validation_prediction,final_prediction,True,"(20000, 1)","(20000, 1)","(20000, 1)",True,,C5 validation-tuned centralized GDA/SGDA
a0292,centralized_c5_tuned_gda_sgda,abs,gda,DeepGMM-GDA,na,1,results/centralized_lowdim_v1_tuning/c5b_gda_sgda_lr_confirm/abs/gda/seed_1/glr_0p005_flr_0p03/predictions.npz,results/centralized_lowdim_v1_tuning/c5b_gda_sgda_lr_confirm/abs/gda/seed_1/glr_0p005_flr_0p03,best_validation_prediction,final_prediction,True,"(20000, 1)","(20000, 1)","(20000, 1)",True,,C5 validation-tuned centralized GDA/SGDA
a0293,centralized_c5_tuned_gda_sgda,abs,gda,DeepGMM-GDA,na,2,results/centralized_lowdim_v1_tuning/c5b_gda_sgda_lr_confirm/abs/gda/seed_2/glr_0p005_flr_0p03/predictions.npz,results/centralized_lowdim_v1_tuning/c5b_gda_sgda_lr_confirm/abs/gda/seed_2/glr_0p005_flr_0p03,best_validation_prediction,final_prediction,True,"(20000, 1)","(20000, 1)","(20000, 1)",True,,C5 validation-tuned centralized GDA/SGDA
a0294,centralized_c5_tuned_gda_sgda,abs,sgda,DeepGMM-SGDA,na,0,results/centralized_lowdim_v1_tuning/c5_gda_sgda_lr_screen/abs/sgda/seed_0/glr_0p005_flr_0p03/predictions.npz,results/centralized_lowdim_v1_tuning/c5_gda_sgda_lr_screen/abs/sgda/seed_0/glr_0p005_flr_0p03,best_validation_prediction,final_prediction,True,"(20000, 1)","(20000, 1)","(20000, 1)",True,,C5 validation-tuned centralized GDA/SGDA
a0295,centralized_c5_tuned_gda_sgda,abs,sgda,DeepGMM-SGDA,na,1,results/centralized_lowdim_v1_tuning/c5b_gda_sgda_lr_confirm/abs/sgda/seed_1/glr_0p005_flr_0p03/predictions.npz,results/centralized_lowdim_v1_tuning/c5b_gda_sgda_lr_confirm/abs/sgda/seed_1/glr_0p005_flr_0p03,best_validation_prediction,final_prediction,True,"(20000, 1)","(20000, 1)","(20000, 1)",True,,C5 validation-tuned centralized GDA/SGDA
a0296,centralized_c5_tuned_gda_sgda,abs,sgda,DeepGMM-SGDA,na,2,results/centralized_lowdim_v1_tuning/c5b_gda_sgda_lr_confirm/abs/sgda/seed_2/glr_0p005_flr_0p03/predictions.npz,results/centralized_lowdim_v1_tuning/c5b_gda_sgda_lr_confirm/abs/sgda/seed_2/glr_0p005_flr_0p03,best_validation_prediction,final_prediction,True,"(20000, 1)","(20000, 1)","(20000, 1)",True,,C5 validation-tuned centralized GDA/SGDA
a0297,centralized_c5_tuned_gda_sgda,linear,gda,DeepGMM-GDA,na,0,results/centralized_lowdim_v1_tuning/c5_gda_sgda_lr_screen/linear/gda/seed_0/glr_0p005_flr_0p03/predictions.npz,results/centralized_lowdim_v1_tuning/c5_gda_sgda_lr_screen/linear/gda/seed_0/glr_0p005_flr_0p03,best_validation_prediction,final_prediction,True,"(20000, 1)","(20000, 1)","(20000, 1)",True,,C5 validation-tuned centralized GDA/SGDA
a0298,centralized_c5_tuned_gda_sgda,linear,gda,DeepGMM-GDA,na,1,results/centralized_lowdim_v1_tuning/c5b_gda_sgda_lr_confirm/linear/gda/seed_1/glr_0p005_flr_0p03/predictions.npz,results/centralized_lowdim_v1_tuning/c5b_gda_sgda_lr_confirm/linear/gda/seed_1/glr_0p005_flr_0p03,best_validation_prediction,final_prediction,True,"(20000, 1)","(20000, 1)","(20000, 1)",True,,C5 validation-tuned centralized GDA/SGDA
a0299,centralized_c5_tuned_gda_sgda,linear,gda,DeepGMM-GDA,na,2,results/centralized_lowdim_v1_tuning/c5b_gda_sgda_lr_confirm/linear/gda/seed_2/glr_0p005_flr_0p03/predictions.npz,results/centralized_lowdim_v1_tuning/c5b_gda_sgda_lr_confirm/linear/gda/seed_2/glr_0p005_flr_0p03,best_validation_prediction,final_prediction,True,"(20000, 1)","(20000, 1)","(20000, 1)",True,,C5 validation-tuned centralized GDA/SGDA
a0300,centralized_c5_tuned_gda_sgda,linear,sgda,DeepGMM-SGDA,na,0,results/centralized_lowdim_v1_tuning/c5_gda_sgda_lr_screen/linear/sgda/seed_0/glr_0p005_flr_0p03/predictions.npz,results/centralized_lowdim_v1_tuning/c5_gda_sgda_lr_screen/linear/sgda/seed_0/glr_0p005_flr_0p03,best_validation_prediction,final_prediction,True,"(20000, 1)","(20000, 1)","(20000, 1)",True,,C5 validation-tuned centralized GDA/SGDA
a0301,centralized_c5_tuned_gda_sgda,linear,sgda,DeepGMM-SGDA,na,1,results/centralized_lowdim_v1_tuning/c5b_gda_sgda_lr_confirm/linear/sgda/seed_1/glr_0p005_flr_0p03/predictions.npz,results/centralized_lowdim_v1_tuning/c5b_gda_sgda_lr_confirm/linear/sgda/seed_1/glr_0p005_flr_0p03,best_validation_prediction,final_prediction,True,"(20000, 1)","(20000, 1)","(20000, 1)",True,,C5 validation-tuned centralized GDA/SGDA
a0302,centralized_c5_tuned_gda_sgda,linear,sgda,DeepGMM-SGDA,na,2,results/centralized_lowdim_v1_tuning/c5b_gda_sgda_lr_confirm/linear/sgda/seed_2/glr_0p005_flr_0p03/predictions.npz,results/centralized_lowdim_v1_tuning/c5b_gda_sgda_lr_confirm/linear/sgda/seed_2/glr_0p005_flr_0p03,best_validation_prediction,final_prediction,True,"(20000, 1)","(20000, 1)","(20000, 1)",True,,C5 validation-tuned centralized GDA/SGDA
a0303,centralized_c5_tuned_gda_sgda,sin,gda,DeepGMM-GDA,na,0,results/centralized_lowdim_v1_tuning/c5_gda_sgda_lr_screen/sin/gda/seed_0/glr_0p005_flr_0p03/predictions.npz,results/centralized_lowdim_v1_tuning/c5_gda_sgda_lr_screen/sin/gda/seed_0/glr_0p005_flr_0p03,best_validation_prediction,final_prediction,True,"(20000, 1)","(20000, 1)","(20000, 1)",True,,C5 validation-tuned centralized GDA/SGDA
a0304,centralized_c5_tuned_gda_sgda,sin,gda,DeepGMM-GDA,na,1,results/centralized_lowdim_v1_tuning/c5b_gda_sgda_lr_confirm/sin/gda/seed_1/glr_0p005_flr_0p03/predictions.npz,results/centralized_lowdim_v1_tuning/c5b_gda_sgda_lr_confirm/sin/gda/seed_1/glr_0p005_flr_0p03,best_validation_prediction,final_prediction,True,"(20000, 1)","(20000, 1)","(20000, 1)",True,,C5 validation-tuned centralized GDA/SGDA
a0305,centralized_c5_tuned_gda_sgda,sin,gda,DeepGMM-GDA,na,2,results/centralized_lowdim_v1_tuning/c5b_gda_sgda_lr_confirm/sin/gda/seed_2/glr_0p005_flr_0p03/predictions.npz,results/centralized_lowdim_v1_tuning/c5b_gda_sgda_lr_confirm/sin/gda/seed_2/glr_0p005_flr_0p03,best_validation_prediction,final_prediction,True,"(20000, 1)","(20000, 1)","(20000, 1)",True,,C5 validation-tuned centralized GDA/SGDA
a0306,centralized_c5_tuned_gda_sgda,sin,sgda,DeepGMM-SGDA,na,0,results/centralized_lowdim_v1_tuning/c5_gda_sgda_lr_screen/sin/sgda/seed_0/glr_0p005_flr_0p03/predictions.npz,results/centralized_lowdim_v1_tuning/c5_gda_sgda_lr_screen/sin/sgda/seed_0/glr_0p005_flr_0p03,best_validation_prediction,final_prediction,True,"(20000, 1)","(20000, 1)","(20000, 1)",True,,C5 validation-tuned centralized GDA/SGDA
a0307,centralized_c5_tuned_gda_sgda,sin,sgda,DeepGMM-SGDA,na,1,results/centralized_lowdim_v1_tuning/c5b_gda_sgda_lr_confirm/sin/sgda/seed_1/glr_0p005_flr_0p03/predictions.npz,results/centralized_lowdim_v1_tuning/c5b_gda_sgda_lr_confirm/sin/sgda/seed_1/glr_0p005_flr_0p03,best_validation_prediction,final_prediction,True,"(20000, 1)","(20000, 1)","(20000, 1)",True,,C5 validation-tuned centralized GDA/SGDA
a0308,centralized_c5_tuned_gda_sgda,sin,sgda,DeepGMM-SGDA,na,2,results/centralized_lowdim_v1_tuning/c5b_gda_sgda_lr_confirm/sin/sgda/seed_2/glr_0p005_flr_0p03/predictions.npz,results/centralized_lowdim_v1_tuning/c5b_gda_sgda_lr_confirm/sin/sgda/seed_2/glr_0p005_flr_0p03,best_validation_prediction,final_prediction,True,"(20000, 1)","(20000, 1)","(20000, 1)",True,,C5 validation-tuned centralized GDA/SGDA
a0309,centralized_c5_tuned_gda_sgda,step,gda,DeepGMM-GDA,na,0,results/centralized_lowdim_v1_tuning/c5_gda_sgda_lr_screen/step/gda/seed_0/glr_0p005_flr_0p03/predictions.npz,results/centralized_lowdim_v1_tuning/c5_gda_sgda_lr_screen/step/gda/seed_0/glr_0p005_flr_0p03,best_validation_prediction,final_prediction,True,"(20000, 1)","(20000, 1)","(20000, 1)",True,,C5 validation-tuned centralized GDA/SGDA
a0310,centralized_c5_tuned_gda_sgda,step,gda,DeepGMM-GDA,na,1,results/centralized_lowdim_v1_tuning/c5b_gda_sgda_lr_confirm/step/gda/seed_1/glr_0p005_flr_0p03/predictions.npz,results/centralized_lowdim_v1_tuning/c5b_gda_sgda_lr_confirm/step/gda/seed_1/glr_0p005_flr_0p03,best_validation_prediction,final_prediction,True,"(20000, 1)","(20000, 1)","(20000, 1)",True,,C5 validation-tuned centralized GDA/SGDA
a0311,centralized_c5_tuned_gda_sgda,step,gda,DeepGMM-GDA,na,2,results/centralized_lowdim_v1_tuning/c5b_gda_sgda_lr_confirm/step/gda/seed_2/glr_0p005_flr_0p03/predictions.npz,results/centralized_lowdim_v1_tuning/c5b_gda_sgda_lr_confirm/step/gda/seed_2/glr_0p005_flr_0p03,best_validation_prediction,final_prediction,True,"(20000, 1)","(20000, 1)","(20000, 1)",True,,C5 validation-tuned centralized GDA/SGDA
a0312,centralized_c5_tuned_gda_sgda,step,sgda,DeepGMM-SGDA,na,0,results/centralized_lowdim_v1_tuning/c5_gda_sgda_lr_screen/step/sgda/seed_0/glr_0p005_flr_0p03/predictions.npz,results/centralized_lowdim_v1_tuning/c5_gda_sgda_lr_screen/step/sgda/seed_0/glr_0p005_flr_0p03,best_validation_prediction,final_prediction,True,"(20000, 1)","(20000, 1)","(20000, 1)",True,,C5 validation-tuned centralized GDA/SGDA
a0313,centralized_c5_tuned_gda_sgda,step,sgda,DeepGMM-SGDA,na,1,results/centralized_lowdim_v1_tuning/c5b_gda_sgda_lr_confirm/step/sgda/seed_1/glr_0p005_flr_0p03/predictions.npz,results/centralized_lowdim_v1_tuning/c5b_gda_sgda_lr_confirm/step/sgda/seed_1/glr_0p005_flr_0p03,best_validation_prediction,final_prediction,True,"(20000, 1)","(20000, 1)","(20000, 1)",True,,C5 validation-tuned centralized GDA/SGDA
a0314,centralized_c5_tuned_gda_sgda,step,sgda,DeepGMM-SGDA,na,2,results/centralized_lowdim_v1_tuning/c5b_gda_sgda_lr_confirm/step/sgda/seed_2/glr_0p005_flr_0p03/predictions.npz,results/centralized_lowdim_v1_tuning/c5b_gda_sgda_lr_confirm/step/sgda/seed_2/glr_0p005_flr_0p03,best_validation_prediction,final_prediction,True,"(20000, 1)","(20000, 1)","(20000, 1)",True,,C5 validation-tuned centralized GDA/SGDA
a0315,centralized_c3_oadam,abs,oadam,DeepGMM-OAdam,na,0,results/centralized_lowdim_v1/abs/oadam/seed_0/predictions.npz,results/centralized_lowdim_v1/abs/oadam/seed_0,best_validation_prediction,final_prediction,True,"(20000, 1)","(20000, 1)","(20000, 1)",True,,C3 full centralized OAdam
a0316,centralized_c3_oadam,abs,oadam,DeepGMM-OAdam,na,1,results/centralized_lowdim_v1/abs/oadam/seed_1/predictions.npz,results/centralized_lowdim_v1/abs/oadam/seed_1,best_validation_prediction,final_prediction,True,"(20000, 1)","(20000, 1)","(20000, 1)",True,,C3 full centralized OAdam
a0317,centralized_c3_oadam,abs,oadam,DeepGMM-OAdam,na,2,results/centralized_lowdim_v1/abs/oadam/seed_2/predictions.npz,results/centralized_lowdim_v1/abs/oadam/seed_2,best_validation_prediction,final_prediction,True,"(20000, 1)","(20000, 1)","(20000, 1)",True,,C3 full centralized OAdam
a0318,centralized_c3_oadam,step,oadam,DeepGMM-OAdam,na,0,results/centralized_lowdim_v1/step/oadam/seed_0/predictions.npz,results/centralized_lowdim_v1/step/oadam/seed_0,best_validation_prediction,final_prediction,True,"(20000, 1)","(20000, 1)","(20000, 1)",True,,C3 full centralized OAdam
a0319,centralized_c3_oadam,step,oadam,DeepGMM-OAdam,na,1,results/centralized_lowdim_v1/step/oadam/seed_1/predictions.npz,results/centralized_lowdim_v1/step/oadam/seed_1,best_validation_prediction,final_prediction,True,"(20000, 1)","(20000, 1)","(20000, 1)",True,,C3 full centralized OAdam
a0320,centralized_c3_oadam,step,oadam,DeepGMM-OAdam,na,2,results/centralized_lowdim_v1/step/oadam/seed_2/predictions.npz,results/centralized_lowdim_v1/step/oadam/seed_2,best_validation_prediction,final_prediction,True,"(20000, 1)","(20000, 1)","(20000, 1)",True,,C3 full centralized OAdam
a0321,centralized_c3_oadam,linear,oadam,DeepGMM-OAdam,na,0,results/centralized_lowdim_v1/linear/oadam/seed_0/predictions.npz,results/centralized_lowdim_v1/linear/oadam/seed_0,best_validation_prediction,final_prediction,True,"(20000, 1)","(20000, 1)","(20000, 1)",True,,C3 full centralized OAdam
a0322,centralized_c3_oadam,linear,oadam,DeepGMM-OAdam,na,1,results/centralized_lowdim_v1/linear/oadam/seed_1/predictions.npz,results/centralized_lowdim_v1/linear/oadam/seed_1,best_validation_prediction,final_prediction,True,"(20000, 1)","(20000, 1)","(20000, 1)",True,,C3 full centralized OAdam
a0323,centralized_c3_oadam,linear,oadam,DeepGMM-OAdam,na,2,results/centralized_lowdim_v1/linear/oadam/seed_2/predictions.npz,results/centralized_lowdim_v1/linear/oadam/seed_2,best_validation_prediction,final_prediction,True,"(20000, 1)","(20000, 1)","(20000, 1)",True,,C3 full centralized OAdam
a0324,centralized_c3_oadam,sin,oadam,DeepGMM-OAdam,na,0,results/centralized_lowdim_v1/sin/oadam/seed_0/predictions.npz,results/centralized_lowdim_v1/sin/oadam/seed_0,best_validation_prediction,final_prediction,True,"(20000, 1)","(20000, 1)","(20000, 1)",True,,C3 full centralized OAdam
a0325,centralized_c3_oadam,sin,oadam,DeepGMM-OAdam,na,1,results/centralized_lowdim_v1/sin/oadam/seed_1/predictions.npz,results/centralized_lowdim_v1/sin/oadam/seed_1,best_validation_prediction,final_prediction,True,"(20000, 1)","(20000, 1)","(20000, 1)",True,,C3 full centralized OAdam
a0326,centralized_c3_oadam,sin,oadam,DeepGMM-OAdam,na,2,results/centralized_lowdim_v1/sin/oadam/seed_2/predictions.npz,results/centralized_lowdim_v1/sin/oadam/seed_2,best_validation_prediction,final_prediction,True,"(20000, 1)","(20000, 1)","(20000, 1)",True,,C3 full centralized OAdam
