gpurun: job 344 on GPU(s) [1] [guaranteed] remaining budget 30.82h
/home/arnav22103/FederatedDeepGMM/fedgmm/sp_decentralized_mnist_lr_example/fedml/computing/scheduler/comm_utils/sys_utils.py:16: UserWarning: pkg_resources is deprecated as an API. See https://setuptools.pypa.io/en/latest/pkg_resources.html. The pkg_resources package is slated for removal as early as 2025-11-30. Refrain from using this package or pin to Setuptools<81.
  from pkg_resources import parse_version
[FedML-Client @device-id-0] [Tue, 21 Jul 2026 21:15:01] [INFO] [__init__.py:163:init] args.rank = 0, args.worker_num = 10
[FedML-Client @device-id-0] [Tue, 21 Jul 2026 21:15:01] [INFO] [main.py:14:<module>] DEBUG: fedml.init() successful.
[FedML-Client @device-id-0] [Tue, 21 Jul 2026 21:15:01] [INFO] [main.py:14:<module>] 

[FedML-Client @device-id-0] [Tue, 21 Jul 2026 21:15:01] [INFO] [ml_engine_adapter.py:147:get_torch_device] args = <fedml.arguments.Arguments object at 0x7cd6aa017f70>, using_gpu = True, device_id = 0, device_type = gpu
[FedML-Client @device-id-0] [Tue, 21 Jul 2026 21:15:01] [INFO] [device.py:48:get_device] device = cuda:0
[FedML-Client @device-id-0] [Tue, 21 Jul 2026 21:15:01] [INFO] [data_loader.py:669:load_synthetic_data] load_data. dataset_name = cifar10_x
[FedML-Client @device-id-0] [Tue, 21 Jul 2026 21:15:01] [INFO] [abstract_scenario.py:116:info] test
[FedML-Client @device-id-0] [Tue, 21 Jul 2026 21:15:01] [INFO] [abstract_scenario.py:116:info] 

[FedML-Client @device-id-0] [Tue, 21 Jul 2026 21:15:01] [INFO] [abstract_scenario.py:31:info]   x:
[FedML-Client @device-id-0] [Tue, 21 Jul 2026 21:15:01] [INFO] [abstract_scenario.py:31:info]  
[FedML-Client @device-id-0] [Tue, 21 Jul 2026 21:15:01] [INFO] [abstract_scenario.py:31:info] ndarray
[FedML-Client @device-id-0] [Tue, 21 Jul 2026 21:15:01] [INFO] [abstract_scenario.py:31:info]  
[FedML-Client @device-id-0] [Tue, 21 Jul 2026 21:15:01] [INFO] [abstract_scenario.py:31:info] (float32): 
[FedML-Client @device-id-0] [Tue, 21 Jul 2026 21:15:01] [INFO] [abstract_scenario.py:31:info]  
[FedML-Client @device-id-0] [Tue, 21 Jul 2026 21:15:01] [INFO] [abstract_scenario.py:31:info] 10000x3x32x32
[FedML-Client @device-id-0] [Tue, 21 Jul 2026 21:15:01] [INFO] [abstract_scenario.py:31:info] 

[FedML-Client @device-id-0] [Tue, 21 Jul 2026 21:15:01] [INFO] [abstract_scenario.py:31:info]   z:
[FedML-Client @device-id-0] [Tue, 21 Jul 2026 21:15:01] [INFO] [abstract_scenario.py:31:info]  
[FedML-Client @device-id-0] [Tue, 21 Jul 2026 21:15:01] [INFO] [abstract_scenario.py:31:info] ndarray
[FedML-Client @device-id-0] [Tue, 21 Jul 2026 21:15:01] [INFO] [abstract_scenario.py:31:info]  
[FedML-Client @device-id-0] [Tue, 21 Jul 2026 21:15:01] [INFO] [abstract_scenario.py:31:info] (float64): 
[FedML-Client @device-id-0] [Tue, 21 Jul 2026 21:15:01] [INFO] [abstract_scenario.py:31:info]  
[FedML-Client @device-id-0] [Tue, 21 Jul 2026 21:15:01] [INFO] [abstract_scenario.py:31:info] 10000x1
[FedML-Client @device-id-0] [Tue, 21 Jul 2026 21:15:01] [INFO] [abstract_scenario.py:31:info] 

[FedML-Client @device-id-0] [Tue, 21 Jul 2026 21:15:01] [INFO] [abstract_scenario.py:31:info]   y:
[FedML-Client @device-id-0] [Tue, 21 Jul 2026 21:15:01] [INFO] [abstract_scenario.py:31:info]  
[FedML-Client @device-id-0] [Tue, 21 Jul 2026 21:15:01] [INFO] [abstract_scenario.py:31:info] ndarray
[FedML-Client @device-id-0] [Tue, 21 Jul 2026 21:15:01] [INFO] [abstract_scenario.py:31:info]  
[FedML-Client @device-id-0] [Tue, 21 Jul 2026 21:15:01] [INFO] [abstract_scenario.py:31:info] (float64): 
[FedML-Client @device-id-0] [Tue, 21 Jul 2026 21:15:01] [INFO] [abstract_scenario.py:31:info]  
[FedML-Client @device-id-0] [Tue, 21 Jul 2026 21:15:01] [INFO] [abstract_scenario.py:31:info] 10000x1
[FedML-Client @device-id-0] [Tue, 21 Jul 2026 21:15:01] [INFO] [abstract_scenario.py:31:info] 

[FedML-Client @device-id-0] [Tue, 21 Jul 2026 21:15:01] [INFO] [abstract_scenario.py:31:info]   g:
[FedML-Client @device-id-0] [Tue, 21 Jul 2026 21:15:01] [INFO] [abstract_scenario.py:31:info]  
[FedML-Client @device-id-0] [Tue, 21 Jul 2026 21:15:01] [INFO] [abstract_scenario.py:31:info] ndarray
[FedML-Client @device-id-0] [Tue, 21 Jul 2026 21:15:01] [INFO] [abstract_scenario.py:31:info]  
[FedML-Client @device-id-0] [Tue, 21 Jul 2026 21:15:01] [INFO] [abstract_scenario.py:31:info] (float64): 
[FedML-Client @device-id-0] [Tue, 21 Jul 2026 21:15:01] [INFO] [abstract_scenario.py:31:info]  
[FedML-Client @device-id-0] [Tue, 21 Jul 2026 21:15:01] [INFO] [abstract_scenario.py:31:info] 10000x1
[FedML-Client @device-id-0] [Tue, 21 Jul 2026 21:15:01] [INFO] [abstract_scenario.py:31:info] 

[FedML-Client @device-id-0] [Tue, 21 Jul 2026 21:15:01] [INFO] [abstract_scenario.py:31:info]   w:
[FedML-Client @device-id-0] [Tue, 21 Jul 2026 21:15:01] [INFO] [abstract_scenario.py:31:info]  
[FedML-Client @device-id-0] [Tue, 21 Jul 2026 21:15:01] [INFO] [abstract_scenario.py:31:info] ndarray
[FedML-Client @device-id-0] [Tue, 21 Jul 2026 21:15:01] [INFO] [abstract_scenario.py:31:info]  
[FedML-Client @device-id-0] [Tue, 21 Jul 2026 21:15:01] [INFO] [abstract_scenario.py:31:info] (float64): 
[FedML-Client @device-id-0] [Tue, 21 Jul 2026 21:15:01] [INFO] [abstract_scenario.py:31:info]  
[FedML-Client @device-id-0] [Tue, 21 Jul 2026 21:15:01] [INFO] [abstract_scenario.py:31:info] 10000x1
[FedML-Client @device-id-0] [Tue, 21 Jul 2026 21:15:01] [INFO] [abstract_scenario.py:31:info] 

[FedML-Client @device-id-0] [Tue, 21 Jul 2026 21:15:01] [INFO] [abstract_scenario.py:116:info] train
[FedML-Client @device-id-0] [Tue, 21 Jul 2026 21:15:01] [INFO] [abstract_scenario.py:116:info] 

[FedML-Client @device-id-0] [Tue, 21 Jul 2026 21:15:01] [INFO] [abstract_scenario.py:31:info]   x:
[FedML-Client @device-id-0] [Tue, 21 Jul 2026 21:15:01] [INFO] [abstract_scenario.py:31:info]  
[FedML-Client @device-id-0] [Tue, 21 Jul 2026 21:15:01] [INFO] [abstract_scenario.py:31:info] ndarray
[FedML-Client @device-id-0] [Tue, 21 Jul 2026 21:15:01] [INFO] [abstract_scenario.py:31:info]  
[FedML-Client @device-id-0] [Tue, 21 Jul 2026 21:15:01] [INFO] [abstract_scenario.py:31:info] (float32): 
[FedML-Client @device-id-0] [Tue, 21 Jul 2026 21:15:01] [INFO] [abstract_scenario.py:31:info]  
[FedML-Client @device-id-0] [Tue, 21 Jul 2026 21:15:01] [INFO] [abstract_scenario.py:31:info] 20000x3x32x32
[FedML-Client @device-id-0] [Tue, 21 Jul 2026 21:15:01] [INFO] [abstract_scenario.py:31:info] 

[FedML-Client @device-id-0] [Tue, 21 Jul 2026 21:15:01] [INFO] [abstract_scenario.py:33:info]       min: -2.43
[FedML-Client @device-id-0] [Tue, 21 Jul 2026 21:15:01] [INFO] [abstract_scenario.py:33:info]  
[FedML-Client @device-id-0] [Tue, 21 Jul 2026 21:15:01] [INFO] [abstract_scenario.py:33:info] , max: 2.75
[FedML-Client @device-id-0] [Tue, 21 Jul 2026 21:15:01] [INFO] [abstract_scenario.py:33:info] 

[FedML-Client @device-id-0] [Tue, 21 Jul 2026 21:15:01] [INFO] [abstract_scenario.py:31:info]   z:
[FedML-Client @device-id-0] [Tue, 21 Jul 2026 21:15:01] [INFO] [abstract_scenario.py:31:info]  
[FedML-Client @device-id-0] [Tue, 21 Jul 2026 21:15:01] [INFO] [abstract_scenario.py:31:info] ndarray
[FedML-Client @device-id-0] [Tue, 21 Jul 2026 21:15:01] [INFO] [abstract_scenario.py:31:info]  
[FedML-Client @device-id-0] [Tue, 21 Jul 2026 21:15:01] [INFO] [abstract_scenario.py:31:info] (float64): 
[FedML-Client @device-id-0] [Tue, 21 Jul 2026 21:15:01] [INFO] [abstract_scenario.py:31:info]  
[FedML-Client @device-id-0] [Tue, 21 Jul 2026 21:15:01] [INFO] [abstract_scenario.py:31:info] 20000x1
[FedML-Client @device-id-0] [Tue, 21 Jul 2026 21:15:01] [INFO] [abstract_scenario.py:31:info] 

[FedML-Client @device-id-0] [Tue, 21 Jul 2026 21:15:01] [INFO] [abstract_scenario.py:33:info]       min: -3.00
[FedML-Client @device-id-0] [Tue, 21 Jul 2026 21:15:01] [INFO] [abstract_scenario.py:33:info]  
[FedML-Client @device-id-0] [Tue, 21 Jul 2026 21:15:01] [INFO] [abstract_scenario.py:33:info] , max: 3.00
[FedML-Client @device-id-0] [Tue, 21 Jul 2026 21:15:01] [INFO] [abstract_scenario.py:33:info] 

[FedML-Client @device-id-0] [Tue, 21 Jul 2026 21:15:01] [INFO] [abstract_scenario.py:31:info]   y:
[FedML-Client @device-id-0] [Tue, 21 Jul 2026 21:15:01] [INFO] [abstract_scenario.py:31:info]  
[FedML-Client @device-id-0] [Tue, 21 Jul 2026 21:15:01] [INFO] [abstract_scenario.py:31:info] ndarray
[FedML-Client @device-id-0] [Tue, 21 Jul 2026 21:15:01] [INFO] [abstract_scenario.py:31:info]  
[FedML-Client @device-id-0] [Tue, 21 Jul 2026 21:15:01] [INFO] [abstract_scenario.py:31:info] (float64): 
[FedML-Client @device-id-0] [Tue, 21 Jul 2026 21:15:01] [INFO] [abstract_scenario.py:31:info]  
[FedML-Client @device-id-0] [Tue, 21 Jul 2026 21:15:01] [INFO] [abstract_scenario.py:31:info] 20000x1
[FedML-Client @device-id-0] [Tue, 21 Jul 2026 21:15:01] [INFO] [abstract_scenario.py:31:info] 

[FedML-Client @device-id-0] [Tue, 21 Jul 2026 21:15:01] [INFO] [abstract_scenario.py:33:info]       min: -3.61
[FedML-Client @device-id-0] [Tue, 21 Jul 2026 21:15:01] [INFO] [abstract_scenario.py:33:info]  
[FedML-Client @device-id-0] [Tue, 21 Jul 2026 21:15:01] [INFO] [abstract_scenario.py:33:info] , max: 5.23
[FedML-Client @device-id-0] [Tue, 21 Jul 2026 21:15:01] [INFO] [abstract_scenario.py:33:info] 

[FedML-Client @device-id-0] [Tue, 21 Jul 2026 21:15:01] [INFO] [abstract_scenario.py:31:info]   g:
[FedML-Client @device-id-0] [Tue, 21 Jul 2026 21:15:01] [INFO] [abstract_scenario.py:31:info]  
[FedML-Client @device-id-0] [Tue, 21 Jul 2026 21:15:01] [INFO] [abstract_scenario.py:31:info] ndarray
[FedML-Client @device-id-0] [Tue, 21 Jul 2026 21:15:01] [INFO] [abstract_scenario.py:31:info]  
[FedML-Client @device-id-0] [Tue, 21 Jul 2026 21:15:01] [INFO] [abstract_scenario.py:31:info] (float64): 
[FedML-Client @device-id-0] [Tue, 21 Jul 2026 21:15:01] [INFO] [abstract_scenario.py:31:info]  
[FedML-Client @device-id-0] [Tue, 21 Jul 2026 21:15:01] [INFO] [abstract_scenario.py:31:info] 20000x1
[FedML-Client @device-id-0] [Tue, 21 Jul 2026 21:15:01] [INFO] [abstract_scenario.py:31:info] 

[FedML-Client @device-id-0] [Tue, 21 Jul 2026 21:15:01] [INFO] [abstract_scenario.py:33:info]       min: -0.73
[FedML-Client @device-id-0] [Tue, 21 Jul 2026 21:15:01] [INFO] [abstract_scenario.py:33:info]  
[FedML-Client @device-id-0] [Tue, 21 Jul 2026 21:15:01] [INFO] [abstract_scenario.py:33:info] , max: 0.73
[FedML-Client @device-id-0] [Tue, 21 Jul 2026 21:15:01] [INFO] [abstract_scenario.py:33:info] 

[FedML-Client @device-id-0] [Tue, 21 Jul 2026 21:15:01] [INFO] [abstract_scenario.py:31:info]   w:
[FedML-Client @device-id-0] [Tue, 21 Jul 2026 21:15:01] [INFO] [abstract_scenario.py:31:info]  
[FedML-Client @device-id-0] [Tue, 21 Jul 2026 21:15:01] [INFO] [abstract_scenario.py:31:info] ndarray
[FedML-Client @device-id-0] [Tue, 21 Jul 2026 21:15:01] [INFO] [abstract_scenario.py:31:info]  
[FedML-Client @device-id-0] [Tue, 21 Jul 2026 21:15:01] [INFO] [abstract_scenario.py:31:info] (float64): 
[FedML-Client @device-id-0] [Tue, 21 Jul 2026 21:15:01] [INFO] [abstract_scenario.py:31:info]  
[FedML-Client @device-id-0] [Tue, 21 Jul 2026 21:15:01] [INFO] [abstract_scenario.py:31:info] 20000x1
[FedML-Client @device-id-0] [Tue, 21 Jul 2026 21:15:01] [INFO] [abstract_scenario.py:31:info] 

[FedML-Client @device-id-0] [Tue, 21 Jul 2026 21:15:01] [INFO] [abstract_scenario.py:33:info]       min: 0.00
[FedML-Client @device-id-0] [Tue, 21 Jul 2026 21:15:01] [INFO] [abstract_scenario.py:33:info]  
[FedML-Client @device-id-0] [Tue, 21 Jul 2026 21:15:01] [INFO] [abstract_scenario.py:33:info] , max: 9.00
[FedML-Client @device-id-0] [Tue, 21 Jul 2026 21:15:01] [INFO] [abstract_scenario.py:33:info] 

[FedML-Client @device-id-0] [Tue, 21 Jul 2026 21:15:01] [INFO] [abstract_scenario.py:116:info] dev
[FedML-Client @device-id-0] [Tue, 21 Jul 2026 21:15:01] [INFO] [abstract_scenario.py:116:info] 

[FedML-Client @device-id-0] [Tue, 21 Jul 2026 21:15:01] [INFO] [abstract_scenario.py:31:info]   x:
[FedML-Client @device-id-0] [Tue, 21 Jul 2026 21:15:01] [INFO] [abstract_scenario.py:31:info]  
[FedML-Client @device-id-0] [Tue, 21 Jul 2026 21:15:01] [INFO] [abstract_scenario.py:31:info] ndarray
[FedML-Client @device-id-0] [Tue, 21 Jul 2026 21:15:01] [INFO] [abstract_scenario.py:31:info]  
[FedML-Client @device-id-0] [Tue, 21 Jul 2026 21:15:01] [INFO] [abstract_scenario.py:31:info] (float32): 
[FedML-Client @device-id-0] [Tue, 21 Jul 2026 21:15:01] [INFO] [abstract_scenario.py:31:info]  
[FedML-Client @device-id-0] [Tue, 21 Jul 2026 21:15:01] [INFO] [abstract_scenario.py:31:info] 10000x3x32x32
[FedML-Client @device-id-0] [Tue, 21 Jul 2026 21:15:01] [INFO] [abstract_scenario.py:31:info] 

[FedML-Client @device-id-0] [Tue, 21 Jul 2026 21:15:01] [INFO] [abstract_scenario.py:31:info]   z:
[FedML-Client @device-id-0] [Tue, 21 Jul 2026 21:15:01] [INFO] [abstract_scenario.py:31:info]  
[FedML-Client @device-id-0] [Tue, 21 Jul 2026 21:15:01] [INFO] [abstract_scenario.py:31:info] ndarray
[FedML-Client @device-id-0] [Tue, 21 Jul 2026 21:15:01] [INFO] [abstract_scenario.py:31:info]  
[FedML-Client @device-id-0] [Tue, 21 Jul 2026 21:15:01] [INFO] [abstract_scenario.py:31:info] (float64): 
[FedML-Client @device-id-0] [Tue, 21 Jul 2026 21:15:01] [INFO] [abstract_scenario.py:31:info]  
[FedML-Client @device-id-0] [Tue, 21 Jul 2026 21:15:01] [INFO] [abstract_scenario.py:31:info] 10000x1
[FedML-Client @device-id-0] [Tue, 21 Jul 2026 21:15:01] [INFO] [abstract_scenario.py:31:info] 

[FedML-Client @device-id-0] [Tue, 21 Jul 2026 21:15:01] [INFO] [abstract_scenario.py:31:info]   y:
[FedML-Client @device-id-0] [Tue, 21 Jul 2026 21:15:01] [INFO] [abstract_scenario.py:31:info]  
[FedML-Client @device-id-0] [Tue, 21 Jul 2026 21:15:01] [INFO] [abstract_scenario.py:31:info] ndarray
[FedML-Client @device-id-0] [Tue, 21 Jul 2026 21:15:01] [INFO] [abstract_scenario.py:31:info]  
[FedML-Client @device-id-0] [Tue, 21 Jul 2026 21:15:01] [INFO] [abstract_scenario.py:31:info] (float64): 
[FedML-Client @device-id-0] [Tue, 21 Jul 2026 21:15:01] [INFO] [abstract_scenario.py:31:info]  
[FedML-Client @device-id-0] [Tue, 21 Jul 2026 21:15:01] [INFO] [abstract_scenario.py:31:info] 10000x1
[FedML-Client @device-id-0] [Tue, 21 Jul 2026 21:15:01] [INFO] [abstract_scenario.py:31:info] 

[FedML-Client @device-id-0] [Tue, 21 Jul 2026 21:15:01] [INFO] [abstract_scenario.py:31:info]   g:
[FedML-Client @device-id-0] [Tue, 21 Jul 2026 21:15:01] [INFO] [abstract_scenario.py:31:info]  
[FedML-Client @device-id-0] [Tue, 21 Jul 2026 21:15:01] [INFO] [abstract_scenario.py:31:info] ndarray
[FedML-Client @device-id-0] [Tue, 21 Jul 2026 21:15:01] [INFO] [abstract_scenario.py:31:info]  
[FedML-Client @device-id-0] [Tue, 21 Jul 2026 21:15:01] [INFO] [abstract_scenario.py:31:info] (float64): 
[FedML-Client @device-id-0] [Tue, 21 Jul 2026 21:15:01] [INFO] [abstract_scenario.py:31:info]  
[FedML-Client @device-id-0] [Tue, 21 Jul 2026 21:15:01] [INFO] [abstract_scenario.py:31:info] 10000x1
[FedML-Client @device-id-0] [Tue, 21 Jul 2026 21:15:01] [INFO] [abstract_scenario.py:31:info] 

[FedML-Client @device-id-0] [Tue, 21 Jul 2026 21:15:01] [INFO] [abstract_scenario.py:31:info]   w:
[FedML-Client @device-id-0] [Tue, 21 Jul 2026 21:15:01] [INFO] [abstract_scenario.py:31:info]  
[FedML-Client @device-id-0] [Tue, 21 Jul 2026 21:15:01] [INFO] [abstract_scenario.py:31:info] ndarray
[FedML-Client @device-id-0] [Tue, 21 Jul 2026 21:15:01] [INFO] [abstract_scenario.py:31:info]  
[FedML-Client @device-id-0] [Tue, 21 Jul 2026 21:15:01] [INFO] [abstract_scenario.py:31:info] (float64): 
[FedML-Client @device-id-0] [Tue, 21 Jul 2026 21:15:01] [INFO] [abstract_scenario.py:31:info]  
[FedML-Client @device-id-0] [Tue, 21 Jul 2026 21:15:01] [INFO] [abstract_scenario.py:31:info] 10000x1
[FedML-Client @device-id-0] [Tue, 21 Jul 2026 21:15:01] [INFO] [abstract_scenario.py:31:info] 

[FedML-Client @device-id-0] [Tue, 21 Jul 2026 21:15:02] [INFO] [model_hub.py:25:create] create_model. model_name = lr, output_dim = None, dataset = cifar10_x
[FedML-Client @device-id-0] [Tue, 21 Jul 2026 21:15:02] [INFO] [fedavg_api.py:231:__init__] model = [[CIFAR10CNN(
  (cnn): Sequential(
    (0): Conv2d(3, 32, kernel_size=(3, 3), stride=(1, 1), padding=(1, 1))
    (1): LeakyReLU(negative_slope=0.01)
    (2): MaxPool2d(kernel_size=2, stride=2, padding=0, dilation=1, ceil_mode=False)
    (3): Dropout(p=0.0, inplace=False)
    (4): Conv2d(32, 64, kernel_size=(3, 3), stride=(1, 1), padding=(2, 2))
    (5): LeakyReLU(negative_slope=0.01)
    (6): MaxPool2d(kernel_size=2, stride=2, padding=0, dilation=1, ceil_mode=False)
    (7): Dropout(p=0.0, inplace=False)
  )
  (linear_1): Linear(in_features=5184, out_features=200, bias=True)
  (linear_2): Linear(in_features=200, out_features=10, bias=True)
  (linear_3): Linear(in_features=10, out_features=1, bias=True)
  (bn): BatchNorm1d(10, eps=1e-05, momentum=0.1, affine=True, track_running_stats=True)
)], [MLPModel(
  (model): Sequential(
    (0): Linear(in_features=1, out_features=20, bias=True)
    (1): LeakyReLU(negative_slope=0.01)
    (2): Linear(in_features=20, out_features=1, bias=True)
  )
)], [CIFAR10CNN(
  (cnn): Sequential(
    (0): Conv2d(3, 32, kernel_size=(3, 3), stride=(1, 1), padding=(1, 1))
    (1): LeakyReLU(negative_slope=0.01)
    (2): MaxPool2d(kernel_size=2, stride=2, padding=0, dilation=1, ceil_mode=False)
    (3): Dropout(p=0.0, inplace=False)
    (4): Conv2d(32, 64, kernel_size=(3, 3), stride=(1, 1), padding=(2, 2))
    (5): LeakyReLU(negative_slope=0.01)
    (6): MaxPool2d(kernel_size=2, stride=2, padding=0, dilation=1, ceil_mode=False)
    (7): Dropout(p=0.0, inplace=False)
  )
  (linear_1): Linear(in_features=5184, out_features=200, bias=True)
  (linear_2): Linear(in_features=200, out_features=10, bias=True)
  (linear_3): Linear(in_features=10, out_features=1, bias=True)
  (bn): BatchNorm1d(10, eps=1e-05, momentum=0.1, affine=True, track_running_stats=True)
)]]
[FedML-Client @device-id-0] [Tue, 21 Jul 2026 21:15:02] [INFO] [model_selection_class.py:41:do_model_selection] starting learning args eval 0
[FedML-Client @device-id-0] [Tue, 21 Jul 2026 21:15:02] [INFO] [model_selection_class.py:41:do_model_selection] 

[FedML-Client @device-id-0] [Tue, 21 Jul 2026 21:16:49] [INFO] [model_selection_class.py:71:do_model_selection] learning eval:
[FedML-Client @device-id-0] [Tue, 21 Jul 2026 21:16:49] [INFO] [model_selection_class.py:71:do_model_selection]  
[FedML-Client @device-id-0] [Tue, 21 Jul 2026 21:16:49] [INFO] [model_selection_class.py:71:do_model_selection] -0.001458874304714801
[FedML-Client @device-id-0] [Tue, 21 Jul 2026 21:16:49] [INFO] [model_selection_class.py:71:do_model_selection]  
[FedML-Client @device-id-0] [Tue, 21 Jul 2026 21:16:49] [INFO] [model_selection_class.py:71:do_model_selection] OptimalObjective::lambda_1=0.100000
[FedML-Client @device-id-0] [Tue, 21 Jul 2026 21:16:49] [INFO] [model_selection_class.py:71:do_model_selection]  
[FedML-Client @device-id-0] [Tue, 21 Jul 2026 21:16:49] [INFO] [model_selection_class.py:71:do_model_selection] CustomSGD:::'lr'=0.001:'momentum'=0.0
[FedML-Client @device-id-0] [Tue, 21 Jul 2026 21:16:49] [INFO] [model_selection_class.py:71:do_model_selection]  
[FedML-Client @device-id-0] [Tue, 21 Jul 2026 21:16:49] [INFO] [model_selection_class.py:71:do_model_selection] CustomSGD:::'lr'=0.001:'momentum'=0.0
[FedML-Client @device-id-0] [Tue, 21 Jul 2026 21:16:49] [INFO] [model_selection_class.py:71:do_model_selection] 

[FedML-Client @device-id-0] [Tue, 21 Jul 2026 21:16:49] [INFO] [model_selection_class.py:90:do_model_selection] size of f_z collection:
[FedML-Client @device-id-0] [Tue, 21 Jul 2026 21:16:49] [INFO] [model_selection_class.py:90:do_model_selection]  
[FedML-Client @device-id-0] [Tue, 21 Jul 2026 21:16:49] [INFO] [model_selection_class.py:90:do_model_selection] 120
[FedML-Client @device-id-0] [Tue, 21 Jul 2026 21:16:49] [INFO] [model_selection_class.py:90:do_model_selection] 

[FedML-Client @device-id-0] [Tue, 21 Jul 2026 21:16:49] [INFO] [fedavg_api.py:468:_setup_clients] ############setup_clients (START)#############
[FedML-Client @device-id-0] [Tue, 21 Jul 2026 21:16:49] [INFO] [fedavg_api.py:485:_setup_clients] ############setup_clients (END)#############
[FedML-Client @device-id-0] [Tue, 21 Jul 2026 21:32:14] [INFO] [fedavg_api.py:850:train] MSE on test ------------------------------>>>>>>>>>>>>>>>>>>
[FedML-Client @device-id-0] [Tue, 21 Jul 2026 21:32:14] [INFO] [fedavg_api.py:850:train]  
[FedML-Client @device-id-0] [Tue, 21 Jul 2026 21:32:14] [INFO] [fedavg_api.py:850:train] 0.17946176018950022
[FedML-Client @device-id-0] [Tue, 21 Jul 2026 21:32:14] [INFO] [fedavg_api.py:850:train] 

DEBUG: Calling fedml.init()...
/home/arnav22103/FederatedDeepGMM/fedgmm/sp_decentralized_mnist_lr_example/fedml/computing/scheduler/comm_utils/sys_utils.py:16: UserWarning: pkg_resources is deprecated as an API. See https://setuptools.pypa.io/en/latest/pkg_resources.html. The pkg_resources package is slated for removal as early as 2025-11-30. Refrain from using this package or pin to Setuptools<81.
  from pkg_resources import parse_version
[FedML-Client @device-id-0] [Tue, 21 Jul 2026 21:32:21] [INFO] [__init__.py:163:init] args.rank = 0, args.worker_num = 10
[FedML-Client @device-id-0] [Tue, 21 Jul 2026 21:32:21] [INFO] [main.py:14:<module>] DEBUG: fedml.init() successful.
[FedML-Client @device-id-0] [Tue, 21 Jul 2026 21:32:21] [INFO] [main.py:14:<module>] 

[FedML-Client @device-id-0] [Tue, 21 Jul 2026 21:32:22] [INFO] [ml_engine_adapter.py:147:get_torch_device] args = <fedml.arguments.Arguments object at 0x790537c17f70>, using_gpu = True, device_id = 0, device_type = gpu
[FedML-Client @device-id-0] [Tue, 21 Jul 2026 21:32:22] [INFO] [device.py:48:get_device] device = cuda:0
[FedML-Client @device-id-0] [Tue, 21 Jul 2026 21:32:22] [INFO] [data_loader.py:669:load_synthetic_data] load_data. dataset_name = cifar10_xz
[FedML-Client @device-id-0] [Tue, 21 Jul 2026 21:32:22] [INFO] [abstract_scenario.py:116:info] test
[FedML-Client @device-id-0] [Tue, 21 Jul 2026 21:32:22] [INFO] [abstract_scenario.py:116:info] 

[FedML-Client @device-id-0] [Tue, 21 Jul 2026 21:32:22] [INFO] [abstract_scenario.py:31:info]   x:
[FedML-Client @device-id-0] [Tue, 21 Jul 2026 21:32:22] [INFO] [abstract_scenario.py:31:info]  
[FedML-Client @device-id-0] [Tue, 21 Jul 2026 21:32:22] [INFO] [abstract_scenario.py:31:info] ndarray
[FedML-Client @device-id-0] [Tue, 21 Jul 2026 21:32:22] [INFO] [abstract_scenario.py:31:info]  
[FedML-Client @device-id-0] [Tue, 21 Jul 2026 21:32:22] [INFO] [abstract_scenario.py:31:info] (float32): 
[FedML-Client @device-id-0] [Tue, 21 Jul 2026 21:32:22] [INFO] [abstract_scenario.py:31:info]  
[FedML-Client @device-id-0] [Tue, 21 Jul 2026 21:32:22] [INFO] [abstract_scenario.py:31:info] 10000x3x32x32
[FedML-Client @device-id-0] [Tue, 21 Jul 2026 21:32:22] [INFO] [abstract_scenario.py:31:info] 

[FedML-Client @device-id-0] [Tue, 21 Jul 2026 21:32:22] [INFO] [abstract_scenario.py:31:info]   z:
[FedML-Client @device-id-0] [Tue, 21 Jul 2026 21:32:22] [INFO] [abstract_scenario.py:31:info]  
[FedML-Client @device-id-0] [Tue, 21 Jul 2026 21:32:22] [INFO] [abstract_scenario.py:31:info] ndarray
[FedML-Client @device-id-0] [Tue, 21 Jul 2026 21:32:22] [INFO] [abstract_scenario.py:31:info]  
[FedML-Client @device-id-0] [Tue, 21 Jul 2026 21:32:22] [INFO] [abstract_scenario.py:31:info] (float32): 
[FedML-Client @device-id-0] [Tue, 21 Jul 2026 21:32:22] [INFO] [abstract_scenario.py:31:info]  
[FedML-Client @device-id-0] [Tue, 21 Jul 2026 21:32:22] [INFO] [abstract_scenario.py:31:info] 10000x3x32x32
[FedML-Client @device-id-0] [Tue, 21 Jul 2026 21:32:22] [INFO] [abstract_scenario.py:31:info] 

[FedML-Client @device-id-0] [Tue, 21 Jul 2026 21:32:22] [INFO] [abstract_scenario.py:31:info]   y:
[FedML-Client @device-id-0] [Tue, 21 Jul 2026 21:32:22] [INFO] [abstract_scenario.py:31:info]  
[FedML-Client @device-id-0] [Tue, 21 Jul 2026 21:32:22] [INFO] [abstract_scenario.py:31:info] ndarray
[FedML-Client @device-id-0] [Tue, 21 Jul 2026 21:32:22] [INFO] [abstract_scenario.py:31:info]  
[FedML-Client @device-id-0] [Tue, 21 Jul 2026 21:32:22] [INFO] [abstract_scenario.py:31:info] (float64): 
[FedML-Client @device-id-0] [Tue, 21 Jul 2026 21:32:22] [INFO] [abstract_scenario.py:31:info]  
[FedML-Client @device-id-0] [Tue, 21 Jul 2026 21:32:22] [INFO] [abstract_scenario.py:31:info] 10000x1
[FedML-Client @device-id-0] [Tue, 21 Jul 2026 21:32:22] [INFO] [abstract_scenario.py:31:info] 

[FedML-Client @device-id-0] [Tue, 21 Jul 2026 21:32:22] [INFO] [abstract_scenario.py:31:info]   g:
[FedML-Client @device-id-0] [Tue, 21 Jul 2026 21:32:22] [INFO] [abstract_scenario.py:31:info]  
[FedML-Client @device-id-0] [Tue, 21 Jul 2026 21:32:22] [INFO] [abstract_scenario.py:31:info] ndarray
[FedML-Client @device-id-0] [Tue, 21 Jul 2026 21:32:22] [INFO] [abstract_scenario.py:31:info]  
[FedML-Client @device-id-0] [Tue, 21 Jul 2026 21:32:22] [INFO] [abstract_scenario.py:31:info] (float64): 
[FedML-Client @device-id-0] [Tue, 21 Jul 2026 21:32:22] [INFO] [abstract_scenario.py:31:info]  
[FedML-Client @device-id-0] [Tue, 21 Jul 2026 21:32:22] [INFO] [abstract_scenario.py:31:info] 10000x1
[FedML-Client @device-id-0] [Tue, 21 Jul 2026 21:32:22] [INFO] [abstract_scenario.py:31:info] 

[FedML-Client @device-id-0] [Tue, 21 Jul 2026 21:32:22] [INFO] [abstract_scenario.py:31:info]   w:
[FedML-Client @device-id-0] [Tue, 21 Jul 2026 21:32:22] [INFO] [abstract_scenario.py:31:info]  
[FedML-Client @device-id-0] [Tue, 21 Jul 2026 21:32:22] [INFO] [abstract_scenario.py:31:info] ndarray
[FedML-Client @device-id-0] [Tue, 21 Jul 2026 21:32:22] [INFO] [abstract_scenario.py:31:info]  
[FedML-Client @device-id-0] [Tue, 21 Jul 2026 21:32:22] [INFO] [abstract_scenario.py:31:info] (float64): 
[FedML-Client @device-id-0] [Tue, 21 Jul 2026 21:32:22] [INFO] [abstract_scenario.py:31:info]  
[FedML-Client @device-id-0] [Tue, 21 Jul 2026 21:32:22] [INFO] [abstract_scenario.py:31:info] 10000x1
[FedML-Client @device-id-0] [Tue, 21 Jul 2026 21:32:22] [INFO] [abstract_scenario.py:31:info] 

[FedML-Client @device-id-0] [Tue, 21 Jul 2026 21:32:22] [INFO] [abstract_scenario.py:116:info] train
[FedML-Client @device-id-0] [Tue, 21 Jul 2026 21:32:22] [INFO] [abstract_scenario.py:116:info] 

[FedML-Client @device-id-0] [Tue, 21 Jul 2026 21:32:22] [INFO] [abstract_scenario.py:31:info]   x:
[FedML-Client @device-id-0] [Tue, 21 Jul 2026 21:32:22] [INFO] [abstract_scenario.py:31:info]  
[FedML-Client @device-id-0] [Tue, 21 Jul 2026 21:32:22] [INFO] [abstract_scenario.py:31:info] ndarray
[FedML-Client @device-id-0] [Tue, 21 Jul 2026 21:32:22] [INFO] [abstract_scenario.py:31:info]  
[FedML-Client @device-id-0] [Tue, 21 Jul 2026 21:32:22] [INFO] [abstract_scenario.py:31:info] (float32): 
[FedML-Client @device-id-0] [Tue, 21 Jul 2026 21:32:22] [INFO] [abstract_scenario.py:31:info]  
[FedML-Client @device-id-0] [Tue, 21 Jul 2026 21:32:22] [INFO] [abstract_scenario.py:31:info] 20000x3x32x32
[FedML-Client @device-id-0] [Tue, 21 Jul 2026 21:32:22] [INFO] [abstract_scenario.py:31:info] 

[FedML-Client @device-id-0] [Tue, 21 Jul 2026 21:32:22] [INFO] [abstract_scenario.py:33:info]       min: -2.43
[FedML-Client @device-id-0] [Tue, 21 Jul 2026 21:32:22] [INFO] [abstract_scenario.py:33:info]  
[FedML-Client @device-id-0] [Tue, 21 Jul 2026 21:32:22] [INFO] [abstract_scenario.py:33:info] , max: 2.75
[FedML-Client @device-id-0] [Tue, 21 Jul 2026 21:32:22] [INFO] [abstract_scenario.py:33:info] 

[FedML-Client @device-id-0] [Tue, 21 Jul 2026 21:32:22] [INFO] [abstract_scenario.py:31:info]   z:
[FedML-Client @device-id-0] [Tue, 21 Jul 2026 21:32:22] [INFO] [abstract_scenario.py:31:info]  
[FedML-Client @device-id-0] [Tue, 21 Jul 2026 21:32:22] [INFO] [abstract_scenario.py:31:info] ndarray
[FedML-Client @device-id-0] [Tue, 21 Jul 2026 21:32:22] [INFO] [abstract_scenario.py:31:info]  
[FedML-Client @device-id-0] [Tue, 21 Jul 2026 21:32:22] [INFO] [abstract_scenario.py:31:info] (float32): 
[FedML-Client @device-id-0] [Tue, 21 Jul 2026 21:32:22] [INFO] [abstract_scenario.py:31:info]  
[FedML-Client @device-id-0] [Tue, 21 Jul 2026 21:32:22] [INFO] [abstract_scenario.py:31:info] 20000x3x32x32
[FedML-Client @device-id-0] [Tue, 21 Jul 2026 21:32:22] [INFO] [abstract_scenario.py:31:info] 

[FedML-Client @device-id-0] [Tue, 21 Jul 2026 21:32:22] [INFO] [abstract_scenario.py:33:info]       min: -2.43
[FedML-Client @device-id-0] [Tue, 21 Jul 2026 21:32:22] [INFO] [abstract_scenario.py:33:info]  
[FedML-Client @device-id-0] [Tue, 21 Jul 2026 21:32:22] [INFO] [abstract_scenario.py:33:info] , max: 2.75
[FedML-Client @device-id-0] [Tue, 21 Jul 2026 21:32:22] [INFO] [abstract_scenario.py:33:info] 

[FedML-Client @device-id-0] [Tue, 21 Jul 2026 21:32:22] [INFO] [abstract_scenario.py:31:info]   y:
[FedML-Client @device-id-0] [Tue, 21 Jul 2026 21:32:22] [INFO] [abstract_scenario.py:31:info]  
[FedML-Client @device-id-0] [Tue, 21 Jul 2026 21:32:22] [INFO] [abstract_scenario.py:31:info] ndarray
[FedML-Client @device-id-0] [Tue, 21 Jul 2026 21:32:22] [INFO] [abstract_scenario.py:31:info]  
[FedML-Client @device-id-0] [Tue, 21 Jul 2026 21:32:22] [INFO] [abstract_scenario.py:31:info] (float64): 
[FedML-Client @device-id-0] [Tue, 21 Jul 2026 21:32:22] [INFO] [abstract_scenario.py:31:info]  
[FedML-Client @device-id-0] [Tue, 21 Jul 2026 21:32:22] [INFO] [abstract_scenario.py:31:info] 20000x1
[FedML-Client @device-id-0] [Tue, 21 Jul 2026 21:32:22] [INFO] [abstract_scenario.py:31:info] 

[FedML-Client @device-id-0] [Tue, 21 Jul 2026 21:32:22] [INFO] [abstract_scenario.py:33:info]       min: -3.61
[FedML-Client @device-id-0] [Tue, 21 Jul 2026 21:32:22] [INFO] [abstract_scenario.py:33:info]  
[FedML-Client @device-id-0] [Tue, 21 Jul 2026 21:32:22] [INFO] [abstract_scenario.py:33:info] , max: 5.23
[FedML-Client @device-id-0] [Tue, 21 Jul 2026 21:32:22] [INFO] [abstract_scenario.py:33:info] 

[FedML-Client @device-id-0] [Tue, 21 Jul 2026 21:32:22] [INFO] [abstract_scenario.py:31:info]   g:
[FedML-Client @device-id-0] [Tue, 21 Jul 2026 21:32:22] [INFO] [abstract_scenario.py:31:info]  
[FedML-Client @device-id-0] [Tue, 21 Jul 2026 21:32:22] [INFO] [abstract_scenario.py:31:info] ndarray
[FedML-Client @device-id-0] [Tue, 21 Jul 2026 21:32:22] [INFO] [abstract_scenario.py:31:info]  
[FedML-Client @device-id-0] [Tue, 21 Jul 2026 21:32:22] [INFO] [abstract_scenario.py:31:info] (float64): 
[FedML-Client @device-id-0] [Tue, 21 Jul 2026 21:32:22] [INFO] [abstract_scenario.py:31:info]  
[FedML-Client @device-id-0] [Tue, 21 Jul 2026 21:32:22] [INFO] [abstract_scenario.py:31:info] 20000x1
[FedML-Client @device-id-0] [Tue, 21 Jul 2026 21:32:22] [INFO] [abstract_scenario.py:31:info] 

[FedML-Client @device-id-0] [Tue, 21 Jul 2026 21:32:22] [INFO] [abstract_scenario.py:33:info]       min: -0.73
[FedML-Client @device-id-0] [Tue, 21 Jul 2026 21:32:22] [INFO] [abstract_scenario.py:33:info]  
[FedML-Client @device-id-0] [Tue, 21 Jul 2026 21:32:22] [INFO] [abstract_scenario.py:33:info] , max: 0.73
[FedML-Client @device-id-0] [Tue, 21 Jul 2026 21:32:22] [INFO] [abstract_scenario.py:33:info] 

[FedML-Client @device-id-0] [Tue, 21 Jul 2026 21:32:22] [INFO] [abstract_scenario.py:31:info]   w:
[FedML-Client @device-id-0] [Tue, 21 Jul 2026 21:32:22] [INFO] [abstract_scenario.py:31:info]  
[FedML-Client @device-id-0] [Tue, 21 Jul 2026 21:32:22] [INFO] [abstract_scenario.py:31:info] ndarray
[FedML-Client @device-id-0] [Tue, 21 Jul 2026 21:32:22] [INFO] [abstract_scenario.py:31:info]  
[FedML-Client @device-id-0] [Tue, 21 Jul 2026 21:32:22] [INFO] [abstract_scenario.py:31:info] (float64): 
[FedML-Client @device-id-0] [Tue, 21 Jul 2026 21:32:22] [INFO] [abstract_scenario.py:31:info]  
[FedML-Client @device-id-0] [Tue, 21 Jul 2026 21:32:22] [INFO] [abstract_scenario.py:31:info] 20000x1
[FedML-Client @device-id-0] [Tue, 21 Jul 2026 21:32:22] [INFO] [abstract_scenario.py:31:info] 

[FedML-Client @device-id-0] [Tue, 21 Jul 2026 21:32:22] [INFO] [abstract_scenario.py:33:info]       min: 0.00
[FedML-Client @device-id-0] [Tue, 21 Jul 2026 21:32:22] [INFO] [abstract_scenario.py:33:info]  
[FedML-Client @device-id-0] [Tue, 21 Jul 2026 21:32:22] [INFO] [abstract_scenario.py:33:info] , max: 9.00
[FedML-Client @device-id-0] [Tue, 21 Jul 2026 21:32:22] [INFO] [abstract_scenario.py:33:info] 

[FedML-Client @device-id-0] [Tue, 21 Jul 2026 21:32:22] [INFO] [abstract_scenario.py:116:info] dev
[FedML-Client @device-id-0] [Tue, 21 Jul 2026 21:32:22] [INFO] [abstract_scenario.py:116:info] 

[FedML-Client @device-id-0] [Tue, 21 Jul 2026 21:32:22] [INFO] [abstract_scenario.py:31:info]   x:
[FedML-Client @device-id-0] [Tue, 21 Jul 2026 21:32:22] [INFO] [abstract_scenario.py:31:info]  
[FedML-Client @device-id-0] [Tue, 21 Jul 2026 21:32:22] [INFO] [abstract_scenario.py:31:info] ndarray
[FedML-Client @device-id-0] [Tue, 21 Jul 2026 21:32:22] [INFO] [abstract_scenario.py:31:info]  
[FedML-Client @device-id-0] [Tue, 21 Jul 2026 21:32:22] [INFO] [abstract_scenario.py:31:info] (float32): 
[FedML-Client @device-id-0] [Tue, 21 Jul 2026 21:32:22] [INFO] [abstract_scenario.py:31:info]  
[FedML-Client @device-id-0] [Tue, 21 Jul 2026 21:32:22] [INFO] [abstract_scenario.py:31:info] 10000x3x32x32
[FedML-Client @device-id-0] [Tue, 21 Jul 2026 21:32:22] [INFO] [abstract_scenario.py:31:info] 

[FedML-Client @device-id-0] [Tue, 21 Jul 2026 21:32:22] [INFO] [abstract_scenario.py:31:info]   z:
[FedML-Client @device-id-0] [Tue, 21 Jul 2026 21:32:22] [INFO] [abstract_scenario.py:31:info]  
[FedML-Client @device-id-0] [Tue, 21 Jul 2026 21:32:22] [INFO] [abstract_scenario.py:31:info] ndarray
[FedML-Client @device-id-0] [Tue, 21 Jul 2026 21:32:22] [INFO] [abstract_scenario.py:31:info]  
[FedML-Client @device-id-0] [Tue, 21 Jul 2026 21:32:22] [INFO] [abstract_scenario.py:31:info] (float32): 
[FedML-Client @device-id-0] [Tue, 21 Jul 2026 21:32:22] [INFO] [abstract_scenario.py:31:info]  
[FedML-Client @device-id-0] [Tue, 21 Jul 2026 21:32:22] [INFO] [abstract_scenario.py:31:info] 10000x3x32x32
[FedML-Client @device-id-0] [Tue, 21 Jul 2026 21:32:22] [INFO] [abstract_scenario.py:31:info] 

[FedML-Client @device-id-0] [Tue, 21 Jul 2026 21:32:22] [INFO] [abstract_scenario.py:31:info]   y:
[FedML-Client @device-id-0] [Tue, 21 Jul 2026 21:32:22] [INFO] [abstract_scenario.py:31:info]  
[FedML-Client @device-id-0] [Tue, 21 Jul 2026 21:32:22] [INFO] [abstract_scenario.py:31:info] ndarray
[FedML-Client @device-id-0] [Tue, 21 Jul 2026 21:32:22] [INFO] [abstract_scenario.py:31:info]  
[FedML-Client @device-id-0] [Tue, 21 Jul 2026 21:32:22] [INFO] [abstract_scenario.py:31:info] (float64): 
[FedML-Client @device-id-0] [Tue, 21 Jul 2026 21:32:22] [INFO] [abstract_scenario.py:31:info]  
[FedML-Client @device-id-0] [Tue, 21 Jul 2026 21:32:22] [INFO] [abstract_scenario.py:31:info] 10000x1
[FedML-Client @device-id-0] [Tue, 21 Jul 2026 21:32:22] [INFO] [abstract_scenario.py:31:info] 

[FedML-Client @device-id-0] [Tue, 21 Jul 2026 21:32:22] [INFO] [abstract_scenario.py:31:info]   g:
[FedML-Client @device-id-0] [Tue, 21 Jul 2026 21:32:22] [INFO] [abstract_scenario.py:31:info]  
[FedML-Client @device-id-0] [Tue, 21 Jul 2026 21:32:22] [INFO] [abstract_scenario.py:31:info] ndarray
[FedML-Client @device-id-0] [Tue, 21 Jul 2026 21:32:22] [INFO] [abstract_scenario.py:31:info]  
[FedML-Client @device-id-0] [Tue, 21 Jul 2026 21:32:22] [INFO] [abstract_scenario.py:31:info] (float64): 
[FedML-Client @device-id-0] [Tue, 21 Jul 2026 21:32:22] [INFO] [abstract_scenario.py:31:info]  
[FedML-Client @device-id-0] [Tue, 21 Jul 2026 21:32:22] [INFO] [abstract_scenario.py:31:info] 10000x1
[FedML-Client @device-id-0] [Tue, 21 Jul 2026 21:32:22] [INFO] [abstract_scenario.py:31:info] 

[FedML-Client @device-id-0] [Tue, 21 Jul 2026 21:32:22] [INFO] [abstract_scenario.py:31:info]   w:
[FedML-Client @device-id-0] [Tue, 21 Jul 2026 21:32:22] [INFO] [abstract_scenario.py:31:info]  
[FedML-Client @device-id-0] [Tue, 21 Jul 2026 21:32:22] [INFO] [abstract_scenario.py:31:info] ndarray
[FedML-Client @device-id-0] [Tue, 21 Jul 2026 21:32:22] [INFO] [abstract_scenario.py:31:info]  
[FedML-Client @device-id-0] [Tue, 21 Jul 2026 21:32:22] [INFO] [abstract_scenario.py:31:info] (float64): 
[FedML-Client @device-id-0] [Tue, 21 Jul 2026 21:32:22] [INFO] [abstract_scenario.py:31:info]  
[FedML-Client @device-id-0] [Tue, 21 Jul 2026 21:32:22] [INFO] [abstract_scenario.py:31:info] 10000x1
[FedML-Client @device-id-0] [Tue, 21 Jul 2026 21:32:22] [INFO] [abstract_scenario.py:31:info] 

[FedML-Client @device-id-0] [Tue, 21 Jul 2026 21:32:23] [INFO] [model_hub.py:25:create] create_model. model_name = lr, output_dim = None, dataset = cifar10_xz
[FedML-Client @device-id-0] [Tue, 21 Jul 2026 21:32:23] [INFO] [fedavg_api.py:231:__init__] model = [[CIFAR10CNN(
  (cnn): Sequential(
    (0): Conv2d(3, 32, kernel_size=(3, 3), stride=(1, 1), padding=(1, 1))
    (1): LeakyReLU(negative_slope=0.01)
    (2): MaxPool2d(kernel_size=2, stride=2, padding=0, dilation=1, ceil_mode=False)
    (3): Dropout(p=0.0, inplace=False)
    (4): Conv2d(32, 64, kernel_size=(3, 3), stride=(1, 1), padding=(2, 2))
    (5): LeakyReLU(negative_slope=0.01)
    (6): MaxPool2d(kernel_size=2, stride=2, padding=0, dilation=1, ceil_mode=False)
    (7): Dropout(p=0.0, inplace=False)
  )
  (linear_1): Linear(in_features=5184, out_features=200, bias=True)
  (linear_2): Linear(in_features=200, out_features=10, bias=True)
  (linear_3): Linear(in_features=10, out_features=1, bias=True)
  (bn): BatchNorm1d(10, eps=1e-05, momentum=0.1, affine=True, track_running_stats=True)
)], [CIFAR10CNN(
  (cnn): Sequential(
    (0): Conv2d(3, 32, kernel_size=(3, 3), stride=(1, 1), padding=(1, 1))
    (1): LeakyReLU(negative_slope=0.01)
    (2): MaxPool2d(kernel_size=2, stride=2, padding=0, dilation=1, ceil_mode=False)
    (3): Dropout(p=0.0, inplace=False)
    (4): Conv2d(32, 64, kernel_size=(3, 3), stride=(1, 1), padding=(2, 2))
    (5): LeakyReLU(negative_slope=0.01)
    (6): MaxPool2d(kernel_size=2, stride=2, padding=0, dilation=1, ceil_mode=False)
    (7): Dropout(p=0.0, inplace=False)
  )
  (linear_1): Linear(in_features=5184, out_features=200, bias=True)
  (linear_2): Linear(in_features=200, out_features=10, bias=True)
  (linear_3): Linear(in_features=10, out_features=1, bias=True)
  (bn): BatchNorm1d(10, eps=1e-05, momentum=0.1, affine=True, track_running_stats=True)
)], [CIFAR10CNN(
  (cnn): Sequential(
    (0): Conv2d(3, 32, kernel_size=(3, 3), stride=(1, 1), padding=(1, 1))
    (1): LeakyReLU(negative_slope=0.01)
    (2): MaxPool2d(kernel_size=2, stride=2, padding=0, dilation=1, ceil_mode=False)
    (3): Dropout(p=0.0, inplace=False)
    (4): Conv2d(32, 64, kernel_size=(3, 3), stride=(1, 1), padding=(2, 2))
    (5): LeakyReLU(negative_slope=0.01)
    (6): MaxPool2d(kernel_size=2, stride=2, padding=0, dilation=1, ceil_mode=False)
    (7): Dropout(p=0.0, inplace=False)
  )
  (linear_1): Linear(in_features=5184, out_features=200, bias=True)
  (linear_2): Linear(in_features=200, out_features=10, bias=True)
  (linear_3): Linear(in_features=10, out_features=1, bias=True)
  (bn): BatchNorm1d(10, eps=1e-05, momentum=0.1, affine=True, track_running_stats=True)
)]]
[FedML-Client @device-id-0] [Tue, 21 Jul 2026 21:32:23] [INFO] [model_selection_class.py:41:do_model_selection] starting learning args eval 0
[FedML-Client @device-id-0] [Tue, 21 Jul 2026 21:32:23] [INFO] [model_selection_class.py:41:do_model_selection] 

[FedML-Client @device-id-0] [Tue, 21 Jul 2026 21:35:43] [INFO] [model_selection_class.py:71:do_model_selection] learning eval:
[FedML-Client @device-id-0] [Tue, 21 Jul 2026 21:35:43] [INFO] [model_selection_class.py:71:do_model_selection]  
[FedML-Client @device-id-0] [Tue, 21 Jul 2026 21:35:43] [INFO] [model_selection_class.py:71:do_model_selection] 0.009281885957643139
[FedML-Client @device-id-0] [Tue, 21 Jul 2026 21:35:43] [INFO] [model_selection_class.py:71:do_model_selection]  
[FedML-Client @device-id-0] [Tue, 21 Jul 2026 21:35:43] [INFO] [model_selection_class.py:71:do_model_selection] OptimalObjective::lambda_1=0.100000
[FedML-Client @device-id-0] [Tue, 21 Jul 2026 21:35:43] [INFO] [model_selection_class.py:71:do_model_selection]  
[FedML-Client @device-id-0] [Tue, 21 Jul 2026 21:35:43] [INFO] [model_selection_class.py:71:do_model_selection] OGDA:::'lr'=0.001
[FedML-Client @device-id-0] [Tue, 21 Jul 2026 21:35:43] [INFO] [model_selection_class.py:71:do_model_selection]  
[FedML-Client @device-id-0] [Tue, 21 Jul 2026 21:35:43] [INFO] [model_selection_class.py:71:do_model_selection] OGDA:::'lr'=0.001
[FedML-Client @device-id-0] [Tue, 21 Jul 2026 21:35:43] [INFO] [model_selection_class.py:71:do_model_selection] 

[FedML-Client @device-id-0] [Tue, 21 Jul 2026 21:35:43] [INFO] [model_selection_class.py:90:do_model_selection] size of f_z collection:
[FedML-Client @device-id-0] [Tue, 21 Jul 2026 21:35:43] [INFO] [model_selection_class.py:90:do_model_selection]  
[FedML-Client @device-id-0] [Tue, 21 Jul 2026 21:35:43] [INFO] [model_selection_class.py:90:do_model_selection] 120
[FedML-Client @device-id-0] [Tue, 21 Jul 2026 21:35:43] [INFO] [model_selection_class.py:90:do_model_selection] 

[FedML-Client @device-id-0] [Tue, 21 Jul 2026 21:35:43] [INFO] [fedavg_api.py:468:_setup_clients] ############setup_clients (START)#############
[FedML-Client @device-id-0] [Tue, 21 Jul 2026 21:35:43] [INFO] [fedavg_api.py:485:_setup_clients] ############setup_clients (END)#############
[FedML-Client @device-id-0] [Tue, 21 Jul 2026 21:59:43] [INFO] [fedavg_api.py:850:train] MSE on test ------------------------------>>>>>>>>>>>>>>>>>>
[FedML-Client @device-id-0] [Tue, 21 Jul 2026 21:59:43] [INFO] [fedavg_api.py:850:train]  
[FedML-Client @device-id-0] [Tue, 21 Jul 2026 21:59:43] [INFO] [fedavg_api.py:850:train] 0.2274687439305083
[FedML-Client @device-id-0] [Tue, 21 Jul 2026 21:59:43] [INFO] [fedavg_api.py:850:train] 

DEBUG: Calling fedml.init()...
/home/arnav22103/FederatedDeepGMM/fedgmm/sp_decentralized_mnist_lr_example/fedml/computing/scheduler/comm_utils/sys_utils.py:16: UserWarning: pkg_resources is deprecated as an API. See https://setuptools.pypa.io/en/latest/pkg_resources.html. The pkg_resources package is slated for removal as early as 2025-11-30. Refrain from using this package or pin to Setuptools<81.
  from pkg_resources import parse_version
[FedML-Client @device-id-0] [Tue, 21 Jul 2026 21:59:53] [INFO] [__init__.py:163:init] args.rank = 0, args.worker_num = 10
[FedML-Client @device-id-0] [Tue, 21 Jul 2026 21:59:53] [INFO] [main.py:14:<module>] DEBUG: fedml.init() successful.
[FedML-Client @device-id-0] [Tue, 21 Jul 2026 21:59:53] [INFO] [main.py:14:<module>] 

[FedML-Client @device-id-0] [Tue, 21 Jul 2026 21:59:53] [INFO] [ml_engine_adapter.py:147:get_torch_device] args = <fedml.arguments.Arguments object at 0x785ca5f1bf70>, using_gpu = True, device_id = 0, device_type = gpu
[FedML-Client @device-id-0] [Tue, 21 Jul 2026 21:59:53] [INFO] [device.py:48:get_device] device = cuda:0
[FedML-Client @device-id-0] [Tue, 21 Jul 2026 21:59:53] [INFO] [data_loader.py:669:load_synthetic_data] load_data. dataset_name = cifar10_x
[FedML-Client @device-id-0] [Tue, 21 Jul 2026 21:59:54] [INFO] [abstract_scenario.py:116:info] test
[FedML-Client @device-id-0] [Tue, 21 Jul 2026 21:59:54] [INFO] [abstract_scenario.py:116:info] 

[FedML-Client @device-id-0] [Tue, 21 Jul 2026 21:59:54] [INFO] [abstract_scenario.py:31:info]   x:
[FedML-Client @device-id-0] [Tue, 21 Jul 2026 21:59:54] [INFO] [abstract_scenario.py:31:info]  
[FedML-Client @device-id-0] [Tue, 21 Jul 2026 21:59:54] [INFO] [abstract_scenario.py:31:info] ndarray
[FedML-Client @device-id-0] [Tue, 21 Jul 2026 21:59:54] [INFO] [abstract_scenario.py:31:info]  
[FedML-Client @device-id-0] [Tue, 21 Jul 2026 21:59:54] [INFO] [abstract_scenario.py:31:info] (float32): 
[FedML-Client @device-id-0] [Tue, 21 Jul 2026 21:59:54] [INFO] [abstract_scenario.py:31:info]  
[FedML-Client @device-id-0] [Tue, 21 Jul 2026 21:59:54] [INFO] [abstract_scenario.py:31:info] 10000x3x32x32
[FedML-Client @device-id-0] [Tue, 21 Jul 2026 21:59:54] [INFO] [abstract_scenario.py:31:info] 

[FedML-Client @device-id-0] [Tue, 21 Jul 2026 21:59:54] [INFO] [abstract_scenario.py:31:info]   z:
[FedML-Client @device-id-0] [Tue, 21 Jul 2026 21:59:54] [INFO] [abstract_scenario.py:31:info]  
[FedML-Client @device-id-0] [Tue, 21 Jul 2026 21:59:54] [INFO] [abstract_scenario.py:31:info] ndarray
[FedML-Client @device-id-0] [Tue, 21 Jul 2026 21:59:54] [INFO] [abstract_scenario.py:31:info]  
[FedML-Client @device-id-0] [Tue, 21 Jul 2026 21:59:54] [INFO] [abstract_scenario.py:31:info] (float64): 
[FedML-Client @device-id-0] [Tue, 21 Jul 2026 21:59:54] [INFO] [abstract_scenario.py:31:info]  
[FedML-Client @device-id-0] [Tue, 21 Jul 2026 21:59:54] [INFO] [abstract_scenario.py:31:info] 10000x1
[FedML-Client @device-id-0] [Tue, 21 Jul 2026 21:59:54] [INFO] [abstract_scenario.py:31:info] 

[FedML-Client @device-id-0] [Tue, 21 Jul 2026 21:59:54] [INFO] [abstract_scenario.py:31:info]   y:
[FedML-Client @device-id-0] [Tue, 21 Jul 2026 21:59:54] [INFO] [abstract_scenario.py:31:info]  
[FedML-Client @device-id-0] [Tue, 21 Jul 2026 21:59:54] [INFO] [abstract_scenario.py:31:info] ndarray
[FedML-Client @device-id-0] [Tue, 21 Jul 2026 21:59:54] [INFO] [abstract_scenario.py:31:info]  
[FedML-Client @device-id-0] [Tue, 21 Jul 2026 21:59:54] [INFO] [abstract_scenario.py:31:info] (float64): 
[FedML-Client @device-id-0] [Tue, 21 Jul 2026 21:59:54] [INFO] [abstract_scenario.py:31:info]  
[FedML-Client @device-id-0] [Tue, 21 Jul 2026 21:59:54] [INFO] [abstract_scenario.py:31:info] 10000x1
[FedML-Client @device-id-0] [Tue, 21 Jul 2026 21:59:54] [INFO] [abstract_scenario.py:31:info] 

[FedML-Client @device-id-0] [Tue, 21 Jul 2026 21:59:54] [INFO] [abstract_scenario.py:31:info]   g:
[FedML-Client @device-id-0] [Tue, 21 Jul 2026 21:59:54] [INFO] [abstract_scenario.py:31:info]  
[FedML-Client @device-id-0] [Tue, 21 Jul 2026 21:59:54] [INFO] [abstract_scenario.py:31:info] ndarray
[FedML-Client @device-id-0] [Tue, 21 Jul 2026 21:59:54] [INFO] [abstract_scenario.py:31:info]  
[FedML-Client @device-id-0] [Tue, 21 Jul 2026 21:59:54] [INFO] [abstract_scenario.py:31:info] (float64): 
[FedML-Client @device-id-0] [Tue, 21 Jul 2026 21:59:54] [INFO] [abstract_scenario.py:31:info]  
[FedML-Client @device-id-0] [Tue, 21 Jul 2026 21:59:54] [INFO] [abstract_scenario.py:31:info] 10000x1
[FedML-Client @device-id-0] [Tue, 21 Jul 2026 21:59:54] [INFO] [abstract_scenario.py:31:info] 

[FedML-Client @device-id-0] [Tue, 21 Jul 2026 21:59:54] [INFO] [abstract_scenario.py:31:info]   w:
[FedML-Client @device-id-0] [Tue, 21 Jul 2026 21:59:54] [INFO] [abstract_scenario.py:31:info]  
[FedML-Client @device-id-0] [Tue, 21 Jul 2026 21:59:54] [INFO] [abstract_scenario.py:31:info] ndarray
[FedML-Client @device-id-0] [Tue, 21 Jul 2026 21:59:54] [INFO] [abstract_scenario.py:31:info]  
[FedML-Client @device-id-0] [Tue, 21 Jul 2026 21:59:54] [INFO] [abstract_scenario.py:31:info] (float64): 
[FedML-Client @device-id-0] [Tue, 21 Jul 2026 21:59:54] [INFO] [abstract_scenario.py:31:info]  
[FedML-Client @device-id-0] [Tue, 21 Jul 2026 21:59:54] [INFO] [abstract_scenario.py:31:info] 10000x1
[FedML-Client @device-id-0] [Tue, 21 Jul 2026 21:59:54] [INFO] [abstract_scenario.py:31:info] 

[FedML-Client @device-id-0] [Tue, 21 Jul 2026 21:59:54] [INFO] [abstract_scenario.py:116:info] train
[FedML-Client @device-id-0] [Tue, 21 Jul 2026 21:59:54] [INFO] [abstract_scenario.py:116:info] 

[FedML-Client @device-id-0] [Tue, 21 Jul 2026 21:59:54] [INFO] [abstract_scenario.py:31:info]   x:
[FedML-Client @device-id-0] [Tue, 21 Jul 2026 21:59:54] [INFO] [abstract_scenario.py:31:info]  
[FedML-Client @device-id-0] [Tue, 21 Jul 2026 21:59:54] [INFO] [abstract_scenario.py:31:info] ndarray
[FedML-Client @device-id-0] [Tue, 21 Jul 2026 21:59:54] [INFO] [abstract_scenario.py:31:info]  
[FedML-Client @device-id-0] [Tue, 21 Jul 2026 21:59:54] [INFO] [abstract_scenario.py:31:info] (float32): 
[FedML-Client @device-id-0] [Tue, 21 Jul 2026 21:59:54] [INFO] [abstract_scenario.py:31:info]  
[FedML-Client @device-id-0] [Tue, 21 Jul 2026 21:59:54] [INFO] [abstract_scenario.py:31:info] 20000x3x32x32
[FedML-Client @device-id-0] [Tue, 21 Jul 2026 21:59:54] [INFO] [abstract_scenario.py:31:info] 

[FedML-Client @device-id-0] [Tue, 21 Jul 2026 21:59:54] [INFO] [abstract_scenario.py:33:info]       min: -2.43
[FedML-Client @device-id-0] [Tue, 21 Jul 2026 21:59:54] [INFO] [abstract_scenario.py:33:info]  
[FedML-Client @device-id-0] [Tue, 21 Jul 2026 21:59:54] [INFO] [abstract_scenario.py:33:info] , max: 2.75
[FedML-Client @device-id-0] [Tue, 21 Jul 2026 21:59:54] [INFO] [abstract_scenario.py:33:info] 

[FedML-Client @device-id-0] [Tue, 21 Jul 2026 21:59:54] [INFO] [abstract_scenario.py:31:info]   z:
[FedML-Client @device-id-0] [Tue, 21 Jul 2026 21:59:54] [INFO] [abstract_scenario.py:31:info]  
[FedML-Client @device-id-0] [Tue, 21 Jul 2026 21:59:54] [INFO] [abstract_scenario.py:31:info] ndarray
[FedML-Client @device-id-0] [Tue, 21 Jul 2026 21:59:54] [INFO] [abstract_scenario.py:31:info]  
[FedML-Client @device-id-0] [Tue, 21 Jul 2026 21:59:54] [INFO] [abstract_scenario.py:31:info] (float64): 
[FedML-Client @device-id-0] [Tue, 21 Jul 2026 21:59:54] [INFO] [abstract_scenario.py:31:info]  
[FedML-Client @device-id-0] [Tue, 21 Jul 2026 21:59:54] [INFO] [abstract_scenario.py:31:info] 20000x1
[FedML-Client @device-id-0] [Tue, 21 Jul 2026 21:59:54] [INFO] [abstract_scenario.py:31:info] 

[FedML-Client @device-id-0] [Tue, 21 Jul 2026 21:59:54] [INFO] [abstract_scenario.py:33:info]       min: -3.00
[FedML-Client @device-id-0] [Tue, 21 Jul 2026 21:59:54] [INFO] [abstract_scenario.py:33:info]  
[FedML-Client @device-id-0] [Tue, 21 Jul 2026 21:59:54] [INFO] [abstract_scenario.py:33:info] , max: 3.00
[FedML-Client @device-id-0] [Tue, 21 Jul 2026 21:59:54] [INFO] [abstract_scenario.py:33:info] 

[FedML-Client @device-id-0] [Tue, 21 Jul 2026 21:59:54] [INFO] [abstract_scenario.py:31:info]   y:
[FedML-Client @device-id-0] [Tue, 21 Jul 2026 21:59:54] [INFO] [abstract_scenario.py:31:info]  
[FedML-Client @device-id-0] [Tue, 21 Jul 2026 21:59:54] [INFO] [abstract_scenario.py:31:info] ndarray
[FedML-Client @device-id-0] [Tue, 21 Jul 2026 21:59:54] [INFO] [abstract_scenario.py:31:info]  
[FedML-Client @device-id-0] [Tue, 21 Jul 2026 21:59:54] [INFO] [abstract_scenario.py:31:info] (float64): 
[FedML-Client @device-id-0] [Tue, 21 Jul 2026 21:59:54] [INFO] [abstract_scenario.py:31:info]  
[FedML-Client @device-id-0] [Tue, 21 Jul 2026 21:59:54] [INFO] [abstract_scenario.py:31:info] 20000x1
[FedML-Client @device-id-0] [Tue, 21 Jul 2026 21:59:54] [INFO] [abstract_scenario.py:31:info] 

[FedML-Client @device-id-0] [Tue, 21 Jul 2026 21:59:54] [INFO] [abstract_scenario.py:33:info]       min: -3.61
[FedML-Client @device-id-0] [Tue, 21 Jul 2026 21:59:54] [INFO] [abstract_scenario.py:33:info]  
[FedML-Client @device-id-0] [Tue, 21 Jul 2026 21:59:54] [INFO] [abstract_scenario.py:33:info] , max: 5.23
[FedML-Client @device-id-0] [Tue, 21 Jul 2026 21:59:54] [INFO] [abstract_scenario.py:33:info] 

[FedML-Client @device-id-0] [Tue, 21 Jul 2026 21:59:54] [INFO] [abstract_scenario.py:31:info]   g:
[FedML-Client @device-id-0] [Tue, 21 Jul 2026 21:59:54] [INFO] [abstract_scenario.py:31:info]  
[FedML-Client @device-id-0] [Tue, 21 Jul 2026 21:59:54] [INFO] [abstract_scenario.py:31:info] ndarray
[FedML-Client @device-id-0] [Tue, 21 Jul 2026 21:59:54] [INFO] [abstract_scenario.py:31:info]  
[FedML-Client @device-id-0] [Tue, 21 Jul 2026 21:59:54] [INFO] [abstract_scenario.py:31:info] (float64): 
[FedML-Client @device-id-0] [Tue, 21 Jul 2026 21:59:54] [INFO] [abstract_scenario.py:31:info]  
[FedML-Client @device-id-0] [Tue, 21 Jul 2026 21:59:54] [INFO] [abstract_scenario.py:31:info] 20000x1
[FedML-Client @device-id-0] [Tue, 21 Jul 2026 21:59:54] [INFO] [abstract_scenario.py:31:info] 

[FedML-Client @device-id-0] [Tue, 21 Jul 2026 21:59:54] [INFO] [abstract_scenario.py:33:info]       min: -0.73
[FedML-Client @device-id-0] [Tue, 21 Jul 2026 21:59:54] [INFO] [abstract_scenario.py:33:info]  
[FedML-Client @device-id-0] [Tue, 21 Jul 2026 21:59:54] [INFO] [abstract_scenario.py:33:info] , max: 0.73
[FedML-Client @device-id-0] [Tue, 21 Jul 2026 21:59:54] [INFO] [abstract_scenario.py:33:info] 

[FedML-Client @device-id-0] [Tue, 21 Jul 2026 21:59:54] [INFO] [abstract_scenario.py:31:info]   w:
[FedML-Client @device-id-0] [Tue, 21 Jul 2026 21:59:54] [INFO] [abstract_scenario.py:31:info]  
[FedML-Client @device-id-0] [Tue, 21 Jul 2026 21:59:54] [INFO] [abstract_scenario.py:31:info] ndarray
[FedML-Client @device-id-0] [Tue, 21 Jul 2026 21:59:54] [INFO] [abstract_scenario.py:31:info]  
[FedML-Client @device-id-0] [Tue, 21 Jul 2026 21:59:54] [INFO] [abstract_scenario.py:31:info] (float64): 
[FedML-Client @device-id-0] [Tue, 21 Jul 2026 21:59:54] [INFO] [abstract_scenario.py:31:info]  
[FedML-Client @device-id-0] [Tue, 21 Jul 2026 21:59:54] [INFO] [abstract_scenario.py:31:info] 20000x1
[FedML-Client @device-id-0] [Tue, 21 Jul 2026 21:59:54] [INFO] [abstract_scenario.py:31:info] 

[FedML-Client @device-id-0] [Tue, 21 Jul 2026 21:59:54] [INFO] [abstract_scenario.py:33:info]       min: 0.00
[FedML-Client @device-id-0] [Tue, 21 Jul 2026 21:59:54] [INFO] [abstract_scenario.py:33:info]  
[FedML-Client @device-id-0] [Tue, 21 Jul 2026 21:59:54] [INFO] [abstract_scenario.py:33:info] , max: 9.00
[FedML-Client @device-id-0] [Tue, 21 Jul 2026 21:59:54] [INFO] [abstract_scenario.py:33:info] 

[FedML-Client @device-id-0] [Tue, 21 Jul 2026 21:59:54] [INFO] [abstract_scenario.py:116:info] dev
[FedML-Client @device-id-0] [Tue, 21 Jul 2026 21:59:54] [INFO] [abstract_scenario.py:116:info] 

[FedML-Client @device-id-0] [Tue, 21 Jul 2026 21:59:54] [INFO] [abstract_scenario.py:31:info]   x:
[FedML-Client @device-id-0] [Tue, 21 Jul 2026 21:59:54] [INFO] [abstract_scenario.py:31:info]  
[FedML-Client @device-id-0] [Tue, 21 Jul 2026 21:59:54] [INFO] [abstract_scenario.py:31:info] ndarray
[FedML-Client @device-id-0] [Tue, 21 Jul 2026 21:59:54] [INFO] [abstract_scenario.py:31:info]  
[FedML-Client @device-id-0] [Tue, 21 Jul 2026 21:59:54] [INFO] [abstract_scenario.py:31:info] (float32): 
[FedML-Client @device-id-0] [Tue, 21 Jul 2026 21:59:54] [INFO] [abstract_scenario.py:31:info]  
[FedML-Client @device-id-0] [Tue, 21 Jul 2026 21:59:54] [INFO] [abstract_scenario.py:31:info] 10000x3x32x32
[FedML-Client @device-id-0] [Tue, 21 Jul 2026 21:59:54] [INFO] [abstract_scenario.py:31:info] 

[FedML-Client @device-id-0] [Tue, 21 Jul 2026 21:59:54] [INFO] [abstract_scenario.py:31:info]   z:
[FedML-Client @device-id-0] [Tue, 21 Jul 2026 21:59:54] [INFO] [abstract_scenario.py:31:info]  
[FedML-Client @device-id-0] [Tue, 21 Jul 2026 21:59:54] [INFO] [abstract_scenario.py:31:info] ndarray
[FedML-Client @device-id-0] [Tue, 21 Jul 2026 21:59:54] [INFO] [abstract_scenario.py:31:info]  
[FedML-Client @device-id-0] [Tue, 21 Jul 2026 21:59:54] [INFO] [abstract_scenario.py:31:info] (float64): 
[FedML-Client @device-id-0] [Tue, 21 Jul 2026 21:59:54] [INFO] [abstract_scenario.py:31:info]  
[FedML-Client @device-id-0] [Tue, 21 Jul 2026 21:59:54] [INFO] [abstract_scenario.py:31:info] 10000x1
[FedML-Client @device-id-0] [Tue, 21 Jul 2026 21:59:54] [INFO] [abstract_scenario.py:31:info] 

[FedML-Client @device-id-0] [Tue, 21 Jul 2026 21:59:54] [INFO] [abstract_scenario.py:31:info]   y:
[FedML-Client @device-id-0] [Tue, 21 Jul 2026 21:59:54] [INFO] [abstract_scenario.py:31:info]  
[FedML-Client @device-id-0] [Tue, 21 Jul 2026 21:59:54] [INFO] [abstract_scenario.py:31:info] ndarray
[FedML-Client @device-id-0] [Tue, 21 Jul 2026 21:59:54] [INFO] [abstract_scenario.py:31:info]  
[FedML-Client @device-id-0] [Tue, 21 Jul 2026 21:59:54] [INFO] [abstract_scenario.py:31:info] (float64): 
[FedML-Client @device-id-0] [Tue, 21 Jul 2026 21:59:54] [INFO] [abstract_scenario.py:31:info]  
[FedML-Client @device-id-0] [Tue, 21 Jul 2026 21:59:54] [INFO] [abstract_scenario.py:31:info] 10000x1
[FedML-Client @device-id-0] [Tue, 21 Jul 2026 21:59:54] [INFO] [abstract_scenario.py:31:info] 

[FedML-Client @device-id-0] [Tue, 21 Jul 2026 21:59:54] [INFO] [abstract_scenario.py:31:info]   g:
[FedML-Client @device-id-0] [Tue, 21 Jul 2026 21:59:54] [INFO] [abstract_scenario.py:31:info]  
[FedML-Client @device-id-0] [Tue, 21 Jul 2026 21:59:54] [INFO] [abstract_scenario.py:31:info] ndarray
[FedML-Client @device-id-0] [Tue, 21 Jul 2026 21:59:54] [INFO] [abstract_scenario.py:31:info]  
[FedML-Client @device-id-0] [Tue, 21 Jul 2026 21:59:54] [INFO] [abstract_scenario.py:31:info] (float64): 
[FedML-Client @device-id-0] [Tue, 21 Jul 2026 21:59:54] [INFO] [abstract_scenario.py:31:info]  
[FedML-Client @device-id-0] [Tue, 21 Jul 2026 21:59:54] [INFO] [abstract_scenario.py:31:info] 10000x1
[FedML-Client @device-id-0] [Tue, 21 Jul 2026 21:59:54] [INFO] [abstract_scenario.py:31:info] 

[FedML-Client @device-id-0] [Tue, 21 Jul 2026 21:59:54] [INFO] [abstract_scenario.py:31:info]   w:
[FedML-Client @device-id-0] [Tue, 21 Jul 2026 21:59:54] [INFO] [abstract_scenario.py:31:info]  
[FedML-Client @device-id-0] [Tue, 21 Jul 2026 21:59:54] [INFO] [abstract_scenario.py:31:info] ndarray
[FedML-Client @device-id-0] [Tue, 21 Jul 2026 21:59:54] [INFO] [abstract_scenario.py:31:info]  
[FedML-Client @device-id-0] [Tue, 21 Jul 2026 21:59:54] [INFO] [abstract_scenario.py:31:info] (float64): 
[FedML-Client @device-id-0] [Tue, 21 Jul 2026 21:59:54] [INFO] [abstract_scenario.py:31:info]  
[FedML-Client @device-id-0] [Tue, 21 Jul 2026 21:59:54] [INFO] [abstract_scenario.py:31:info] 10000x1
[FedML-Client @device-id-0] [Tue, 21 Jul 2026 21:59:54] [INFO] [abstract_scenario.py:31:info] 

[FedML-Client @device-id-0] [Tue, 21 Jul 2026 21:59:54] [INFO] [model_hub.py:25:create] create_model. model_name = lr, output_dim = None, dataset = cifar10_x
[FedML-Client @device-id-0] [Tue, 21 Jul 2026 21:59:54] [INFO] [fedavg_api.py:231:__init__] model = [[CIFAR10CNN(
  (cnn): Sequential(
    (0): Conv2d(3, 32, kernel_size=(3, 3), stride=(1, 1), padding=(1, 1))
    (1): LeakyReLU(negative_slope=0.01)
    (2): MaxPool2d(kernel_size=2, stride=2, padding=0, dilation=1, ceil_mode=False)
    (3): Dropout(p=0.0, inplace=False)
    (4): Conv2d(32, 64, kernel_size=(3, 3), stride=(1, 1), padding=(2, 2))
    (5): LeakyReLU(negative_slope=0.01)
    (6): MaxPool2d(kernel_size=2, stride=2, padding=0, dilation=1, ceil_mode=False)
    (7): Dropout(p=0.0, inplace=False)
  )
  (linear_1): Linear(in_features=5184, out_features=200, bias=True)
  (linear_2): Linear(in_features=200, out_features=10, bias=True)
  (linear_3): Linear(in_features=10, out_features=1, bias=True)
  (bn): BatchNorm1d(10, eps=1e-05, momentum=0.1, affine=True, track_running_stats=True)
)], [MLPModel(
  (model): Sequential(
    (0): Linear(in_features=1, out_features=20, bias=True)
    (1): LeakyReLU(negative_slope=0.01)
    (2): Linear(in_features=20, out_features=1, bias=True)
  )
)], [CIFAR10CNN(
  (cnn): Sequential(
    (0): Conv2d(3, 32, kernel_size=(3, 3), stride=(1, 1), padding=(1, 1))
    (1): LeakyReLU(negative_slope=0.01)
    (2): MaxPool2d(kernel_size=2, stride=2, padding=0, dilation=1, ceil_mode=False)
    (3): Dropout(p=0.0, inplace=False)
    (4): Conv2d(32, 64, kernel_size=(3, 3), stride=(1, 1), padding=(2, 2))
    (5): LeakyReLU(negative_slope=0.01)
    (6): MaxPool2d(kernel_size=2, stride=2, padding=0, dilation=1, ceil_mode=False)
    (7): Dropout(p=0.0, inplace=False)
  )
  (linear_1): Linear(in_features=5184, out_features=200, bias=True)
  (linear_2): Linear(in_features=200, out_features=10, bias=True)
  (linear_3): Linear(in_features=10, out_features=1, bias=True)
  (bn): BatchNorm1d(10, eps=1e-05, momentum=0.1, affine=True, track_running_stats=True)
)]]
[FedML-Client @device-id-0] [Tue, 21 Jul 2026 21:59:54] [INFO] [model_selection_class.py:41:do_model_selection] starting learning args eval 0
[FedML-Client @device-id-0] [Tue, 21 Jul 2026 21:59:54] [INFO] [model_selection_class.py:41:do_model_selection] 

[FedML-Client @device-id-0] [Tue, 21 Jul 2026 22:01:42] [INFO] [model_selection_class.py:71:do_model_selection] learning eval:
[FedML-Client @device-id-0] [Tue, 21 Jul 2026 22:01:42] [INFO] [model_selection_class.py:71:do_model_selection]  
[FedML-Client @device-id-0] [Tue, 21 Jul 2026 22:01:42] [INFO] [model_selection_class.py:71:do_model_selection] -0.001458874304714801
[FedML-Client @device-id-0] [Tue, 21 Jul 2026 22:01:42] [INFO] [model_selection_class.py:71:do_model_selection]  
[FedML-Client @device-id-0] [Tue, 21 Jul 2026 22:01:42] [INFO] [model_selection_class.py:71:do_model_selection] OptimalObjective::lambda_1=0.100000
[FedML-Client @device-id-0] [Tue, 21 Jul 2026 22:01:42] [INFO] [model_selection_class.py:71:do_model_selection]  
[FedML-Client @device-id-0] [Tue, 21 Jul 2026 22:01:42] [INFO] [model_selection_class.py:71:do_model_selection] CustomSGD:::'lr'=0.001:'momentum'=0.0
[FedML-Client @device-id-0] [Tue, 21 Jul 2026 22:01:42] [INFO] [model_selection_class.py:71:do_model_selection]  
[FedML-Client @device-id-0] [Tue, 21 Jul 2026 22:01:42] [INFO] [model_selection_class.py:71:do_model_selection] CustomSGD:::'lr'=0.001:'momentum'=0.0
[FedML-Client @device-id-0] [Tue, 21 Jul 2026 22:01:42] [INFO] [model_selection_class.py:71:do_model_selection] 

[FedML-Client @device-id-0] [Tue, 21 Jul 2026 22:01:42] [INFO] [model_selection_class.py:90:do_model_selection] size of f_z collection:
[FedML-Client @device-id-0] [Tue, 21 Jul 2026 22:01:42] [INFO] [model_selection_class.py:90:do_model_selection]  
[FedML-Client @device-id-0] [Tue, 21 Jul 2026 22:01:42] [INFO] [model_selection_class.py:90:do_model_selection] 120
[FedML-Client @device-id-0] [Tue, 21 Jul 2026 22:01:42] [INFO] [model_selection_class.py:90:do_model_selection] 

[FedML-Client @device-id-0] [Tue, 21 Jul 2026 22:01:42] [INFO] [fedavg_api.py:468:_setup_clients] ############setup_clients (START)#############
[FedML-Client @device-id-0] [Tue, 21 Jul 2026 22:01:42] [INFO] [fedavg_api.py:485:_setup_clients] ############setup_clients (END)#############
[FedML-Client @device-id-0] [Tue, 21 Jul 2026 22:17:01] [INFO] [fedavg_api.py:850:train] MSE on test ------------------------------>>>>>>>>>>>>>>>>>>
[FedML-Client @device-id-0] [Tue, 21 Jul 2026 22:17:01] [INFO] [fedavg_api.py:850:train]  
[FedML-Client @device-id-0] [Tue, 21 Jul 2026 22:17:01] [INFO] [fedavg_api.py:850:train] 0.17408919229404096
[FedML-Client @device-id-0] [Tue, 21 Jul 2026 22:17:01] [INFO] [fedavg_api.py:850:train] 

DEBUG: Calling fedml.init()...
/home/arnav22103/FederatedDeepGMM/fedgmm/sp_decentralized_mnist_lr_example/fedml/computing/scheduler/comm_utils/sys_utils.py:16: UserWarning: pkg_resources is deprecated as an API. See https://setuptools.pypa.io/en/latest/pkg_resources.html. The pkg_resources package is slated for removal as early as 2025-11-30. Refrain from using this package or pin to Setuptools<81.
  from pkg_resources import parse_version
[FedML-Client @device-id-0] [Tue, 21 Jul 2026 22:17:09] [INFO] [__init__.py:163:init] args.rank = 0, args.worker_num = 10
[FedML-Client @device-id-0] [Tue, 21 Jul 2026 22:17:09] [INFO] [main.py:14:<module>] DEBUG: fedml.init() successful.
[FedML-Client @device-id-0] [Tue, 21 Jul 2026 22:17:09] [INFO] [main.py:14:<module>] 

[FedML-Client @device-id-0] [Tue, 21 Jul 2026 22:17:10] [INFO] [ml_engine_adapter.py:147:get_torch_device] args = <fedml.arguments.Arguments object at 0x78dceca17f70>, using_gpu = True, device_id = 0, device_type = gpu
[FedML-Client @device-id-0] [Tue, 21 Jul 2026 22:17:10] [INFO] [device.py:48:get_device] device = cuda:0
[FedML-Client @device-id-0] [Tue, 21 Jul 2026 22:17:10] [INFO] [data_loader.py:669:load_synthetic_data] load_data. dataset_name = cifar10_xz
[FedML-Client @device-id-0] [Tue, 21 Jul 2026 22:17:10] [INFO] [abstract_scenario.py:116:info] test
[FedML-Client @device-id-0] [Tue, 21 Jul 2026 22:17:10] [INFO] [abstract_scenario.py:116:info] 

[FedML-Client @device-id-0] [Tue, 21 Jul 2026 22:17:10] [INFO] [abstract_scenario.py:31:info]   x:
[FedML-Client @device-id-0] [Tue, 21 Jul 2026 22:17:10] [INFO] [abstract_scenario.py:31:info]  
[FedML-Client @device-id-0] [Tue, 21 Jul 2026 22:17:10] [INFO] [abstract_scenario.py:31:info] ndarray
[FedML-Client @device-id-0] [Tue, 21 Jul 2026 22:17:10] [INFO] [abstract_scenario.py:31:info]  
[FedML-Client @device-id-0] [Tue, 21 Jul 2026 22:17:10] [INFO] [abstract_scenario.py:31:info] (float32): 
[FedML-Client @device-id-0] [Tue, 21 Jul 2026 22:17:10] [INFO] [abstract_scenario.py:31:info]  
[FedML-Client @device-id-0] [Tue, 21 Jul 2026 22:17:10] [INFO] [abstract_scenario.py:31:info] 10000x3x32x32
[FedML-Client @device-id-0] [Tue, 21 Jul 2026 22:17:10] [INFO] [abstract_scenario.py:31:info] 

[FedML-Client @device-id-0] [Tue, 21 Jul 2026 22:17:10] [INFO] [abstract_scenario.py:31:info]   z:
[FedML-Client @device-id-0] [Tue, 21 Jul 2026 22:17:10] [INFO] [abstract_scenario.py:31:info]  
[FedML-Client @device-id-0] [Tue, 21 Jul 2026 22:17:10] [INFO] [abstract_scenario.py:31:info] ndarray
[FedML-Client @device-id-0] [Tue, 21 Jul 2026 22:17:10] [INFO] [abstract_scenario.py:31:info]  
[FedML-Client @device-id-0] [Tue, 21 Jul 2026 22:17:10] [INFO] [abstract_scenario.py:31:info] (float32): 
[FedML-Client @device-id-0] [Tue, 21 Jul 2026 22:17:10] [INFO] [abstract_scenario.py:31:info]  
[FedML-Client @device-id-0] [Tue, 21 Jul 2026 22:17:10] [INFO] [abstract_scenario.py:31:info] 10000x3x32x32
[FedML-Client @device-id-0] [Tue, 21 Jul 2026 22:17:10] [INFO] [abstract_scenario.py:31:info] 

[FedML-Client @device-id-0] [Tue, 21 Jul 2026 22:17:10] [INFO] [abstract_scenario.py:31:info]   y:
[FedML-Client @device-id-0] [Tue, 21 Jul 2026 22:17:10] [INFO] [abstract_scenario.py:31:info]  
[FedML-Client @device-id-0] [Tue, 21 Jul 2026 22:17:10] [INFO] [abstract_scenario.py:31:info] ndarray
[FedML-Client @device-id-0] [Tue, 21 Jul 2026 22:17:10] [INFO] [abstract_scenario.py:31:info]  
[FedML-Client @device-id-0] [Tue, 21 Jul 2026 22:17:10] [INFO] [abstract_scenario.py:31:info] (float64): 
[FedML-Client @device-id-0] [Tue, 21 Jul 2026 22:17:10] [INFO] [abstract_scenario.py:31:info]  
[FedML-Client @device-id-0] [Tue, 21 Jul 2026 22:17:10] [INFO] [abstract_scenario.py:31:info] 10000x1
[FedML-Client @device-id-0] [Tue, 21 Jul 2026 22:17:10] [INFO] [abstract_scenario.py:31:info] 

[FedML-Client @device-id-0] [Tue, 21 Jul 2026 22:17:10] [INFO] [abstract_scenario.py:31:info]   g:
[FedML-Client @device-id-0] [Tue, 21 Jul 2026 22:17:10] [INFO] [abstract_scenario.py:31:info]  
[FedML-Client @device-id-0] [Tue, 21 Jul 2026 22:17:10] [INFO] [abstract_scenario.py:31:info] ndarray
[FedML-Client @device-id-0] [Tue, 21 Jul 2026 22:17:10] [INFO] [abstract_scenario.py:31:info]  
[FedML-Client @device-id-0] [Tue, 21 Jul 2026 22:17:10] [INFO] [abstract_scenario.py:31:info] (float64): 
[FedML-Client @device-id-0] [Tue, 21 Jul 2026 22:17:10] [INFO] [abstract_scenario.py:31:info]  
[FedML-Client @device-id-0] [Tue, 21 Jul 2026 22:17:10] [INFO] [abstract_scenario.py:31:info] 10000x1
[FedML-Client @device-id-0] [Tue, 21 Jul 2026 22:17:10] [INFO] [abstract_scenario.py:31:info] 

[FedML-Client @device-id-0] [Tue, 21 Jul 2026 22:17:10] [INFO] [abstract_scenario.py:31:info]   w:
[FedML-Client @device-id-0] [Tue, 21 Jul 2026 22:17:10] [INFO] [abstract_scenario.py:31:info]  
[FedML-Client @device-id-0] [Tue, 21 Jul 2026 22:17:10] [INFO] [abstract_scenario.py:31:info] ndarray
[FedML-Client @device-id-0] [Tue, 21 Jul 2026 22:17:10] [INFO] [abstract_scenario.py:31:info]  
[FedML-Client @device-id-0] [Tue, 21 Jul 2026 22:17:10] [INFO] [abstract_scenario.py:31:info] (float64): 
[FedML-Client @device-id-0] [Tue, 21 Jul 2026 22:17:10] [INFO] [abstract_scenario.py:31:info]  
[FedML-Client @device-id-0] [Tue, 21 Jul 2026 22:17:10] [INFO] [abstract_scenario.py:31:info] 10000x1
[FedML-Client @device-id-0] [Tue, 21 Jul 2026 22:17:10] [INFO] [abstract_scenario.py:31:info] 

[FedML-Client @device-id-0] [Tue, 21 Jul 2026 22:17:10] [INFO] [abstract_scenario.py:116:info] train
[FedML-Client @device-id-0] [Tue, 21 Jul 2026 22:17:10] [INFO] [abstract_scenario.py:116:info] 

[FedML-Client @device-id-0] [Tue, 21 Jul 2026 22:17:10] [INFO] [abstract_scenario.py:31:info]   x:
[FedML-Client @device-id-0] [Tue, 21 Jul 2026 22:17:10] [INFO] [abstract_scenario.py:31:info]  
[FedML-Client @device-id-0] [Tue, 21 Jul 2026 22:17:10] [INFO] [abstract_scenario.py:31:info] ndarray
[FedML-Client @device-id-0] [Tue, 21 Jul 2026 22:17:10] [INFO] [abstract_scenario.py:31:info]  
[FedML-Client @device-id-0] [Tue, 21 Jul 2026 22:17:10] [INFO] [abstract_scenario.py:31:info] (float32): 
[FedML-Client @device-id-0] [Tue, 21 Jul 2026 22:17:10] [INFO] [abstract_scenario.py:31:info]  
[FedML-Client @device-id-0] [Tue, 21 Jul 2026 22:17:10] [INFO] [abstract_scenario.py:31:info] 20000x3x32x32
[FedML-Client @device-id-0] [Tue, 21 Jul 2026 22:17:10] [INFO] [abstract_scenario.py:31:info] 

[FedML-Client @device-id-0] [Tue, 21 Jul 2026 22:17:10] [INFO] [abstract_scenario.py:33:info]       min: -2.43
[FedML-Client @device-id-0] [Tue, 21 Jul 2026 22:17:10] [INFO] [abstract_scenario.py:33:info]  
[FedML-Client @device-id-0] [Tue, 21 Jul 2026 22:17:10] [INFO] [abstract_scenario.py:33:info] , max: 2.75
[FedML-Client @device-id-0] [Tue, 21 Jul 2026 22:17:10] [INFO] [abstract_scenario.py:33:info] 

[FedML-Client @device-id-0] [Tue, 21 Jul 2026 22:17:10] [INFO] [abstract_scenario.py:31:info]   z:
[FedML-Client @device-id-0] [Tue, 21 Jul 2026 22:17:10] [INFO] [abstract_scenario.py:31:info]  
[FedML-Client @device-id-0] [Tue, 21 Jul 2026 22:17:10] [INFO] [abstract_scenario.py:31:info] ndarray
[FedML-Client @device-id-0] [Tue, 21 Jul 2026 22:17:10] [INFO] [abstract_scenario.py:31:info]  
[FedML-Client @device-id-0] [Tue, 21 Jul 2026 22:17:10] [INFO] [abstract_scenario.py:31:info] (float32): 
[FedML-Client @device-id-0] [Tue, 21 Jul 2026 22:17:10] [INFO] [abstract_scenario.py:31:info]  
[FedML-Client @device-id-0] [Tue, 21 Jul 2026 22:17:10] [INFO] [abstract_scenario.py:31:info] 20000x3x32x32
[FedML-Client @device-id-0] [Tue, 21 Jul 2026 22:17:10] [INFO] [abstract_scenario.py:31:info] 

[FedML-Client @device-id-0] [Tue, 21 Jul 2026 22:17:10] [INFO] [abstract_scenario.py:33:info]       min: -2.43
[FedML-Client @device-id-0] [Tue, 21 Jul 2026 22:17:10] [INFO] [abstract_scenario.py:33:info]  
[FedML-Client @device-id-0] [Tue, 21 Jul 2026 22:17:10] [INFO] [abstract_scenario.py:33:info] , max: 2.75
[FedML-Client @device-id-0] [Tue, 21 Jul 2026 22:17:10] [INFO] [abstract_scenario.py:33:info] 

[FedML-Client @device-id-0] [Tue, 21 Jul 2026 22:17:10] [INFO] [abstract_scenario.py:31:info]   y:
[FedML-Client @device-id-0] [Tue, 21 Jul 2026 22:17:10] [INFO] [abstract_scenario.py:31:info]  
[FedML-Client @device-id-0] [Tue, 21 Jul 2026 22:17:10] [INFO] [abstract_scenario.py:31:info] ndarray
[FedML-Client @device-id-0] [Tue, 21 Jul 2026 22:17:10] [INFO] [abstract_scenario.py:31:info]  
[FedML-Client @device-id-0] [Tue, 21 Jul 2026 22:17:10] [INFO] [abstract_scenario.py:31:info] (float64): 
[FedML-Client @device-id-0] [Tue, 21 Jul 2026 22:17:10] [INFO] [abstract_scenario.py:31:info]  
[FedML-Client @device-id-0] [Tue, 21 Jul 2026 22:17:10] [INFO] [abstract_scenario.py:31:info] 20000x1
[FedML-Client @device-id-0] [Tue, 21 Jul 2026 22:17:10] [INFO] [abstract_scenario.py:31:info] 

[FedML-Client @device-id-0] [Tue, 21 Jul 2026 22:17:10] [INFO] [abstract_scenario.py:33:info]       min: -3.61
[FedML-Client @device-id-0] [Tue, 21 Jul 2026 22:17:10] [INFO] [abstract_scenario.py:33:info]  
[FedML-Client @device-id-0] [Tue, 21 Jul 2026 22:17:10] [INFO] [abstract_scenario.py:33:info] , max: 5.23
[FedML-Client @device-id-0] [Tue, 21 Jul 2026 22:17:10] [INFO] [abstract_scenario.py:33:info] 

[FedML-Client @device-id-0] [Tue, 21 Jul 2026 22:17:10] [INFO] [abstract_scenario.py:31:info]   g:
[FedML-Client @device-id-0] [Tue, 21 Jul 2026 22:17:10] [INFO] [abstract_scenario.py:31:info]  
[FedML-Client @device-id-0] [Tue, 21 Jul 2026 22:17:10] [INFO] [abstract_scenario.py:31:info] ndarray
[FedML-Client @device-id-0] [Tue, 21 Jul 2026 22:17:10] [INFO] [abstract_scenario.py:31:info]  
[FedML-Client @device-id-0] [Tue, 21 Jul 2026 22:17:10] [INFO] [abstract_scenario.py:31:info] (float64): 
[FedML-Client @device-id-0] [Tue, 21 Jul 2026 22:17:10] [INFO] [abstract_scenario.py:31:info]  
[FedML-Client @device-id-0] [Tue, 21 Jul 2026 22:17:10] [INFO] [abstract_scenario.py:31:info] 20000x1
[FedML-Client @device-id-0] [Tue, 21 Jul 2026 22:17:10] [INFO] [abstract_scenario.py:31:info] 

[FedML-Client @device-id-0] [Tue, 21 Jul 2026 22:17:10] [INFO] [abstract_scenario.py:33:info]       min: -0.73
[FedML-Client @device-id-0] [Tue, 21 Jul 2026 22:17:10] [INFO] [abstract_scenario.py:33:info]  
[FedML-Client @device-id-0] [Tue, 21 Jul 2026 22:17:10] [INFO] [abstract_scenario.py:33:info] , max: 0.73
[FedML-Client @device-id-0] [Tue, 21 Jul 2026 22:17:10] [INFO] [abstract_scenario.py:33:info] 

[FedML-Client @device-id-0] [Tue, 21 Jul 2026 22:17:10] [INFO] [abstract_scenario.py:31:info]   w:
[FedML-Client @device-id-0] [Tue, 21 Jul 2026 22:17:10] [INFO] [abstract_scenario.py:31:info]  
[FedML-Client @device-id-0] [Tue, 21 Jul 2026 22:17:10] [INFO] [abstract_scenario.py:31:info] ndarray
[FedML-Client @device-id-0] [Tue, 21 Jul 2026 22:17:10] [INFO] [abstract_scenario.py:31:info]  
[FedML-Client @device-id-0] [Tue, 21 Jul 2026 22:17:10] [INFO] [abstract_scenario.py:31:info] (float64): 
[FedML-Client @device-id-0] [Tue, 21 Jul 2026 22:17:10] [INFO] [abstract_scenario.py:31:info]  
[FedML-Client @device-id-0] [Tue, 21 Jul 2026 22:17:10] [INFO] [abstract_scenario.py:31:info] 20000x1
[FedML-Client @device-id-0] [Tue, 21 Jul 2026 22:17:10] [INFO] [abstract_scenario.py:31:info] 

[FedML-Client @device-id-0] [Tue, 21 Jul 2026 22:17:10] [INFO] [abstract_scenario.py:33:info]       min: 0.00
[FedML-Client @device-id-0] [Tue, 21 Jul 2026 22:17:10] [INFO] [abstract_scenario.py:33:info]  
[FedML-Client @device-id-0] [Tue, 21 Jul 2026 22:17:10] [INFO] [abstract_scenario.py:33:info] , max: 9.00
[FedML-Client @device-id-0] [Tue, 21 Jul 2026 22:17:10] [INFO] [abstract_scenario.py:33:info] 

[FedML-Client @device-id-0] [Tue, 21 Jul 2026 22:17:10] [INFO] [abstract_scenario.py:116:info] dev
[FedML-Client @device-id-0] [Tue, 21 Jul 2026 22:17:10] [INFO] [abstract_scenario.py:116:info] 

[FedML-Client @device-id-0] [Tue, 21 Jul 2026 22:17:10] [INFO] [abstract_scenario.py:31:info]   x:
[FedML-Client @device-id-0] [Tue, 21 Jul 2026 22:17:10] [INFO] [abstract_scenario.py:31:info]  
[FedML-Client @device-id-0] [Tue, 21 Jul 2026 22:17:10] [INFO] [abstract_scenario.py:31:info] ndarray
[FedML-Client @device-id-0] [Tue, 21 Jul 2026 22:17:10] [INFO] [abstract_scenario.py:31:info]  
[FedML-Client @device-id-0] [Tue, 21 Jul 2026 22:17:10] [INFO] [abstract_scenario.py:31:info] (float32): 
[FedML-Client @device-id-0] [Tue, 21 Jul 2026 22:17:10] [INFO] [abstract_scenario.py:31:info]  
[FedML-Client @device-id-0] [Tue, 21 Jul 2026 22:17:10] [INFO] [abstract_scenario.py:31:info] 10000x3x32x32
[FedML-Client @device-id-0] [Tue, 21 Jul 2026 22:17:10] [INFO] [abstract_scenario.py:31:info] 

[FedML-Client @device-id-0] [Tue, 21 Jul 2026 22:17:10] [INFO] [abstract_scenario.py:31:info]   z:
[FedML-Client @device-id-0] [Tue, 21 Jul 2026 22:17:10] [INFO] [abstract_scenario.py:31:info]  
[FedML-Client @device-id-0] [Tue, 21 Jul 2026 22:17:10] [INFO] [abstract_scenario.py:31:info] ndarray
[FedML-Client @device-id-0] [Tue, 21 Jul 2026 22:17:10] [INFO] [abstract_scenario.py:31:info]  
[FedML-Client @device-id-0] [Tue, 21 Jul 2026 22:17:10] [INFO] [abstract_scenario.py:31:info] (float32): 
[FedML-Client @device-id-0] [Tue, 21 Jul 2026 22:17:10] [INFO] [abstract_scenario.py:31:info]  
[FedML-Client @device-id-0] [Tue, 21 Jul 2026 22:17:10] [INFO] [abstract_scenario.py:31:info] 10000x3x32x32
[FedML-Client @device-id-0] [Tue, 21 Jul 2026 22:17:10] [INFO] [abstract_scenario.py:31:info] 

[FedML-Client @device-id-0] [Tue, 21 Jul 2026 22:17:10] [INFO] [abstract_scenario.py:31:info]   y:
[FedML-Client @device-id-0] [Tue, 21 Jul 2026 22:17:10] [INFO] [abstract_scenario.py:31:info]  
[FedML-Client @device-id-0] [Tue, 21 Jul 2026 22:17:10] [INFO] [abstract_scenario.py:31:info] ndarray
[FedML-Client @device-id-0] [Tue, 21 Jul 2026 22:17:10] [INFO] [abstract_scenario.py:31:info]  
[FedML-Client @device-id-0] [Tue, 21 Jul 2026 22:17:10] [INFO] [abstract_scenario.py:31:info] (float64): 
[FedML-Client @device-id-0] [Tue, 21 Jul 2026 22:17:10] [INFO] [abstract_scenario.py:31:info]  
[FedML-Client @device-id-0] [Tue, 21 Jul 2026 22:17:10] [INFO] [abstract_scenario.py:31:info] 10000x1
[FedML-Client @device-id-0] [Tue, 21 Jul 2026 22:17:10] [INFO] [abstract_scenario.py:31:info] 

[FedML-Client @device-id-0] [Tue, 21 Jul 2026 22:17:10] [INFO] [abstract_scenario.py:31:info]   g:
[FedML-Client @device-id-0] [Tue, 21 Jul 2026 22:17:10] [INFO] [abstract_scenario.py:31:info]  
[FedML-Client @device-id-0] [Tue, 21 Jul 2026 22:17:10] [INFO] [abstract_scenario.py:31:info] ndarray
[FedML-Client @device-id-0] [Tue, 21 Jul 2026 22:17:10] [INFO] [abstract_scenario.py:31:info]  
[FedML-Client @device-id-0] [Tue, 21 Jul 2026 22:17:10] [INFO] [abstract_scenario.py:31:info] (float64): 
[FedML-Client @device-id-0] [Tue, 21 Jul 2026 22:17:10] [INFO] [abstract_scenario.py:31:info]  
[FedML-Client @device-id-0] [Tue, 21 Jul 2026 22:17:10] [INFO] [abstract_scenario.py:31:info] 10000x1
[FedML-Client @device-id-0] [Tue, 21 Jul 2026 22:17:10] [INFO] [abstract_scenario.py:31:info] 

[FedML-Client @device-id-0] [Tue, 21 Jul 2026 22:17:10] [INFO] [abstract_scenario.py:31:info]   w:
[FedML-Client @device-id-0] [Tue, 21 Jul 2026 22:17:10] [INFO] [abstract_scenario.py:31:info]  
[FedML-Client @device-id-0] [Tue, 21 Jul 2026 22:17:10] [INFO] [abstract_scenario.py:31:info] ndarray
[FedML-Client @device-id-0] [Tue, 21 Jul 2026 22:17:10] [INFO] [abstract_scenario.py:31:info]  
[FedML-Client @device-id-0] [Tue, 21 Jul 2026 22:17:10] [INFO] [abstract_scenario.py:31:info] (float64): 
[FedML-Client @device-id-0] [Tue, 21 Jul 2026 22:17:10] [INFO] [abstract_scenario.py:31:info]  
[FedML-Client @device-id-0] [Tue, 21 Jul 2026 22:17:10] [INFO] [abstract_scenario.py:31:info] 10000x1
[FedML-Client @device-id-0] [Tue, 21 Jul 2026 22:17:10] [INFO] [abstract_scenario.py:31:info] 

[FedML-Client @device-id-0] [Tue, 21 Jul 2026 22:17:11] [INFO] [model_hub.py:25:create] create_model. model_name = lr, output_dim = None, dataset = cifar10_xz
[FedML-Client @device-id-0] [Tue, 21 Jul 2026 22:17:11] [INFO] [fedavg_api.py:231:__init__] model = [[CIFAR10CNN(
  (cnn): Sequential(
    (0): Conv2d(3, 32, kernel_size=(3, 3), stride=(1, 1), padding=(1, 1))
    (1): LeakyReLU(negative_slope=0.01)
    (2): MaxPool2d(kernel_size=2, stride=2, padding=0, dilation=1, ceil_mode=False)
    (3): Dropout(p=0.0, inplace=False)
    (4): Conv2d(32, 64, kernel_size=(3, 3), stride=(1, 1), padding=(2, 2))
    (5): LeakyReLU(negative_slope=0.01)
    (6): MaxPool2d(kernel_size=2, stride=2, padding=0, dilation=1, ceil_mode=False)
    (7): Dropout(p=0.0, inplace=False)
  )
  (linear_1): Linear(in_features=5184, out_features=200, bias=True)
  (linear_2): Linear(in_features=200, out_features=10, bias=True)
  (linear_3): Linear(in_features=10, out_features=1, bias=True)
  (bn): BatchNorm1d(10, eps=1e-05, momentum=0.1, affine=True, track_running_stats=True)
)], [CIFAR10CNN(
  (cnn): Sequential(
    (0): Conv2d(3, 32, kernel_size=(3, 3), stride=(1, 1), padding=(1, 1))
    (1): LeakyReLU(negative_slope=0.01)
    (2): MaxPool2d(kernel_size=2, stride=2, padding=0, dilation=1, ceil_mode=False)
    (3): Dropout(p=0.0, inplace=False)
    (4): Conv2d(32, 64, kernel_size=(3, 3), stride=(1, 1), padding=(2, 2))
    (5): LeakyReLU(negative_slope=0.01)
    (6): MaxPool2d(kernel_size=2, stride=2, padding=0, dilation=1, ceil_mode=False)
    (7): Dropout(p=0.0, inplace=False)
  )
  (linear_1): Linear(in_features=5184, out_features=200, bias=True)
  (linear_2): Linear(in_features=200, out_features=10, bias=True)
  (linear_3): Linear(in_features=10, out_features=1, bias=True)
  (bn): BatchNorm1d(10, eps=1e-05, momentum=0.1, affine=True, track_running_stats=True)
)], [CIFAR10CNN(
  (cnn): Sequential(
    (0): Conv2d(3, 32, kernel_size=(3, 3), stride=(1, 1), padding=(1, 1))
    (1): LeakyReLU(negative_slope=0.01)
    (2): MaxPool2d(kernel_size=2, stride=2, padding=0, dilation=1, ceil_mode=False)
    (3): Dropout(p=0.0, inplace=False)
    (4): Conv2d(32, 64, kernel_size=(3, 3), stride=(1, 1), padding=(2, 2))
    (5): LeakyReLU(negative_slope=0.01)
    (6): MaxPool2d(kernel_size=2, stride=2, padding=0, dilation=1, ceil_mode=False)
    (7): Dropout(p=0.0, inplace=False)
  )
  (linear_1): Linear(in_features=5184, out_features=200, bias=True)
  (linear_2): Linear(in_features=200, out_features=10, bias=True)
  (linear_3): Linear(in_features=10, out_features=1, bias=True)
  (bn): BatchNorm1d(10, eps=1e-05, momentum=0.1, affine=True, track_running_stats=True)
)]]
[FedML-Client @device-id-0] [Tue, 21 Jul 2026 22:17:11] [INFO] [model_selection_class.py:41:do_model_selection] starting learning args eval 0
[FedML-Client @device-id-0] [Tue, 21 Jul 2026 22:17:11] [INFO] [model_selection_class.py:41:do_model_selection] 

[FedML-Client @device-id-0] [Tue, 21 Jul 2026 22:20:31] [INFO] [model_selection_class.py:71:do_model_selection] learning eval:
[FedML-Client @device-id-0] [Tue, 21 Jul 2026 22:20:31] [INFO] [model_selection_class.py:71:do_model_selection]  
[FedML-Client @device-id-0] [Tue, 21 Jul 2026 22:20:31] [INFO] [model_selection_class.py:71:do_model_selection] 0.009281885957643139
[FedML-Client @device-id-0] [Tue, 21 Jul 2026 22:20:31] [INFO] [model_selection_class.py:71:do_model_selection]  
[FedML-Client @device-id-0] [Tue, 21 Jul 2026 22:20:31] [INFO] [model_selection_class.py:71:do_model_selection] OptimalObjective::lambda_1=0.100000
[FedML-Client @device-id-0] [Tue, 21 Jul 2026 22:20:31] [INFO] [model_selection_class.py:71:do_model_selection]  
[FedML-Client @device-id-0] [Tue, 21 Jul 2026 22:20:31] [INFO] [model_selection_class.py:71:do_model_selection] OGDA:::'lr'=0.001
[FedML-Client @device-id-0] [Tue, 21 Jul 2026 22:20:31] [INFO] [model_selection_class.py:71:do_model_selection]  
[FedML-Client @device-id-0] [Tue, 21 Jul 2026 22:20:31] [INFO] [model_selection_class.py:71:do_model_selection] OGDA:::'lr'=0.001
[FedML-Client @device-id-0] [Tue, 21 Jul 2026 22:20:31] [INFO] [model_selection_class.py:71:do_model_selection] 

[FedML-Client @device-id-0] [Tue, 21 Jul 2026 22:20:31] [INFO] [model_selection_class.py:90:do_model_selection] size of f_z collection:
[FedML-Client @device-id-0] [Tue, 21 Jul 2026 22:20:31] [INFO] [model_selection_class.py:90:do_model_selection]  
[FedML-Client @device-id-0] [Tue, 21 Jul 2026 22:20:31] [INFO] [model_selection_class.py:90:do_model_selection] 120
[FedML-Client @device-id-0] [Tue, 21 Jul 2026 22:20:31] [INFO] [model_selection_class.py:90:do_model_selection] 

[FedML-Client @device-id-0] [Tue, 21 Jul 2026 22:20:31] [INFO] [fedavg_api.py:468:_setup_clients] ############setup_clients (START)#############
[FedML-Client @device-id-0] [Tue, 21 Jul 2026 22:20:31] [INFO] [fedavg_api.py:485:_setup_clients] ############setup_clients (END)#############
[FedML-Client @device-id-0] [Tue, 21 Jul 2026 22:44:25] [INFO] [fedavg_api.py:850:train] MSE on test ------------------------------>>>>>>>>>>>>>>>>>>
[FedML-Client @device-id-0] [Tue, 21 Jul 2026 22:44:25] [INFO] [fedavg_api.py:850:train]  
[FedML-Client @device-id-0] [Tue, 21 Jul 2026 22:44:25] [INFO] [fedavg_api.py:850:train] 0.2254980617248701
[FedML-Client @device-id-0] [Tue, 21 Jul 2026 22:44:25] [INFO] [fedavg_api.py:850:train] 

DEBUG: Calling fedml.init()...
/home/arnav22103/FederatedDeepGMM/fedgmm/sp_decentralized_mnist_lr_example/fedml/computing/scheduler/comm_utils/sys_utils.py:16: UserWarning: pkg_resources is deprecated as an API. See https://setuptools.pypa.io/en/latest/pkg_resources.html. The pkg_resources package is slated for removal as early as 2025-11-30. Refrain from using this package or pin to Setuptools<81.
  from pkg_resources import parse_version
[FedML-Client @device-id-0] [Tue, 21 Jul 2026 22:44:31] [INFO] [__init__.py:163:init] args.rank = 0, args.worker_num = 10
[FedML-Client @device-id-0] [Tue, 21 Jul 2026 22:44:31] [INFO] [main.py:14:<module>] DEBUG: fedml.init() successful.
[FedML-Client @device-id-0] [Tue, 21 Jul 2026 22:44:31] [INFO] [main.py:14:<module>] 

[FedML-Client @device-id-0] [Tue, 21 Jul 2026 22:44:31] [INFO] [ml_engine_adapter.py:147:get_torch_device] args = <fedml.arguments.Arguments object at 0x757edbff3f70>, using_gpu = True, device_id = 0, device_type = gpu
[FedML-Client @device-id-0] [Tue, 21 Jul 2026 22:44:31] [INFO] [device.py:48:get_device] device = cuda:0
[FedML-Client @device-id-0] [Tue, 21 Jul 2026 22:44:31] [INFO] [data_loader.py:669:load_synthetic_data] load_data. dataset_name = cifar10_x
[FedML-Client @device-id-0] [Tue, 21 Jul 2026 22:44:32] [INFO] [abstract_scenario.py:116:info] test
[FedML-Client @device-id-0] [Tue, 21 Jul 2026 22:44:32] [INFO] [abstract_scenario.py:116:info] 

[FedML-Client @device-id-0] [Tue, 21 Jul 2026 22:44:32] [INFO] [abstract_scenario.py:31:info]   x:
[FedML-Client @device-id-0] [Tue, 21 Jul 2026 22:44:32] [INFO] [abstract_scenario.py:31:info]  
[FedML-Client @device-id-0] [Tue, 21 Jul 2026 22:44:32] [INFO] [abstract_scenario.py:31:info] ndarray
[FedML-Client @device-id-0] [Tue, 21 Jul 2026 22:44:32] [INFO] [abstract_scenario.py:31:info]  
[FedML-Client @device-id-0] [Tue, 21 Jul 2026 22:44:32] [INFO] [abstract_scenario.py:31:info] (float32): 
[FedML-Client @device-id-0] [Tue, 21 Jul 2026 22:44:32] [INFO] [abstract_scenario.py:31:info]  
[FedML-Client @device-id-0] [Tue, 21 Jul 2026 22:44:32] [INFO] [abstract_scenario.py:31:info] 10000x3x32x32
[FedML-Client @device-id-0] [Tue, 21 Jul 2026 22:44:32] [INFO] [abstract_scenario.py:31:info] 

[FedML-Client @device-id-0] [Tue, 21 Jul 2026 22:44:32] [INFO] [abstract_scenario.py:31:info]   z:
[FedML-Client @device-id-0] [Tue, 21 Jul 2026 22:44:32] [INFO] [abstract_scenario.py:31:info]  
[FedML-Client @device-id-0] [Tue, 21 Jul 2026 22:44:32] [INFO] [abstract_scenario.py:31:info] ndarray
[FedML-Client @device-id-0] [Tue, 21 Jul 2026 22:44:32] [INFO] [abstract_scenario.py:31:info]  
[FedML-Client @device-id-0] [Tue, 21 Jul 2026 22:44:32] [INFO] [abstract_scenario.py:31:info] (float64): 
[FedML-Client @device-id-0] [Tue, 21 Jul 2026 22:44:32] [INFO] [abstract_scenario.py:31:info]  
[FedML-Client @device-id-0] [Tue, 21 Jul 2026 22:44:32] [INFO] [abstract_scenario.py:31:info] 10000x1
[FedML-Client @device-id-0] [Tue, 21 Jul 2026 22:44:32] [INFO] [abstract_scenario.py:31:info] 

[FedML-Client @device-id-0] [Tue, 21 Jul 2026 22:44:32] [INFO] [abstract_scenario.py:31:info]   y:
[FedML-Client @device-id-0] [Tue, 21 Jul 2026 22:44:32] [INFO] [abstract_scenario.py:31:info]  
[FedML-Client @device-id-0] [Tue, 21 Jul 2026 22:44:32] [INFO] [abstract_scenario.py:31:info] ndarray
[FedML-Client @device-id-0] [Tue, 21 Jul 2026 22:44:32] [INFO] [abstract_scenario.py:31:info]  
[FedML-Client @device-id-0] [Tue, 21 Jul 2026 22:44:32] [INFO] [abstract_scenario.py:31:info] (float64): 
[FedML-Client @device-id-0] [Tue, 21 Jul 2026 22:44:32] [INFO] [abstract_scenario.py:31:info]  
[FedML-Client @device-id-0] [Tue, 21 Jul 2026 22:44:32] [INFO] [abstract_scenario.py:31:info] 10000x1
[FedML-Client @device-id-0] [Tue, 21 Jul 2026 22:44:32] [INFO] [abstract_scenario.py:31:info] 

[FedML-Client @device-id-0] [Tue, 21 Jul 2026 22:44:32] [INFO] [abstract_scenario.py:31:info]   g:
[FedML-Client @device-id-0] [Tue, 21 Jul 2026 22:44:32] [INFO] [abstract_scenario.py:31:info]  
[FedML-Client @device-id-0] [Tue, 21 Jul 2026 22:44:32] [INFO] [abstract_scenario.py:31:info] ndarray
[FedML-Client @device-id-0] [Tue, 21 Jul 2026 22:44:32] [INFO] [abstract_scenario.py:31:info]  
[FedML-Client @device-id-0] [Tue, 21 Jul 2026 22:44:32] [INFO] [abstract_scenario.py:31:info] (float64): 
[FedML-Client @device-id-0] [Tue, 21 Jul 2026 22:44:32] [INFO] [abstract_scenario.py:31:info]  
[FedML-Client @device-id-0] [Tue, 21 Jul 2026 22:44:32] [INFO] [abstract_scenario.py:31:info] 10000x1
[FedML-Client @device-id-0] [Tue, 21 Jul 2026 22:44:32] [INFO] [abstract_scenario.py:31:info] 

[FedML-Client @device-id-0] [Tue, 21 Jul 2026 22:44:32] [INFO] [abstract_scenario.py:31:info]   w:
[FedML-Client @device-id-0] [Tue, 21 Jul 2026 22:44:32] [INFO] [abstract_scenario.py:31:info]  
[FedML-Client @device-id-0] [Tue, 21 Jul 2026 22:44:32] [INFO] [abstract_scenario.py:31:info] ndarray
[FedML-Client @device-id-0] [Tue, 21 Jul 2026 22:44:32] [INFO] [abstract_scenario.py:31:info]  
[FedML-Client @device-id-0] [Tue, 21 Jul 2026 22:44:32] [INFO] [abstract_scenario.py:31:info] (float64): 
[FedML-Client @device-id-0] [Tue, 21 Jul 2026 22:44:32] [INFO] [abstract_scenario.py:31:info]  
[FedML-Client @device-id-0] [Tue, 21 Jul 2026 22:44:32] [INFO] [abstract_scenario.py:31:info] 10000x1
[FedML-Client @device-id-0] [Tue, 21 Jul 2026 22:44:32] [INFO] [abstract_scenario.py:31:info] 

[FedML-Client @device-id-0] [Tue, 21 Jul 2026 22:44:32] [INFO] [abstract_scenario.py:116:info] train
[FedML-Client @device-id-0] [Tue, 21 Jul 2026 22:44:32] [INFO] [abstract_scenario.py:116:info] 

[FedML-Client @device-id-0] [Tue, 21 Jul 2026 22:44:32] [INFO] [abstract_scenario.py:31:info]   x:
[FedML-Client @device-id-0] [Tue, 21 Jul 2026 22:44:32] [INFO] [abstract_scenario.py:31:info]  
[FedML-Client @device-id-0] [Tue, 21 Jul 2026 22:44:32] [INFO] [abstract_scenario.py:31:info] ndarray
[FedML-Client @device-id-0] [Tue, 21 Jul 2026 22:44:32] [INFO] [abstract_scenario.py:31:info]  
[FedML-Client @device-id-0] [Tue, 21 Jul 2026 22:44:32] [INFO] [abstract_scenario.py:31:info] (float32): 
[FedML-Client @device-id-0] [Tue, 21 Jul 2026 22:44:32] [INFO] [abstract_scenario.py:31:info]  
[FedML-Client @device-id-0] [Tue, 21 Jul 2026 22:44:32] [INFO] [abstract_scenario.py:31:info] 20000x3x32x32
[FedML-Client @device-id-0] [Tue, 21 Jul 2026 22:44:32] [INFO] [abstract_scenario.py:31:info] 

[FedML-Client @device-id-0] [Tue, 21 Jul 2026 22:44:32] [INFO] [abstract_scenario.py:33:info]       min: -2.43
[FedML-Client @device-id-0] [Tue, 21 Jul 2026 22:44:32] [INFO] [abstract_scenario.py:33:info]  
[FedML-Client @device-id-0] [Tue, 21 Jul 2026 22:44:32] [INFO] [abstract_scenario.py:33:info] , max: 2.75
[FedML-Client @device-id-0] [Tue, 21 Jul 2026 22:44:32] [INFO] [abstract_scenario.py:33:info] 

[FedML-Client @device-id-0] [Tue, 21 Jul 2026 22:44:32] [INFO] [abstract_scenario.py:31:info]   z:
[FedML-Client @device-id-0] [Tue, 21 Jul 2026 22:44:32] [INFO] [abstract_scenario.py:31:info]  
[FedML-Client @device-id-0] [Tue, 21 Jul 2026 22:44:32] [INFO] [abstract_scenario.py:31:info] ndarray
[FedML-Client @device-id-0] [Tue, 21 Jul 2026 22:44:32] [INFO] [abstract_scenario.py:31:info]  
[FedML-Client @device-id-0] [Tue, 21 Jul 2026 22:44:32] [INFO] [abstract_scenario.py:31:info] (float64): 
[FedML-Client @device-id-0] [Tue, 21 Jul 2026 22:44:32] [INFO] [abstract_scenario.py:31:info]  
[FedML-Client @device-id-0] [Tue, 21 Jul 2026 22:44:32] [INFO] [abstract_scenario.py:31:info] 20000x1
[FedML-Client @device-id-0] [Tue, 21 Jul 2026 22:44:32] [INFO] [abstract_scenario.py:31:info] 

[FedML-Client @device-id-0] [Tue, 21 Jul 2026 22:44:32] [INFO] [abstract_scenario.py:33:info]       min: -3.00
[FedML-Client @device-id-0] [Tue, 21 Jul 2026 22:44:32] [INFO] [abstract_scenario.py:33:info]  
[FedML-Client @device-id-0] [Tue, 21 Jul 2026 22:44:32] [INFO] [abstract_scenario.py:33:info] , max: 3.00
[FedML-Client @device-id-0] [Tue, 21 Jul 2026 22:44:32] [INFO] [abstract_scenario.py:33:info] 

[FedML-Client @device-id-0] [Tue, 21 Jul 2026 22:44:32] [INFO] [abstract_scenario.py:31:info]   y:
[FedML-Client @device-id-0] [Tue, 21 Jul 2026 22:44:32] [INFO] [abstract_scenario.py:31:info]  
[FedML-Client @device-id-0] [Tue, 21 Jul 2026 22:44:32] [INFO] [abstract_scenario.py:31:info] ndarray
[FedML-Client @device-id-0] [Tue, 21 Jul 2026 22:44:32] [INFO] [abstract_scenario.py:31:info]  
[FedML-Client @device-id-0] [Tue, 21 Jul 2026 22:44:32] [INFO] [abstract_scenario.py:31:info] (float64): 
[FedML-Client @device-id-0] [Tue, 21 Jul 2026 22:44:32] [INFO] [abstract_scenario.py:31:info]  
[FedML-Client @device-id-0] [Tue, 21 Jul 2026 22:44:32] [INFO] [abstract_scenario.py:31:info] 20000x1
[FedML-Client @device-id-0] [Tue, 21 Jul 2026 22:44:32] [INFO] [abstract_scenario.py:31:info] 

[FedML-Client @device-id-0] [Tue, 21 Jul 2026 22:44:32] [INFO] [abstract_scenario.py:33:info]       min: -3.61
[FedML-Client @device-id-0] [Tue, 21 Jul 2026 22:44:32] [INFO] [abstract_scenario.py:33:info]  
[FedML-Client @device-id-0] [Tue, 21 Jul 2026 22:44:32] [INFO] [abstract_scenario.py:33:info] , max: 5.23
[FedML-Client @device-id-0] [Tue, 21 Jul 2026 22:44:32] [INFO] [abstract_scenario.py:33:info] 

[FedML-Client @device-id-0] [Tue, 21 Jul 2026 22:44:32] [INFO] [abstract_scenario.py:31:info]   g:
[FedML-Client @device-id-0] [Tue, 21 Jul 2026 22:44:32] [INFO] [abstract_scenario.py:31:info]  
[FedML-Client @device-id-0] [Tue, 21 Jul 2026 22:44:32] [INFO] [abstract_scenario.py:31:info] ndarray
[FedML-Client @device-id-0] [Tue, 21 Jul 2026 22:44:32] [INFO] [abstract_scenario.py:31:info]  
[FedML-Client @device-id-0] [Tue, 21 Jul 2026 22:44:32] [INFO] [abstract_scenario.py:31:info] (float64): 
[FedML-Client @device-id-0] [Tue, 21 Jul 2026 22:44:32] [INFO] [abstract_scenario.py:31:info]  
[FedML-Client @device-id-0] [Tue, 21 Jul 2026 22:44:32] [INFO] [abstract_scenario.py:31:info] 20000x1
[FedML-Client @device-id-0] [Tue, 21 Jul 2026 22:44:32] [INFO] [abstract_scenario.py:31:info] 

[FedML-Client @device-id-0] [Tue, 21 Jul 2026 22:44:32] [INFO] [abstract_scenario.py:33:info]       min: -0.73
[FedML-Client @device-id-0] [Tue, 21 Jul 2026 22:44:32] [INFO] [abstract_scenario.py:33:info]  
[FedML-Client @device-id-0] [Tue, 21 Jul 2026 22:44:32] [INFO] [abstract_scenario.py:33:info] , max: 0.73
[FedML-Client @device-id-0] [Tue, 21 Jul 2026 22:44:32] [INFO] [abstract_scenario.py:33:info] 

[FedML-Client @device-id-0] [Tue, 21 Jul 2026 22:44:32] [INFO] [abstract_scenario.py:31:info]   w:
[FedML-Client @device-id-0] [Tue, 21 Jul 2026 22:44:32] [INFO] [abstract_scenario.py:31:info]  
[FedML-Client @device-id-0] [Tue, 21 Jul 2026 22:44:32] [INFO] [abstract_scenario.py:31:info] ndarray
[FedML-Client @device-id-0] [Tue, 21 Jul 2026 22:44:32] [INFO] [abstract_scenario.py:31:info]  
[FedML-Client @device-id-0] [Tue, 21 Jul 2026 22:44:32] [INFO] [abstract_scenario.py:31:info] (float64): 
[FedML-Client @device-id-0] [Tue, 21 Jul 2026 22:44:32] [INFO] [abstract_scenario.py:31:info]  
[FedML-Client @device-id-0] [Tue, 21 Jul 2026 22:44:32] [INFO] [abstract_scenario.py:31:info] 20000x1
[FedML-Client @device-id-0] [Tue, 21 Jul 2026 22:44:32] [INFO] [abstract_scenario.py:31:info] 

[FedML-Client @device-id-0] [Tue, 21 Jul 2026 22:44:32] [INFO] [abstract_scenario.py:33:info]       min: 0.00
[FedML-Client @device-id-0] [Tue, 21 Jul 2026 22:44:32] [INFO] [abstract_scenario.py:33:info]  
[FedML-Client @device-id-0] [Tue, 21 Jul 2026 22:44:32] [INFO] [abstract_scenario.py:33:info] , max: 9.00
[FedML-Client @device-id-0] [Tue, 21 Jul 2026 22:44:32] [INFO] [abstract_scenario.py:33:info] 

[FedML-Client @device-id-0] [Tue, 21 Jul 2026 22:44:32] [INFO] [abstract_scenario.py:116:info] dev
[FedML-Client @device-id-0] [Tue, 21 Jul 2026 22:44:32] [INFO] [abstract_scenario.py:116:info] 

[FedML-Client @device-id-0] [Tue, 21 Jul 2026 22:44:32] [INFO] [abstract_scenario.py:31:info]   x:
[FedML-Client @device-id-0] [Tue, 21 Jul 2026 22:44:32] [INFO] [abstract_scenario.py:31:info]  
[FedML-Client @device-id-0] [Tue, 21 Jul 2026 22:44:32] [INFO] [abstract_scenario.py:31:info] ndarray
[FedML-Client @device-id-0] [Tue, 21 Jul 2026 22:44:32] [INFO] [abstract_scenario.py:31:info]  
[FedML-Client @device-id-0] [Tue, 21 Jul 2026 22:44:32] [INFO] [abstract_scenario.py:31:info] (float32): 
[FedML-Client @device-id-0] [Tue, 21 Jul 2026 22:44:32] [INFO] [abstract_scenario.py:31:info]  
[FedML-Client @device-id-0] [Tue, 21 Jul 2026 22:44:32] [INFO] [abstract_scenario.py:31:info] 10000x3x32x32
[FedML-Client @device-id-0] [Tue, 21 Jul 2026 22:44:32] [INFO] [abstract_scenario.py:31:info] 

[FedML-Client @device-id-0] [Tue, 21 Jul 2026 22:44:32] [INFO] [abstract_scenario.py:31:info]   z:
[FedML-Client @device-id-0] [Tue, 21 Jul 2026 22:44:32] [INFO] [abstract_scenario.py:31:info]  
[FedML-Client @device-id-0] [Tue, 21 Jul 2026 22:44:32] [INFO] [abstract_scenario.py:31:info] ndarray
[FedML-Client @device-id-0] [Tue, 21 Jul 2026 22:44:32] [INFO] [abstract_scenario.py:31:info]  
[FedML-Client @device-id-0] [Tue, 21 Jul 2026 22:44:32] [INFO] [abstract_scenario.py:31:info] (float64): 
[FedML-Client @device-id-0] [Tue, 21 Jul 2026 22:44:32] [INFO] [abstract_scenario.py:31:info]  
[FedML-Client @device-id-0] [Tue, 21 Jul 2026 22:44:32] [INFO] [abstract_scenario.py:31:info] 10000x1
[FedML-Client @device-id-0] [Tue, 21 Jul 2026 22:44:32] [INFO] [abstract_scenario.py:31:info] 

[FedML-Client @device-id-0] [Tue, 21 Jul 2026 22:44:32] [INFO] [abstract_scenario.py:31:info]   y:
[FedML-Client @device-id-0] [Tue, 21 Jul 2026 22:44:32] [INFO] [abstract_scenario.py:31:info]  
[FedML-Client @device-id-0] [Tue, 21 Jul 2026 22:44:32] [INFO] [abstract_scenario.py:31:info] ndarray
[FedML-Client @device-id-0] [Tue, 21 Jul 2026 22:44:32] [INFO] [abstract_scenario.py:31:info]  
[FedML-Client @device-id-0] [Tue, 21 Jul 2026 22:44:32] [INFO] [abstract_scenario.py:31:info] (float64): 
[FedML-Client @device-id-0] [Tue, 21 Jul 2026 22:44:32] [INFO] [abstract_scenario.py:31:info]  
[FedML-Client @device-id-0] [Tue, 21 Jul 2026 22:44:32] [INFO] [abstract_scenario.py:31:info] 10000x1
[FedML-Client @device-id-0] [Tue, 21 Jul 2026 22:44:32] [INFO] [abstract_scenario.py:31:info] 

[FedML-Client @device-id-0] [Tue, 21 Jul 2026 22:44:32] [INFO] [abstract_scenario.py:31:info]   g:
[FedML-Client @device-id-0] [Tue, 21 Jul 2026 22:44:32] [INFO] [abstract_scenario.py:31:info]  
[FedML-Client @device-id-0] [Tue, 21 Jul 2026 22:44:32] [INFO] [abstract_scenario.py:31:info] ndarray
[FedML-Client @device-id-0] [Tue, 21 Jul 2026 22:44:32] [INFO] [abstract_scenario.py:31:info]  
[FedML-Client @device-id-0] [Tue, 21 Jul 2026 22:44:32] [INFO] [abstract_scenario.py:31:info] (float64): 
[FedML-Client @device-id-0] [Tue, 21 Jul 2026 22:44:32] [INFO] [abstract_scenario.py:31:info]  
[FedML-Client @device-id-0] [Tue, 21 Jul 2026 22:44:32] [INFO] [abstract_scenario.py:31:info] 10000x1
[FedML-Client @device-id-0] [Tue, 21 Jul 2026 22:44:32] [INFO] [abstract_scenario.py:31:info] 

[FedML-Client @device-id-0] [Tue, 21 Jul 2026 22:44:32] [INFO] [abstract_scenario.py:31:info]   w:
[FedML-Client @device-id-0] [Tue, 21 Jul 2026 22:44:32] [INFO] [abstract_scenario.py:31:info]  
[FedML-Client @device-id-0] [Tue, 21 Jul 2026 22:44:32] [INFO] [abstract_scenario.py:31:info] ndarray
[FedML-Client @device-id-0] [Tue, 21 Jul 2026 22:44:32] [INFO] [abstract_scenario.py:31:info]  
[FedML-Client @device-id-0] [Tue, 21 Jul 2026 22:44:32] [INFO] [abstract_scenario.py:31:info] (float64): 
[FedML-Client @device-id-0] [Tue, 21 Jul 2026 22:44:32] [INFO] [abstract_scenario.py:31:info]  
[FedML-Client @device-id-0] [Tue, 21 Jul 2026 22:44:32] [INFO] [abstract_scenario.py:31:info] 10000x1
[FedML-Client @device-id-0] [Tue, 21 Jul 2026 22:44:32] [INFO] [abstract_scenario.py:31:info] 

[FedML-Client @device-id-0] [Tue, 21 Jul 2026 22:44:32] [INFO] [model_hub.py:25:create] create_model. model_name = lr, output_dim = None, dataset = cifar10_x
[FedML-Client @device-id-0] [Tue, 21 Jul 2026 22:44:32] [INFO] [fedavg_api.py:231:__init__] model = [[CIFAR10CNN(
  (cnn): Sequential(
    (0): Conv2d(3, 32, kernel_size=(3, 3), stride=(1, 1), padding=(1, 1))
    (1): LeakyReLU(negative_slope=0.01)
    (2): MaxPool2d(kernel_size=2, stride=2, padding=0, dilation=1, ceil_mode=False)
    (3): Dropout(p=0.0, inplace=False)
    (4): Conv2d(32, 64, kernel_size=(3, 3), stride=(1, 1), padding=(2, 2))
    (5): LeakyReLU(negative_slope=0.01)
    (6): MaxPool2d(kernel_size=2, stride=2, padding=0, dilation=1, ceil_mode=False)
    (7): Dropout(p=0.0, inplace=False)
  )
  (linear_1): Linear(in_features=5184, out_features=200, bias=True)
  (linear_2): Linear(in_features=200, out_features=10, bias=True)
  (linear_3): Linear(in_features=10, out_features=1, bias=True)
  (bn): BatchNorm1d(10, eps=1e-05, momentum=0.1, affine=True, track_running_stats=True)
)], [MLPModel(
  (model): Sequential(
    (0): Linear(in_features=1, out_features=20, bias=True)
    (1): LeakyReLU(negative_slope=0.01)
    (2): Linear(in_features=20, out_features=1, bias=True)
  )
)], [CIFAR10CNN(
  (cnn): Sequential(
    (0): Conv2d(3, 32, kernel_size=(3, 3), stride=(1, 1), padding=(1, 1))
    (1): LeakyReLU(negative_slope=0.01)
    (2): MaxPool2d(kernel_size=2, stride=2, padding=0, dilation=1, ceil_mode=False)
    (3): Dropout(p=0.0, inplace=False)
    (4): Conv2d(32, 64, kernel_size=(3, 3), stride=(1, 1), padding=(2, 2))
    (5): LeakyReLU(negative_slope=0.01)
    (6): MaxPool2d(kernel_size=2, stride=2, padding=0, dilation=1, ceil_mode=False)
    (7): Dropout(p=0.0, inplace=False)
  )
  (linear_1): Linear(in_features=5184, out_features=200, bias=True)
  (linear_2): Linear(in_features=200, out_features=10, bias=True)
  (linear_3): Linear(in_features=10, out_features=1, bias=True)
  (bn): BatchNorm1d(10, eps=1e-05, momentum=0.1, affine=True, track_running_stats=True)
)]]
[FedML-Client @device-id-0] [Tue, 21 Jul 2026 22:44:32] [INFO] [model_selection_class.py:41:do_model_selection] starting learning args eval 0
[FedML-Client @device-id-0] [Tue, 21 Jul 2026 22:44:32] [INFO] [model_selection_class.py:41:do_model_selection] 

[FedML-Client @device-id-0] [Tue, 21 Jul 2026 22:46:20] [INFO] [model_selection_class.py:71:do_model_selection] learning eval:
[FedML-Client @device-id-0] [Tue, 21 Jul 2026 22:46:20] [INFO] [model_selection_class.py:71:do_model_selection]  
[FedML-Client @device-id-0] [Tue, 21 Jul 2026 22:46:20] [INFO] [model_selection_class.py:71:do_model_selection] -0.0010717586744686154
[FedML-Client @device-id-0] [Tue, 21 Jul 2026 22:46:20] [INFO] [model_selection_class.py:71:do_model_selection]  
[FedML-Client @device-id-0] [Tue, 21 Jul 2026 22:46:20] [INFO] [model_selection_class.py:71:do_model_selection] OptimalObjective::lambda_1=0.100000
[FedML-Client @device-id-0] [Tue, 21 Jul 2026 22:46:20] [INFO] [model_selection_class.py:71:do_model_selection]  
[FedML-Client @device-id-0] [Tue, 21 Jul 2026 22:46:20] [INFO] [model_selection_class.py:71:do_model_selection] CustomSGD:::'lr'=0.001:'momentum'=0.0
[FedML-Client @device-id-0] [Tue, 21 Jul 2026 22:46:20] [INFO] [model_selection_class.py:71:do_model_selection]  
[FedML-Client @device-id-0] [Tue, 21 Jul 2026 22:46:20] [INFO] [model_selection_class.py:71:do_model_selection] CustomSGD:::'lr'=0.003:'momentum'=0.0
[FedML-Client @device-id-0] [Tue, 21 Jul 2026 22:46:20] [INFO] [model_selection_class.py:71:do_model_selection] 

[FedML-Client @device-id-0] [Tue, 21 Jul 2026 22:46:20] [INFO] [model_selection_class.py:90:do_model_selection] size of f_z collection:
[FedML-Client @device-id-0] [Tue, 21 Jul 2026 22:46:20] [INFO] [model_selection_class.py:90:do_model_selection]  
[FedML-Client @device-id-0] [Tue, 21 Jul 2026 22:46:20] [INFO] [model_selection_class.py:90:do_model_selection] 120
[FedML-Client @device-id-0] [Tue, 21 Jul 2026 22:46:20] [INFO] [model_selection_class.py:90:do_model_selection] 

[FedML-Client @device-id-0] [Tue, 21 Jul 2026 22:46:20] [INFO] [fedavg_api.py:468:_setup_clients] ############setup_clients (START)#############
[FedML-Client @device-id-0] [Tue, 21 Jul 2026 22:46:20] [INFO] [fedavg_api.py:485:_setup_clients] ############setup_clients (END)#############
[FedML-Client @device-id-0] [Tue, 21 Jul 2026 23:01:47] [INFO] [fedavg_api.py:850:train] MSE on test ------------------------------>>>>>>>>>>>>>>>>>>
[FedML-Client @device-id-0] [Tue, 21 Jul 2026 23:01:47] [INFO] [fedavg_api.py:850:train]  
[FedML-Client @device-id-0] [Tue, 21 Jul 2026 23:01:47] [INFO] [fedavg_api.py:850:train] 0.16018210009349695
[FedML-Client @device-id-0] [Tue, 21 Jul 2026 23:01:47] [INFO] [fedavg_api.py:850:train] 

DEBUG: Calling fedml.init()...
/home/arnav22103/FederatedDeepGMM/fedgmm/sp_decentralized_mnist_lr_example/fedml/computing/scheduler/comm_utils/sys_utils.py:16: UserWarning: pkg_resources is deprecated as an API. See https://setuptools.pypa.io/en/latest/pkg_resources.html. The pkg_resources package is slated for removal as early as 2025-11-30. Refrain from using this package or pin to Setuptools<81.
  from pkg_resources import parse_version
[FedML-Client @device-id-0] [Tue, 21 Jul 2026 23:01:57] [INFO] [__init__.py:163:init] args.rank = 0, args.worker_num = 10
[FedML-Client @device-id-0] [Tue, 21 Jul 2026 23:01:57] [INFO] [main.py:14:<module>] DEBUG: fedml.init() successful.
[FedML-Client @device-id-0] [Tue, 21 Jul 2026 23:01:57] [INFO] [main.py:14:<module>] 

[FedML-Client @device-id-0] [Tue, 21 Jul 2026 23:01:57] [INFO] [ml_engine_adapter.py:147:get_torch_device] args = <fedml.arguments.Arguments object at 0x7802ade17f70>, using_gpu = True, device_id = 0, device_type = gpu
[FedML-Client @device-id-0] [Tue, 21 Jul 2026 23:01:57] [INFO] [device.py:48:get_device] device = cuda:0
[FedML-Client @device-id-0] [Tue, 21 Jul 2026 23:01:57] [INFO] [data_loader.py:669:load_synthetic_data] load_data. dataset_name = cifar10_xz
[FedML-Client @device-id-0] [Tue, 21 Jul 2026 23:01:58] [INFO] [abstract_scenario.py:116:info] test
[FedML-Client @device-id-0] [Tue, 21 Jul 2026 23:01:58] [INFO] [abstract_scenario.py:116:info] 

[FedML-Client @device-id-0] [Tue, 21 Jul 2026 23:01:58] [INFO] [abstract_scenario.py:31:info]   x:
[FedML-Client @device-id-0] [Tue, 21 Jul 2026 23:01:58] [INFO] [abstract_scenario.py:31:info]  
[FedML-Client @device-id-0] [Tue, 21 Jul 2026 23:01:58] [INFO] [abstract_scenario.py:31:info] ndarray
[FedML-Client @device-id-0] [Tue, 21 Jul 2026 23:01:58] [INFO] [abstract_scenario.py:31:info]  
[FedML-Client @device-id-0] [Tue, 21 Jul 2026 23:01:58] [INFO] [abstract_scenario.py:31:info] (float32): 
[FedML-Client @device-id-0] [Tue, 21 Jul 2026 23:01:58] [INFO] [abstract_scenario.py:31:info]  
[FedML-Client @device-id-0] [Tue, 21 Jul 2026 23:01:58] [INFO] [abstract_scenario.py:31:info] 10000x3x32x32
[FedML-Client @device-id-0] [Tue, 21 Jul 2026 23:01:58] [INFO] [abstract_scenario.py:31:info] 

[FedML-Client @device-id-0] [Tue, 21 Jul 2026 23:01:58] [INFO] [abstract_scenario.py:31:info]   z:
[FedML-Client @device-id-0] [Tue, 21 Jul 2026 23:01:58] [INFO] [abstract_scenario.py:31:info]  
[FedML-Client @device-id-0] [Tue, 21 Jul 2026 23:01:58] [INFO] [abstract_scenario.py:31:info] ndarray
[FedML-Client @device-id-0] [Tue, 21 Jul 2026 23:01:58] [INFO] [abstract_scenario.py:31:info]  
[FedML-Client @device-id-0] [Tue, 21 Jul 2026 23:01:58] [INFO] [abstract_scenario.py:31:info] (float32): 
[FedML-Client @device-id-0] [Tue, 21 Jul 2026 23:01:58] [INFO] [abstract_scenario.py:31:info]  
[FedML-Client @device-id-0] [Tue, 21 Jul 2026 23:01:58] [INFO] [abstract_scenario.py:31:info] 10000x3x32x32
[FedML-Client @device-id-0] [Tue, 21 Jul 2026 23:01:58] [INFO] [abstract_scenario.py:31:info] 

[FedML-Client @device-id-0] [Tue, 21 Jul 2026 23:01:58] [INFO] [abstract_scenario.py:31:info]   y:
[FedML-Client @device-id-0] [Tue, 21 Jul 2026 23:01:58] [INFO] [abstract_scenario.py:31:info]  
[FedML-Client @device-id-0] [Tue, 21 Jul 2026 23:01:58] [INFO] [abstract_scenario.py:31:info] ndarray
[FedML-Client @device-id-0] [Tue, 21 Jul 2026 23:01:58] [INFO] [abstract_scenario.py:31:info]  
[FedML-Client @device-id-0] [Tue, 21 Jul 2026 23:01:58] [INFO] [abstract_scenario.py:31:info] (float64): 
[FedML-Client @device-id-0] [Tue, 21 Jul 2026 23:01:58] [INFO] [abstract_scenario.py:31:info]  
[FedML-Client @device-id-0] [Tue, 21 Jul 2026 23:01:58] [INFO] [abstract_scenario.py:31:info] 10000x1
[FedML-Client @device-id-0] [Tue, 21 Jul 2026 23:01:58] [INFO] [abstract_scenario.py:31:info] 

[FedML-Client @device-id-0] [Tue, 21 Jul 2026 23:01:58] [INFO] [abstract_scenario.py:31:info]   g:
[FedML-Client @device-id-0] [Tue, 21 Jul 2026 23:01:58] [INFO] [abstract_scenario.py:31:info]  
[FedML-Client @device-id-0] [Tue, 21 Jul 2026 23:01:58] [INFO] [abstract_scenario.py:31:info] ndarray
[FedML-Client @device-id-0] [Tue, 21 Jul 2026 23:01:58] [INFO] [abstract_scenario.py:31:info]  
[FedML-Client @device-id-0] [Tue, 21 Jul 2026 23:01:58] [INFO] [abstract_scenario.py:31:info] (float64): 
[FedML-Client @device-id-0] [Tue, 21 Jul 2026 23:01:58] [INFO] [abstract_scenario.py:31:info]  
[FedML-Client @device-id-0] [Tue, 21 Jul 2026 23:01:58] [INFO] [abstract_scenario.py:31:info] 10000x1
[FedML-Client @device-id-0] [Tue, 21 Jul 2026 23:01:58] [INFO] [abstract_scenario.py:31:info] 

[FedML-Client @device-id-0] [Tue, 21 Jul 2026 23:01:58] [INFO] [abstract_scenario.py:31:info]   w:
[FedML-Client @device-id-0] [Tue, 21 Jul 2026 23:01:58] [INFO] [abstract_scenario.py:31:info]  
[FedML-Client @device-id-0] [Tue, 21 Jul 2026 23:01:58] [INFO] [abstract_scenario.py:31:info] ndarray
[FedML-Client @device-id-0] [Tue, 21 Jul 2026 23:01:58] [INFO] [abstract_scenario.py:31:info]  
[FedML-Client @device-id-0] [Tue, 21 Jul 2026 23:01:58] [INFO] [abstract_scenario.py:31:info] (float64): 
[FedML-Client @device-id-0] [Tue, 21 Jul 2026 23:01:58] [INFO] [abstract_scenario.py:31:info]  
[FedML-Client @device-id-0] [Tue, 21 Jul 2026 23:01:58] [INFO] [abstract_scenario.py:31:info] 10000x1
[FedML-Client @device-id-0] [Tue, 21 Jul 2026 23:01:58] [INFO] [abstract_scenario.py:31:info] 

[FedML-Client @device-id-0] [Tue, 21 Jul 2026 23:01:58] [INFO] [abstract_scenario.py:116:info] train
[FedML-Client @device-id-0] [Tue, 21 Jul 2026 23:01:58] [INFO] [abstract_scenario.py:116:info] 

[FedML-Client @device-id-0] [Tue, 21 Jul 2026 23:01:58] [INFO] [abstract_scenario.py:31:info]   x:
[FedML-Client @device-id-0] [Tue, 21 Jul 2026 23:01:58] [INFO] [abstract_scenario.py:31:info]  
[FedML-Client @device-id-0] [Tue, 21 Jul 2026 23:01:58] [INFO] [abstract_scenario.py:31:info] ndarray
[FedML-Client @device-id-0] [Tue, 21 Jul 2026 23:01:58] [INFO] [abstract_scenario.py:31:info]  
[FedML-Client @device-id-0] [Tue, 21 Jul 2026 23:01:58] [INFO] [abstract_scenario.py:31:info] (float32): 
[FedML-Client @device-id-0] [Tue, 21 Jul 2026 23:01:58] [INFO] [abstract_scenario.py:31:info]  
[FedML-Client @device-id-0] [Tue, 21 Jul 2026 23:01:58] [INFO] [abstract_scenario.py:31:info] 20000x3x32x32
[FedML-Client @device-id-0] [Tue, 21 Jul 2026 23:01:58] [INFO] [abstract_scenario.py:31:info] 

[FedML-Client @device-id-0] [Tue, 21 Jul 2026 23:01:58] [INFO] [abstract_scenario.py:33:info]       min: -2.43
[FedML-Client @device-id-0] [Tue, 21 Jul 2026 23:01:58] [INFO] [abstract_scenario.py:33:info]  
[FedML-Client @device-id-0] [Tue, 21 Jul 2026 23:01:58] [INFO] [abstract_scenario.py:33:info] , max: 2.75
[FedML-Client @device-id-0] [Tue, 21 Jul 2026 23:01:58] [INFO] [abstract_scenario.py:33:info] 

[FedML-Client @device-id-0] [Tue, 21 Jul 2026 23:01:58] [INFO] [abstract_scenario.py:31:info]   z:
[FedML-Client @device-id-0] [Tue, 21 Jul 2026 23:01:58] [INFO] [abstract_scenario.py:31:info]  
[FedML-Client @device-id-0] [Tue, 21 Jul 2026 23:01:58] [INFO] [abstract_scenario.py:31:info] ndarray
[FedML-Client @device-id-0] [Tue, 21 Jul 2026 23:01:58] [INFO] [abstract_scenario.py:31:info]  
[FedML-Client @device-id-0] [Tue, 21 Jul 2026 23:01:58] [INFO] [abstract_scenario.py:31:info] (float32): 
[FedML-Client @device-id-0] [Tue, 21 Jul 2026 23:01:58] [INFO] [abstract_scenario.py:31:info]  
[FedML-Client @device-id-0] [Tue, 21 Jul 2026 23:01:58] [INFO] [abstract_scenario.py:31:info] 20000x3x32x32
[FedML-Client @device-id-0] [Tue, 21 Jul 2026 23:01:58] [INFO] [abstract_scenario.py:31:info] 

[FedML-Client @device-id-0] [Tue, 21 Jul 2026 23:01:58] [INFO] [abstract_scenario.py:33:info]       min: -2.43
[FedML-Client @device-id-0] [Tue, 21 Jul 2026 23:01:58] [INFO] [abstract_scenario.py:33:info]  
[FedML-Client @device-id-0] [Tue, 21 Jul 2026 23:01:58] [INFO] [abstract_scenario.py:33:info] , max: 2.75
[FedML-Client @device-id-0] [Tue, 21 Jul 2026 23:01:58] [INFO] [abstract_scenario.py:33:info] 

[FedML-Client @device-id-0] [Tue, 21 Jul 2026 23:01:58] [INFO] [abstract_scenario.py:31:info]   y:
[FedML-Client @device-id-0] [Tue, 21 Jul 2026 23:01:58] [INFO] [abstract_scenario.py:31:info]  
[FedML-Client @device-id-0] [Tue, 21 Jul 2026 23:01:58] [INFO] [abstract_scenario.py:31:info] ndarray
[FedML-Client @device-id-0] [Tue, 21 Jul 2026 23:01:58] [INFO] [abstract_scenario.py:31:info]  
[FedML-Client @device-id-0] [Tue, 21 Jul 2026 23:01:58] [INFO] [abstract_scenario.py:31:info] (float64): 
[FedML-Client @device-id-0] [Tue, 21 Jul 2026 23:01:58] [INFO] [abstract_scenario.py:31:info]  
[FedML-Client @device-id-0] [Tue, 21 Jul 2026 23:01:58] [INFO] [abstract_scenario.py:31:info] 20000x1
[FedML-Client @device-id-0] [Tue, 21 Jul 2026 23:01:58] [INFO] [abstract_scenario.py:31:info] 

[FedML-Client @device-id-0] [Tue, 21 Jul 2026 23:01:58] [INFO] [abstract_scenario.py:33:info]       min: -3.61
[FedML-Client @device-id-0] [Tue, 21 Jul 2026 23:01:58] [INFO] [abstract_scenario.py:33:info]  
[FedML-Client @device-id-0] [Tue, 21 Jul 2026 23:01:58] [INFO] [abstract_scenario.py:33:info] , max: 5.23
[FedML-Client @device-id-0] [Tue, 21 Jul 2026 23:01:58] [INFO] [abstract_scenario.py:33:info] 

[FedML-Client @device-id-0] [Tue, 21 Jul 2026 23:01:58] [INFO] [abstract_scenario.py:31:info]   g:
[FedML-Client @device-id-0] [Tue, 21 Jul 2026 23:01:58] [INFO] [abstract_scenario.py:31:info]  
[FedML-Client @device-id-0] [Tue, 21 Jul 2026 23:01:58] [INFO] [abstract_scenario.py:31:info] ndarray
[FedML-Client @device-id-0] [Tue, 21 Jul 2026 23:01:58] [INFO] [abstract_scenario.py:31:info]  
[FedML-Client @device-id-0] [Tue, 21 Jul 2026 23:01:58] [INFO] [abstract_scenario.py:31:info] (float64): 
[FedML-Client @device-id-0] [Tue, 21 Jul 2026 23:01:58] [INFO] [abstract_scenario.py:31:info]  
[FedML-Client @device-id-0] [Tue, 21 Jul 2026 23:01:58] [INFO] [abstract_scenario.py:31:info] 20000x1
[FedML-Client @device-id-0] [Tue, 21 Jul 2026 23:01:58] [INFO] [abstract_scenario.py:31:info] 

[FedML-Client @device-id-0] [Tue, 21 Jul 2026 23:01:58] [INFO] [abstract_scenario.py:33:info]       min: -0.73
[FedML-Client @device-id-0] [Tue, 21 Jul 2026 23:01:58] [INFO] [abstract_scenario.py:33:info]  
[FedML-Client @device-id-0] [Tue, 21 Jul 2026 23:01:58] [INFO] [abstract_scenario.py:33:info] , max: 0.73
[FedML-Client @device-id-0] [Tue, 21 Jul 2026 23:01:58] [INFO] [abstract_scenario.py:33:info] 

[FedML-Client @device-id-0] [Tue, 21 Jul 2026 23:01:58] [INFO] [abstract_scenario.py:31:info]   w:
[FedML-Client @device-id-0] [Tue, 21 Jul 2026 23:01:58] [INFO] [abstract_scenario.py:31:info]  
[FedML-Client @device-id-0] [Tue, 21 Jul 2026 23:01:58] [INFO] [abstract_scenario.py:31:info] ndarray
[FedML-Client @device-id-0] [Tue, 21 Jul 2026 23:01:58] [INFO] [abstract_scenario.py:31:info]  
[FedML-Client @device-id-0] [Tue, 21 Jul 2026 23:01:58] [INFO] [abstract_scenario.py:31:info] (float64): 
[FedML-Client @device-id-0] [Tue, 21 Jul 2026 23:01:58] [INFO] [abstract_scenario.py:31:info]  
[FedML-Client @device-id-0] [Tue, 21 Jul 2026 23:01:58] [INFO] [abstract_scenario.py:31:info] 20000x1
[FedML-Client @device-id-0] [Tue, 21 Jul 2026 23:01:58] [INFO] [abstract_scenario.py:31:info] 

[FedML-Client @device-id-0] [Tue, 21 Jul 2026 23:01:58] [INFO] [abstract_scenario.py:33:info]       min: 0.00
[FedML-Client @device-id-0] [Tue, 21 Jul 2026 23:01:58] [INFO] [abstract_scenario.py:33:info]  
[FedML-Client @device-id-0] [Tue, 21 Jul 2026 23:01:58] [INFO] [abstract_scenario.py:33:info] , max: 9.00
[FedML-Client @device-id-0] [Tue, 21 Jul 2026 23:01:58] [INFO] [abstract_scenario.py:33:info] 

[FedML-Client @device-id-0] [Tue, 21 Jul 2026 23:01:58] [INFO] [abstract_scenario.py:116:info] dev
[FedML-Client @device-id-0] [Tue, 21 Jul 2026 23:01:58] [INFO] [abstract_scenario.py:116:info] 

[FedML-Client @device-id-0] [Tue, 21 Jul 2026 23:01:58] [INFO] [abstract_scenario.py:31:info]   x:
[FedML-Client @device-id-0] [Tue, 21 Jul 2026 23:01:58] [INFO] [abstract_scenario.py:31:info]  
[FedML-Client @device-id-0] [Tue, 21 Jul 2026 23:01:58] [INFO] [abstract_scenario.py:31:info] ndarray
[FedML-Client @device-id-0] [Tue, 21 Jul 2026 23:01:58] [INFO] [abstract_scenario.py:31:info]  
[FedML-Client @device-id-0] [Tue, 21 Jul 2026 23:01:58] [INFO] [abstract_scenario.py:31:info] (float32): 
[FedML-Client @device-id-0] [Tue, 21 Jul 2026 23:01:58] [INFO] [abstract_scenario.py:31:info]  
[FedML-Client @device-id-0] [Tue, 21 Jul 2026 23:01:58] [INFO] [abstract_scenario.py:31:info] 10000x3x32x32
[FedML-Client @device-id-0] [Tue, 21 Jul 2026 23:01:58] [INFO] [abstract_scenario.py:31:info] 

[FedML-Client @device-id-0] [Tue, 21 Jul 2026 23:01:58] [INFO] [abstract_scenario.py:31:info]   z:
[FedML-Client @device-id-0] [Tue, 21 Jul 2026 23:01:58] [INFO] [abstract_scenario.py:31:info]  
[FedML-Client @device-id-0] [Tue, 21 Jul 2026 23:01:58] [INFO] [abstract_scenario.py:31:info] ndarray
[FedML-Client @device-id-0] [Tue, 21 Jul 2026 23:01:58] [INFO] [abstract_scenario.py:31:info]  
[FedML-Client @device-id-0] [Tue, 21 Jul 2026 23:01:58] [INFO] [abstract_scenario.py:31:info] (float32): 
[FedML-Client @device-id-0] [Tue, 21 Jul 2026 23:01:58] [INFO] [abstract_scenario.py:31:info]  
[FedML-Client @device-id-0] [Tue, 21 Jul 2026 23:01:58] [INFO] [abstract_scenario.py:31:info] 10000x3x32x32
[FedML-Client @device-id-0] [Tue, 21 Jul 2026 23:01:58] [INFO] [abstract_scenario.py:31:info] 

[FedML-Client @device-id-0] [Tue, 21 Jul 2026 23:01:58] [INFO] [abstract_scenario.py:31:info]   y:
[FedML-Client @device-id-0] [Tue, 21 Jul 2026 23:01:58] [INFO] [abstract_scenario.py:31:info]  
[FedML-Client @device-id-0] [Tue, 21 Jul 2026 23:01:58] [INFO] [abstract_scenario.py:31:info] ndarray
[FedML-Client @device-id-0] [Tue, 21 Jul 2026 23:01:58] [INFO] [abstract_scenario.py:31:info]  
[FedML-Client @device-id-0] [Tue, 21 Jul 2026 23:01:58] [INFO] [abstract_scenario.py:31:info] (float64): 
[FedML-Client @device-id-0] [Tue, 21 Jul 2026 23:01:58] [INFO] [abstract_scenario.py:31:info]  
[FedML-Client @device-id-0] [Tue, 21 Jul 2026 23:01:58] [INFO] [abstract_scenario.py:31:info] 10000x1
[FedML-Client @device-id-0] [Tue, 21 Jul 2026 23:01:58] [INFO] [abstract_scenario.py:31:info] 

[FedML-Client @device-id-0] [Tue, 21 Jul 2026 23:01:58] [INFO] [abstract_scenario.py:31:info]   g:
[FedML-Client @device-id-0] [Tue, 21 Jul 2026 23:01:58] [INFO] [abstract_scenario.py:31:info]  
[FedML-Client @device-id-0] [Tue, 21 Jul 2026 23:01:58] [INFO] [abstract_scenario.py:31:info] ndarray
[FedML-Client @device-id-0] [Tue, 21 Jul 2026 23:01:58] [INFO] [abstract_scenario.py:31:info]  
[FedML-Client @device-id-0] [Tue, 21 Jul 2026 23:01:58] [INFO] [abstract_scenario.py:31:info] (float64): 
[FedML-Client @device-id-0] [Tue, 21 Jul 2026 23:01:58] [INFO] [abstract_scenario.py:31:info]  
[FedML-Client @device-id-0] [Tue, 21 Jul 2026 23:01:58] [INFO] [abstract_scenario.py:31:info] 10000x1
[FedML-Client @device-id-0] [Tue, 21 Jul 2026 23:01:58] [INFO] [abstract_scenario.py:31:info] 

[FedML-Client @device-id-0] [Tue, 21 Jul 2026 23:01:58] [INFO] [abstract_scenario.py:31:info]   w:
[FedML-Client @device-id-0] [Tue, 21 Jul 2026 23:01:58] [INFO] [abstract_scenario.py:31:info]  
[FedML-Client @device-id-0] [Tue, 21 Jul 2026 23:01:58] [INFO] [abstract_scenario.py:31:info] ndarray
[FedML-Client @device-id-0] [Tue, 21 Jul 2026 23:01:58] [INFO] [abstract_scenario.py:31:info]  
[FedML-Client @device-id-0] [Tue, 21 Jul 2026 23:01:58] [INFO] [abstract_scenario.py:31:info] (float64): 
[FedML-Client @device-id-0] [Tue, 21 Jul 2026 23:01:58] [INFO] [abstract_scenario.py:31:info]  
[FedML-Client @device-id-0] [Tue, 21 Jul 2026 23:01:58] [INFO] [abstract_scenario.py:31:info] 10000x1
[FedML-Client @device-id-0] [Tue, 21 Jul 2026 23:01:58] [INFO] [abstract_scenario.py:31:info] 

[FedML-Client @device-id-0] [Tue, 21 Jul 2026 23:01:58] [INFO] [model_hub.py:25:create] create_model. model_name = lr, output_dim = None, dataset = cifar10_xz
[FedML-Client @device-id-0] [Tue, 21 Jul 2026 23:01:59] [INFO] [fedavg_api.py:231:__init__] model = [[CIFAR10CNN(
  (cnn): Sequential(
    (0): Conv2d(3, 32, kernel_size=(3, 3), stride=(1, 1), padding=(1, 1))
    (1): LeakyReLU(negative_slope=0.01)
    (2): MaxPool2d(kernel_size=2, stride=2, padding=0, dilation=1, ceil_mode=False)
    (3): Dropout(p=0.0, inplace=False)
    (4): Conv2d(32, 64, kernel_size=(3, 3), stride=(1, 1), padding=(2, 2))
    (5): LeakyReLU(negative_slope=0.01)
    (6): MaxPool2d(kernel_size=2, stride=2, padding=0, dilation=1, ceil_mode=False)
    (7): Dropout(p=0.0, inplace=False)
  )
  (linear_1): Linear(in_features=5184, out_features=200, bias=True)
  (linear_2): Linear(in_features=200, out_features=10, bias=True)
  (linear_3): Linear(in_features=10, out_features=1, bias=True)
  (bn): BatchNorm1d(10, eps=1e-05, momentum=0.1, affine=True, track_running_stats=True)
)], [CIFAR10CNN(
  (cnn): Sequential(
    (0): Conv2d(3, 32, kernel_size=(3, 3), stride=(1, 1), padding=(1, 1))
    (1): LeakyReLU(negative_slope=0.01)
    (2): MaxPool2d(kernel_size=2, stride=2, padding=0, dilation=1, ceil_mode=False)
    (3): Dropout(p=0.0, inplace=False)
    (4): Conv2d(32, 64, kernel_size=(3, 3), stride=(1, 1), padding=(2, 2))
    (5): LeakyReLU(negative_slope=0.01)
    (6): MaxPool2d(kernel_size=2, stride=2, padding=0, dilation=1, ceil_mode=False)
    (7): Dropout(p=0.0, inplace=False)
  )
  (linear_1): Linear(in_features=5184, out_features=200, bias=True)
  (linear_2): Linear(in_features=200, out_features=10, bias=True)
  (linear_3): Linear(in_features=10, out_features=1, bias=True)
  (bn): BatchNorm1d(10, eps=1e-05, momentum=0.1, affine=True, track_running_stats=True)
)], [CIFAR10CNN(
  (cnn): Sequential(
    (0): Conv2d(3, 32, kernel_size=(3, 3), stride=(1, 1), padding=(1, 1))
    (1): LeakyReLU(negative_slope=0.01)
    (2): MaxPool2d(kernel_size=2, stride=2, padding=0, dilation=1, ceil_mode=False)
    (3): Dropout(p=0.0, inplace=False)
    (4): Conv2d(32, 64, kernel_size=(3, 3), stride=(1, 1), padding=(2, 2))
    (5): LeakyReLU(negative_slope=0.01)
    (6): MaxPool2d(kernel_size=2, stride=2, padding=0, dilation=1, ceil_mode=False)
    (7): Dropout(p=0.0, inplace=False)
  )
  (linear_1): Linear(in_features=5184, out_features=200, bias=True)
  (linear_2): Linear(in_features=200, out_features=10, bias=True)
  (linear_3): Linear(in_features=10, out_features=1, bias=True)
  (bn): BatchNorm1d(10, eps=1e-05, momentum=0.1, affine=True, track_running_stats=True)
)]]
[FedML-Client @device-id-0] [Tue, 21 Jul 2026 23:01:59] [INFO] [model_selection_class.py:41:do_model_selection] starting learning args eval 0
[FedML-Client @device-id-0] [Tue, 21 Jul 2026 23:01:59] [INFO] [model_selection_class.py:41:do_model_selection] 

[FedML-Client @device-id-0] [Tue, 21 Jul 2026 23:05:18] [INFO] [model_selection_class.py:71:do_model_selection] learning eval:
[FedML-Client @device-id-0] [Tue, 21 Jul 2026 23:05:18] [INFO] [model_selection_class.py:71:do_model_selection]  
[FedML-Client @device-id-0] [Tue, 21 Jul 2026 23:05:18] [INFO] [model_selection_class.py:71:do_model_selection] 0.010950187982258407
[FedML-Client @device-id-0] [Tue, 21 Jul 2026 23:05:18] [INFO] [model_selection_class.py:71:do_model_selection]  
[FedML-Client @device-id-0] [Tue, 21 Jul 2026 23:05:18] [INFO] [model_selection_class.py:71:do_model_selection] OptimalObjective::lambda_1=0.100000
[FedML-Client @device-id-0] [Tue, 21 Jul 2026 23:05:18] [INFO] [model_selection_class.py:71:do_model_selection]  
[FedML-Client @device-id-0] [Tue, 21 Jul 2026 23:05:18] [INFO] [model_selection_class.py:71:do_model_selection] OGDA:::'lr'=0.001
[FedML-Client @device-id-0] [Tue, 21 Jul 2026 23:05:18] [INFO] [model_selection_class.py:71:do_model_selection]  
[FedML-Client @device-id-0] [Tue, 21 Jul 2026 23:05:18] [INFO] [model_selection_class.py:71:do_model_selection] OGDA:::'lr'=0.003
[FedML-Client @device-id-0] [Tue, 21 Jul 2026 23:05:18] [INFO] [model_selection_class.py:71:do_model_selection] 

[FedML-Client @device-id-0] [Tue, 21 Jul 2026 23:05:18] [INFO] [model_selection_class.py:90:do_model_selection] size of f_z collection:
[FedML-Client @device-id-0] [Tue, 21 Jul 2026 23:05:18] [INFO] [model_selection_class.py:90:do_model_selection]  
[FedML-Client @device-id-0] [Tue, 21 Jul 2026 23:05:18] [INFO] [model_selection_class.py:90:do_model_selection] 120
[FedML-Client @device-id-0] [Tue, 21 Jul 2026 23:05:18] [INFO] [model_selection_class.py:90:do_model_selection] 

[FedML-Client @device-id-0] [Tue, 21 Jul 2026 23:05:18] [INFO] [fedavg_api.py:468:_setup_clients] ############setup_clients (START)#############
[FedML-Client @device-id-0] [Tue, 21 Jul 2026 23:05:18] [INFO] [fedavg_api.py:485:_setup_clients] ############setup_clients (END)#############
[FedML-Client @device-id-0] [Tue, 21 Jul 2026 23:29:16] [INFO] [fedavg_api.py:850:train] MSE on test ------------------------------>>>>>>>>>>>>>>>>>>
[FedML-Client @device-id-0] [Tue, 21 Jul 2026 23:29:16] [INFO] [fedavg_api.py:850:train]  
[FedML-Client @device-id-0] [Tue, 21 Jul 2026 23:29:16] [INFO] [fedavg_api.py:850:train] 0.22614648398778023
[FedML-Client @device-id-0] [Tue, 21 Jul 2026 23:29:16] [INFO] [fedavg_api.py:850:train] 

DEBUG: Calling fedml.init()...
/home/arnav22103/FederatedDeepGMM/fedgmm/sp_decentralized_mnist_lr_example/fedml/computing/scheduler/comm_utils/sys_utils.py:16: UserWarning: pkg_resources is deprecated as an API. See https://setuptools.pypa.io/en/latest/pkg_resources.html. The pkg_resources package is slated for removal as early as 2025-11-30. Refrain from using this package or pin to Setuptools<81.
  from pkg_resources import parse_version
[FedML-Client @device-id-0] [Tue, 21 Jul 2026 23:29:23] [INFO] [__init__.py:163:init] args.rank = 0, args.worker_num = 10
[FedML-Client @device-id-0] [Tue, 21 Jul 2026 23:29:23] [INFO] [main.py:14:<module>] DEBUG: fedml.init() successful.
[FedML-Client @device-id-0] [Tue, 21 Jul 2026 23:29:23] [INFO] [main.py:14:<module>] 

[FedML-Client @device-id-0] [Tue, 21 Jul 2026 23:29:24] [INFO] [ml_engine_adapter.py:147:get_torch_device] args = <fedml.arguments.Arguments object at 0x7d53a2f1bf70>, using_gpu = True, device_id = 0, device_type = gpu
[FedML-Client @device-id-0] [Tue, 21 Jul 2026 23:29:24] [INFO] [device.py:48:get_device] device = cuda:0
[FedML-Client @device-id-0] [Tue, 21 Jul 2026 23:29:24] [INFO] [data_loader.py:669:load_synthetic_data] load_data. dataset_name = cifar10_x
[FedML-Client @device-id-0] [Tue, 21 Jul 2026 23:29:24] [INFO] [abstract_scenario.py:116:info] test
[FedML-Client @device-id-0] [Tue, 21 Jul 2026 23:29:24] [INFO] [abstract_scenario.py:116:info] 

[FedML-Client @device-id-0] [Tue, 21 Jul 2026 23:29:24] [INFO] [abstract_scenario.py:31:info]   x:
[FedML-Client @device-id-0] [Tue, 21 Jul 2026 23:29:24] [INFO] [abstract_scenario.py:31:info]  
[FedML-Client @device-id-0] [Tue, 21 Jul 2026 23:29:24] [INFO] [abstract_scenario.py:31:info] ndarray
[FedML-Client @device-id-0] [Tue, 21 Jul 2026 23:29:24] [INFO] [abstract_scenario.py:31:info]  
[FedML-Client @device-id-0] [Tue, 21 Jul 2026 23:29:24] [INFO] [abstract_scenario.py:31:info] (float32): 
[FedML-Client @device-id-0] [Tue, 21 Jul 2026 23:29:24] [INFO] [abstract_scenario.py:31:info]  
[FedML-Client @device-id-0] [Tue, 21 Jul 2026 23:29:24] [INFO] [abstract_scenario.py:31:info] 10000x3x32x32
[FedML-Client @device-id-0] [Tue, 21 Jul 2026 23:29:24] [INFO] [abstract_scenario.py:31:info] 

[FedML-Client @device-id-0] [Tue, 21 Jul 2026 23:29:24] [INFO] [abstract_scenario.py:31:info]   z:
[FedML-Client @device-id-0] [Tue, 21 Jul 2026 23:29:24] [INFO] [abstract_scenario.py:31:info]  
[FedML-Client @device-id-0] [Tue, 21 Jul 2026 23:29:24] [INFO] [abstract_scenario.py:31:info] ndarray
[FedML-Client @device-id-0] [Tue, 21 Jul 2026 23:29:24] [INFO] [abstract_scenario.py:31:info]  
[FedML-Client @device-id-0] [Tue, 21 Jul 2026 23:29:24] [INFO] [abstract_scenario.py:31:info] (float64): 
[FedML-Client @device-id-0] [Tue, 21 Jul 2026 23:29:24] [INFO] [abstract_scenario.py:31:info]  
[FedML-Client @device-id-0] [Tue, 21 Jul 2026 23:29:24] [INFO] [abstract_scenario.py:31:info] 10000x1
[FedML-Client @device-id-0] [Tue, 21 Jul 2026 23:29:24] [INFO] [abstract_scenario.py:31:info] 

[FedML-Client @device-id-0] [Tue, 21 Jul 2026 23:29:24] [INFO] [abstract_scenario.py:31:info]   y:
[FedML-Client @device-id-0] [Tue, 21 Jul 2026 23:29:24] [INFO] [abstract_scenario.py:31:info]  
[FedML-Client @device-id-0] [Tue, 21 Jul 2026 23:29:24] [INFO] [abstract_scenario.py:31:info] ndarray
[FedML-Client @device-id-0] [Tue, 21 Jul 2026 23:29:24] [INFO] [abstract_scenario.py:31:info]  
[FedML-Client @device-id-0] [Tue, 21 Jul 2026 23:29:24] [INFO] [abstract_scenario.py:31:info] (float64): 
[FedML-Client @device-id-0] [Tue, 21 Jul 2026 23:29:24] [INFO] [abstract_scenario.py:31:info]  
[FedML-Client @device-id-0] [Tue, 21 Jul 2026 23:29:24] [INFO] [abstract_scenario.py:31:info] 10000x1
[FedML-Client @device-id-0] [Tue, 21 Jul 2026 23:29:24] [INFO] [abstract_scenario.py:31:info] 

[FedML-Client @device-id-0] [Tue, 21 Jul 2026 23:29:24] [INFO] [abstract_scenario.py:31:info]   g:
[FedML-Client @device-id-0] [Tue, 21 Jul 2026 23:29:24] [INFO] [abstract_scenario.py:31:info]  
[FedML-Client @device-id-0] [Tue, 21 Jul 2026 23:29:24] [INFO] [abstract_scenario.py:31:info] ndarray
[FedML-Client @device-id-0] [Tue, 21 Jul 2026 23:29:24] [INFO] [abstract_scenario.py:31:info]  
[FedML-Client @device-id-0] [Tue, 21 Jul 2026 23:29:24] [INFO] [abstract_scenario.py:31:info] (float64): 
[FedML-Client @device-id-0] [Tue, 21 Jul 2026 23:29:24] [INFO] [abstract_scenario.py:31:info]  
[FedML-Client @device-id-0] [Tue, 21 Jul 2026 23:29:24] [INFO] [abstract_scenario.py:31:info] 10000x1
[FedML-Client @device-id-0] [Tue, 21 Jul 2026 23:29:24] [INFO] [abstract_scenario.py:31:info] 

[FedML-Client @device-id-0] [Tue, 21 Jul 2026 23:29:24] [INFO] [abstract_scenario.py:31:info]   w:
[FedML-Client @device-id-0] [Tue, 21 Jul 2026 23:29:24] [INFO] [abstract_scenario.py:31:info]  
[FedML-Client @device-id-0] [Tue, 21 Jul 2026 23:29:24] [INFO] [abstract_scenario.py:31:info] ndarray
[FedML-Client @device-id-0] [Tue, 21 Jul 2026 23:29:24] [INFO] [abstract_scenario.py:31:info]  
[FedML-Client @device-id-0] [Tue, 21 Jul 2026 23:29:24] [INFO] [abstract_scenario.py:31:info] (float64): 
[FedML-Client @device-id-0] [Tue, 21 Jul 2026 23:29:24] [INFO] [abstract_scenario.py:31:info]  
[FedML-Client @device-id-0] [Tue, 21 Jul 2026 23:29:24] [INFO] [abstract_scenario.py:31:info] 10000x1
[FedML-Client @device-id-0] [Tue, 21 Jul 2026 23:29:24] [INFO] [abstract_scenario.py:31:info] 

[FedML-Client @device-id-0] [Tue, 21 Jul 2026 23:29:24] [INFO] [abstract_scenario.py:116:info] train
[FedML-Client @device-id-0] [Tue, 21 Jul 2026 23:29:24] [INFO] [abstract_scenario.py:116:info] 

[FedML-Client @device-id-0] [Tue, 21 Jul 2026 23:29:24] [INFO] [abstract_scenario.py:31:info]   x:
[FedML-Client @device-id-0] [Tue, 21 Jul 2026 23:29:24] [INFO] [abstract_scenario.py:31:info]  
[FedML-Client @device-id-0] [Tue, 21 Jul 2026 23:29:24] [INFO] [abstract_scenario.py:31:info] ndarray
[FedML-Client @device-id-0] [Tue, 21 Jul 2026 23:29:24] [INFO] [abstract_scenario.py:31:info]  
[FedML-Client @device-id-0] [Tue, 21 Jul 2026 23:29:24] [INFO] [abstract_scenario.py:31:info] (float32): 
[FedML-Client @device-id-0] [Tue, 21 Jul 2026 23:29:24] [INFO] [abstract_scenario.py:31:info]  
[FedML-Client @device-id-0] [Tue, 21 Jul 2026 23:29:24] [INFO] [abstract_scenario.py:31:info] 20000x3x32x32
[FedML-Client @device-id-0] [Tue, 21 Jul 2026 23:29:24] [INFO] [abstract_scenario.py:31:info] 

[FedML-Client @device-id-0] [Tue, 21 Jul 2026 23:29:24] [INFO] [abstract_scenario.py:33:info]       min: -2.43
[FedML-Client @device-id-0] [Tue, 21 Jul 2026 23:29:24] [INFO] [abstract_scenario.py:33:info]  
[FedML-Client @device-id-0] [Tue, 21 Jul 2026 23:29:24] [INFO] [abstract_scenario.py:33:info] , max: 2.75
[FedML-Client @device-id-0] [Tue, 21 Jul 2026 23:29:24] [INFO] [abstract_scenario.py:33:info] 

[FedML-Client @device-id-0] [Tue, 21 Jul 2026 23:29:24] [INFO] [abstract_scenario.py:31:info]   z:
[FedML-Client @device-id-0] [Tue, 21 Jul 2026 23:29:24] [INFO] [abstract_scenario.py:31:info]  
[FedML-Client @device-id-0] [Tue, 21 Jul 2026 23:29:24] [INFO] [abstract_scenario.py:31:info] ndarray
[FedML-Client @device-id-0] [Tue, 21 Jul 2026 23:29:24] [INFO] [abstract_scenario.py:31:info]  
[FedML-Client @device-id-0] [Tue, 21 Jul 2026 23:29:24] [INFO] [abstract_scenario.py:31:info] (float64): 
[FedML-Client @device-id-0] [Tue, 21 Jul 2026 23:29:24] [INFO] [abstract_scenario.py:31:info]  
[FedML-Client @device-id-0] [Tue, 21 Jul 2026 23:29:24] [INFO] [abstract_scenario.py:31:info] 20000x1
[FedML-Client @device-id-0] [Tue, 21 Jul 2026 23:29:24] [INFO] [abstract_scenario.py:31:info] 

[FedML-Client @device-id-0] [Tue, 21 Jul 2026 23:29:24] [INFO] [abstract_scenario.py:33:info]       min: -3.00
[FedML-Client @device-id-0] [Tue, 21 Jul 2026 23:29:24] [INFO] [abstract_scenario.py:33:info]  
[FedML-Client @device-id-0] [Tue, 21 Jul 2026 23:29:24] [INFO] [abstract_scenario.py:33:info] , max: 3.00
[FedML-Client @device-id-0] [Tue, 21 Jul 2026 23:29:24] [INFO] [abstract_scenario.py:33:info] 

[FedML-Client @device-id-0] [Tue, 21 Jul 2026 23:29:24] [INFO] [abstract_scenario.py:31:info]   y:
[FedML-Client @device-id-0] [Tue, 21 Jul 2026 23:29:24] [INFO] [abstract_scenario.py:31:info]  
[FedML-Client @device-id-0] [Tue, 21 Jul 2026 23:29:24] [INFO] [abstract_scenario.py:31:info] ndarray
[FedML-Client @device-id-0] [Tue, 21 Jul 2026 23:29:24] [INFO] [abstract_scenario.py:31:info]  
[FedML-Client @device-id-0] [Tue, 21 Jul 2026 23:29:24] [INFO] [abstract_scenario.py:31:info] (float64): 
[FedML-Client @device-id-0] [Tue, 21 Jul 2026 23:29:24] [INFO] [abstract_scenario.py:31:info]  
[FedML-Client @device-id-0] [Tue, 21 Jul 2026 23:29:24] [INFO] [abstract_scenario.py:31:info] 20000x1
[FedML-Client @device-id-0] [Tue, 21 Jul 2026 23:29:24] [INFO] [abstract_scenario.py:31:info] 

[FedML-Client @device-id-0] [Tue, 21 Jul 2026 23:29:24] [INFO] [abstract_scenario.py:33:info]       min: -3.61
[FedML-Client @device-id-0] [Tue, 21 Jul 2026 23:29:24] [INFO] [abstract_scenario.py:33:info]  
[FedML-Client @device-id-0] [Tue, 21 Jul 2026 23:29:24] [INFO] [abstract_scenario.py:33:info] , max: 5.23
[FedML-Client @device-id-0] [Tue, 21 Jul 2026 23:29:24] [INFO] [abstract_scenario.py:33:info] 

[FedML-Client @device-id-0] [Tue, 21 Jul 2026 23:29:24] [INFO] [abstract_scenario.py:31:info]   g:
[FedML-Client @device-id-0] [Tue, 21 Jul 2026 23:29:24] [INFO] [abstract_scenario.py:31:info]  
[FedML-Client @device-id-0] [Tue, 21 Jul 2026 23:29:24] [INFO] [abstract_scenario.py:31:info] ndarray
[FedML-Client @device-id-0] [Tue, 21 Jul 2026 23:29:24] [INFO] [abstract_scenario.py:31:info]  
[FedML-Client @device-id-0] [Tue, 21 Jul 2026 23:29:24] [INFO] [abstract_scenario.py:31:info] (float64): 
[FedML-Client @device-id-0] [Tue, 21 Jul 2026 23:29:24] [INFO] [abstract_scenario.py:31:info]  
[FedML-Client @device-id-0] [Tue, 21 Jul 2026 23:29:24] [INFO] [abstract_scenario.py:31:info] 20000x1
[FedML-Client @device-id-0] [Tue, 21 Jul 2026 23:29:24] [INFO] [abstract_scenario.py:31:info] 

[FedML-Client @device-id-0] [Tue, 21 Jul 2026 23:29:24] [INFO] [abstract_scenario.py:33:info]       min: -0.73
[FedML-Client @device-id-0] [Tue, 21 Jul 2026 23:29:24] [INFO] [abstract_scenario.py:33:info]  
[FedML-Client @device-id-0] [Tue, 21 Jul 2026 23:29:24] [INFO] [abstract_scenario.py:33:info] , max: 0.73
[FedML-Client @device-id-0] [Tue, 21 Jul 2026 23:29:24] [INFO] [abstract_scenario.py:33:info] 

[FedML-Client @device-id-0] [Tue, 21 Jul 2026 23:29:24] [INFO] [abstract_scenario.py:31:info]   w:
[FedML-Client @device-id-0] [Tue, 21 Jul 2026 23:29:24] [INFO] [abstract_scenario.py:31:info]  
[FedML-Client @device-id-0] [Tue, 21 Jul 2026 23:29:24] [INFO] [abstract_scenario.py:31:info] ndarray
[FedML-Client @device-id-0] [Tue, 21 Jul 2026 23:29:24] [INFO] [abstract_scenario.py:31:info]  
[FedML-Client @device-id-0] [Tue, 21 Jul 2026 23:29:24] [INFO] [abstract_scenario.py:31:info] (float64): 
[FedML-Client @device-id-0] [Tue, 21 Jul 2026 23:29:24] [INFO] [abstract_scenario.py:31:info]  
[FedML-Client @device-id-0] [Tue, 21 Jul 2026 23:29:24] [INFO] [abstract_scenario.py:31:info] 20000x1
[FedML-Client @device-id-0] [Tue, 21 Jul 2026 23:29:24] [INFO] [abstract_scenario.py:31:info] 

[FedML-Client @device-id-0] [Tue, 21 Jul 2026 23:29:24] [INFO] [abstract_scenario.py:33:info]       min: 0.00
[FedML-Client @device-id-0] [Tue, 21 Jul 2026 23:29:24] [INFO] [abstract_scenario.py:33:info]  
[FedML-Client @device-id-0] [Tue, 21 Jul 2026 23:29:24] [INFO] [abstract_scenario.py:33:info] , max: 9.00
[FedML-Client @device-id-0] [Tue, 21 Jul 2026 23:29:24] [INFO] [abstract_scenario.py:33:info] 

[FedML-Client @device-id-0] [Tue, 21 Jul 2026 23:29:24] [INFO] [abstract_scenario.py:116:info] dev
[FedML-Client @device-id-0] [Tue, 21 Jul 2026 23:29:24] [INFO] [abstract_scenario.py:116:info] 

[FedML-Client @device-id-0] [Tue, 21 Jul 2026 23:29:24] [INFO] [abstract_scenario.py:31:info]   x:
[FedML-Client @device-id-0] [Tue, 21 Jul 2026 23:29:24] [INFO] [abstract_scenario.py:31:info]  
[FedML-Client @device-id-0] [Tue, 21 Jul 2026 23:29:24] [INFO] [abstract_scenario.py:31:info] ndarray
[FedML-Client @device-id-0] [Tue, 21 Jul 2026 23:29:24] [INFO] [abstract_scenario.py:31:info]  
[FedML-Client @device-id-0] [Tue, 21 Jul 2026 23:29:24] [INFO] [abstract_scenario.py:31:info] (float32): 
[FedML-Client @device-id-0] [Tue, 21 Jul 2026 23:29:24] [INFO] [abstract_scenario.py:31:info]  
[FedML-Client @device-id-0] [Tue, 21 Jul 2026 23:29:24] [INFO] [abstract_scenario.py:31:info] 10000x3x32x32
[FedML-Client @device-id-0] [Tue, 21 Jul 2026 23:29:24] [INFO] [abstract_scenario.py:31:info] 

[FedML-Client @device-id-0] [Tue, 21 Jul 2026 23:29:24] [INFO] [abstract_scenario.py:31:info]   z:
[FedML-Client @device-id-0] [Tue, 21 Jul 2026 23:29:24] [INFO] [abstract_scenario.py:31:info]  
[FedML-Client @device-id-0] [Tue, 21 Jul 2026 23:29:24] [INFO] [abstract_scenario.py:31:info] ndarray
[FedML-Client @device-id-0] [Tue, 21 Jul 2026 23:29:24] [INFO] [abstract_scenario.py:31:info]  
[FedML-Client @device-id-0] [Tue, 21 Jul 2026 23:29:24] [INFO] [abstract_scenario.py:31:info] (float64): 
[FedML-Client @device-id-0] [Tue, 21 Jul 2026 23:29:24] [INFO] [abstract_scenario.py:31:info]  
[FedML-Client @device-id-0] [Tue, 21 Jul 2026 23:29:24] [INFO] [abstract_scenario.py:31:info] 10000x1
[FedML-Client @device-id-0] [Tue, 21 Jul 2026 23:29:24] [INFO] [abstract_scenario.py:31:info] 

[FedML-Client @device-id-0] [Tue, 21 Jul 2026 23:29:24] [INFO] [abstract_scenario.py:31:info]   y:
[FedML-Client @device-id-0] [Tue, 21 Jul 2026 23:29:24] [INFO] [abstract_scenario.py:31:info]  
[FedML-Client @device-id-0] [Tue, 21 Jul 2026 23:29:24] [INFO] [abstract_scenario.py:31:info] ndarray
[FedML-Client @device-id-0] [Tue, 21 Jul 2026 23:29:24] [INFO] [abstract_scenario.py:31:info]  
[FedML-Client @device-id-0] [Tue, 21 Jul 2026 23:29:24] [INFO] [abstract_scenario.py:31:info] (float64): 
[FedML-Client @device-id-0] [Tue, 21 Jul 2026 23:29:24] [INFO] [abstract_scenario.py:31:info]  
[FedML-Client @device-id-0] [Tue, 21 Jul 2026 23:29:24] [INFO] [abstract_scenario.py:31:info] 10000x1
[FedML-Client @device-id-0] [Tue, 21 Jul 2026 23:29:24] [INFO] [abstract_scenario.py:31:info] 

[FedML-Client @device-id-0] [Tue, 21 Jul 2026 23:29:24] [INFO] [abstract_scenario.py:31:info]   g:
[FedML-Client @device-id-0] [Tue, 21 Jul 2026 23:29:24] [INFO] [abstract_scenario.py:31:info]  
[FedML-Client @device-id-0] [Tue, 21 Jul 2026 23:29:24] [INFO] [abstract_scenario.py:31:info] ndarray
[FedML-Client @device-id-0] [Tue, 21 Jul 2026 23:29:24] [INFO] [abstract_scenario.py:31:info]  
[FedML-Client @device-id-0] [Tue, 21 Jul 2026 23:29:24] [INFO] [abstract_scenario.py:31:info] (float64): 
[FedML-Client @device-id-0] [Tue, 21 Jul 2026 23:29:24] [INFO] [abstract_scenario.py:31:info]  
[FedML-Client @device-id-0] [Tue, 21 Jul 2026 23:29:24] [INFO] [abstract_scenario.py:31:info] 10000x1
[FedML-Client @device-id-0] [Tue, 21 Jul 2026 23:29:24] [INFO] [abstract_scenario.py:31:info] 

[FedML-Client @device-id-0] [Tue, 21 Jul 2026 23:29:24] [INFO] [abstract_scenario.py:31:info]   w:
[FedML-Client @device-id-0] [Tue, 21 Jul 2026 23:29:24] [INFO] [abstract_scenario.py:31:info]  
[FedML-Client @device-id-0] [Tue, 21 Jul 2026 23:29:24] [INFO] [abstract_scenario.py:31:info] ndarray
[FedML-Client @device-id-0] [Tue, 21 Jul 2026 23:29:24] [INFO] [abstract_scenario.py:31:info]  
[FedML-Client @device-id-0] [Tue, 21 Jul 2026 23:29:24] [INFO] [abstract_scenario.py:31:info] (float64): 
[FedML-Client @device-id-0] [Tue, 21 Jul 2026 23:29:24] [INFO] [abstract_scenario.py:31:info]  
[FedML-Client @device-id-0] [Tue, 21 Jul 2026 23:29:24] [INFO] [abstract_scenario.py:31:info] 10000x1
[FedML-Client @device-id-0] [Tue, 21 Jul 2026 23:29:24] [INFO] [abstract_scenario.py:31:info] 

[FedML-Client @device-id-0] [Tue, 21 Jul 2026 23:29:24] [INFO] [model_hub.py:25:create] create_model. model_name = lr, output_dim = None, dataset = cifar10_x
[FedML-Client @device-id-0] [Tue, 21 Jul 2026 23:29:25] [INFO] [fedavg_api.py:231:__init__] model = [[CIFAR10CNN(
  (cnn): Sequential(
    (0): Conv2d(3, 32, kernel_size=(3, 3), stride=(1, 1), padding=(1, 1))
    (1): LeakyReLU(negative_slope=0.01)
    (2): MaxPool2d(kernel_size=2, stride=2, padding=0, dilation=1, ceil_mode=False)
    (3): Dropout(p=0.0, inplace=False)
    (4): Conv2d(32, 64, kernel_size=(3, 3), stride=(1, 1), padding=(2, 2))
    (5): LeakyReLU(negative_slope=0.01)
    (6): MaxPool2d(kernel_size=2, stride=2, padding=0, dilation=1, ceil_mode=False)
    (7): Dropout(p=0.0, inplace=False)
  )
  (linear_1): Linear(in_features=5184, out_features=200, bias=True)
  (linear_2): Linear(in_features=200, out_features=10, bias=True)
  (linear_3): Linear(in_features=10, out_features=1, bias=True)
  (bn): BatchNorm1d(10, eps=1e-05, momentum=0.1, affine=True, track_running_stats=True)
)], [MLPModel(
  (model): Sequential(
    (0): Linear(in_features=1, out_features=20, bias=True)
    (1): LeakyReLU(negative_slope=0.01)
    (2): Linear(in_features=20, out_features=1, bias=True)
  )
)], [CIFAR10CNN(
  (cnn): Sequential(
    (0): Conv2d(3, 32, kernel_size=(3, 3), stride=(1, 1), padding=(1, 1))
    (1): LeakyReLU(negative_slope=0.01)
    (2): MaxPool2d(kernel_size=2, stride=2, padding=0, dilation=1, ceil_mode=False)
    (3): Dropout(p=0.0, inplace=False)
    (4): Conv2d(32, 64, kernel_size=(3, 3), stride=(1, 1), padding=(2, 2))
    (5): LeakyReLU(negative_slope=0.01)
    (6): MaxPool2d(kernel_size=2, stride=2, padding=0, dilation=1, ceil_mode=False)
    (7): Dropout(p=0.0, inplace=False)
  )
  (linear_1): Linear(in_features=5184, out_features=200, bias=True)
  (linear_2): Linear(in_features=200, out_features=10, bias=True)
  (linear_3): Linear(in_features=10, out_features=1, bias=True)
  (bn): BatchNorm1d(10, eps=1e-05, momentum=0.1, affine=True, track_running_stats=True)
)]]
[FedML-Client @device-id-0] [Tue, 21 Jul 2026 23:29:25] [INFO] [model_selection_class.py:41:do_model_selection] starting learning args eval 0
[FedML-Client @device-id-0] [Tue, 21 Jul 2026 23:29:25] [INFO] [model_selection_class.py:41:do_model_selection] 

[FedML-Client @device-id-0] [Tue, 21 Jul 2026 23:31:12] [INFO] [model_selection_class.py:71:do_model_selection] learning eval:
[FedML-Client @device-id-0] [Tue, 21 Jul 2026 23:31:12] [INFO] [model_selection_class.py:71:do_model_selection]  
[FedML-Client @device-id-0] [Tue, 21 Jul 2026 23:31:12] [INFO] [model_selection_class.py:71:do_model_selection] -0.0027081307891354553
[FedML-Client @device-id-0] [Tue, 21 Jul 2026 23:31:12] [INFO] [model_selection_class.py:71:do_model_selection]  
[FedML-Client @device-id-0] [Tue, 21 Jul 2026 23:31:12] [INFO] [model_selection_class.py:71:do_model_selection] OptimalObjective::lambda_1=0.100000
[FedML-Client @device-id-0] [Tue, 21 Jul 2026 23:31:12] [INFO] [model_selection_class.py:71:do_model_selection]  
[FedML-Client @device-id-0] [Tue, 21 Jul 2026 23:31:12] [INFO] [model_selection_class.py:71:do_model_selection] CustomSGD:::'lr'=0.003:'momentum'=0.0
[FedML-Client @device-id-0] [Tue, 21 Jul 2026 23:31:12] [INFO] [model_selection_class.py:71:do_model_selection]  
[FedML-Client @device-id-0] [Tue, 21 Jul 2026 23:31:12] [INFO] [model_selection_class.py:71:do_model_selection] CustomSGD:::'lr'=0.003:'momentum'=0.0
[FedML-Client @device-id-0] [Tue, 21 Jul 2026 23:31:12] [INFO] [model_selection_class.py:71:do_model_selection] 

[FedML-Client @device-id-0] [Tue, 21 Jul 2026 23:31:12] [INFO] [model_selection_class.py:90:do_model_selection] size of f_z collection:
[FedML-Client @device-id-0] [Tue, 21 Jul 2026 23:31:12] [INFO] [model_selection_class.py:90:do_model_selection]  
[FedML-Client @device-id-0] [Tue, 21 Jul 2026 23:31:12] [INFO] [model_selection_class.py:90:do_model_selection] 120
[FedML-Client @device-id-0] [Tue, 21 Jul 2026 23:31:12] [INFO] [model_selection_class.py:90:do_model_selection] 

[FedML-Client @device-id-0] [Tue, 21 Jul 2026 23:31:12] [INFO] [fedavg_api.py:468:_setup_clients] ############setup_clients (START)#############
[FedML-Client @device-id-0] [Tue, 21 Jul 2026 23:31:12] [INFO] [fedavg_api.py:485:_setup_clients] ############setup_clients (END)#############
[FedML-Client @device-id-0] [Tue, 21 Jul 2026 23:46:52] [INFO] [fedavg_api.py:850:train] MSE on test ------------------------------>>>>>>>>>>>>>>>>>>
[FedML-Client @device-id-0] [Tue, 21 Jul 2026 23:46:52] [INFO] [fedavg_api.py:850:train]  
[FedML-Client @device-id-0] [Tue, 21 Jul 2026 23:46:52] [INFO] [fedavg_api.py:850:train] 0.17329282786041209
[FedML-Client @device-id-0] [Tue, 21 Jul 2026 23:46:52] [INFO] [fedavg_api.py:850:train] 

DEBUG: Calling fedml.init()...
/home/arnav22103/FederatedDeepGMM/fedgmm/sp_decentralized_mnist_lr_example/fedml/computing/scheduler/comm_utils/sys_utils.py:16: UserWarning: pkg_resources is deprecated as an API. See https://setuptools.pypa.io/en/latest/pkg_resources.html. The pkg_resources package is slated for removal as early as 2025-11-30. Refrain from using this package or pin to Setuptools<81.
  from pkg_resources import parse_version
[FedML-Client @device-id-0] [Tue, 21 Jul 2026 23:46:59] [INFO] [__init__.py:163:init] args.rank = 0, args.worker_num = 10
[FedML-Client @device-id-0] [Tue, 21 Jul 2026 23:46:59] [INFO] [main.py:14:<module>] DEBUG: fedml.init() successful.
[FedML-Client @device-id-0] [Tue, 21 Jul 2026 23:46:59] [INFO] [main.py:14:<module>] 

[FedML-Client @device-id-0] [Tue, 21 Jul 2026 23:47:00] [INFO] [ml_engine_adapter.py:147:get_torch_device] args = <fedml.arguments.Arguments object at 0x7d6153817f70>, using_gpu = True, device_id = 0, device_type = gpu
[FedML-Client @device-id-0] [Tue, 21 Jul 2026 23:47:00] [INFO] [device.py:48:get_device] device = cuda:0
[FedML-Client @device-id-0] [Tue, 21 Jul 2026 23:47:00] [INFO] [data_loader.py:669:load_synthetic_data] load_data. dataset_name = cifar10_xz
[FedML-Client @device-id-0] [Tue, 21 Jul 2026 23:47:00] [INFO] [abstract_scenario.py:116:info] test
[FedML-Client @device-id-0] [Tue, 21 Jul 2026 23:47:00] [INFO] [abstract_scenario.py:116:info] 

[FedML-Client @device-id-0] [Tue, 21 Jul 2026 23:47:00] [INFO] [abstract_scenario.py:31:info]   x:
[FedML-Client @device-id-0] [Tue, 21 Jul 2026 23:47:00] [INFO] [abstract_scenario.py:31:info]  
[FedML-Client @device-id-0] [Tue, 21 Jul 2026 23:47:00] [INFO] [abstract_scenario.py:31:info] ndarray
[FedML-Client @device-id-0] [Tue, 21 Jul 2026 23:47:00] [INFO] [abstract_scenario.py:31:info]  
[FedML-Client @device-id-0] [Tue, 21 Jul 2026 23:47:00] [INFO] [abstract_scenario.py:31:info] (float32): 
[FedML-Client @device-id-0] [Tue, 21 Jul 2026 23:47:00] [INFO] [abstract_scenario.py:31:info]  
[FedML-Client @device-id-0] [Tue, 21 Jul 2026 23:47:00] [INFO] [abstract_scenario.py:31:info] 10000x3x32x32
[FedML-Client @device-id-0] [Tue, 21 Jul 2026 23:47:00] [INFO] [abstract_scenario.py:31:info] 

[FedML-Client @device-id-0] [Tue, 21 Jul 2026 23:47:00] [INFO] [abstract_scenario.py:31:info]   z:
[FedML-Client @device-id-0] [Tue, 21 Jul 2026 23:47:00] [INFO] [abstract_scenario.py:31:info]  
[FedML-Client @device-id-0] [Tue, 21 Jul 2026 23:47:00] [INFO] [abstract_scenario.py:31:info] ndarray
[FedML-Client @device-id-0] [Tue, 21 Jul 2026 23:47:00] [INFO] [abstract_scenario.py:31:info]  
[FedML-Client @device-id-0] [Tue, 21 Jul 2026 23:47:00] [INFO] [abstract_scenario.py:31:info] (float32): 
[FedML-Client @device-id-0] [Tue, 21 Jul 2026 23:47:00] [INFO] [abstract_scenario.py:31:info]  
[FedML-Client @device-id-0] [Tue, 21 Jul 2026 23:47:00] [INFO] [abstract_scenario.py:31:info] 10000x3x32x32
[FedML-Client @device-id-0] [Tue, 21 Jul 2026 23:47:00] [INFO] [abstract_scenario.py:31:info] 

[FedML-Client @device-id-0] [Tue, 21 Jul 2026 23:47:00] [INFO] [abstract_scenario.py:31:info]   y:
[FedML-Client @device-id-0] [Tue, 21 Jul 2026 23:47:00] [INFO] [abstract_scenario.py:31:info]  
[FedML-Client @device-id-0] [Tue, 21 Jul 2026 23:47:00] [INFO] [abstract_scenario.py:31:info] ndarray
[FedML-Client @device-id-0] [Tue, 21 Jul 2026 23:47:00] [INFO] [abstract_scenario.py:31:info]  
[FedML-Client @device-id-0] [Tue, 21 Jul 2026 23:47:00] [INFO] [abstract_scenario.py:31:info] (float64): 
[FedML-Client @device-id-0] [Tue, 21 Jul 2026 23:47:00] [INFO] [abstract_scenario.py:31:info]  
[FedML-Client @device-id-0] [Tue, 21 Jul 2026 23:47:00] [INFO] [abstract_scenario.py:31:info] 10000x1
[FedML-Client @device-id-0] [Tue, 21 Jul 2026 23:47:00] [INFO] [abstract_scenario.py:31:info] 

[FedML-Client @device-id-0] [Tue, 21 Jul 2026 23:47:00] [INFO] [abstract_scenario.py:31:info]   g:
[FedML-Client @device-id-0] [Tue, 21 Jul 2026 23:47:00] [INFO] [abstract_scenario.py:31:info]  
[FedML-Client @device-id-0] [Tue, 21 Jul 2026 23:47:00] [INFO] [abstract_scenario.py:31:info] ndarray
[FedML-Client @device-id-0] [Tue, 21 Jul 2026 23:47:00] [INFO] [abstract_scenario.py:31:info]  
[FedML-Client @device-id-0] [Tue, 21 Jul 2026 23:47:00] [INFO] [abstract_scenario.py:31:info] (float64): 
[FedML-Client @device-id-0] [Tue, 21 Jul 2026 23:47:00] [INFO] [abstract_scenario.py:31:info]  
[FedML-Client @device-id-0] [Tue, 21 Jul 2026 23:47:00] [INFO] [abstract_scenario.py:31:info] 10000x1
[FedML-Client @device-id-0] [Tue, 21 Jul 2026 23:47:00] [INFO] [abstract_scenario.py:31:info] 

[FedML-Client @device-id-0] [Tue, 21 Jul 2026 23:47:00] [INFO] [abstract_scenario.py:31:info]   w:
[FedML-Client @device-id-0] [Tue, 21 Jul 2026 23:47:00] [INFO] [abstract_scenario.py:31:info]  
[FedML-Client @device-id-0] [Tue, 21 Jul 2026 23:47:00] [INFO] [abstract_scenario.py:31:info] ndarray
[FedML-Client @device-id-0] [Tue, 21 Jul 2026 23:47:00] [INFO] [abstract_scenario.py:31:info]  
[FedML-Client @device-id-0] [Tue, 21 Jul 2026 23:47:00] [INFO] [abstract_scenario.py:31:info] (float64): 
[FedML-Client @device-id-0] [Tue, 21 Jul 2026 23:47:00] [INFO] [abstract_scenario.py:31:info]  
[FedML-Client @device-id-0] [Tue, 21 Jul 2026 23:47:00] [INFO] [abstract_scenario.py:31:info] 10000x1
[FedML-Client @device-id-0] [Tue, 21 Jul 2026 23:47:00] [INFO] [abstract_scenario.py:31:info] 

[FedML-Client @device-id-0] [Tue, 21 Jul 2026 23:47:00] [INFO] [abstract_scenario.py:116:info] train
[FedML-Client @device-id-0] [Tue, 21 Jul 2026 23:47:00] [INFO] [abstract_scenario.py:116:info] 

[FedML-Client @device-id-0] [Tue, 21 Jul 2026 23:47:00] [INFO] [abstract_scenario.py:31:info]   x:
[FedML-Client @device-id-0] [Tue, 21 Jul 2026 23:47:00] [INFO] [abstract_scenario.py:31:info]  
[FedML-Client @device-id-0] [Tue, 21 Jul 2026 23:47:00] [INFO] [abstract_scenario.py:31:info] ndarray
[FedML-Client @device-id-0] [Tue, 21 Jul 2026 23:47:00] [INFO] [abstract_scenario.py:31:info]  
[FedML-Client @device-id-0] [Tue, 21 Jul 2026 23:47:00] [INFO] [abstract_scenario.py:31:info] (float32): 
[FedML-Client @device-id-0] [Tue, 21 Jul 2026 23:47:00] [INFO] [abstract_scenario.py:31:info]  
[FedML-Client @device-id-0] [Tue, 21 Jul 2026 23:47:00] [INFO] [abstract_scenario.py:31:info] 20000x3x32x32
[FedML-Client @device-id-0] [Tue, 21 Jul 2026 23:47:00] [INFO] [abstract_scenario.py:31:info] 

[FedML-Client @device-id-0] [Tue, 21 Jul 2026 23:47:00] [INFO] [abstract_scenario.py:33:info]       min: -2.43
[FedML-Client @device-id-0] [Tue, 21 Jul 2026 23:47:00] [INFO] [abstract_scenario.py:33:info]  
[FedML-Client @device-id-0] [Tue, 21 Jul 2026 23:47:00] [INFO] [abstract_scenario.py:33:info] , max: 2.75
[FedML-Client @device-id-0] [Tue, 21 Jul 2026 23:47:00] [INFO] [abstract_scenario.py:33:info] 

[FedML-Client @device-id-0] [Tue, 21 Jul 2026 23:47:00] [INFO] [abstract_scenario.py:31:info]   z:
[FedML-Client @device-id-0] [Tue, 21 Jul 2026 23:47:00] [INFO] [abstract_scenario.py:31:info]  
[FedML-Client @device-id-0] [Tue, 21 Jul 2026 23:47:00] [INFO] [abstract_scenario.py:31:info] ndarray
[FedML-Client @device-id-0] [Tue, 21 Jul 2026 23:47:00] [INFO] [abstract_scenario.py:31:info]  
[FedML-Client @device-id-0] [Tue, 21 Jul 2026 23:47:00] [INFO] [abstract_scenario.py:31:info] (float32): 
[FedML-Client @device-id-0] [Tue, 21 Jul 2026 23:47:00] [INFO] [abstract_scenario.py:31:info]  
[FedML-Client @device-id-0] [Tue, 21 Jul 2026 23:47:00] [INFO] [abstract_scenario.py:31:info] 20000x3x32x32
[FedML-Client @device-id-0] [Tue, 21 Jul 2026 23:47:00] [INFO] [abstract_scenario.py:31:info] 

[FedML-Client @device-id-0] [Tue, 21 Jul 2026 23:47:00] [INFO] [abstract_scenario.py:33:info]       min: -2.43
[FedML-Client @device-id-0] [Tue, 21 Jul 2026 23:47:00] [INFO] [abstract_scenario.py:33:info]  
[FedML-Client @device-id-0] [Tue, 21 Jul 2026 23:47:00] [INFO] [abstract_scenario.py:33:info] , max: 2.75
[FedML-Client @device-id-0] [Tue, 21 Jul 2026 23:47:00] [INFO] [abstract_scenario.py:33:info] 

[FedML-Client @device-id-0] [Tue, 21 Jul 2026 23:47:00] [INFO] [abstract_scenario.py:31:info]   y:
[FedML-Client @device-id-0] [Tue, 21 Jul 2026 23:47:00] [INFO] [abstract_scenario.py:31:info]  
[FedML-Client @device-id-0] [Tue, 21 Jul 2026 23:47:00] [INFO] [abstract_scenario.py:31:info] ndarray
[FedML-Client @device-id-0] [Tue, 21 Jul 2026 23:47:00] [INFO] [abstract_scenario.py:31:info]  
[FedML-Client @device-id-0] [Tue, 21 Jul 2026 23:47:00] [INFO] [abstract_scenario.py:31:info] (float64): 
[FedML-Client @device-id-0] [Tue, 21 Jul 2026 23:47:00] [INFO] [abstract_scenario.py:31:info]  
[FedML-Client @device-id-0] [Tue, 21 Jul 2026 23:47:00] [INFO] [abstract_scenario.py:31:info] 20000x1
[FedML-Client @device-id-0] [Tue, 21 Jul 2026 23:47:00] [INFO] [abstract_scenario.py:31:info] 

[FedML-Client @device-id-0] [Tue, 21 Jul 2026 23:47:00] [INFO] [abstract_scenario.py:33:info]       min: -3.61
[FedML-Client @device-id-0] [Tue, 21 Jul 2026 23:47:00] [INFO] [abstract_scenario.py:33:info]  
[FedML-Client @device-id-0] [Tue, 21 Jul 2026 23:47:00] [INFO] [abstract_scenario.py:33:info] , max: 5.23
[FedML-Client @device-id-0] [Tue, 21 Jul 2026 23:47:00] [INFO] [abstract_scenario.py:33:info] 

[FedML-Client @device-id-0] [Tue, 21 Jul 2026 23:47:00] [INFO] [abstract_scenario.py:31:info]   g:
[FedML-Client @device-id-0] [Tue, 21 Jul 2026 23:47:00] [INFO] [abstract_scenario.py:31:info]  
[FedML-Client @device-id-0] [Tue, 21 Jul 2026 23:47:00] [INFO] [abstract_scenario.py:31:info] ndarray
[FedML-Client @device-id-0] [Tue, 21 Jul 2026 23:47:00] [INFO] [abstract_scenario.py:31:info]  
[FedML-Client @device-id-0] [Tue, 21 Jul 2026 23:47:00] [INFO] [abstract_scenario.py:31:info] (float64): 
[FedML-Client @device-id-0] [Tue, 21 Jul 2026 23:47:00] [INFO] [abstract_scenario.py:31:info]  
[FedML-Client @device-id-0] [Tue, 21 Jul 2026 23:47:00] [INFO] [abstract_scenario.py:31:info] 20000x1
[FedML-Client @device-id-0] [Tue, 21 Jul 2026 23:47:00] [INFO] [abstract_scenario.py:31:info] 

[FedML-Client @device-id-0] [Tue, 21 Jul 2026 23:47:00] [INFO] [abstract_scenario.py:33:info]       min: -0.73
[FedML-Client @device-id-0] [Tue, 21 Jul 2026 23:47:00] [INFO] [abstract_scenario.py:33:info]  
[FedML-Client @device-id-0] [Tue, 21 Jul 2026 23:47:00] [INFO] [abstract_scenario.py:33:info] , max: 0.73
[FedML-Client @device-id-0] [Tue, 21 Jul 2026 23:47:00] [INFO] [abstract_scenario.py:33:info] 

[FedML-Client @device-id-0] [Tue, 21 Jul 2026 23:47:00] [INFO] [abstract_scenario.py:31:info]   w:
[FedML-Client @device-id-0] [Tue, 21 Jul 2026 23:47:00] [INFO] [abstract_scenario.py:31:info]  
[FedML-Client @device-id-0] [Tue, 21 Jul 2026 23:47:00] [INFO] [abstract_scenario.py:31:info] ndarray
[FedML-Client @device-id-0] [Tue, 21 Jul 2026 23:47:00] [INFO] [abstract_scenario.py:31:info]  
[FedML-Client @device-id-0] [Tue, 21 Jul 2026 23:47:00] [INFO] [abstract_scenario.py:31:info] (float64): 
[FedML-Client @device-id-0] [Tue, 21 Jul 2026 23:47:00] [INFO] [abstract_scenario.py:31:info]  
[FedML-Client @device-id-0] [Tue, 21 Jul 2026 23:47:00] [INFO] [abstract_scenario.py:31:info] 20000x1
[FedML-Client @device-id-0] [Tue, 21 Jul 2026 23:47:00] [INFO] [abstract_scenario.py:31:info] 

[FedML-Client @device-id-0] [Tue, 21 Jul 2026 23:47:00] [INFO] [abstract_scenario.py:33:info]       min: 0.00
[FedML-Client @device-id-0] [Tue, 21 Jul 2026 23:47:00] [INFO] [abstract_scenario.py:33:info]  
[FedML-Client @device-id-0] [Tue, 21 Jul 2026 23:47:00] [INFO] [abstract_scenario.py:33:info] , max: 9.00
[FedML-Client @device-id-0] [Tue, 21 Jul 2026 23:47:00] [INFO] [abstract_scenario.py:33:info] 

[FedML-Client @device-id-0] [Tue, 21 Jul 2026 23:47:00] [INFO] [abstract_scenario.py:116:info] dev
[FedML-Client @device-id-0] [Tue, 21 Jul 2026 23:47:00] [INFO] [abstract_scenario.py:116:info] 

[FedML-Client @device-id-0] [Tue, 21 Jul 2026 23:47:00] [INFO] [abstract_scenario.py:31:info]   x:
[FedML-Client @device-id-0] [Tue, 21 Jul 2026 23:47:00] [INFO] [abstract_scenario.py:31:info]  
[FedML-Client @device-id-0] [Tue, 21 Jul 2026 23:47:00] [INFO] [abstract_scenario.py:31:info] ndarray
[FedML-Client @device-id-0] [Tue, 21 Jul 2026 23:47:00] [INFO] [abstract_scenario.py:31:info]  
[FedML-Client @device-id-0] [Tue, 21 Jul 2026 23:47:00] [INFO] [abstract_scenario.py:31:info] (float32): 
[FedML-Client @device-id-0] [Tue, 21 Jul 2026 23:47:00] [INFO] [abstract_scenario.py:31:info]  
[FedML-Client @device-id-0] [Tue, 21 Jul 2026 23:47:00] [INFO] [abstract_scenario.py:31:info] 10000x3x32x32
[FedML-Client @device-id-0] [Tue, 21 Jul 2026 23:47:00] [INFO] [abstract_scenario.py:31:info] 

[FedML-Client @device-id-0] [Tue, 21 Jul 2026 23:47:00] [INFO] [abstract_scenario.py:31:info]   z:
[FedML-Client @device-id-0] [Tue, 21 Jul 2026 23:47:00] [INFO] [abstract_scenario.py:31:info]  
[FedML-Client @device-id-0] [Tue, 21 Jul 2026 23:47:00] [INFO] [abstract_scenario.py:31:info] ndarray
[FedML-Client @device-id-0] [Tue, 21 Jul 2026 23:47:00] [INFO] [abstract_scenario.py:31:info]  
[FedML-Client @device-id-0] [Tue, 21 Jul 2026 23:47:00] [INFO] [abstract_scenario.py:31:info] (float32): 
[FedML-Client @device-id-0] [Tue, 21 Jul 2026 23:47:00] [INFO] [abstract_scenario.py:31:info]  
[FedML-Client @device-id-0] [Tue, 21 Jul 2026 23:47:00] [INFO] [abstract_scenario.py:31:info] 10000x3x32x32
[FedML-Client @device-id-0] [Tue, 21 Jul 2026 23:47:00] [INFO] [abstract_scenario.py:31:info] 

[FedML-Client @device-id-0] [Tue, 21 Jul 2026 23:47:00] [INFO] [abstract_scenario.py:31:info]   y:
[FedML-Client @device-id-0] [Tue, 21 Jul 2026 23:47:00] [INFO] [abstract_scenario.py:31:info]  
[FedML-Client @device-id-0] [Tue, 21 Jul 2026 23:47:00] [INFO] [abstract_scenario.py:31:info] ndarray
[FedML-Client @device-id-0] [Tue, 21 Jul 2026 23:47:00] [INFO] [abstract_scenario.py:31:info]  
[FedML-Client @device-id-0] [Tue, 21 Jul 2026 23:47:00] [INFO] [abstract_scenario.py:31:info] (float64): 
[FedML-Client @device-id-0] [Tue, 21 Jul 2026 23:47:00] [INFO] [abstract_scenario.py:31:info]  
[FedML-Client @device-id-0] [Tue, 21 Jul 2026 23:47:00] [INFO] [abstract_scenario.py:31:info] 10000x1
[FedML-Client @device-id-0] [Tue, 21 Jul 2026 23:47:00] [INFO] [abstract_scenario.py:31:info] 

[FedML-Client @device-id-0] [Tue, 21 Jul 2026 23:47:00] [INFO] [abstract_scenario.py:31:info]   g:
[FedML-Client @device-id-0] [Tue, 21 Jul 2026 23:47:00] [INFO] [abstract_scenario.py:31:info]  
[FedML-Client @device-id-0] [Tue, 21 Jul 2026 23:47:00] [INFO] [abstract_scenario.py:31:info] ndarray
[FedML-Client @device-id-0] [Tue, 21 Jul 2026 23:47:00] [INFO] [abstract_scenario.py:31:info]  
[FedML-Client @device-id-0] [Tue, 21 Jul 2026 23:47:00] [INFO] [abstract_scenario.py:31:info] (float64): 
[FedML-Client @device-id-0] [Tue, 21 Jul 2026 23:47:00] [INFO] [abstract_scenario.py:31:info]  
[FedML-Client @device-id-0] [Tue, 21 Jul 2026 23:47:00] [INFO] [abstract_scenario.py:31:info] 10000x1
[FedML-Client @device-id-0] [Tue, 21 Jul 2026 23:47:00] [INFO] [abstract_scenario.py:31:info] 

[FedML-Client @device-id-0] [Tue, 21 Jul 2026 23:47:00] [INFO] [abstract_scenario.py:31:info]   w:
[FedML-Client @device-id-0] [Tue, 21 Jul 2026 23:47:00] [INFO] [abstract_scenario.py:31:info]  
[FedML-Client @device-id-0] [Tue, 21 Jul 2026 23:47:00] [INFO] [abstract_scenario.py:31:info] ndarray
[FedML-Client @device-id-0] [Tue, 21 Jul 2026 23:47:00] [INFO] [abstract_scenario.py:31:info]  
[FedML-Client @device-id-0] [Tue, 21 Jul 2026 23:47:00] [INFO] [abstract_scenario.py:31:info] (float64): 
[FedML-Client @device-id-0] [Tue, 21 Jul 2026 23:47:00] [INFO] [abstract_scenario.py:31:info]  
[FedML-Client @device-id-0] [Tue, 21 Jul 2026 23:47:00] [INFO] [abstract_scenario.py:31:info] 10000x1
[FedML-Client @device-id-0] [Tue, 21 Jul 2026 23:47:00] [INFO] [abstract_scenario.py:31:info] 

[FedML-Client @device-id-0] [Tue, 21 Jul 2026 23:47:01] [INFO] [model_hub.py:25:create] create_model. model_name = lr, output_dim = None, dataset = cifar10_xz
[FedML-Client @device-id-0] [Tue, 21 Jul 2026 23:47:01] [INFO] [fedavg_api.py:231:__init__] model = [[CIFAR10CNN(
  (cnn): Sequential(
    (0): Conv2d(3, 32, kernel_size=(3, 3), stride=(1, 1), padding=(1, 1))
    (1): LeakyReLU(negative_slope=0.01)
    (2): MaxPool2d(kernel_size=2, stride=2, padding=0, dilation=1, ceil_mode=False)
    (3): Dropout(p=0.0, inplace=False)
    (4): Conv2d(32, 64, kernel_size=(3, 3), stride=(1, 1), padding=(2, 2))
    (5): LeakyReLU(negative_slope=0.01)
    (6): MaxPool2d(kernel_size=2, stride=2, padding=0, dilation=1, ceil_mode=False)
    (7): Dropout(p=0.0, inplace=False)
  )
  (linear_1): Linear(in_features=5184, out_features=200, bias=True)
  (linear_2): Linear(in_features=200, out_features=10, bias=True)
  (linear_3): Linear(in_features=10, out_features=1, bias=True)
  (bn): BatchNorm1d(10, eps=1e-05, momentum=0.1, affine=True, track_running_stats=True)
)], [CIFAR10CNN(
  (cnn): Sequential(
    (0): Conv2d(3, 32, kernel_size=(3, 3), stride=(1, 1), padding=(1, 1))
    (1): LeakyReLU(negative_slope=0.01)
    (2): MaxPool2d(kernel_size=2, stride=2, padding=0, dilation=1, ceil_mode=False)
    (3): Dropout(p=0.0, inplace=False)
    (4): Conv2d(32, 64, kernel_size=(3, 3), stride=(1, 1), padding=(2, 2))
    (5): LeakyReLU(negative_slope=0.01)
    (6): MaxPool2d(kernel_size=2, stride=2, padding=0, dilation=1, ceil_mode=False)
    (7): Dropout(p=0.0, inplace=False)
  )
  (linear_1): Linear(in_features=5184, out_features=200, bias=True)
  (linear_2): Linear(in_features=200, out_features=10, bias=True)
  (linear_3): Linear(in_features=10, out_features=1, bias=True)
  (bn): BatchNorm1d(10, eps=1e-05, momentum=0.1, affine=True, track_running_stats=True)
)], [CIFAR10CNN(
  (cnn): Sequential(
    (0): Conv2d(3, 32, kernel_size=(3, 3), stride=(1, 1), padding=(1, 1))
    (1): LeakyReLU(negative_slope=0.01)
    (2): MaxPool2d(kernel_size=2, stride=2, padding=0, dilation=1, ceil_mode=False)
    (3): Dropout(p=0.0, inplace=False)
    (4): Conv2d(32, 64, kernel_size=(3, 3), stride=(1, 1), padding=(2, 2))
    (5): LeakyReLU(negative_slope=0.01)
    (6): MaxPool2d(kernel_size=2, stride=2, padding=0, dilation=1, ceil_mode=False)
    (7): Dropout(p=0.0, inplace=False)
  )
  (linear_1): Linear(in_features=5184, out_features=200, bias=True)
  (linear_2): Linear(in_features=200, out_features=10, bias=True)
  (linear_3): Linear(in_features=10, out_features=1, bias=True)
  (bn): BatchNorm1d(10, eps=1e-05, momentum=0.1, affine=True, track_running_stats=True)
)]]
[FedML-Client @device-id-0] [Tue, 21 Jul 2026 23:47:01] [INFO] [model_selection_class.py:41:do_model_selection] starting learning args eval 0
[FedML-Client @device-id-0] [Tue, 21 Jul 2026 23:47:01] [INFO] [model_selection_class.py:41:do_model_selection] 

[FedML-Client @device-id-0] [Tue, 21 Jul 2026 23:50:22] [INFO] [model_selection_class.py:71:do_model_selection] learning eval:
[FedML-Client @device-id-0] [Tue, 21 Jul 2026 23:50:22] [INFO] [model_selection_class.py:71:do_model_selection]  
[FedML-Client @device-id-0] [Tue, 21 Jul 2026 23:50:22] [INFO] [model_selection_class.py:71:do_model_selection] -0.017404212727837456
[FedML-Client @device-id-0] [Tue, 21 Jul 2026 23:50:22] [INFO] [model_selection_class.py:71:do_model_selection]  
[FedML-Client @device-id-0] [Tue, 21 Jul 2026 23:50:22] [INFO] [model_selection_class.py:71:do_model_selection] OptimalObjective::lambda_1=0.100000
[FedML-Client @device-id-0] [Tue, 21 Jul 2026 23:50:22] [INFO] [model_selection_class.py:71:do_model_selection]  
[FedML-Client @device-id-0] [Tue, 21 Jul 2026 23:50:22] [INFO] [model_selection_class.py:71:do_model_selection] OGDA:::'lr'=0.003
[FedML-Client @device-id-0] [Tue, 21 Jul 2026 23:50:22] [INFO] [model_selection_class.py:71:do_model_selection]  
[FedML-Client @device-id-0] [Tue, 21 Jul 2026 23:50:22] [INFO] [model_selection_class.py:71:do_model_selection] OGDA:::'lr'=0.003
[FedML-Client @device-id-0] [Tue, 21 Jul 2026 23:50:22] [INFO] [model_selection_class.py:71:do_model_selection] 

[FedML-Client @device-id-0] [Tue, 21 Jul 2026 23:50:22] [INFO] [model_selection_class.py:90:do_model_selection] size of f_z collection:
[FedML-Client @device-id-0] [Tue, 21 Jul 2026 23:50:22] [INFO] [model_selection_class.py:90:do_model_selection]  
[FedML-Client @device-id-0] [Tue, 21 Jul 2026 23:50:22] [INFO] [model_selection_class.py:90:do_model_selection] 120
[FedML-Client @device-id-0] [Tue, 21 Jul 2026 23:50:22] [INFO] [model_selection_class.py:90:do_model_selection] 

[FedML-Client @device-id-0] [Tue, 21 Jul 2026 23:50:22] [INFO] [fedavg_api.py:468:_setup_clients] ############setup_clients (START)#############
[FedML-Client @device-id-0] [Tue, 21 Jul 2026 23:50:22] [INFO] [fedavg_api.py:485:_setup_clients] ############setup_clients (END)#############
[FedML-Client @device-id-0] [Wed, 22 Jul 2026 00:14:38] [INFO] [fedavg_api.py:850:train] MSE on test ------------------------------>>>>>>>>>>>>>>>>>>
[FedML-Client @device-id-0] [Wed, 22 Jul 2026 00:14:38] [INFO] [fedavg_api.py:850:train]  
[FedML-Client @device-id-0] [Wed, 22 Jul 2026 00:14:38] [INFO] [fedavg_api.py:850:train] 0.20585300743096951
[FedML-Client @device-id-0] [Wed, 22 Jul 2026 00:14:38] [INFO] [fedavg_api.py:850:train] 

DEBUG: Calling fedml.init()...
/home/arnav22103/FederatedDeepGMM/fedgmm/sp_decentralized_mnist_lr_example/fedml/computing/scheduler/comm_utils/sys_utils.py:16: UserWarning: pkg_resources is deprecated as an API. See https://setuptools.pypa.io/en/latest/pkg_resources.html. The pkg_resources package is slated for removal as early as 2025-11-30. Refrain from using this package or pin to Setuptools<81.
  from pkg_resources import parse_version
[FedML-Client @device-id-0] [Wed, 22 Jul 2026 00:14:46] [INFO] [__init__.py:163:init] args.rank = 0, args.worker_num = 10
[FedML-Client @device-id-0] [Wed, 22 Jul 2026 00:14:46] [INFO] [main.py:14:<module>] DEBUG: fedml.init() successful.
[FedML-Client @device-id-0] [Wed, 22 Jul 2026 00:14:46] [INFO] [main.py:14:<module>] 

[FedML-Client @device-id-0] [Wed, 22 Jul 2026 00:14:46] [INFO] [ml_engine_adapter.py:147:get_torch_device] args = <fedml.arguments.Arguments object at 0x7c4daf11bf70>, using_gpu = True, device_id = 0, device_type = gpu
[FedML-Client @device-id-0] [Wed, 22 Jul 2026 00:14:46] [INFO] [device.py:48:get_device] device = cuda:0
[FedML-Client @device-id-0] [Wed, 22 Jul 2026 00:14:46] [INFO] [data_loader.py:669:load_synthetic_data] load_data. dataset_name = cifar10_x
[FedML-Client @device-id-0] [Wed, 22 Jul 2026 00:14:47] [INFO] [abstract_scenario.py:116:info] test
[FedML-Client @device-id-0] [Wed, 22 Jul 2026 00:14:47] [INFO] [abstract_scenario.py:116:info] 

[FedML-Client @device-id-0] [Wed, 22 Jul 2026 00:14:47] [INFO] [abstract_scenario.py:31:info]   x:
[FedML-Client @device-id-0] [Wed, 22 Jul 2026 00:14:47] [INFO] [abstract_scenario.py:31:info]  
[FedML-Client @device-id-0] [Wed, 22 Jul 2026 00:14:47] [INFO] [abstract_scenario.py:31:info] ndarray
[FedML-Client @device-id-0] [Wed, 22 Jul 2026 00:14:47] [INFO] [abstract_scenario.py:31:info]  
[FedML-Client @device-id-0] [Wed, 22 Jul 2026 00:14:47] [INFO] [abstract_scenario.py:31:info] (float32): 
[FedML-Client @device-id-0] [Wed, 22 Jul 2026 00:14:47] [INFO] [abstract_scenario.py:31:info]  
[FedML-Client @device-id-0] [Wed, 22 Jul 2026 00:14:47] [INFO] [abstract_scenario.py:31:info] 10000x3x32x32
[FedML-Client @device-id-0] [Wed, 22 Jul 2026 00:14:47] [INFO] [abstract_scenario.py:31:info] 

[FedML-Client @device-id-0] [Wed, 22 Jul 2026 00:14:47] [INFO] [abstract_scenario.py:31:info]   z:
[FedML-Client @device-id-0] [Wed, 22 Jul 2026 00:14:47] [INFO] [abstract_scenario.py:31:info]  
[FedML-Client @device-id-0] [Wed, 22 Jul 2026 00:14:47] [INFO] [abstract_scenario.py:31:info] ndarray
[FedML-Client @device-id-0] [Wed, 22 Jul 2026 00:14:47] [INFO] [abstract_scenario.py:31:info]  
[FedML-Client @device-id-0] [Wed, 22 Jul 2026 00:14:47] [INFO] [abstract_scenario.py:31:info] (float64): 
[FedML-Client @device-id-0] [Wed, 22 Jul 2026 00:14:47] [INFO] [abstract_scenario.py:31:info]  
[FedML-Client @device-id-0] [Wed, 22 Jul 2026 00:14:47] [INFO] [abstract_scenario.py:31:info] 10000x1
[FedML-Client @device-id-0] [Wed, 22 Jul 2026 00:14:47] [INFO] [abstract_scenario.py:31:info] 

[FedML-Client @device-id-0] [Wed, 22 Jul 2026 00:14:47] [INFO] [abstract_scenario.py:31:info]   y:
[FedML-Client @device-id-0] [Wed, 22 Jul 2026 00:14:47] [INFO] [abstract_scenario.py:31:info]  
[FedML-Client @device-id-0] [Wed, 22 Jul 2026 00:14:47] [INFO] [abstract_scenario.py:31:info] ndarray
[FedML-Client @device-id-0] [Wed, 22 Jul 2026 00:14:47] [INFO] [abstract_scenario.py:31:info]  
[FedML-Client @device-id-0] [Wed, 22 Jul 2026 00:14:47] [INFO] [abstract_scenario.py:31:info] (float64): 
[FedML-Client @device-id-0] [Wed, 22 Jul 2026 00:14:47] [INFO] [abstract_scenario.py:31:info]  
[FedML-Client @device-id-0] [Wed, 22 Jul 2026 00:14:47] [INFO] [abstract_scenario.py:31:info] 10000x1
[FedML-Client @device-id-0] [Wed, 22 Jul 2026 00:14:47] [INFO] [abstract_scenario.py:31:info] 

[FedML-Client @device-id-0] [Wed, 22 Jul 2026 00:14:47] [INFO] [abstract_scenario.py:31:info]   g:
[FedML-Client @device-id-0] [Wed, 22 Jul 2026 00:14:47] [INFO] [abstract_scenario.py:31:info]  
[FedML-Client @device-id-0] [Wed, 22 Jul 2026 00:14:47] [INFO] [abstract_scenario.py:31:info] ndarray
[FedML-Client @device-id-0] [Wed, 22 Jul 2026 00:14:47] [INFO] [abstract_scenario.py:31:info]  
[FedML-Client @device-id-0] [Wed, 22 Jul 2026 00:14:47] [INFO] [abstract_scenario.py:31:info] (float64): 
[FedML-Client @device-id-0] [Wed, 22 Jul 2026 00:14:47] [INFO] [abstract_scenario.py:31:info]  
[FedML-Client @device-id-0] [Wed, 22 Jul 2026 00:14:47] [INFO] [abstract_scenario.py:31:info] 10000x1
[FedML-Client @device-id-0] [Wed, 22 Jul 2026 00:14:47] [INFO] [abstract_scenario.py:31:info] 

[FedML-Client @device-id-0] [Wed, 22 Jul 2026 00:14:47] [INFO] [abstract_scenario.py:31:info]   w:
[FedML-Client @device-id-0] [Wed, 22 Jul 2026 00:14:47] [INFO] [abstract_scenario.py:31:info]  
[FedML-Client @device-id-0] [Wed, 22 Jul 2026 00:14:47] [INFO] [abstract_scenario.py:31:info] ndarray
[FedML-Client @device-id-0] [Wed, 22 Jul 2026 00:14:47] [INFO] [abstract_scenario.py:31:info]  
[FedML-Client @device-id-0] [Wed, 22 Jul 2026 00:14:47] [INFO] [abstract_scenario.py:31:info] (float64): 
[FedML-Client @device-id-0] [Wed, 22 Jul 2026 00:14:47] [INFO] [abstract_scenario.py:31:info]  
[FedML-Client @device-id-0] [Wed, 22 Jul 2026 00:14:47] [INFO] [abstract_scenario.py:31:info] 10000x1
[FedML-Client @device-id-0] [Wed, 22 Jul 2026 00:14:47] [INFO] [abstract_scenario.py:31:info] 

[FedML-Client @device-id-0] [Wed, 22 Jul 2026 00:14:47] [INFO] [abstract_scenario.py:116:info] train
[FedML-Client @device-id-0] [Wed, 22 Jul 2026 00:14:47] [INFO] [abstract_scenario.py:116:info] 

[FedML-Client @device-id-0] [Wed, 22 Jul 2026 00:14:47] [INFO] [abstract_scenario.py:31:info]   x:
[FedML-Client @device-id-0] [Wed, 22 Jul 2026 00:14:47] [INFO] [abstract_scenario.py:31:info]  
[FedML-Client @device-id-0] [Wed, 22 Jul 2026 00:14:47] [INFO] [abstract_scenario.py:31:info] ndarray
[FedML-Client @device-id-0] [Wed, 22 Jul 2026 00:14:47] [INFO] [abstract_scenario.py:31:info]  
[FedML-Client @device-id-0] [Wed, 22 Jul 2026 00:14:47] [INFO] [abstract_scenario.py:31:info] (float32): 
[FedML-Client @device-id-0] [Wed, 22 Jul 2026 00:14:47] [INFO] [abstract_scenario.py:31:info]  
[FedML-Client @device-id-0] [Wed, 22 Jul 2026 00:14:47] [INFO] [abstract_scenario.py:31:info] 20000x3x32x32
[FedML-Client @device-id-0] [Wed, 22 Jul 2026 00:14:47] [INFO] [abstract_scenario.py:31:info] 

[FedML-Client @device-id-0] [Wed, 22 Jul 2026 00:14:47] [INFO] [abstract_scenario.py:33:info]       min: -2.43
[FedML-Client @device-id-0] [Wed, 22 Jul 2026 00:14:47] [INFO] [abstract_scenario.py:33:info]  
[FedML-Client @device-id-0] [Wed, 22 Jul 2026 00:14:47] [INFO] [abstract_scenario.py:33:info] , max: 2.75
[FedML-Client @device-id-0] [Wed, 22 Jul 2026 00:14:47] [INFO] [abstract_scenario.py:33:info] 

[FedML-Client @device-id-0] [Wed, 22 Jul 2026 00:14:47] [INFO] [abstract_scenario.py:31:info]   z:
[FedML-Client @device-id-0] [Wed, 22 Jul 2026 00:14:47] [INFO] [abstract_scenario.py:31:info]  
[FedML-Client @device-id-0] [Wed, 22 Jul 2026 00:14:47] [INFO] [abstract_scenario.py:31:info] ndarray
[FedML-Client @device-id-0] [Wed, 22 Jul 2026 00:14:47] [INFO] [abstract_scenario.py:31:info]  
[FedML-Client @device-id-0] [Wed, 22 Jul 2026 00:14:47] [INFO] [abstract_scenario.py:31:info] (float64): 
[FedML-Client @device-id-0] [Wed, 22 Jul 2026 00:14:47] [INFO] [abstract_scenario.py:31:info]  
[FedML-Client @device-id-0] [Wed, 22 Jul 2026 00:14:47] [INFO] [abstract_scenario.py:31:info] 20000x1
[FedML-Client @device-id-0] [Wed, 22 Jul 2026 00:14:47] [INFO] [abstract_scenario.py:31:info] 

[FedML-Client @device-id-0] [Wed, 22 Jul 2026 00:14:47] [INFO] [abstract_scenario.py:33:info]       min: -3.00
[FedML-Client @device-id-0] [Wed, 22 Jul 2026 00:14:47] [INFO] [abstract_scenario.py:33:info]  
[FedML-Client @device-id-0] [Wed, 22 Jul 2026 00:14:47] [INFO] [abstract_scenario.py:33:info] , max: 3.00
[FedML-Client @device-id-0] [Wed, 22 Jul 2026 00:14:47] [INFO] [abstract_scenario.py:33:info] 

[FedML-Client @device-id-0] [Wed, 22 Jul 2026 00:14:47] [INFO] [abstract_scenario.py:31:info]   y:
[FedML-Client @device-id-0] [Wed, 22 Jul 2026 00:14:47] [INFO] [abstract_scenario.py:31:info]  
[FedML-Client @device-id-0] [Wed, 22 Jul 2026 00:14:47] [INFO] [abstract_scenario.py:31:info] ndarray
[FedML-Client @device-id-0] [Wed, 22 Jul 2026 00:14:47] [INFO] [abstract_scenario.py:31:info]  
[FedML-Client @device-id-0] [Wed, 22 Jul 2026 00:14:47] [INFO] [abstract_scenario.py:31:info] (float64): 
[FedML-Client @device-id-0] [Wed, 22 Jul 2026 00:14:47] [INFO] [abstract_scenario.py:31:info]  
[FedML-Client @device-id-0] [Wed, 22 Jul 2026 00:14:47] [INFO] [abstract_scenario.py:31:info] 20000x1
[FedML-Client @device-id-0] [Wed, 22 Jul 2026 00:14:47] [INFO] [abstract_scenario.py:31:info] 

[FedML-Client @device-id-0] [Wed, 22 Jul 2026 00:14:47] [INFO] [abstract_scenario.py:33:info]       min: -3.61
[FedML-Client @device-id-0] [Wed, 22 Jul 2026 00:14:47] [INFO] [abstract_scenario.py:33:info]  
[FedML-Client @device-id-0] [Wed, 22 Jul 2026 00:14:47] [INFO] [abstract_scenario.py:33:info] , max: 5.23
[FedML-Client @device-id-0] [Wed, 22 Jul 2026 00:14:47] [INFO] [abstract_scenario.py:33:info] 

[FedML-Client @device-id-0] [Wed, 22 Jul 2026 00:14:47] [INFO] [abstract_scenario.py:31:info]   g:
[FedML-Client @device-id-0] [Wed, 22 Jul 2026 00:14:47] [INFO] [abstract_scenario.py:31:info]  
[FedML-Client @device-id-0] [Wed, 22 Jul 2026 00:14:47] [INFO] [abstract_scenario.py:31:info] ndarray
[FedML-Client @device-id-0] [Wed, 22 Jul 2026 00:14:47] [INFO] [abstract_scenario.py:31:info]  
[FedML-Client @device-id-0] [Wed, 22 Jul 2026 00:14:47] [INFO] [abstract_scenario.py:31:info] (float64): 
[FedML-Client @device-id-0] [Wed, 22 Jul 2026 00:14:47] [INFO] [abstract_scenario.py:31:info]  
[FedML-Client @device-id-0] [Wed, 22 Jul 2026 00:14:47] [INFO] [abstract_scenario.py:31:info] 20000x1
[FedML-Client @device-id-0] [Wed, 22 Jul 2026 00:14:47] [INFO] [abstract_scenario.py:31:info] 

[FedML-Client @device-id-0] [Wed, 22 Jul 2026 00:14:47] [INFO] [abstract_scenario.py:33:info]       min: -0.73
[FedML-Client @device-id-0] [Wed, 22 Jul 2026 00:14:47] [INFO] [abstract_scenario.py:33:info]  
[FedML-Client @device-id-0] [Wed, 22 Jul 2026 00:14:47] [INFO] [abstract_scenario.py:33:info] , max: 0.73
[FedML-Client @device-id-0] [Wed, 22 Jul 2026 00:14:47] [INFO] [abstract_scenario.py:33:info] 

[FedML-Client @device-id-0] [Wed, 22 Jul 2026 00:14:47] [INFO] [abstract_scenario.py:31:info]   w:
[FedML-Client @device-id-0] [Wed, 22 Jul 2026 00:14:47] [INFO] [abstract_scenario.py:31:info]  
[FedML-Client @device-id-0] [Wed, 22 Jul 2026 00:14:47] [INFO] [abstract_scenario.py:31:info] ndarray
[FedML-Client @device-id-0] [Wed, 22 Jul 2026 00:14:47] [INFO] [abstract_scenario.py:31:info]  
[FedML-Client @device-id-0] [Wed, 22 Jul 2026 00:14:47] [INFO] [abstract_scenario.py:31:info] (float64): 
[FedML-Client @device-id-0] [Wed, 22 Jul 2026 00:14:47] [INFO] [abstract_scenario.py:31:info]  
[FedML-Client @device-id-0] [Wed, 22 Jul 2026 00:14:47] [INFO] [abstract_scenario.py:31:info] 20000x1
[FedML-Client @device-id-0] [Wed, 22 Jul 2026 00:14:47] [INFO] [abstract_scenario.py:31:info] 

[FedML-Client @device-id-0] [Wed, 22 Jul 2026 00:14:47] [INFO] [abstract_scenario.py:33:info]       min: 0.00
[FedML-Client @device-id-0] [Wed, 22 Jul 2026 00:14:47] [INFO] [abstract_scenario.py:33:info]  
[FedML-Client @device-id-0] [Wed, 22 Jul 2026 00:14:47] [INFO] [abstract_scenario.py:33:info] , max: 9.00
[FedML-Client @device-id-0] [Wed, 22 Jul 2026 00:14:47] [INFO] [abstract_scenario.py:33:info] 

[FedML-Client @device-id-0] [Wed, 22 Jul 2026 00:14:47] [INFO] [abstract_scenario.py:116:info] dev
[FedML-Client @device-id-0] [Wed, 22 Jul 2026 00:14:47] [INFO] [abstract_scenario.py:116:info] 

[FedML-Client @device-id-0] [Wed, 22 Jul 2026 00:14:47] [INFO] [abstract_scenario.py:31:info]   x:
[FedML-Client @device-id-0] [Wed, 22 Jul 2026 00:14:47] [INFO] [abstract_scenario.py:31:info]  
[FedML-Client @device-id-0] [Wed, 22 Jul 2026 00:14:47] [INFO] [abstract_scenario.py:31:info] ndarray
[FedML-Client @device-id-0] [Wed, 22 Jul 2026 00:14:47] [INFO] [abstract_scenario.py:31:info]  
[FedML-Client @device-id-0] [Wed, 22 Jul 2026 00:14:47] [INFO] [abstract_scenario.py:31:info] (float32): 
[FedML-Client @device-id-0] [Wed, 22 Jul 2026 00:14:47] [INFO] [abstract_scenario.py:31:info]  
[FedML-Client @device-id-0] [Wed, 22 Jul 2026 00:14:47] [INFO] [abstract_scenario.py:31:info] 10000x3x32x32
[FedML-Client @device-id-0] [Wed, 22 Jul 2026 00:14:47] [INFO] [abstract_scenario.py:31:info] 

[FedML-Client @device-id-0] [Wed, 22 Jul 2026 00:14:47] [INFO] [abstract_scenario.py:31:info]   z:
[FedML-Client @device-id-0] [Wed, 22 Jul 2026 00:14:47] [INFO] [abstract_scenario.py:31:info]  
[FedML-Client @device-id-0] [Wed, 22 Jul 2026 00:14:47] [INFO] [abstract_scenario.py:31:info] ndarray
[FedML-Client @device-id-0] [Wed, 22 Jul 2026 00:14:47] [INFO] [abstract_scenario.py:31:info]  
[FedML-Client @device-id-0] [Wed, 22 Jul 2026 00:14:47] [INFO] [abstract_scenario.py:31:info] (float64): 
[FedML-Client @device-id-0] [Wed, 22 Jul 2026 00:14:47] [INFO] [abstract_scenario.py:31:info]  
[FedML-Client @device-id-0] [Wed, 22 Jul 2026 00:14:47] [INFO] [abstract_scenario.py:31:info] 10000x1
[FedML-Client @device-id-0] [Wed, 22 Jul 2026 00:14:47] [INFO] [abstract_scenario.py:31:info] 

[FedML-Client @device-id-0] [Wed, 22 Jul 2026 00:14:47] [INFO] [abstract_scenario.py:31:info]   y:
[FedML-Client @device-id-0] [Wed, 22 Jul 2026 00:14:47] [INFO] [abstract_scenario.py:31:info]  
[FedML-Client @device-id-0] [Wed, 22 Jul 2026 00:14:47] [INFO] [abstract_scenario.py:31:info] ndarray
[FedML-Client @device-id-0] [Wed, 22 Jul 2026 00:14:47] [INFO] [abstract_scenario.py:31:info]  
[FedML-Client @device-id-0] [Wed, 22 Jul 2026 00:14:47] [INFO] [abstract_scenario.py:31:info] (float64): 
[FedML-Client @device-id-0] [Wed, 22 Jul 2026 00:14:47] [INFO] [abstract_scenario.py:31:info]  
[FedML-Client @device-id-0] [Wed, 22 Jul 2026 00:14:47] [INFO] [abstract_scenario.py:31:info] 10000x1
[FedML-Client @device-id-0] [Wed, 22 Jul 2026 00:14:47] [INFO] [abstract_scenario.py:31:info] 

[FedML-Client @device-id-0] [Wed, 22 Jul 2026 00:14:47] [INFO] [abstract_scenario.py:31:info]   g:
[FedML-Client @device-id-0] [Wed, 22 Jul 2026 00:14:47] [INFO] [abstract_scenario.py:31:info]  
[FedML-Client @device-id-0] [Wed, 22 Jul 2026 00:14:47] [INFO] [abstract_scenario.py:31:info] ndarray
[FedML-Client @device-id-0] [Wed, 22 Jul 2026 00:14:47] [INFO] [abstract_scenario.py:31:info]  
[FedML-Client @device-id-0] [Wed, 22 Jul 2026 00:14:47] [INFO] [abstract_scenario.py:31:info] (float64): 
[FedML-Client @device-id-0] [Wed, 22 Jul 2026 00:14:47] [INFO] [abstract_scenario.py:31:info]  
[FedML-Client @device-id-0] [Wed, 22 Jul 2026 00:14:47] [INFO] [abstract_scenario.py:31:info] 10000x1
[FedML-Client @device-id-0] [Wed, 22 Jul 2026 00:14:47] [INFO] [abstract_scenario.py:31:info] 

[FedML-Client @device-id-0] [Wed, 22 Jul 2026 00:14:47] [INFO] [abstract_scenario.py:31:info]   w:
[FedML-Client @device-id-0] [Wed, 22 Jul 2026 00:14:47] [INFO] [abstract_scenario.py:31:info]  
[FedML-Client @device-id-0] [Wed, 22 Jul 2026 00:14:47] [INFO] [abstract_scenario.py:31:info] ndarray
[FedML-Client @device-id-0] [Wed, 22 Jul 2026 00:14:47] [INFO] [abstract_scenario.py:31:info]  
[FedML-Client @device-id-0] [Wed, 22 Jul 2026 00:14:47] [INFO] [abstract_scenario.py:31:info] (float64): 
[FedML-Client @device-id-0] [Wed, 22 Jul 2026 00:14:47] [INFO] [abstract_scenario.py:31:info]  
[FedML-Client @device-id-0] [Wed, 22 Jul 2026 00:14:47] [INFO] [abstract_scenario.py:31:info] 10000x1
[FedML-Client @device-id-0] [Wed, 22 Jul 2026 00:14:47] [INFO] [abstract_scenario.py:31:info] 

[FedML-Client @device-id-0] [Wed, 22 Jul 2026 00:14:47] [INFO] [model_hub.py:25:create] create_model. model_name = lr, output_dim = None, dataset = cifar10_x
[FedML-Client @device-id-0] [Wed, 22 Jul 2026 00:14:47] [INFO] [fedavg_api.py:231:__init__] model = [[CIFAR10CNN(
  (cnn): Sequential(
    (0): Conv2d(3, 32, kernel_size=(3, 3), stride=(1, 1), padding=(1, 1))
    (1): LeakyReLU(negative_slope=0.01)
    (2): MaxPool2d(kernel_size=2, stride=2, padding=0, dilation=1, ceil_mode=False)
    (3): Dropout(p=0.0, inplace=False)
    (4): Conv2d(32, 64, kernel_size=(3, 3), stride=(1, 1), padding=(2, 2))
    (5): LeakyReLU(negative_slope=0.01)
    (6): MaxPool2d(kernel_size=2, stride=2, padding=0, dilation=1, ceil_mode=False)
    (7): Dropout(p=0.0, inplace=False)
  )
  (linear_1): Linear(in_features=5184, out_features=200, bias=True)
  (linear_2): Linear(in_features=200, out_features=10, bias=True)
  (linear_3): Linear(in_features=10, out_features=1, bias=True)
  (bn): BatchNorm1d(10, eps=1e-05, momentum=0.1, affine=True, track_running_stats=True)
)], [MLPModel(
  (model): Sequential(
    (0): Linear(in_features=1, out_features=20, bias=True)
    (1): LeakyReLU(negative_slope=0.01)
    (2): Linear(in_features=20, out_features=1, bias=True)
  )
)], [CIFAR10CNN(
  (cnn): Sequential(
    (0): Conv2d(3, 32, kernel_size=(3, 3), stride=(1, 1), padding=(1, 1))
    (1): LeakyReLU(negative_slope=0.01)
    (2): MaxPool2d(kernel_size=2, stride=2, padding=0, dilation=1, ceil_mode=False)
    (3): Dropout(p=0.0, inplace=False)
    (4): Conv2d(32, 64, kernel_size=(3, 3), stride=(1, 1), padding=(2, 2))
    (5): LeakyReLU(negative_slope=0.01)
    (6): MaxPool2d(kernel_size=2, stride=2, padding=0, dilation=1, ceil_mode=False)
    (7): Dropout(p=0.0, inplace=False)
  )
  (linear_1): Linear(in_features=5184, out_features=200, bias=True)
  (linear_2): Linear(in_features=200, out_features=10, bias=True)
  (linear_3): Linear(in_features=10, out_features=1, bias=True)
  (bn): BatchNorm1d(10, eps=1e-05, momentum=0.1, affine=True, track_running_stats=True)
)]]
[FedML-Client @device-id-0] [Wed, 22 Jul 2026 00:14:47] [INFO] [model_selection_class.py:41:do_model_selection] starting learning args eval 0
[FedML-Client @device-id-0] [Wed, 22 Jul 2026 00:14:47] [INFO] [model_selection_class.py:41:do_model_selection] 

[FedML-Client @device-id-0] [Wed, 22 Jul 2026 00:16:35] [INFO] [model_selection_class.py:71:do_model_selection] learning eval:
[FedML-Client @device-id-0] [Wed, 22 Jul 2026 00:16:35] [INFO] [model_selection_class.py:71:do_model_selection]  
[FedML-Client @device-id-0] [Wed, 22 Jul 2026 00:16:35] [INFO] [model_selection_class.py:71:do_model_selection] -0.0010717586744686154
[FedML-Client @device-id-0] [Wed, 22 Jul 2026 00:16:35] [INFO] [model_selection_class.py:71:do_model_selection]  
[FedML-Client @device-id-0] [Wed, 22 Jul 2026 00:16:35] [INFO] [model_selection_class.py:71:do_model_selection] OptimalObjective::lambda_1=0.100000
[FedML-Client @device-id-0] [Wed, 22 Jul 2026 00:16:35] [INFO] [model_selection_class.py:71:do_model_selection]  
[FedML-Client @device-id-0] [Wed, 22 Jul 2026 00:16:35] [INFO] [model_selection_class.py:71:do_model_selection] CustomSGD:::'lr'=0.001:'momentum'=0.0
[FedML-Client @device-id-0] [Wed, 22 Jul 2026 00:16:35] [INFO] [model_selection_class.py:71:do_model_selection]  
[FedML-Client @device-id-0] [Wed, 22 Jul 2026 00:16:35] [INFO] [model_selection_class.py:71:do_model_selection] CustomSGD:::'lr'=0.003:'momentum'=0.0
[FedML-Client @device-id-0] [Wed, 22 Jul 2026 00:16:35] [INFO] [model_selection_class.py:71:do_model_selection] 

[FedML-Client @device-id-0] [Wed, 22 Jul 2026 00:16:35] [INFO] [model_selection_class.py:90:do_model_selection] size of f_z collection:
[FedML-Client @device-id-0] [Wed, 22 Jul 2026 00:16:35] [INFO] [model_selection_class.py:90:do_model_selection]  
[FedML-Client @device-id-0] [Wed, 22 Jul 2026 00:16:35] [INFO] [model_selection_class.py:90:do_model_selection] 120
[FedML-Client @device-id-0] [Wed, 22 Jul 2026 00:16:35] [INFO] [model_selection_class.py:90:do_model_selection] 

[FedML-Client @device-id-0] [Wed, 22 Jul 2026 00:16:35] [INFO] [fedavg_api.py:468:_setup_clients] ############setup_clients (START)#############
[FedML-Client @device-id-0] [Wed, 22 Jul 2026 00:16:35] [INFO] [fedavg_api.py:485:_setup_clients] ############setup_clients (END)#############
[FedML-Client @device-id-0] [Wed, 22 Jul 2026 00:32:05] [INFO] [fedavg_api.py:850:train] MSE on test ------------------------------>>>>>>>>>>>>>>>>>>
[FedML-Client @device-id-0] [Wed, 22 Jul 2026 00:32:05] [INFO] [fedavg_api.py:850:train]  
[FedML-Client @device-id-0] [Wed, 22 Jul 2026 00:32:05] [INFO] [fedavg_api.py:850:train] 0.15839185646555376
[FedML-Client @device-id-0] [Wed, 22 Jul 2026 00:32:05] [INFO] [fedavg_api.py:850:train] 

DEBUG: Calling fedml.init()...
/home/arnav22103/FederatedDeepGMM/fedgmm/sp_decentralized_mnist_lr_example/fedml/computing/scheduler/comm_utils/sys_utils.py:16: UserWarning: pkg_resources is deprecated as an API. See https://setuptools.pypa.io/en/latest/pkg_resources.html. The pkg_resources package is slated for removal as early as 2025-11-30. Refrain from using this package or pin to Setuptools<81.
  from pkg_resources import parse_version
[FedML-Client @device-id-0] [Wed, 22 Jul 2026 00:32:12] [INFO] [__init__.py:163:init] args.rank = 0, args.worker_num = 10
[FedML-Client @device-id-0] [Wed, 22 Jul 2026 00:32:12] [INFO] [main.py:14:<module>] DEBUG: fedml.init() successful.
[FedML-Client @device-id-0] [Wed, 22 Jul 2026 00:32:12] [INFO] [main.py:14:<module>] 

[FedML-Client @device-id-0] [Wed, 22 Jul 2026 00:32:13] [INFO] [ml_engine_adapter.py:147:get_torch_device] args = <fedml.arguments.Arguments object at 0x75ce69c17f70>, using_gpu = True, device_id = 0, device_type = gpu
[FedML-Client @device-id-0] [Wed, 22 Jul 2026 00:32:13] [INFO] [device.py:48:get_device] device = cuda:0
[FedML-Client @device-id-0] [Wed, 22 Jul 2026 00:32:13] [INFO] [data_loader.py:669:load_synthetic_data] load_data. dataset_name = cifar10_xz
[FedML-Client @device-id-0] [Wed, 22 Jul 2026 00:32:13] [INFO] [abstract_scenario.py:116:info] test
[FedML-Client @device-id-0] [Wed, 22 Jul 2026 00:32:13] [INFO] [abstract_scenario.py:116:info] 

[FedML-Client @device-id-0] [Wed, 22 Jul 2026 00:32:13] [INFO] [abstract_scenario.py:31:info]   x:
[FedML-Client @device-id-0] [Wed, 22 Jul 2026 00:32:13] [INFO] [abstract_scenario.py:31:info]  
[FedML-Client @device-id-0] [Wed, 22 Jul 2026 00:32:13] [INFO] [abstract_scenario.py:31:info] ndarray
[FedML-Client @device-id-0] [Wed, 22 Jul 2026 00:32:13] [INFO] [abstract_scenario.py:31:info]  
[FedML-Client @device-id-0] [Wed, 22 Jul 2026 00:32:13] [INFO] [abstract_scenario.py:31:info] (float32): 
[FedML-Client @device-id-0] [Wed, 22 Jul 2026 00:32:13] [INFO] [abstract_scenario.py:31:info]  
[FedML-Client @device-id-0] [Wed, 22 Jul 2026 00:32:13] [INFO] [abstract_scenario.py:31:info] 10000x3x32x32
[FedML-Client @device-id-0] [Wed, 22 Jul 2026 00:32:13] [INFO] [abstract_scenario.py:31:info] 

[FedML-Client @device-id-0] [Wed, 22 Jul 2026 00:32:13] [INFO] [abstract_scenario.py:31:info]   z:
[FedML-Client @device-id-0] [Wed, 22 Jul 2026 00:32:13] [INFO] [abstract_scenario.py:31:info]  
[FedML-Client @device-id-0] [Wed, 22 Jul 2026 00:32:13] [INFO] [abstract_scenario.py:31:info] ndarray
[FedML-Client @device-id-0] [Wed, 22 Jul 2026 00:32:13] [INFO] [abstract_scenario.py:31:info]  
[FedML-Client @device-id-0] [Wed, 22 Jul 2026 00:32:13] [INFO] [abstract_scenario.py:31:info] (float32): 
[FedML-Client @device-id-0] [Wed, 22 Jul 2026 00:32:13] [INFO] [abstract_scenario.py:31:info]  
[FedML-Client @device-id-0] [Wed, 22 Jul 2026 00:32:13] [INFO] [abstract_scenario.py:31:info] 10000x3x32x32
[FedML-Client @device-id-0] [Wed, 22 Jul 2026 00:32:13] [INFO] [abstract_scenario.py:31:info] 

[FedML-Client @device-id-0] [Wed, 22 Jul 2026 00:32:13] [INFO] [abstract_scenario.py:31:info]   y:
[FedML-Client @device-id-0] [Wed, 22 Jul 2026 00:32:13] [INFO] [abstract_scenario.py:31:info]  
[FedML-Client @device-id-0] [Wed, 22 Jul 2026 00:32:13] [INFO] [abstract_scenario.py:31:info] ndarray
[FedML-Client @device-id-0] [Wed, 22 Jul 2026 00:32:13] [INFO] [abstract_scenario.py:31:info]  
[FedML-Client @device-id-0] [Wed, 22 Jul 2026 00:32:13] [INFO] [abstract_scenario.py:31:info] (float64): 
[FedML-Client @device-id-0] [Wed, 22 Jul 2026 00:32:13] [INFO] [abstract_scenario.py:31:info]  
[FedML-Client @device-id-0] [Wed, 22 Jul 2026 00:32:13] [INFO] [abstract_scenario.py:31:info] 10000x1
[FedML-Client @device-id-0] [Wed, 22 Jul 2026 00:32:13] [INFO] [abstract_scenario.py:31:info] 

[FedML-Client @device-id-0] [Wed, 22 Jul 2026 00:32:13] [INFO] [abstract_scenario.py:31:info]   g:
[FedML-Client @device-id-0] [Wed, 22 Jul 2026 00:32:13] [INFO] [abstract_scenario.py:31:info]  
[FedML-Client @device-id-0] [Wed, 22 Jul 2026 00:32:13] [INFO] [abstract_scenario.py:31:info] ndarray
[FedML-Client @device-id-0] [Wed, 22 Jul 2026 00:32:13] [INFO] [abstract_scenario.py:31:info]  
[FedML-Client @device-id-0] [Wed, 22 Jul 2026 00:32:13] [INFO] [abstract_scenario.py:31:info] (float64): 
[FedML-Client @device-id-0] [Wed, 22 Jul 2026 00:32:13] [INFO] [abstract_scenario.py:31:info]  
[FedML-Client @device-id-0] [Wed, 22 Jul 2026 00:32:13] [INFO] [abstract_scenario.py:31:info] 10000x1
[FedML-Client @device-id-0] [Wed, 22 Jul 2026 00:32:13] [INFO] [abstract_scenario.py:31:info] 

[FedML-Client @device-id-0] [Wed, 22 Jul 2026 00:32:13] [INFO] [abstract_scenario.py:31:info]   w:
[FedML-Client @device-id-0] [Wed, 22 Jul 2026 00:32:13] [INFO] [abstract_scenario.py:31:info]  
[FedML-Client @device-id-0] [Wed, 22 Jul 2026 00:32:13] [INFO] [abstract_scenario.py:31:info] ndarray
[FedML-Client @device-id-0] [Wed, 22 Jul 2026 00:32:13] [INFO] [abstract_scenario.py:31:info]  
[FedML-Client @device-id-0] [Wed, 22 Jul 2026 00:32:13] [INFO] [abstract_scenario.py:31:info] (float64): 
[FedML-Client @device-id-0] [Wed, 22 Jul 2026 00:32:13] [INFO] [abstract_scenario.py:31:info]  
[FedML-Client @device-id-0] [Wed, 22 Jul 2026 00:32:13] [INFO] [abstract_scenario.py:31:info] 10000x1
[FedML-Client @device-id-0] [Wed, 22 Jul 2026 00:32:13] [INFO] [abstract_scenario.py:31:info] 

[FedML-Client @device-id-0] [Wed, 22 Jul 2026 00:32:13] [INFO] [abstract_scenario.py:116:info] train
[FedML-Client @device-id-0] [Wed, 22 Jul 2026 00:32:13] [INFO] [abstract_scenario.py:116:info] 

[FedML-Client @device-id-0] [Wed, 22 Jul 2026 00:32:13] [INFO] [abstract_scenario.py:31:info]   x:
[FedML-Client @device-id-0] [Wed, 22 Jul 2026 00:32:13] [INFO] [abstract_scenario.py:31:info]  
[FedML-Client @device-id-0] [Wed, 22 Jul 2026 00:32:13] [INFO] [abstract_scenario.py:31:info] ndarray
[FedML-Client @device-id-0] [Wed, 22 Jul 2026 00:32:13] [INFO] [abstract_scenario.py:31:info]  
[FedML-Client @device-id-0] [Wed, 22 Jul 2026 00:32:13] [INFO] [abstract_scenario.py:31:info] (float32): 
[FedML-Client @device-id-0] [Wed, 22 Jul 2026 00:32:13] [INFO] [abstract_scenario.py:31:info]  
[FedML-Client @device-id-0] [Wed, 22 Jul 2026 00:32:13] [INFO] [abstract_scenario.py:31:info] 20000x3x32x32
[FedML-Client @device-id-0] [Wed, 22 Jul 2026 00:32:13] [INFO] [abstract_scenario.py:31:info] 

[FedML-Client @device-id-0] [Wed, 22 Jul 2026 00:32:13] [INFO] [abstract_scenario.py:33:info]       min: -2.43
[FedML-Client @device-id-0] [Wed, 22 Jul 2026 00:32:13] [INFO] [abstract_scenario.py:33:info]  
[FedML-Client @device-id-0] [Wed, 22 Jul 2026 00:32:13] [INFO] [abstract_scenario.py:33:info] , max: 2.75
[FedML-Client @device-id-0] [Wed, 22 Jul 2026 00:32:13] [INFO] [abstract_scenario.py:33:info] 

[FedML-Client @device-id-0] [Wed, 22 Jul 2026 00:32:13] [INFO] [abstract_scenario.py:31:info]   z:
[FedML-Client @device-id-0] [Wed, 22 Jul 2026 00:32:13] [INFO] [abstract_scenario.py:31:info]  
[FedML-Client @device-id-0] [Wed, 22 Jul 2026 00:32:13] [INFO] [abstract_scenario.py:31:info] ndarray
[FedML-Client @device-id-0] [Wed, 22 Jul 2026 00:32:13] [INFO] [abstract_scenario.py:31:info]  
[FedML-Client @device-id-0] [Wed, 22 Jul 2026 00:32:13] [INFO] [abstract_scenario.py:31:info] (float32): 
[FedML-Client @device-id-0] [Wed, 22 Jul 2026 00:32:13] [INFO] [abstract_scenario.py:31:info]  
[FedML-Client @device-id-0] [Wed, 22 Jul 2026 00:32:13] [INFO] [abstract_scenario.py:31:info] 20000x3x32x32
[FedML-Client @device-id-0] [Wed, 22 Jul 2026 00:32:13] [INFO] [abstract_scenario.py:31:info] 

[FedML-Client @device-id-0] [Wed, 22 Jul 2026 00:32:13] [INFO] [abstract_scenario.py:33:info]       min: -2.43
[FedML-Client @device-id-0] [Wed, 22 Jul 2026 00:32:13] [INFO] [abstract_scenario.py:33:info]  
[FedML-Client @device-id-0] [Wed, 22 Jul 2026 00:32:13] [INFO] [abstract_scenario.py:33:info] , max: 2.75
[FedML-Client @device-id-0] [Wed, 22 Jul 2026 00:32:13] [INFO] [abstract_scenario.py:33:info] 

[FedML-Client @device-id-0] [Wed, 22 Jul 2026 00:32:13] [INFO] [abstract_scenario.py:31:info]   y:
[FedML-Client @device-id-0] [Wed, 22 Jul 2026 00:32:13] [INFO] [abstract_scenario.py:31:info]  
[FedML-Client @device-id-0] [Wed, 22 Jul 2026 00:32:13] [INFO] [abstract_scenario.py:31:info] ndarray
[FedML-Client @device-id-0] [Wed, 22 Jul 2026 00:32:13] [INFO] [abstract_scenario.py:31:info]  
[FedML-Client @device-id-0] [Wed, 22 Jul 2026 00:32:13] [INFO] [abstract_scenario.py:31:info] (float64): 
[FedML-Client @device-id-0] [Wed, 22 Jul 2026 00:32:13] [INFO] [abstract_scenario.py:31:info]  
[FedML-Client @device-id-0] [Wed, 22 Jul 2026 00:32:13] [INFO] [abstract_scenario.py:31:info] 20000x1
[FedML-Client @device-id-0] [Wed, 22 Jul 2026 00:32:13] [INFO] [abstract_scenario.py:31:info] 

[FedML-Client @device-id-0] [Wed, 22 Jul 2026 00:32:13] [INFO] [abstract_scenario.py:33:info]       min: -3.61
[FedML-Client @device-id-0] [Wed, 22 Jul 2026 00:32:13] [INFO] [abstract_scenario.py:33:info]  
[FedML-Client @device-id-0] [Wed, 22 Jul 2026 00:32:13] [INFO] [abstract_scenario.py:33:info] , max: 5.23
[FedML-Client @device-id-0] [Wed, 22 Jul 2026 00:32:13] [INFO] [abstract_scenario.py:33:info] 

[FedML-Client @device-id-0] [Wed, 22 Jul 2026 00:32:13] [INFO] [abstract_scenario.py:31:info]   g:
[FedML-Client @device-id-0] [Wed, 22 Jul 2026 00:32:13] [INFO] [abstract_scenario.py:31:info]  
[FedML-Client @device-id-0] [Wed, 22 Jul 2026 00:32:13] [INFO] [abstract_scenario.py:31:info] ndarray
[FedML-Client @device-id-0] [Wed, 22 Jul 2026 00:32:13] [INFO] [abstract_scenario.py:31:info]  
[FedML-Client @device-id-0] [Wed, 22 Jul 2026 00:32:13] [INFO] [abstract_scenario.py:31:info] (float64): 
[FedML-Client @device-id-0] [Wed, 22 Jul 2026 00:32:13] [INFO] [abstract_scenario.py:31:info]  
[FedML-Client @device-id-0] [Wed, 22 Jul 2026 00:32:13] [INFO] [abstract_scenario.py:31:info] 20000x1
[FedML-Client @device-id-0] [Wed, 22 Jul 2026 00:32:13] [INFO] [abstract_scenario.py:31:info] 

[FedML-Client @device-id-0] [Wed, 22 Jul 2026 00:32:13] [INFO] [abstract_scenario.py:33:info]       min: -0.73
[FedML-Client @device-id-0] [Wed, 22 Jul 2026 00:32:13] [INFO] [abstract_scenario.py:33:info]  
[FedML-Client @device-id-0] [Wed, 22 Jul 2026 00:32:13] [INFO] [abstract_scenario.py:33:info] , max: 0.73
[FedML-Client @device-id-0] [Wed, 22 Jul 2026 00:32:13] [INFO] [abstract_scenario.py:33:info] 

[FedML-Client @device-id-0] [Wed, 22 Jul 2026 00:32:13] [INFO] [abstract_scenario.py:31:info]   w:
[FedML-Client @device-id-0] [Wed, 22 Jul 2026 00:32:13] [INFO] [abstract_scenario.py:31:info]  
[FedML-Client @device-id-0] [Wed, 22 Jul 2026 00:32:13] [INFO] [abstract_scenario.py:31:info] ndarray
[FedML-Client @device-id-0] [Wed, 22 Jul 2026 00:32:13] [INFO] [abstract_scenario.py:31:info]  
[FedML-Client @device-id-0] [Wed, 22 Jul 2026 00:32:13] [INFO] [abstract_scenario.py:31:info] (float64): 
[FedML-Client @device-id-0] [Wed, 22 Jul 2026 00:32:13] [INFO] [abstract_scenario.py:31:info]  
[FedML-Client @device-id-0] [Wed, 22 Jul 2026 00:32:13] [INFO] [abstract_scenario.py:31:info] 20000x1
[FedML-Client @device-id-0] [Wed, 22 Jul 2026 00:32:13] [INFO] [abstract_scenario.py:31:info] 

[FedML-Client @device-id-0] [Wed, 22 Jul 2026 00:32:13] [INFO] [abstract_scenario.py:33:info]       min: 0.00
[FedML-Client @device-id-0] [Wed, 22 Jul 2026 00:32:13] [INFO] [abstract_scenario.py:33:info]  
[FedML-Client @device-id-0] [Wed, 22 Jul 2026 00:32:13] [INFO] [abstract_scenario.py:33:info] , max: 9.00
[FedML-Client @device-id-0] [Wed, 22 Jul 2026 00:32:13] [INFO] [abstract_scenario.py:33:info] 

[FedML-Client @device-id-0] [Wed, 22 Jul 2026 00:32:13] [INFO] [abstract_scenario.py:116:info] dev
[FedML-Client @device-id-0] [Wed, 22 Jul 2026 00:32:13] [INFO] [abstract_scenario.py:116:info] 

[FedML-Client @device-id-0] [Wed, 22 Jul 2026 00:32:13] [INFO] [abstract_scenario.py:31:info]   x:
[FedML-Client @device-id-0] [Wed, 22 Jul 2026 00:32:13] [INFO] [abstract_scenario.py:31:info]  
[FedML-Client @device-id-0] [Wed, 22 Jul 2026 00:32:13] [INFO] [abstract_scenario.py:31:info] ndarray
[FedML-Client @device-id-0] [Wed, 22 Jul 2026 00:32:13] [INFO] [abstract_scenario.py:31:info]  
[FedML-Client @device-id-0] [Wed, 22 Jul 2026 00:32:13] [INFO] [abstract_scenario.py:31:info] (float32): 
[FedML-Client @device-id-0] [Wed, 22 Jul 2026 00:32:13] [INFO] [abstract_scenario.py:31:info]  
[FedML-Client @device-id-0] [Wed, 22 Jul 2026 00:32:13] [INFO] [abstract_scenario.py:31:info] 10000x3x32x32
[FedML-Client @device-id-0] [Wed, 22 Jul 2026 00:32:13] [INFO] [abstract_scenario.py:31:info] 

[FedML-Client @device-id-0] [Wed, 22 Jul 2026 00:32:13] [INFO] [abstract_scenario.py:31:info]   z:
[FedML-Client @device-id-0] [Wed, 22 Jul 2026 00:32:13] [INFO] [abstract_scenario.py:31:info]  
[FedML-Client @device-id-0] [Wed, 22 Jul 2026 00:32:13] [INFO] [abstract_scenario.py:31:info] ndarray
[FedML-Client @device-id-0] [Wed, 22 Jul 2026 00:32:13] [INFO] [abstract_scenario.py:31:info]  
[FedML-Client @device-id-0] [Wed, 22 Jul 2026 00:32:13] [INFO] [abstract_scenario.py:31:info] (float32): 
[FedML-Client @device-id-0] [Wed, 22 Jul 2026 00:32:13] [INFO] [abstract_scenario.py:31:info]  
[FedML-Client @device-id-0] [Wed, 22 Jul 2026 00:32:13] [INFO] [abstract_scenario.py:31:info] 10000x3x32x32
[FedML-Client @device-id-0] [Wed, 22 Jul 2026 00:32:13] [INFO] [abstract_scenario.py:31:info] 

[FedML-Client @device-id-0] [Wed, 22 Jul 2026 00:32:13] [INFO] [abstract_scenario.py:31:info]   y:
[FedML-Client @device-id-0] [Wed, 22 Jul 2026 00:32:13] [INFO] [abstract_scenario.py:31:info]  
[FedML-Client @device-id-0] [Wed, 22 Jul 2026 00:32:13] [INFO] [abstract_scenario.py:31:info] ndarray
[FedML-Client @device-id-0] [Wed, 22 Jul 2026 00:32:13] [INFO] [abstract_scenario.py:31:info]  
[FedML-Client @device-id-0] [Wed, 22 Jul 2026 00:32:13] [INFO] [abstract_scenario.py:31:info] (float64): 
[FedML-Client @device-id-0] [Wed, 22 Jul 2026 00:32:13] [INFO] [abstract_scenario.py:31:info]  
[FedML-Client @device-id-0] [Wed, 22 Jul 2026 00:32:13] [INFO] [abstract_scenario.py:31:info] 10000x1
[FedML-Client @device-id-0] [Wed, 22 Jul 2026 00:32:13] [INFO] [abstract_scenario.py:31:info] 

[FedML-Client @device-id-0] [Wed, 22 Jul 2026 00:32:13] [INFO] [abstract_scenario.py:31:info]   g:
[FedML-Client @device-id-0] [Wed, 22 Jul 2026 00:32:13] [INFO] [abstract_scenario.py:31:info]  
[FedML-Client @device-id-0] [Wed, 22 Jul 2026 00:32:13] [INFO] [abstract_scenario.py:31:info] ndarray
[FedML-Client @device-id-0] [Wed, 22 Jul 2026 00:32:13] [INFO] [abstract_scenario.py:31:info]  
[FedML-Client @device-id-0] [Wed, 22 Jul 2026 00:32:13] [INFO] [abstract_scenario.py:31:info] (float64): 
[FedML-Client @device-id-0] [Wed, 22 Jul 2026 00:32:13] [INFO] [abstract_scenario.py:31:info]  
[FedML-Client @device-id-0] [Wed, 22 Jul 2026 00:32:13] [INFO] [abstract_scenario.py:31:info] 10000x1
[FedML-Client @device-id-0] [Wed, 22 Jul 2026 00:32:13] [INFO] [abstract_scenario.py:31:info] 

[FedML-Client @device-id-0] [Wed, 22 Jul 2026 00:32:13] [INFO] [abstract_scenario.py:31:info]   w:
[FedML-Client @device-id-0] [Wed, 22 Jul 2026 00:32:13] [INFO] [abstract_scenario.py:31:info]  
[FedML-Client @device-id-0] [Wed, 22 Jul 2026 00:32:13] [INFO] [abstract_scenario.py:31:info] ndarray
[FedML-Client @device-id-0] [Wed, 22 Jul 2026 00:32:13] [INFO] [abstract_scenario.py:31:info]  
[FedML-Client @device-id-0] [Wed, 22 Jul 2026 00:32:13] [INFO] [abstract_scenario.py:31:info] (float64): 
[FedML-Client @device-id-0] [Wed, 22 Jul 2026 00:32:13] [INFO] [abstract_scenario.py:31:info]  
[FedML-Client @device-id-0] [Wed, 22 Jul 2026 00:32:13] [INFO] [abstract_scenario.py:31:info] 10000x1
[FedML-Client @device-id-0] [Wed, 22 Jul 2026 00:32:13] [INFO] [abstract_scenario.py:31:info] 

[FedML-Client @device-id-0] [Wed, 22 Jul 2026 00:32:14] [INFO] [model_hub.py:25:create] create_model. model_name = lr, output_dim = None, dataset = cifar10_xz
[FedML-Client @device-id-0] [Wed, 22 Jul 2026 00:32:14] [INFO] [fedavg_api.py:231:__init__] model = [[CIFAR10CNN(
  (cnn): Sequential(
    (0): Conv2d(3, 32, kernel_size=(3, 3), stride=(1, 1), padding=(1, 1))
    (1): LeakyReLU(negative_slope=0.01)
    (2): MaxPool2d(kernel_size=2, stride=2, padding=0, dilation=1, ceil_mode=False)
    (3): Dropout(p=0.0, inplace=False)
    (4): Conv2d(32, 64, kernel_size=(3, 3), stride=(1, 1), padding=(2, 2))
    (5): LeakyReLU(negative_slope=0.01)
    (6): MaxPool2d(kernel_size=2, stride=2, padding=0, dilation=1, ceil_mode=False)
    (7): Dropout(p=0.0, inplace=False)
  )
  (linear_1): Linear(in_features=5184, out_features=200, bias=True)
  (linear_2): Linear(in_features=200, out_features=10, bias=True)
  (linear_3): Linear(in_features=10, out_features=1, bias=True)
  (bn): BatchNorm1d(10, eps=1e-05, momentum=0.1, affine=True, track_running_stats=True)
)], [CIFAR10CNN(
  (cnn): Sequential(
    (0): Conv2d(3, 32, kernel_size=(3, 3), stride=(1, 1), padding=(1, 1))
    (1): LeakyReLU(negative_slope=0.01)
    (2): MaxPool2d(kernel_size=2, stride=2, padding=0, dilation=1, ceil_mode=False)
    (3): Dropout(p=0.0, inplace=False)
    (4): Conv2d(32, 64, kernel_size=(3, 3), stride=(1, 1), padding=(2, 2))
    (5): LeakyReLU(negative_slope=0.01)
    (6): MaxPool2d(kernel_size=2, stride=2, padding=0, dilation=1, ceil_mode=False)
    (7): Dropout(p=0.0, inplace=False)
  )
  (linear_1): Linear(in_features=5184, out_features=200, bias=True)
  (linear_2): Linear(in_features=200, out_features=10, bias=True)
  (linear_3): Linear(in_features=10, out_features=1, bias=True)
  (bn): BatchNorm1d(10, eps=1e-05, momentum=0.1, affine=True, track_running_stats=True)
)], [CIFAR10CNN(
  (cnn): Sequential(
    (0): Conv2d(3, 32, kernel_size=(3, 3), stride=(1, 1), padding=(1, 1))
    (1): LeakyReLU(negative_slope=0.01)
    (2): MaxPool2d(kernel_size=2, stride=2, padding=0, dilation=1, ceil_mode=False)
    (3): Dropout(p=0.0, inplace=False)
    (4): Conv2d(32, 64, kernel_size=(3, 3), stride=(1, 1), padding=(2, 2))
    (5): LeakyReLU(negative_slope=0.01)
    (6): MaxPool2d(kernel_size=2, stride=2, padding=0, dilation=1, ceil_mode=False)
    (7): Dropout(p=0.0, inplace=False)
  )
  (linear_1): Linear(in_features=5184, out_features=200, bias=True)
  (linear_2): Linear(in_features=200, out_features=10, bias=True)
  (linear_3): Linear(in_features=10, out_features=1, bias=True)
  (bn): BatchNorm1d(10, eps=1e-05, momentum=0.1, affine=True, track_running_stats=True)
)]]
[FedML-Client @device-id-0] [Wed, 22 Jul 2026 00:32:14] [INFO] [model_selection_class.py:41:do_model_selection] starting learning args eval 0
[FedML-Client @device-id-0] [Wed, 22 Jul 2026 00:32:14] [INFO] [model_selection_class.py:41:do_model_selection] 

[FedML-Client @device-id-0] [Wed, 22 Jul 2026 00:35:35] [INFO] [model_selection_class.py:71:do_model_selection] learning eval:
[FedML-Client @device-id-0] [Wed, 22 Jul 2026 00:35:35] [INFO] [model_selection_class.py:71:do_model_selection]  
[FedML-Client @device-id-0] [Wed, 22 Jul 2026 00:35:35] [INFO] [model_selection_class.py:71:do_model_selection] 0.010950187982258407
[FedML-Client @device-id-0] [Wed, 22 Jul 2026 00:35:35] [INFO] [model_selection_class.py:71:do_model_selection]  
[FedML-Client @device-id-0] [Wed, 22 Jul 2026 00:35:35] [INFO] [model_selection_class.py:71:do_model_selection] OptimalObjective::lambda_1=0.100000
[FedML-Client @device-id-0] [Wed, 22 Jul 2026 00:35:35] [INFO] [model_selection_class.py:71:do_model_selection]  
[FedML-Client @device-id-0] [Wed, 22 Jul 2026 00:35:35] [INFO] [model_selection_class.py:71:do_model_selection] OGDA:::'lr'=0.001
[FedML-Client @device-id-0] [Wed, 22 Jul 2026 00:35:35] [INFO] [model_selection_class.py:71:do_model_selection]  
[FedML-Client @device-id-0] [Wed, 22 Jul 2026 00:35:35] [INFO] [model_selection_class.py:71:do_model_selection] OGDA:::'lr'=0.003
[FedML-Client @device-id-0] [Wed, 22 Jul 2026 00:35:35] [INFO] [model_selection_class.py:71:do_model_selection] 

[FedML-Client @device-id-0] [Wed, 22 Jul 2026 00:35:35] [INFO] [model_selection_class.py:90:do_model_selection] size of f_z collection:
[FedML-Client @device-id-0] [Wed, 22 Jul 2026 00:35:35] [INFO] [model_selection_class.py:90:do_model_selection]  
[FedML-Client @device-id-0] [Wed, 22 Jul 2026 00:35:35] [INFO] [model_selection_class.py:90:do_model_selection] 120
[FedML-Client @device-id-0] [Wed, 22 Jul 2026 00:35:35] [INFO] [model_selection_class.py:90:do_model_selection] 

[FedML-Client @device-id-0] [Wed, 22 Jul 2026 00:35:35] [INFO] [fedavg_api.py:468:_setup_clients] ############setup_clients (START)#############
[FedML-Client @device-id-0] [Wed, 22 Jul 2026 00:35:35] [INFO] [fedavg_api.py:485:_setup_clients] ############setup_clients (END)#############
[FedML-Client @device-id-0] [Wed, 22 Jul 2026 00:59:58] [INFO] [fedavg_api.py:850:train] MSE on test ------------------------------>>>>>>>>>>>>>>>>>>
[FedML-Client @device-id-0] [Wed, 22 Jul 2026 00:59:58] [INFO] [fedavg_api.py:850:train]  
[FedML-Client @device-id-0] [Wed, 22 Jul 2026 00:59:58] [INFO] [fedavg_api.py:850:train] 0.21763412542149294
[FedML-Client @device-id-0] [Wed, 22 Jul 2026 00:59:58] [INFO] [fedavg_api.py:850:train] 

DEBUG: Calling fedml.init()...
/home/arnav22103/FederatedDeepGMM/fedgmm/sp_decentralized_mnist_lr_example/fedml/computing/scheduler/comm_utils/sys_utils.py:16: UserWarning: pkg_resources is deprecated as an API. See https://setuptools.pypa.io/en/latest/pkg_resources.html. The pkg_resources package is slated for removal as early as 2025-11-30. Refrain from using this package or pin to Setuptools<81.
  from pkg_resources import parse_version
[FedML-Client @device-id-0] [Wed, 22 Jul 2026 01:00:04] [INFO] [__init__.py:163:init] args.rank = 0, args.worker_num = 10
[FedML-Client @device-id-0] [Wed, 22 Jul 2026 01:00:04] [INFO] [main.py:14:<module>] DEBUG: fedml.init() successful.
[FedML-Client @device-id-0] [Wed, 22 Jul 2026 01:00:04] [INFO] [main.py:14:<module>] 

[FedML-Client @device-id-0] [Wed, 22 Jul 2026 01:00:05] [INFO] [ml_engine_adapter.py:147:get_torch_device] args = <fedml.arguments.Arguments object at 0x7293bf317f70>, using_gpu = True, device_id = 0, device_type = gpu
[FedML-Client @device-id-0] [Wed, 22 Jul 2026 01:00:05] [INFO] [device.py:48:get_device] device = cuda:0
[FedML-Client @device-id-0] [Wed, 22 Jul 2026 01:00:05] [INFO] [data_loader.py:669:load_synthetic_data] load_data. dataset_name = cifar10_x
[FedML-Client @device-id-0] [Wed, 22 Jul 2026 01:00:05] [INFO] [abstract_scenario.py:116:info] test
[FedML-Client @device-id-0] [Wed, 22 Jul 2026 01:00:05] [INFO] [abstract_scenario.py:116:info] 

[FedML-Client @device-id-0] [Wed, 22 Jul 2026 01:00:05] [INFO] [abstract_scenario.py:31:info]   x:
[FedML-Client @device-id-0] [Wed, 22 Jul 2026 01:00:05] [INFO] [abstract_scenario.py:31:info]  
[FedML-Client @device-id-0] [Wed, 22 Jul 2026 01:00:05] [INFO] [abstract_scenario.py:31:info] ndarray
[FedML-Client @device-id-0] [Wed, 22 Jul 2026 01:00:05] [INFO] [abstract_scenario.py:31:info]  
[FedML-Client @device-id-0] [Wed, 22 Jul 2026 01:00:05] [INFO] [abstract_scenario.py:31:info] (float32): 
[FedML-Client @device-id-0] [Wed, 22 Jul 2026 01:00:05] [INFO] [abstract_scenario.py:31:info]  
[FedML-Client @device-id-0] [Wed, 22 Jul 2026 01:00:05] [INFO] [abstract_scenario.py:31:info] 10000x3x32x32
[FedML-Client @device-id-0] [Wed, 22 Jul 2026 01:00:05] [INFO] [abstract_scenario.py:31:info] 

[FedML-Client @device-id-0] [Wed, 22 Jul 2026 01:00:05] [INFO] [abstract_scenario.py:31:info]   z:
[FedML-Client @device-id-0] [Wed, 22 Jul 2026 01:00:05] [INFO] [abstract_scenario.py:31:info]  
[FedML-Client @device-id-0] [Wed, 22 Jul 2026 01:00:05] [INFO] [abstract_scenario.py:31:info] ndarray
[FedML-Client @device-id-0] [Wed, 22 Jul 2026 01:00:05] [INFO] [abstract_scenario.py:31:info]  
[FedML-Client @device-id-0] [Wed, 22 Jul 2026 01:00:05] [INFO] [abstract_scenario.py:31:info] (float64): 
[FedML-Client @device-id-0] [Wed, 22 Jul 2026 01:00:05] [INFO] [abstract_scenario.py:31:info]  
[FedML-Client @device-id-0] [Wed, 22 Jul 2026 01:00:05] [INFO] [abstract_scenario.py:31:info] 10000x1
[FedML-Client @device-id-0] [Wed, 22 Jul 2026 01:00:05] [INFO] [abstract_scenario.py:31:info] 

[FedML-Client @device-id-0] [Wed, 22 Jul 2026 01:00:05] [INFO] [abstract_scenario.py:31:info]   y:
[FedML-Client @device-id-0] [Wed, 22 Jul 2026 01:00:05] [INFO] [abstract_scenario.py:31:info]  
[FedML-Client @device-id-0] [Wed, 22 Jul 2026 01:00:05] [INFO] [abstract_scenario.py:31:info] ndarray
[FedML-Client @device-id-0] [Wed, 22 Jul 2026 01:00:05] [INFO] [abstract_scenario.py:31:info]  
[FedML-Client @device-id-0] [Wed, 22 Jul 2026 01:00:05] [INFO] [abstract_scenario.py:31:info] (float64): 
[FedML-Client @device-id-0] [Wed, 22 Jul 2026 01:00:05] [INFO] [abstract_scenario.py:31:info]  
[FedML-Client @device-id-0] [Wed, 22 Jul 2026 01:00:05] [INFO] [abstract_scenario.py:31:info] 10000x1
[FedML-Client @device-id-0] [Wed, 22 Jul 2026 01:00:05] [INFO] [abstract_scenario.py:31:info] 

[FedML-Client @device-id-0] [Wed, 22 Jul 2026 01:00:05] [INFO] [abstract_scenario.py:31:info]   g:
[FedML-Client @device-id-0] [Wed, 22 Jul 2026 01:00:05] [INFO] [abstract_scenario.py:31:info]  
[FedML-Client @device-id-0] [Wed, 22 Jul 2026 01:00:05] [INFO] [abstract_scenario.py:31:info] ndarray
[FedML-Client @device-id-0] [Wed, 22 Jul 2026 01:00:05] [INFO] [abstract_scenario.py:31:info]  
[FedML-Client @device-id-0] [Wed, 22 Jul 2026 01:00:05] [INFO] [abstract_scenario.py:31:info] (float64): 
[FedML-Client @device-id-0] [Wed, 22 Jul 2026 01:00:05] [INFO] [abstract_scenario.py:31:info]  
[FedML-Client @device-id-0] [Wed, 22 Jul 2026 01:00:05] [INFO] [abstract_scenario.py:31:info] 10000x1
[FedML-Client @device-id-0] [Wed, 22 Jul 2026 01:00:05] [INFO] [abstract_scenario.py:31:info] 

[FedML-Client @device-id-0] [Wed, 22 Jul 2026 01:00:05] [INFO] [abstract_scenario.py:31:info]   w:
[FedML-Client @device-id-0] [Wed, 22 Jul 2026 01:00:05] [INFO] [abstract_scenario.py:31:info]  
[FedML-Client @device-id-0] [Wed, 22 Jul 2026 01:00:05] [INFO] [abstract_scenario.py:31:info] ndarray
[FedML-Client @device-id-0] [Wed, 22 Jul 2026 01:00:05] [INFO] [abstract_scenario.py:31:info]  
[FedML-Client @device-id-0] [Wed, 22 Jul 2026 01:00:05] [INFO] [abstract_scenario.py:31:info] (float64): 
[FedML-Client @device-id-0] [Wed, 22 Jul 2026 01:00:05] [INFO] [abstract_scenario.py:31:info]  
[FedML-Client @device-id-0] [Wed, 22 Jul 2026 01:00:05] [INFO] [abstract_scenario.py:31:info] 10000x1
[FedML-Client @device-id-0] [Wed, 22 Jul 2026 01:00:05] [INFO] [abstract_scenario.py:31:info] 

[FedML-Client @device-id-0] [Wed, 22 Jul 2026 01:00:05] [INFO] [abstract_scenario.py:116:info] train
[FedML-Client @device-id-0] [Wed, 22 Jul 2026 01:00:05] [INFO] [abstract_scenario.py:116:info] 

[FedML-Client @device-id-0] [Wed, 22 Jul 2026 01:00:05] [INFO] [abstract_scenario.py:31:info]   x:
[FedML-Client @device-id-0] [Wed, 22 Jul 2026 01:00:05] [INFO] [abstract_scenario.py:31:info]  
[FedML-Client @device-id-0] [Wed, 22 Jul 2026 01:00:05] [INFO] [abstract_scenario.py:31:info] ndarray
[FedML-Client @device-id-0] [Wed, 22 Jul 2026 01:00:05] [INFO] [abstract_scenario.py:31:info]  
[FedML-Client @device-id-0] [Wed, 22 Jul 2026 01:00:05] [INFO] [abstract_scenario.py:31:info] (float32): 
[FedML-Client @device-id-0] [Wed, 22 Jul 2026 01:00:05] [INFO] [abstract_scenario.py:31:info]  
[FedML-Client @device-id-0] [Wed, 22 Jul 2026 01:00:05] [INFO] [abstract_scenario.py:31:info] 20000x3x32x32
[FedML-Client @device-id-0] [Wed, 22 Jul 2026 01:00:05] [INFO] [abstract_scenario.py:31:info] 

[FedML-Client @device-id-0] [Wed, 22 Jul 2026 01:00:05] [INFO] [abstract_scenario.py:33:info]       min: -2.43
[FedML-Client @device-id-0] [Wed, 22 Jul 2026 01:00:05] [INFO] [abstract_scenario.py:33:info]  
[FedML-Client @device-id-0] [Wed, 22 Jul 2026 01:00:05] [INFO] [abstract_scenario.py:33:info] , max: 2.75
[FedML-Client @device-id-0] [Wed, 22 Jul 2026 01:00:05] [INFO] [abstract_scenario.py:33:info] 

[FedML-Client @device-id-0] [Wed, 22 Jul 2026 01:00:05] [INFO] [abstract_scenario.py:31:info]   z:
[FedML-Client @device-id-0] [Wed, 22 Jul 2026 01:00:05] [INFO] [abstract_scenario.py:31:info]  
[FedML-Client @device-id-0] [Wed, 22 Jul 2026 01:00:05] [INFO] [abstract_scenario.py:31:info] ndarray
[FedML-Client @device-id-0] [Wed, 22 Jul 2026 01:00:05] [INFO] [abstract_scenario.py:31:info]  
[FedML-Client @device-id-0] [Wed, 22 Jul 2026 01:00:05] [INFO] [abstract_scenario.py:31:info] (float64): 
[FedML-Client @device-id-0] [Wed, 22 Jul 2026 01:00:05] [INFO] [abstract_scenario.py:31:info]  
[FedML-Client @device-id-0] [Wed, 22 Jul 2026 01:00:05] [INFO] [abstract_scenario.py:31:info] 20000x1
[FedML-Client @device-id-0] [Wed, 22 Jul 2026 01:00:05] [INFO] [abstract_scenario.py:31:info] 

[FedML-Client @device-id-0] [Wed, 22 Jul 2026 01:00:05] [INFO] [abstract_scenario.py:33:info]       min: -3.00
[FedML-Client @device-id-0] [Wed, 22 Jul 2026 01:00:05] [INFO] [abstract_scenario.py:33:info]  
[FedML-Client @device-id-0] [Wed, 22 Jul 2026 01:00:05] [INFO] [abstract_scenario.py:33:info] , max: 3.00
[FedML-Client @device-id-0] [Wed, 22 Jul 2026 01:00:05] [INFO] [abstract_scenario.py:33:info] 

[FedML-Client @device-id-0] [Wed, 22 Jul 2026 01:00:05] [INFO] [abstract_scenario.py:31:info]   y:
[FedML-Client @device-id-0] [Wed, 22 Jul 2026 01:00:05] [INFO] [abstract_scenario.py:31:info]  
[FedML-Client @device-id-0] [Wed, 22 Jul 2026 01:00:05] [INFO] [abstract_scenario.py:31:info] ndarray
[FedML-Client @device-id-0] [Wed, 22 Jul 2026 01:00:05] [INFO] [abstract_scenario.py:31:info]  
[FedML-Client @device-id-0] [Wed, 22 Jul 2026 01:00:05] [INFO] [abstract_scenario.py:31:info] (float64): 
[FedML-Client @device-id-0] [Wed, 22 Jul 2026 01:00:05] [INFO] [abstract_scenario.py:31:info]  
[FedML-Client @device-id-0] [Wed, 22 Jul 2026 01:00:05] [INFO] [abstract_scenario.py:31:info] 20000x1
[FedML-Client @device-id-0] [Wed, 22 Jul 2026 01:00:05] [INFO] [abstract_scenario.py:31:info] 

[FedML-Client @device-id-0] [Wed, 22 Jul 2026 01:00:05] [INFO] [abstract_scenario.py:33:info]       min: -3.61
[FedML-Client @device-id-0] [Wed, 22 Jul 2026 01:00:05] [INFO] [abstract_scenario.py:33:info]  
[FedML-Client @device-id-0] [Wed, 22 Jul 2026 01:00:05] [INFO] [abstract_scenario.py:33:info] , max: 5.23
[FedML-Client @device-id-0] [Wed, 22 Jul 2026 01:00:05] [INFO] [abstract_scenario.py:33:info] 

[FedML-Client @device-id-0] [Wed, 22 Jul 2026 01:00:05] [INFO] [abstract_scenario.py:31:info]   g:
[FedML-Client @device-id-0] [Wed, 22 Jul 2026 01:00:05] [INFO] [abstract_scenario.py:31:info]  
[FedML-Client @device-id-0] [Wed, 22 Jul 2026 01:00:05] [INFO] [abstract_scenario.py:31:info] ndarray
[FedML-Client @device-id-0] [Wed, 22 Jul 2026 01:00:05] [INFO] [abstract_scenario.py:31:info]  
[FedML-Client @device-id-0] [Wed, 22 Jul 2026 01:00:05] [INFO] [abstract_scenario.py:31:info] (float64): 
[FedML-Client @device-id-0] [Wed, 22 Jul 2026 01:00:05] [INFO] [abstract_scenario.py:31:info]  
[FedML-Client @device-id-0] [Wed, 22 Jul 2026 01:00:05] [INFO] [abstract_scenario.py:31:info] 20000x1
[FedML-Client @device-id-0] [Wed, 22 Jul 2026 01:00:05] [INFO] [abstract_scenario.py:31:info] 

[FedML-Client @device-id-0] [Wed, 22 Jul 2026 01:00:05] [INFO] [abstract_scenario.py:33:info]       min: -0.73
[FedML-Client @device-id-0] [Wed, 22 Jul 2026 01:00:05] [INFO] [abstract_scenario.py:33:info]  
[FedML-Client @device-id-0] [Wed, 22 Jul 2026 01:00:05] [INFO] [abstract_scenario.py:33:info] , max: 0.73
[FedML-Client @device-id-0] [Wed, 22 Jul 2026 01:00:05] [INFO] [abstract_scenario.py:33:info] 

[FedML-Client @device-id-0] [Wed, 22 Jul 2026 01:00:05] [INFO] [abstract_scenario.py:31:info]   w:
[FedML-Client @device-id-0] [Wed, 22 Jul 2026 01:00:05] [INFO] [abstract_scenario.py:31:info]  
[FedML-Client @device-id-0] [Wed, 22 Jul 2026 01:00:05] [INFO] [abstract_scenario.py:31:info] ndarray
[FedML-Client @device-id-0] [Wed, 22 Jul 2026 01:00:05] [INFO] [abstract_scenario.py:31:info]  
[FedML-Client @device-id-0] [Wed, 22 Jul 2026 01:00:05] [INFO] [abstract_scenario.py:31:info] (float64): 
[FedML-Client @device-id-0] [Wed, 22 Jul 2026 01:00:05] [INFO] [abstract_scenario.py:31:info]  
[FedML-Client @device-id-0] [Wed, 22 Jul 2026 01:00:05] [INFO] [abstract_scenario.py:31:info] 20000x1
[FedML-Client @device-id-0] [Wed, 22 Jul 2026 01:00:05] [INFO] [abstract_scenario.py:31:info] 

[FedML-Client @device-id-0] [Wed, 22 Jul 2026 01:00:05] [INFO] [abstract_scenario.py:33:info]       min: 0.00
[FedML-Client @device-id-0] [Wed, 22 Jul 2026 01:00:05] [INFO] [abstract_scenario.py:33:info]  
[FedML-Client @device-id-0] [Wed, 22 Jul 2026 01:00:05] [INFO] [abstract_scenario.py:33:info] , max: 9.00
[FedML-Client @device-id-0] [Wed, 22 Jul 2026 01:00:05] [INFO] [abstract_scenario.py:33:info] 

[FedML-Client @device-id-0] [Wed, 22 Jul 2026 01:00:05] [INFO] [abstract_scenario.py:116:info] dev
[FedML-Client @device-id-0] [Wed, 22 Jul 2026 01:00:05] [INFO] [abstract_scenario.py:116:info] 

[FedML-Client @device-id-0] [Wed, 22 Jul 2026 01:00:05] [INFO] [abstract_scenario.py:31:info]   x:
[FedML-Client @device-id-0] [Wed, 22 Jul 2026 01:00:05] [INFO] [abstract_scenario.py:31:info]  
[FedML-Client @device-id-0] [Wed, 22 Jul 2026 01:00:05] [INFO] [abstract_scenario.py:31:info] ndarray
[FedML-Client @device-id-0] [Wed, 22 Jul 2026 01:00:05] [INFO] [abstract_scenario.py:31:info]  
[FedML-Client @device-id-0] [Wed, 22 Jul 2026 01:00:05] [INFO] [abstract_scenario.py:31:info] (float32): 
[FedML-Client @device-id-0] [Wed, 22 Jul 2026 01:00:05] [INFO] [abstract_scenario.py:31:info]  
[FedML-Client @device-id-0] [Wed, 22 Jul 2026 01:00:05] [INFO] [abstract_scenario.py:31:info] 10000x3x32x32
[FedML-Client @device-id-0] [Wed, 22 Jul 2026 01:00:05] [INFO] [abstract_scenario.py:31:info] 

[FedML-Client @device-id-0] [Wed, 22 Jul 2026 01:00:05] [INFO] [abstract_scenario.py:31:info]   z:
[FedML-Client @device-id-0] [Wed, 22 Jul 2026 01:00:05] [INFO] [abstract_scenario.py:31:info]  
[FedML-Client @device-id-0] [Wed, 22 Jul 2026 01:00:05] [INFO] [abstract_scenario.py:31:info] ndarray
[FedML-Client @device-id-0] [Wed, 22 Jul 2026 01:00:05] [INFO] [abstract_scenario.py:31:info]  
[FedML-Client @device-id-0] [Wed, 22 Jul 2026 01:00:05] [INFO] [abstract_scenario.py:31:info] (float64): 
[FedML-Client @device-id-0] [Wed, 22 Jul 2026 01:00:05] [INFO] [abstract_scenario.py:31:info]  
[FedML-Client @device-id-0] [Wed, 22 Jul 2026 01:00:05] [INFO] [abstract_scenario.py:31:info] 10000x1
[FedML-Client @device-id-0] [Wed, 22 Jul 2026 01:00:05] [INFO] [abstract_scenario.py:31:info] 

[FedML-Client @device-id-0] [Wed, 22 Jul 2026 01:00:05] [INFO] [abstract_scenario.py:31:info]   y:
[FedML-Client @device-id-0] [Wed, 22 Jul 2026 01:00:05] [INFO] [abstract_scenario.py:31:info]  
[FedML-Client @device-id-0] [Wed, 22 Jul 2026 01:00:05] [INFO] [abstract_scenario.py:31:info] ndarray
[FedML-Client @device-id-0] [Wed, 22 Jul 2026 01:00:05] [INFO] [abstract_scenario.py:31:info]  
[FedML-Client @device-id-0] [Wed, 22 Jul 2026 01:00:05] [INFO] [abstract_scenario.py:31:info] (float64): 
[FedML-Client @device-id-0] [Wed, 22 Jul 2026 01:00:05] [INFO] [abstract_scenario.py:31:info]  
[FedML-Client @device-id-0] [Wed, 22 Jul 2026 01:00:05] [INFO] [abstract_scenario.py:31:info] 10000x1
[FedML-Client @device-id-0] [Wed, 22 Jul 2026 01:00:05] [INFO] [abstract_scenario.py:31:info] 

[FedML-Client @device-id-0] [Wed, 22 Jul 2026 01:00:05] [INFO] [abstract_scenario.py:31:info]   g:
[FedML-Client @device-id-0] [Wed, 22 Jul 2026 01:00:05] [INFO] [abstract_scenario.py:31:info]  
[FedML-Client @device-id-0] [Wed, 22 Jul 2026 01:00:05] [INFO] [abstract_scenario.py:31:info] ndarray
[FedML-Client @device-id-0] [Wed, 22 Jul 2026 01:00:05] [INFO] [abstract_scenario.py:31:info]  
[FedML-Client @device-id-0] [Wed, 22 Jul 2026 01:00:05] [INFO] [abstract_scenario.py:31:info] (float64): 
[FedML-Client @device-id-0] [Wed, 22 Jul 2026 01:00:05] [INFO] [abstract_scenario.py:31:info]  
[FedML-Client @device-id-0] [Wed, 22 Jul 2026 01:00:05] [INFO] [abstract_scenario.py:31:info] 10000x1
[FedML-Client @device-id-0] [Wed, 22 Jul 2026 01:00:05] [INFO] [abstract_scenario.py:31:info] 

[FedML-Client @device-id-0] [Wed, 22 Jul 2026 01:00:05] [INFO] [abstract_scenario.py:31:info]   w:
[FedML-Client @device-id-0] [Wed, 22 Jul 2026 01:00:05] [INFO] [abstract_scenario.py:31:info]  
[FedML-Client @device-id-0] [Wed, 22 Jul 2026 01:00:05] [INFO] [abstract_scenario.py:31:info] ndarray
[FedML-Client @device-id-0] [Wed, 22 Jul 2026 01:00:05] [INFO] [abstract_scenario.py:31:info]  
[FedML-Client @device-id-0] [Wed, 22 Jul 2026 01:00:05] [INFO] [abstract_scenario.py:31:info] (float64): 
[FedML-Client @device-id-0] [Wed, 22 Jul 2026 01:00:05] [INFO] [abstract_scenario.py:31:info]  
[FedML-Client @device-id-0] [Wed, 22 Jul 2026 01:00:05] [INFO] [abstract_scenario.py:31:info] 10000x1
[FedML-Client @device-id-0] [Wed, 22 Jul 2026 01:00:05] [INFO] [abstract_scenario.py:31:info] 

[FedML-Client @device-id-0] [Wed, 22 Jul 2026 01:00:05] [INFO] [model_hub.py:25:create] create_model. model_name = lr, output_dim = None, dataset = cifar10_x
[FedML-Client @device-id-0] [Wed, 22 Jul 2026 01:00:06] [INFO] [fedavg_api.py:231:__init__] model = [[CIFAR10CNN(
  (cnn): Sequential(
    (0): Conv2d(3, 32, kernel_size=(3, 3), stride=(1, 1), padding=(1, 1))
    (1): LeakyReLU(negative_slope=0.01)
    (2): MaxPool2d(kernel_size=2, stride=2, padding=0, dilation=1, ceil_mode=False)
    (3): Dropout(p=0.0, inplace=False)
    (4): Conv2d(32, 64, kernel_size=(3, 3), stride=(1, 1), padding=(2, 2))
    (5): LeakyReLU(negative_slope=0.01)
    (6): MaxPool2d(kernel_size=2, stride=2, padding=0, dilation=1, ceil_mode=False)
    (7): Dropout(p=0.0, inplace=False)
  )
  (linear_1): Linear(in_features=5184, out_features=200, bias=True)
  (linear_2): Linear(in_features=200, out_features=10, bias=True)
  (linear_3): Linear(in_features=10, out_features=1, bias=True)
  (bn): BatchNorm1d(10, eps=1e-05, momentum=0.1, affine=True, track_running_stats=True)
)], [MLPModel(
  (model): Sequential(
    (0): Linear(in_features=1, out_features=20, bias=True)
    (1): LeakyReLU(negative_slope=0.01)
    (2): Linear(in_features=20, out_features=1, bias=True)
  )
)], [CIFAR10CNN(
  (cnn): Sequential(
    (0): Conv2d(3, 32, kernel_size=(3, 3), stride=(1, 1), padding=(1, 1))
    (1): LeakyReLU(negative_slope=0.01)
    (2): MaxPool2d(kernel_size=2, stride=2, padding=0, dilation=1, ceil_mode=False)
    (3): Dropout(p=0.0, inplace=False)
    (4): Conv2d(32, 64, kernel_size=(3, 3), stride=(1, 1), padding=(2, 2))
    (5): LeakyReLU(negative_slope=0.01)
    (6): MaxPool2d(kernel_size=2, stride=2, padding=0, dilation=1, ceil_mode=False)
    (7): Dropout(p=0.0, inplace=False)
  )
  (linear_1): Linear(in_features=5184, out_features=200, bias=True)
  (linear_2): Linear(in_features=200, out_features=10, bias=True)
  (linear_3): Linear(in_features=10, out_features=1, bias=True)
  (bn): BatchNorm1d(10, eps=1e-05, momentum=0.1, affine=True, track_running_stats=True)
)]]
[FedML-Client @device-id-0] [Wed, 22 Jul 2026 01:00:06] [INFO] [model_selection_class.py:41:do_model_selection] starting learning args eval 0
[FedML-Client @device-id-0] [Wed, 22 Jul 2026 01:00:06] [INFO] [model_selection_class.py:41:do_model_selection] 

[FedML-Client @device-id-0] [Wed, 22 Jul 2026 01:01:53] [INFO] [model_selection_class.py:71:do_model_selection] learning eval:
[FedML-Client @device-id-0] [Wed, 22 Jul 2026 01:01:53] [INFO] [model_selection_class.py:71:do_model_selection]  
[FedML-Client @device-id-0] [Wed, 22 Jul 2026 01:01:53] [INFO] [model_selection_class.py:71:do_model_selection] -0.0027081307891354553
[FedML-Client @device-id-0] [Wed, 22 Jul 2026 01:01:53] [INFO] [model_selection_class.py:71:do_model_selection]  
[FedML-Client @device-id-0] [Wed, 22 Jul 2026 01:01:53] [INFO] [model_selection_class.py:71:do_model_selection] OptimalObjective::lambda_1=0.100000
[FedML-Client @device-id-0] [Wed, 22 Jul 2026 01:01:53] [INFO] [model_selection_class.py:71:do_model_selection]  
[FedML-Client @device-id-0] [Wed, 22 Jul 2026 01:01:53] [INFO] [model_selection_class.py:71:do_model_selection] CustomSGD:::'lr'=0.003:'momentum'=0.0
[FedML-Client @device-id-0] [Wed, 22 Jul 2026 01:01:53] [INFO] [model_selection_class.py:71:do_model_selection]  
[FedML-Client @device-id-0] [Wed, 22 Jul 2026 01:01:53] [INFO] [model_selection_class.py:71:do_model_selection] CustomSGD:::'lr'=0.003:'momentum'=0.0
[FedML-Client @device-id-0] [Wed, 22 Jul 2026 01:01:53] [INFO] [model_selection_class.py:71:do_model_selection] 

[FedML-Client @device-id-0] [Wed, 22 Jul 2026 01:01:53] [INFO] [model_selection_class.py:90:do_model_selection] size of f_z collection:
[FedML-Client @device-id-0] [Wed, 22 Jul 2026 01:01:53] [INFO] [model_selection_class.py:90:do_model_selection]  
[FedML-Client @device-id-0] [Wed, 22 Jul 2026 01:01:53] [INFO] [model_selection_class.py:90:do_model_selection] 120
[FedML-Client @device-id-0] [Wed, 22 Jul 2026 01:01:53] [INFO] [model_selection_class.py:90:do_model_selection] 

[FedML-Client @device-id-0] [Wed, 22 Jul 2026 01:01:53] [INFO] [fedavg_api.py:468:_setup_clients] ############setup_clients (START)#############
[FedML-Client @device-id-0] [Wed, 22 Jul 2026 01:01:53] [INFO] [fedavg_api.py:485:_setup_clients] ############setup_clients (END)#############
[FedML-Client @device-id-0] [Wed, 22 Jul 2026 01:17:06] [INFO] [fedavg_api.py:850:train] MSE on test ------------------------------>>>>>>>>>>>>>>>>>>
[FedML-Client @device-id-0] [Wed, 22 Jul 2026 01:17:06] [INFO] [fedavg_api.py:850:train]  
[FedML-Client @device-id-0] [Wed, 22 Jul 2026 01:17:06] [INFO] [fedavg_api.py:850:train] 0.18111789142777815
[FedML-Client @device-id-0] [Wed, 22 Jul 2026 01:17:06] [INFO] [fedavg_api.py:850:train] 

DEBUG: Calling fedml.init()...
/home/arnav22103/FederatedDeepGMM/fedgmm/sp_decentralized_mnist_lr_example/fedml/computing/scheduler/comm_utils/sys_utils.py:16: UserWarning: pkg_resources is deprecated as an API. See https://setuptools.pypa.io/en/latest/pkg_resources.html. The pkg_resources package is slated for removal as early as 2025-11-30. Refrain from using this package or pin to Setuptools<81.
  from pkg_resources import parse_version
[FedML-Client @device-id-0] [Wed, 22 Jul 2026 01:17:15] [INFO] [__init__.py:163:init] args.rank = 0, args.worker_num = 10
[FedML-Client @device-id-0] [Wed, 22 Jul 2026 01:17:15] [INFO] [main.py:14:<module>] DEBUG: fedml.init() successful.
[FedML-Client @device-id-0] [Wed, 22 Jul 2026 01:17:15] [INFO] [main.py:14:<module>] 

[FedML-Client @device-id-0] [Wed, 22 Jul 2026 01:17:15] [INFO] [ml_engine_adapter.py:147:get_torch_device] args = <fedml.arguments.Arguments object at 0x720297617f70>, using_gpu = True, device_id = 0, device_type = gpu
[FedML-Client @device-id-0] [Wed, 22 Jul 2026 01:17:15] [INFO] [device.py:48:get_device] device = cuda:0
[FedML-Client @device-id-0] [Wed, 22 Jul 2026 01:17:15] [INFO] [data_loader.py:669:load_synthetic_data] load_data. dataset_name = cifar10_xz
[FedML-Client @device-id-0] [Wed, 22 Jul 2026 01:17:16] [INFO] [abstract_scenario.py:116:info] test
[FedML-Client @device-id-0] [Wed, 22 Jul 2026 01:17:16] [INFO] [abstract_scenario.py:116:info] 

[FedML-Client @device-id-0] [Wed, 22 Jul 2026 01:17:16] [INFO] [abstract_scenario.py:31:info]   x:
[FedML-Client @device-id-0] [Wed, 22 Jul 2026 01:17:16] [INFO] [abstract_scenario.py:31:info]  
[FedML-Client @device-id-0] [Wed, 22 Jul 2026 01:17:16] [INFO] [abstract_scenario.py:31:info] ndarray
[FedML-Client @device-id-0] [Wed, 22 Jul 2026 01:17:16] [INFO] [abstract_scenario.py:31:info]  
[FedML-Client @device-id-0] [Wed, 22 Jul 2026 01:17:16] [INFO] [abstract_scenario.py:31:info] (float32): 
[FedML-Client @device-id-0] [Wed, 22 Jul 2026 01:17:16] [INFO] [abstract_scenario.py:31:info]  
[FedML-Client @device-id-0] [Wed, 22 Jul 2026 01:17:16] [INFO] [abstract_scenario.py:31:info] 10000x3x32x32
[FedML-Client @device-id-0] [Wed, 22 Jul 2026 01:17:16] [INFO] [abstract_scenario.py:31:info] 

[FedML-Client @device-id-0] [Wed, 22 Jul 2026 01:17:16] [INFO] [abstract_scenario.py:31:info]   z:
[FedML-Client @device-id-0] [Wed, 22 Jul 2026 01:17:16] [INFO] [abstract_scenario.py:31:info]  
[FedML-Client @device-id-0] [Wed, 22 Jul 2026 01:17:16] [INFO] [abstract_scenario.py:31:info] ndarray
[FedML-Client @device-id-0] [Wed, 22 Jul 2026 01:17:16] [INFO] [abstract_scenario.py:31:info]  
[FedML-Client @device-id-0] [Wed, 22 Jul 2026 01:17:16] [INFO] [abstract_scenario.py:31:info] (float32): 
[FedML-Client @device-id-0] [Wed, 22 Jul 2026 01:17:16] [INFO] [abstract_scenario.py:31:info]  
[FedML-Client @device-id-0] [Wed, 22 Jul 2026 01:17:16] [INFO] [abstract_scenario.py:31:info] 10000x3x32x32
[FedML-Client @device-id-0] [Wed, 22 Jul 2026 01:17:16] [INFO] [abstract_scenario.py:31:info] 

[FedML-Client @device-id-0] [Wed, 22 Jul 2026 01:17:16] [INFO] [abstract_scenario.py:31:info]   y:
[FedML-Client @device-id-0] [Wed, 22 Jul 2026 01:17:16] [INFO] [abstract_scenario.py:31:info]  
[FedML-Client @device-id-0] [Wed, 22 Jul 2026 01:17:16] [INFO] [abstract_scenario.py:31:info] ndarray
[FedML-Client @device-id-0] [Wed, 22 Jul 2026 01:17:16] [INFO] [abstract_scenario.py:31:info]  
[FedML-Client @device-id-0] [Wed, 22 Jul 2026 01:17:16] [INFO] [abstract_scenario.py:31:info] (float64): 
[FedML-Client @device-id-0] [Wed, 22 Jul 2026 01:17:16] [INFO] [abstract_scenario.py:31:info]  
[FedML-Client @device-id-0] [Wed, 22 Jul 2026 01:17:16] [INFO] [abstract_scenario.py:31:info] 10000x1
[FedML-Client @device-id-0] [Wed, 22 Jul 2026 01:17:16] [INFO] [abstract_scenario.py:31:info] 

[FedML-Client @device-id-0] [Wed, 22 Jul 2026 01:17:16] [INFO] [abstract_scenario.py:31:info]   g:
[FedML-Client @device-id-0] [Wed, 22 Jul 2026 01:17:16] [INFO] [abstract_scenario.py:31:info]  
[FedML-Client @device-id-0] [Wed, 22 Jul 2026 01:17:16] [INFO] [abstract_scenario.py:31:info] ndarray
[FedML-Client @device-id-0] [Wed, 22 Jul 2026 01:17:16] [INFO] [abstract_scenario.py:31:info]  
[FedML-Client @device-id-0] [Wed, 22 Jul 2026 01:17:16] [INFO] [abstract_scenario.py:31:info] (float64): 
[FedML-Client @device-id-0] [Wed, 22 Jul 2026 01:17:16] [INFO] [abstract_scenario.py:31:info]  
[FedML-Client @device-id-0] [Wed, 22 Jul 2026 01:17:16] [INFO] [abstract_scenario.py:31:info] 10000x1
[FedML-Client @device-id-0] [Wed, 22 Jul 2026 01:17:16] [INFO] [abstract_scenario.py:31:info] 

[FedML-Client @device-id-0] [Wed, 22 Jul 2026 01:17:16] [INFO] [abstract_scenario.py:31:info]   w:
[FedML-Client @device-id-0] [Wed, 22 Jul 2026 01:17:16] [INFO] [abstract_scenario.py:31:info]  
[FedML-Client @device-id-0] [Wed, 22 Jul 2026 01:17:16] [INFO] [abstract_scenario.py:31:info] ndarray
[FedML-Client @device-id-0] [Wed, 22 Jul 2026 01:17:16] [INFO] [abstract_scenario.py:31:info]  
[FedML-Client @device-id-0] [Wed, 22 Jul 2026 01:17:16] [INFO] [abstract_scenario.py:31:info] (float64): 
[FedML-Client @device-id-0] [Wed, 22 Jul 2026 01:17:16] [INFO] [abstract_scenario.py:31:info]  
[FedML-Client @device-id-0] [Wed, 22 Jul 2026 01:17:16] [INFO] [abstract_scenario.py:31:info] 10000x1
[FedML-Client @device-id-0] [Wed, 22 Jul 2026 01:17:16] [INFO] [abstract_scenario.py:31:info] 

[FedML-Client @device-id-0] [Wed, 22 Jul 2026 01:17:16] [INFO] [abstract_scenario.py:116:info] train
[FedML-Client @device-id-0] [Wed, 22 Jul 2026 01:17:16] [INFO] [abstract_scenario.py:116:info] 

[FedML-Client @device-id-0] [Wed, 22 Jul 2026 01:17:16] [INFO] [abstract_scenario.py:31:info]   x:
[FedML-Client @device-id-0] [Wed, 22 Jul 2026 01:17:16] [INFO] [abstract_scenario.py:31:info]  
[FedML-Client @device-id-0] [Wed, 22 Jul 2026 01:17:16] [INFO] [abstract_scenario.py:31:info] ndarray
[FedML-Client @device-id-0] [Wed, 22 Jul 2026 01:17:16] [INFO] [abstract_scenario.py:31:info]  
[FedML-Client @device-id-0] [Wed, 22 Jul 2026 01:17:16] [INFO] [abstract_scenario.py:31:info] (float32): 
[FedML-Client @device-id-0] [Wed, 22 Jul 2026 01:17:16] [INFO] [abstract_scenario.py:31:info]  
[FedML-Client @device-id-0] [Wed, 22 Jul 2026 01:17:16] [INFO] [abstract_scenario.py:31:info] 20000x3x32x32
[FedML-Client @device-id-0] [Wed, 22 Jul 2026 01:17:16] [INFO] [abstract_scenario.py:31:info] 

[FedML-Client @device-id-0] [Wed, 22 Jul 2026 01:17:16] [INFO] [abstract_scenario.py:33:info]       min: -2.43
[FedML-Client @device-id-0] [Wed, 22 Jul 2026 01:17:16] [INFO] [abstract_scenario.py:33:info]  
[FedML-Client @device-id-0] [Wed, 22 Jul 2026 01:17:16] [INFO] [abstract_scenario.py:33:info] , max: 2.75
[FedML-Client @device-id-0] [Wed, 22 Jul 2026 01:17:16] [INFO] [abstract_scenario.py:33:info] 

[FedML-Client @device-id-0] [Wed, 22 Jul 2026 01:17:16] [INFO] [abstract_scenario.py:31:info]   z:
[FedML-Client @device-id-0] [Wed, 22 Jul 2026 01:17:16] [INFO] [abstract_scenario.py:31:info]  
[FedML-Client @device-id-0] [Wed, 22 Jul 2026 01:17:16] [INFO] [abstract_scenario.py:31:info] ndarray
[FedML-Client @device-id-0] [Wed, 22 Jul 2026 01:17:16] [INFO] [abstract_scenario.py:31:info]  
[FedML-Client @device-id-0] [Wed, 22 Jul 2026 01:17:16] [INFO] [abstract_scenario.py:31:info] (float32): 
[FedML-Client @device-id-0] [Wed, 22 Jul 2026 01:17:16] [INFO] [abstract_scenario.py:31:info]  
[FedML-Client @device-id-0] [Wed, 22 Jul 2026 01:17:16] [INFO] [abstract_scenario.py:31:info] 20000x3x32x32
[FedML-Client @device-id-0] [Wed, 22 Jul 2026 01:17:16] [INFO] [abstract_scenario.py:31:info] 

[FedML-Client @device-id-0] [Wed, 22 Jul 2026 01:17:16] [INFO] [abstract_scenario.py:33:info]       min: -2.43
[FedML-Client @device-id-0] [Wed, 22 Jul 2026 01:17:16] [INFO] [abstract_scenario.py:33:info]  
[FedML-Client @device-id-0] [Wed, 22 Jul 2026 01:17:16] [INFO] [abstract_scenario.py:33:info] , max: 2.75
[FedML-Client @device-id-0] [Wed, 22 Jul 2026 01:17:16] [INFO] [abstract_scenario.py:33:info] 

[FedML-Client @device-id-0] [Wed, 22 Jul 2026 01:17:16] [INFO] [abstract_scenario.py:31:info]   y:
[FedML-Client @device-id-0] [Wed, 22 Jul 2026 01:17:16] [INFO] [abstract_scenario.py:31:info]  
[FedML-Client @device-id-0] [Wed, 22 Jul 2026 01:17:16] [INFO] [abstract_scenario.py:31:info] ndarray
[FedML-Client @device-id-0] [Wed, 22 Jul 2026 01:17:16] [INFO] [abstract_scenario.py:31:info]  
[FedML-Client @device-id-0] [Wed, 22 Jul 2026 01:17:16] [INFO] [abstract_scenario.py:31:info] (float64): 
[FedML-Client @device-id-0] [Wed, 22 Jul 2026 01:17:16] [INFO] [abstract_scenario.py:31:info]  
[FedML-Client @device-id-0] [Wed, 22 Jul 2026 01:17:16] [INFO] [abstract_scenario.py:31:info] 20000x1
[FedML-Client @device-id-0] [Wed, 22 Jul 2026 01:17:16] [INFO] [abstract_scenario.py:31:info] 

[FedML-Client @device-id-0] [Wed, 22 Jul 2026 01:17:16] [INFO] [abstract_scenario.py:33:info]       min: -3.61
[FedML-Client @device-id-0] [Wed, 22 Jul 2026 01:17:16] [INFO] [abstract_scenario.py:33:info]  
[FedML-Client @device-id-0] [Wed, 22 Jul 2026 01:17:16] [INFO] [abstract_scenario.py:33:info] , max: 5.23
[FedML-Client @device-id-0] [Wed, 22 Jul 2026 01:17:16] [INFO] [abstract_scenario.py:33:info] 

[FedML-Client @device-id-0] [Wed, 22 Jul 2026 01:17:16] [INFO] [abstract_scenario.py:31:info]   g:
[FedML-Client @device-id-0] [Wed, 22 Jul 2026 01:17:16] [INFO] [abstract_scenario.py:31:info]  
[FedML-Client @device-id-0] [Wed, 22 Jul 2026 01:17:16] [INFO] [abstract_scenario.py:31:info] ndarray
[FedML-Client @device-id-0] [Wed, 22 Jul 2026 01:17:16] [INFO] [abstract_scenario.py:31:info]  
[FedML-Client @device-id-0] [Wed, 22 Jul 2026 01:17:16] [INFO] [abstract_scenario.py:31:info] (float64): 
[FedML-Client @device-id-0] [Wed, 22 Jul 2026 01:17:16] [INFO] [abstract_scenario.py:31:info]  
[FedML-Client @device-id-0] [Wed, 22 Jul 2026 01:17:16] [INFO] [abstract_scenario.py:31:info] 20000x1
[FedML-Client @device-id-0] [Wed, 22 Jul 2026 01:17:16] [INFO] [abstract_scenario.py:31:info] 

[FedML-Client @device-id-0] [Wed, 22 Jul 2026 01:17:16] [INFO] [abstract_scenario.py:33:info]       min: -0.73
[FedML-Client @device-id-0] [Wed, 22 Jul 2026 01:17:16] [INFO] [abstract_scenario.py:33:info]  
[FedML-Client @device-id-0] [Wed, 22 Jul 2026 01:17:16] [INFO] [abstract_scenario.py:33:info] , max: 0.73
[FedML-Client @device-id-0] [Wed, 22 Jul 2026 01:17:16] [INFO] [abstract_scenario.py:33:info] 

[FedML-Client @device-id-0] [Wed, 22 Jul 2026 01:17:16] [INFO] [abstract_scenario.py:31:info]   w:
[FedML-Client @device-id-0] [Wed, 22 Jul 2026 01:17:16] [INFO] [abstract_scenario.py:31:info]  
[FedML-Client @device-id-0] [Wed, 22 Jul 2026 01:17:16] [INFO] [abstract_scenario.py:31:info] ndarray
[FedML-Client @device-id-0] [Wed, 22 Jul 2026 01:17:16] [INFO] [abstract_scenario.py:31:info]  
[FedML-Client @device-id-0] [Wed, 22 Jul 2026 01:17:16] [INFO] [abstract_scenario.py:31:info] (float64): 
[FedML-Client @device-id-0] [Wed, 22 Jul 2026 01:17:16] [INFO] [abstract_scenario.py:31:info]  
[FedML-Client @device-id-0] [Wed, 22 Jul 2026 01:17:16] [INFO] [abstract_scenario.py:31:info] 20000x1
[FedML-Client @device-id-0] [Wed, 22 Jul 2026 01:17:16] [INFO] [abstract_scenario.py:31:info] 

[FedML-Client @device-id-0] [Wed, 22 Jul 2026 01:17:16] [INFO] [abstract_scenario.py:33:info]       min: 0.00
[FedML-Client @device-id-0] [Wed, 22 Jul 2026 01:17:16] [INFO] [abstract_scenario.py:33:info]  
[FedML-Client @device-id-0] [Wed, 22 Jul 2026 01:17:16] [INFO] [abstract_scenario.py:33:info] , max: 9.00
[FedML-Client @device-id-0] [Wed, 22 Jul 2026 01:17:16] [INFO] [abstract_scenario.py:33:info] 

[FedML-Client @device-id-0] [Wed, 22 Jul 2026 01:17:16] [INFO] [abstract_scenario.py:116:info] dev
[FedML-Client @device-id-0] [Wed, 22 Jul 2026 01:17:16] [INFO] [abstract_scenario.py:116:info] 

[FedML-Client @device-id-0] [Wed, 22 Jul 2026 01:17:16] [INFO] [abstract_scenario.py:31:info]   x:
[FedML-Client @device-id-0] [Wed, 22 Jul 2026 01:17:16] [INFO] [abstract_scenario.py:31:info]  
[FedML-Client @device-id-0] [Wed, 22 Jul 2026 01:17:16] [INFO] [abstract_scenario.py:31:info] ndarray
[FedML-Client @device-id-0] [Wed, 22 Jul 2026 01:17:16] [INFO] [abstract_scenario.py:31:info]  
[FedML-Client @device-id-0] [Wed, 22 Jul 2026 01:17:16] [INFO] [abstract_scenario.py:31:info] (float32): 
[FedML-Client @device-id-0] [Wed, 22 Jul 2026 01:17:16] [INFO] [abstract_scenario.py:31:info]  
[FedML-Client @device-id-0] [Wed, 22 Jul 2026 01:17:16] [INFO] [abstract_scenario.py:31:info] 10000x3x32x32
[FedML-Client @device-id-0] [Wed, 22 Jul 2026 01:17:16] [INFO] [abstract_scenario.py:31:info] 

[FedML-Client @device-id-0] [Wed, 22 Jul 2026 01:17:16] [INFO] [abstract_scenario.py:31:info]   z:
[FedML-Client @device-id-0] [Wed, 22 Jul 2026 01:17:16] [INFO] [abstract_scenario.py:31:info]  
[FedML-Client @device-id-0] [Wed, 22 Jul 2026 01:17:16] [INFO] [abstract_scenario.py:31:info] ndarray
[FedML-Client @device-id-0] [Wed, 22 Jul 2026 01:17:16] [INFO] [abstract_scenario.py:31:info]  
[FedML-Client @device-id-0] [Wed, 22 Jul 2026 01:17:16] [INFO] [abstract_scenario.py:31:info] (float32): 
[FedML-Client @device-id-0] [Wed, 22 Jul 2026 01:17:16] [INFO] [abstract_scenario.py:31:info]  
[FedML-Client @device-id-0] [Wed, 22 Jul 2026 01:17:16] [INFO] [abstract_scenario.py:31:info] 10000x3x32x32
[FedML-Client @device-id-0] [Wed, 22 Jul 2026 01:17:16] [INFO] [abstract_scenario.py:31:info] 

[FedML-Client @device-id-0] [Wed, 22 Jul 2026 01:17:16] [INFO] [abstract_scenario.py:31:info]   y:
[FedML-Client @device-id-0] [Wed, 22 Jul 2026 01:17:16] [INFO] [abstract_scenario.py:31:info]  
[FedML-Client @device-id-0] [Wed, 22 Jul 2026 01:17:16] [INFO] [abstract_scenario.py:31:info] ndarray
[FedML-Client @device-id-0] [Wed, 22 Jul 2026 01:17:16] [INFO] [abstract_scenario.py:31:info]  
[FedML-Client @device-id-0] [Wed, 22 Jul 2026 01:17:16] [INFO] [abstract_scenario.py:31:info] (float64): 
[FedML-Client @device-id-0] [Wed, 22 Jul 2026 01:17:16] [INFO] [abstract_scenario.py:31:info]  
[FedML-Client @device-id-0] [Wed, 22 Jul 2026 01:17:16] [INFO] [abstract_scenario.py:31:info] 10000x1
[FedML-Client @device-id-0] [Wed, 22 Jul 2026 01:17:16] [INFO] [abstract_scenario.py:31:info] 

[FedML-Client @device-id-0] [Wed, 22 Jul 2026 01:17:16] [INFO] [abstract_scenario.py:31:info]   g:
[FedML-Client @device-id-0] [Wed, 22 Jul 2026 01:17:16] [INFO] [abstract_scenario.py:31:info]  
[FedML-Client @device-id-0] [Wed, 22 Jul 2026 01:17:16] [INFO] [abstract_scenario.py:31:info] ndarray
[FedML-Client @device-id-0] [Wed, 22 Jul 2026 01:17:16] [INFO] [abstract_scenario.py:31:info]  
[FedML-Client @device-id-0] [Wed, 22 Jul 2026 01:17:16] [INFO] [abstract_scenario.py:31:info] (float64): 
[FedML-Client @device-id-0] [Wed, 22 Jul 2026 01:17:16] [INFO] [abstract_scenario.py:31:info]  
[FedML-Client @device-id-0] [Wed, 22 Jul 2026 01:17:16] [INFO] [abstract_scenario.py:31:info] 10000x1
[FedML-Client @device-id-0] [Wed, 22 Jul 2026 01:17:16] [INFO] [abstract_scenario.py:31:info] 

[FedML-Client @device-id-0] [Wed, 22 Jul 2026 01:17:16] [INFO] [abstract_scenario.py:31:info]   w:
[FedML-Client @device-id-0] [Wed, 22 Jul 2026 01:17:16] [INFO] [abstract_scenario.py:31:info]  
[FedML-Client @device-id-0] [Wed, 22 Jul 2026 01:17:16] [INFO] [abstract_scenario.py:31:info] ndarray
[FedML-Client @device-id-0] [Wed, 22 Jul 2026 01:17:16] [INFO] [abstract_scenario.py:31:info]  
[FedML-Client @device-id-0] [Wed, 22 Jul 2026 01:17:16] [INFO] [abstract_scenario.py:31:info] (float64): 
[FedML-Client @device-id-0] [Wed, 22 Jul 2026 01:17:16] [INFO] [abstract_scenario.py:31:info]  
[FedML-Client @device-id-0] [Wed, 22 Jul 2026 01:17:16] [INFO] [abstract_scenario.py:31:info] 10000x1
[FedML-Client @device-id-0] [Wed, 22 Jul 2026 01:17:16] [INFO] [abstract_scenario.py:31:info] 

[FedML-Client @device-id-0] [Wed, 22 Jul 2026 01:17:16] [INFO] [model_hub.py:25:create] create_model. model_name = lr, output_dim = None, dataset = cifar10_xz
[FedML-Client @device-id-0] [Wed, 22 Jul 2026 01:17:17] [INFO] [fedavg_api.py:231:__init__] model = [[CIFAR10CNN(
  (cnn): Sequential(
    (0): Conv2d(3, 32, kernel_size=(3, 3), stride=(1, 1), padding=(1, 1))
    (1): LeakyReLU(negative_slope=0.01)
    (2): MaxPool2d(kernel_size=2, stride=2, padding=0, dilation=1, ceil_mode=False)
    (3): Dropout(p=0.0, inplace=False)
    (4): Conv2d(32, 64, kernel_size=(3, 3), stride=(1, 1), padding=(2, 2))
    (5): LeakyReLU(negative_slope=0.01)
    (6): MaxPool2d(kernel_size=2, stride=2, padding=0, dilation=1, ceil_mode=False)
    (7): Dropout(p=0.0, inplace=False)
  )
  (linear_1): Linear(in_features=5184, out_features=200, bias=True)
  (linear_2): Linear(in_features=200, out_features=10, bias=True)
  (linear_3): Linear(in_features=10, out_features=1, bias=True)
  (bn): BatchNorm1d(10, eps=1e-05, momentum=0.1, affine=True, track_running_stats=True)
)], [CIFAR10CNN(
  (cnn): Sequential(
    (0): Conv2d(3, 32, kernel_size=(3, 3), stride=(1, 1), padding=(1, 1))
    (1): LeakyReLU(negative_slope=0.01)
    (2): MaxPool2d(kernel_size=2, stride=2, padding=0, dilation=1, ceil_mode=False)
    (3): Dropout(p=0.0, inplace=False)
    (4): Conv2d(32, 64, kernel_size=(3, 3), stride=(1, 1), padding=(2, 2))
    (5): LeakyReLU(negative_slope=0.01)
    (6): MaxPool2d(kernel_size=2, stride=2, padding=0, dilation=1, ceil_mode=False)
    (7): Dropout(p=0.0, inplace=False)
  )
  (linear_1): Linear(in_features=5184, out_features=200, bias=True)
  (linear_2): Linear(in_features=200, out_features=10, bias=True)
  (linear_3): Linear(in_features=10, out_features=1, bias=True)
  (bn): BatchNorm1d(10, eps=1e-05, momentum=0.1, affine=True, track_running_stats=True)
)], [CIFAR10CNN(
  (cnn): Sequential(
    (0): Conv2d(3, 32, kernel_size=(3, 3), stride=(1, 1), padding=(1, 1))
    (1): LeakyReLU(negative_slope=0.01)
    (2): MaxPool2d(kernel_size=2, stride=2, padding=0, dilation=1, ceil_mode=False)
    (3): Dropout(p=0.0, inplace=False)
    (4): Conv2d(32, 64, kernel_size=(3, 3), stride=(1, 1), padding=(2, 2))
    (5): LeakyReLU(negative_slope=0.01)
    (6): MaxPool2d(kernel_size=2, stride=2, padding=0, dilation=1, ceil_mode=False)
    (7): Dropout(p=0.0, inplace=False)
  )
  (linear_1): Linear(in_features=5184, out_features=200, bias=True)
  (linear_2): Linear(in_features=200, out_features=10, bias=True)
  (linear_3): Linear(in_features=10, out_features=1, bias=True)
  (bn): BatchNorm1d(10, eps=1e-05, momentum=0.1, affine=True, track_running_stats=True)
)]]
[FedML-Client @device-id-0] [Wed, 22 Jul 2026 01:17:17] [INFO] [model_selection_class.py:41:do_model_selection] starting learning args eval 0
[FedML-Client @device-id-0] [Wed, 22 Jul 2026 01:17:17] [INFO] [model_selection_class.py:41:do_model_selection] 

[FedML-Client @device-id-0] [Wed, 22 Jul 2026 01:20:38] [INFO] [model_selection_class.py:71:do_model_selection] learning eval:
[FedML-Client @device-id-0] [Wed, 22 Jul 2026 01:20:38] [INFO] [model_selection_class.py:71:do_model_selection]  
[FedML-Client @device-id-0] [Wed, 22 Jul 2026 01:20:38] [INFO] [model_selection_class.py:71:do_model_selection] -0.017404212727837456
[FedML-Client @device-id-0] [Wed, 22 Jul 2026 01:20:38] [INFO] [model_selection_class.py:71:do_model_selection]  
[FedML-Client @device-id-0] [Wed, 22 Jul 2026 01:20:38] [INFO] [model_selection_class.py:71:do_model_selection] OptimalObjective::lambda_1=0.100000
[FedML-Client @device-id-0] [Wed, 22 Jul 2026 01:20:38] [INFO] [model_selection_class.py:71:do_model_selection]  
[FedML-Client @device-id-0] [Wed, 22 Jul 2026 01:20:38] [INFO] [model_selection_class.py:71:do_model_selection] OGDA:::'lr'=0.003
[FedML-Client @device-id-0] [Wed, 22 Jul 2026 01:20:38] [INFO] [model_selection_class.py:71:do_model_selection]  
[FedML-Client @device-id-0] [Wed, 22 Jul 2026 01:20:38] [INFO] [model_selection_class.py:71:do_model_selection] OGDA:::'lr'=0.003
[FedML-Client @device-id-0] [Wed, 22 Jul 2026 01:20:38] [INFO] [model_selection_class.py:71:do_model_selection] 

[FedML-Client @device-id-0] [Wed, 22 Jul 2026 01:20:38] [INFO] [model_selection_class.py:90:do_model_selection] size of f_z collection:
[FedML-Client @device-id-0] [Wed, 22 Jul 2026 01:20:38] [INFO] [model_selection_class.py:90:do_model_selection]  
[FedML-Client @device-id-0] [Wed, 22 Jul 2026 01:20:38] [INFO] [model_selection_class.py:90:do_model_selection] 120
[FedML-Client @device-id-0] [Wed, 22 Jul 2026 01:20:38] [INFO] [model_selection_class.py:90:do_model_selection] 

[FedML-Client @device-id-0] [Wed, 22 Jul 2026 01:20:38] [INFO] [fedavg_api.py:468:_setup_clients] ############setup_clients (START)#############
[FedML-Client @device-id-0] [Wed, 22 Jul 2026 01:20:38] [INFO] [fedavg_api.py:485:_setup_clients] ############setup_clients (END)#############
[FedML-Client @device-id-0] [Wed, 22 Jul 2026 01:45:08] [INFO] [fedavg_api.py:850:train] MSE on test ------------------------------>>>>>>>>>>>>>>>>>>
[FedML-Client @device-id-0] [Wed, 22 Jul 2026 01:45:08] [INFO] [fedavg_api.py:850:train]  
[FedML-Client @device-id-0] [Wed, 22 Jul 2026 01:45:08] [INFO] [fedavg_api.py:850:train] 0.1858116597359649
[FedML-Client @device-id-0] [Wed, 22 Jul 2026 01:45:08] [INFO] [fedavg_api.py:850:train] 

DEBUG: Calling fedml.init()...
/home/arnav22103/FederatedDeepGMM/fedgmm/sp_decentralized_mnist_lr_example/fedml/computing/scheduler/comm_utils/sys_utils.py:16: UserWarning: pkg_resources is deprecated as an API. See https://setuptools.pypa.io/en/latest/pkg_resources.html. The pkg_resources package is slated for removal as early as 2025-11-30. Refrain from using this package or pin to Setuptools<81.
  from pkg_resources import parse_version
[FedML-Client @device-id-0] [Wed, 22 Jul 2026 01:45:17] [INFO] [__init__.py:163:init] args.rank = 0, args.worker_num = 10
[FedML-Client @device-id-0] [Wed, 22 Jul 2026 01:45:17] [INFO] [main.py:14:<module>] DEBUG: fedml.init() successful.
[FedML-Client @device-id-0] [Wed, 22 Jul 2026 01:45:17] [INFO] [main.py:14:<module>] 

[FedML-Client @device-id-0] [Wed, 22 Jul 2026 01:45:17] [INFO] [ml_engine_adapter.py:147:get_torch_device] args = <fedml.arguments.Arguments object at 0x76e83bd1bf70>, using_gpu = True, device_id = 0, device_type = gpu
[FedML-Client @device-id-0] [Wed, 22 Jul 2026 01:45:17] [INFO] [device.py:48:get_device] device = cuda:0
[FedML-Client @device-id-0] [Wed, 22 Jul 2026 01:45:17] [INFO] [data_loader.py:669:load_synthetic_data] load_data. dataset_name = cifar10_x
[FedML-Client @device-id-0] [Wed, 22 Jul 2026 01:45:17] [INFO] [abstract_scenario.py:116:info] test
[FedML-Client @device-id-0] [Wed, 22 Jul 2026 01:45:17] [INFO] [abstract_scenario.py:116:info] 

[FedML-Client @device-id-0] [Wed, 22 Jul 2026 01:45:17] [INFO] [abstract_scenario.py:31:info]   x:
[FedML-Client @device-id-0] [Wed, 22 Jul 2026 01:45:17] [INFO] [abstract_scenario.py:31:info]  
[FedML-Client @device-id-0] [Wed, 22 Jul 2026 01:45:17] [INFO] [abstract_scenario.py:31:info] ndarray
[FedML-Client @device-id-0] [Wed, 22 Jul 2026 01:45:17] [INFO] [abstract_scenario.py:31:info]  
[FedML-Client @device-id-0] [Wed, 22 Jul 2026 01:45:17] [INFO] [abstract_scenario.py:31:info] (float32): 
[FedML-Client @device-id-0] [Wed, 22 Jul 2026 01:45:17] [INFO] [abstract_scenario.py:31:info]  
[FedML-Client @device-id-0] [Wed, 22 Jul 2026 01:45:17] [INFO] [abstract_scenario.py:31:info] 10000x3x32x32
[FedML-Client @device-id-0] [Wed, 22 Jul 2026 01:45:17] [INFO] [abstract_scenario.py:31:info] 

[FedML-Client @device-id-0] [Wed, 22 Jul 2026 01:45:17] [INFO] [abstract_scenario.py:31:info]   z:
[FedML-Client @device-id-0] [Wed, 22 Jul 2026 01:45:17] [INFO] [abstract_scenario.py:31:info]  
[FedML-Client @device-id-0] [Wed, 22 Jul 2026 01:45:17] [INFO] [abstract_scenario.py:31:info] ndarray
[FedML-Client @device-id-0] [Wed, 22 Jul 2026 01:45:17] [INFO] [abstract_scenario.py:31:info]  
[FedML-Client @device-id-0] [Wed, 22 Jul 2026 01:45:17] [INFO] [abstract_scenario.py:31:info] (float64): 
[FedML-Client @device-id-0] [Wed, 22 Jul 2026 01:45:17] [INFO] [abstract_scenario.py:31:info]  
[FedML-Client @device-id-0] [Wed, 22 Jul 2026 01:45:17] [INFO] [abstract_scenario.py:31:info] 10000x1
[FedML-Client @device-id-0] [Wed, 22 Jul 2026 01:45:17] [INFO] [abstract_scenario.py:31:info] 

[FedML-Client @device-id-0] [Wed, 22 Jul 2026 01:45:17] [INFO] [abstract_scenario.py:31:info]   y:
[FedML-Client @device-id-0] [Wed, 22 Jul 2026 01:45:17] [INFO] [abstract_scenario.py:31:info]  
[FedML-Client @device-id-0] [Wed, 22 Jul 2026 01:45:17] [INFO] [abstract_scenario.py:31:info] ndarray
[FedML-Client @device-id-0] [Wed, 22 Jul 2026 01:45:17] [INFO] [abstract_scenario.py:31:info]  
[FedML-Client @device-id-0] [Wed, 22 Jul 2026 01:45:17] [INFO] [abstract_scenario.py:31:info] (float64): 
[FedML-Client @device-id-0] [Wed, 22 Jul 2026 01:45:17] [INFO] [abstract_scenario.py:31:info]  
[FedML-Client @device-id-0] [Wed, 22 Jul 2026 01:45:17] [INFO] [abstract_scenario.py:31:info] 10000x1
[FedML-Client @device-id-0] [Wed, 22 Jul 2026 01:45:17] [INFO] [abstract_scenario.py:31:info] 

[FedML-Client @device-id-0] [Wed, 22 Jul 2026 01:45:17] [INFO] [abstract_scenario.py:31:info]   g:
[FedML-Client @device-id-0] [Wed, 22 Jul 2026 01:45:17] [INFO] [abstract_scenario.py:31:info]  
[FedML-Client @device-id-0] [Wed, 22 Jul 2026 01:45:17] [INFO] [abstract_scenario.py:31:info] ndarray
[FedML-Client @device-id-0] [Wed, 22 Jul 2026 01:45:17] [INFO] [abstract_scenario.py:31:info]  
[FedML-Client @device-id-0] [Wed, 22 Jul 2026 01:45:17] [INFO] [abstract_scenario.py:31:info] (float64): 
[FedML-Client @device-id-0] [Wed, 22 Jul 2026 01:45:17] [INFO] [abstract_scenario.py:31:info]  
[FedML-Client @device-id-0] [Wed, 22 Jul 2026 01:45:17] [INFO] [abstract_scenario.py:31:info] 10000x1
[FedML-Client @device-id-0] [Wed, 22 Jul 2026 01:45:17] [INFO] [abstract_scenario.py:31:info] 

[FedML-Client @device-id-0] [Wed, 22 Jul 2026 01:45:17] [INFO] [abstract_scenario.py:31:info]   w:
[FedML-Client @device-id-0] [Wed, 22 Jul 2026 01:45:17] [INFO] [abstract_scenario.py:31:info]  
[FedML-Client @device-id-0] [Wed, 22 Jul 2026 01:45:17] [INFO] [abstract_scenario.py:31:info] ndarray
[FedML-Client @device-id-0] [Wed, 22 Jul 2026 01:45:17] [INFO] [abstract_scenario.py:31:info]  
[FedML-Client @device-id-0] [Wed, 22 Jul 2026 01:45:17] [INFO] [abstract_scenario.py:31:info] (float64): 
[FedML-Client @device-id-0] [Wed, 22 Jul 2026 01:45:17] [INFO] [abstract_scenario.py:31:info]  
[FedML-Client @device-id-0] [Wed, 22 Jul 2026 01:45:17] [INFO] [abstract_scenario.py:31:info] 10000x1
[FedML-Client @device-id-0] [Wed, 22 Jul 2026 01:45:17] [INFO] [abstract_scenario.py:31:info] 

[FedML-Client @device-id-0] [Wed, 22 Jul 2026 01:45:17] [INFO] [abstract_scenario.py:116:info] train
[FedML-Client @device-id-0] [Wed, 22 Jul 2026 01:45:17] [INFO] [abstract_scenario.py:116:info] 

[FedML-Client @device-id-0] [Wed, 22 Jul 2026 01:45:17] [INFO] [abstract_scenario.py:31:info]   x:
[FedML-Client @device-id-0] [Wed, 22 Jul 2026 01:45:17] [INFO] [abstract_scenario.py:31:info]  
[FedML-Client @device-id-0] [Wed, 22 Jul 2026 01:45:17] [INFO] [abstract_scenario.py:31:info] ndarray
[FedML-Client @device-id-0] [Wed, 22 Jul 2026 01:45:17] [INFO] [abstract_scenario.py:31:info]  
[FedML-Client @device-id-0] [Wed, 22 Jul 2026 01:45:17] [INFO] [abstract_scenario.py:31:info] (float32): 
[FedML-Client @device-id-0] [Wed, 22 Jul 2026 01:45:17] [INFO] [abstract_scenario.py:31:info]  
[FedML-Client @device-id-0] [Wed, 22 Jul 2026 01:45:17] [INFO] [abstract_scenario.py:31:info] 20000x3x32x32
[FedML-Client @device-id-0] [Wed, 22 Jul 2026 01:45:17] [INFO] [abstract_scenario.py:31:info] 

[FedML-Client @device-id-0] [Wed, 22 Jul 2026 01:45:17] [INFO] [abstract_scenario.py:33:info]       min: -2.43
[FedML-Client @device-id-0] [Wed, 22 Jul 2026 01:45:17] [INFO] [abstract_scenario.py:33:info]  
[FedML-Client @device-id-0] [Wed, 22 Jul 2026 01:45:17] [INFO] [abstract_scenario.py:33:info] , max: 2.75
[FedML-Client @device-id-0] [Wed, 22 Jul 2026 01:45:17] [INFO] [abstract_scenario.py:33:info] 

[FedML-Client @device-id-0] [Wed, 22 Jul 2026 01:45:17] [INFO] [abstract_scenario.py:31:info]   z:
[FedML-Client @device-id-0] [Wed, 22 Jul 2026 01:45:17] [INFO] [abstract_scenario.py:31:info]  
[FedML-Client @device-id-0] [Wed, 22 Jul 2026 01:45:17] [INFO] [abstract_scenario.py:31:info] ndarray
[FedML-Client @device-id-0] [Wed, 22 Jul 2026 01:45:17] [INFO] [abstract_scenario.py:31:info]  
[FedML-Client @device-id-0] [Wed, 22 Jul 2026 01:45:17] [INFO] [abstract_scenario.py:31:info] (float64): 
[FedML-Client @device-id-0] [Wed, 22 Jul 2026 01:45:17] [INFO] [abstract_scenario.py:31:info]  
[FedML-Client @device-id-0] [Wed, 22 Jul 2026 01:45:17] [INFO] [abstract_scenario.py:31:info] 20000x1
[FedML-Client @device-id-0] [Wed, 22 Jul 2026 01:45:17] [INFO] [abstract_scenario.py:31:info] 

[FedML-Client @device-id-0] [Wed, 22 Jul 2026 01:45:17] [INFO] [abstract_scenario.py:33:info]       min: -3.00
[FedML-Client @device-id-0] [Wed, 22 Jul 2026 01:45:17] [INFO] [abstract_scenario.py:33:info]  
[FedML-Client @device-id-0] [Wed, 22 Jul 2026 01:45:17] [INFO] [abstract_scenario.py:33:info] , max: 3.00
[FedML-Client @device-id-0] [Wed, 22 Jul 2026 01:45:17] [INFO] [abstract_scenario.py:33:info] 

[FedML-Client @device-id-0] [Wed, 22 Jul 2026 01:45:17] [INFO] [abstract_scenario.py:31:info]   y:
[FedML-Client @device-id-0] [Wed, 22 Jul 2026 01:45:17] [INFO] [abstract_scenario.py:31:info]  
[FedML-Client @device-id-0] [Wed, 22 Jul 2026 01:45:17] [INFO] [abstract_scenario.py:31:info] ndarray
[FedML-Client @device-id-0] [Wed, 22 Jul 2026 01:45:17] [INFO] [abstract_scenario.py:31:info]  
[FedML-Client @device-id-0] [Wed, 22 Jul 2026 01:45:17] [INFO] [abstract_scenario.py:31:info] (float64): 
[FedML-Client @device-id-0] [Wed, 22 Jul 2026 01:45:17] [INFO] [abstract_scenario.py:31:info]  
[FedML-Client @device-id-0] [Wed, 22 Jul 2026 01:45:17] [INFO] [abstract_scenario.py:31:info] 20000x1
[FedML-Client @device-id-0] [Wed, 22 Jul 2026 01:45:17] [INFO] [abstract_scenario.py:31:info] 

[FedML-Client @device-id-0] [Wed, 22 Jul 2026 01:45:17] [INFO] [abstract_scenario.py:33:info]       min: -3.61
[FedML-Client @device-id-0] [Wed, 22 Jul 2026 01:45:17] [INFO] [abstract_scenario.py:33:info]  
[FedML-Client @device-id-0] [Wed, 22 Jul 2026 01:45:17] [INFO] [abstract_scenario.py:33:info] , max: 5.23
[FedML-Client @device-id-0] [Wed, 22 Jul 2026 01:45:17] [INFO] [abstract_scenario.py:33:info] 

[FedML-Client @device-id-0] [Wed, 22 Jul 2026 01:45:17] [INFO] [abstract_scenario.py:31:info]   g:
[FedML-Client @device-id-0] [Wed, 22 Jul 2026 01:45:17] [INFO] [abstract_scenario.py:31:info]  
[FedML-Client @device-id-0] [Wed, 22 Jul 2026 01:45:17] [INFO] [abstract_scenario.py:31:info] ndarray
[FedML-Client @device-id-0] [Wed, 22 Jul 2026 01:45:17] [INFO] [abstract_scenario.py:31:info]  
[FedML-Client @device-id-0] [Wed, 22 Jul 2026 01:45:17] [INFO] [abstract_scenario.py:31:info] (float64): 
[FedML-Client @device-id-0] [Wed, 22 Jul 2026 01:45:17] [INFO] [abstract_scenario.py:31:info]  
[FedML-Client @device-id-0] [Wed, 22 Jul 2026 01:45:17] [INFO] [abstract_scenario.py:31:info] 20000x1
[FedML-Client @device-id-0] [Wed, 22 Jul 2026 01:45:17] [INFO] [abstract_scenario.py:31:info] 

[FedML-Client @device-id-0] [Wed, 22 Jul 2026 01:45:17] [INFO] [abstract_scenario.py:33:info]       min: -0.73
[FedML-Client @device-id-0] [Wed, 22 Jul 2026 01:45:17] [INFO] [abstract_scenario.py:33:info]  
[FedML-Client @device-id-0] [Wed, 22 Jul 2026 01:45:17] [INFO] [abstract_scenario.py:33:info] , max: 0.73
[FedML-Client @device-id-0] [Wed, 22 Jul 2026 01:45:17] [INFO] [abstract_scenario.py:33:info] 

[FedML-Client @device-id-0] [Wed, 22 Jul 2026 01:45:17] [INFO] [abstract_scenario.py:31:info]   w:
[FedML-Client @device-id-0] [Wed, 22 Jul 2026 01:45:17] [INFO] [abstract_scenario.py:31:info]  
[FedML-Client @device-id-0] [Wed, 22 Jul 2026 01:45:17] [INFO] [abstract_scenario.py:31:info] ndarray
[FedML-Client @device-id-0] [Wed, 22 Jul 2026 01:45:17] [INFO] [abstract_scenario.py:31:info]  
[FedML-Client @device-id-0] [Wed, 22 Jul 2026 01:45:17] [INFO] [abstract_scenario.py:31:info] (float64): 
[FedML-Client @device-id-0] [Wed, 22 Jul 2026 01:45:17] [INFO] [abstract_scenario.py:31:info]  
[FedML-Client @device-id-0] [Wed, 22 Jul 2026 01:45:17] [INFO] [abstract_scenario.py:31:info] 20000x1
[FedML-Client @device-id-0] [Wed, 22 Jul 2026 01:45:17] [INFO] [abstract_scenario.py:31:info] 

[FedML-Client @device-id-0] [Wed, 22 Jul 2026 01:45:17] [INFO] [abstract_scenario.py:33:info]       min: 0.00
[FedML-Client @device-id-0] [Wed, 22 Jul 2026 01:45:17] [INFO] [abstract_scenario.py:33:info]  
[FedML-Client @device-id-0] [Wed, 22 Jul 2026 01:45:17] [INFO] [abstract_scenario.py:33:info] , max: 9.00
[FedML-Client @device-id-0] [Wed, 22 Jul 2026 01:45:17] [INFO] [abstract_scenario.py:33:info] 

[FedML-Client @device-id-0] [Wed, 22 Jul 2026 01:45:17] [INFO] [abstract_scenario.py:116:info] dev
[FedML-Client @device-id-0] [Wed, 22 Jul 2026 01:45:17] [INFO] [abstract_scenario.py:116:info] 

[FedML-Client @device-id-0] [Wed, 22 Jul 2026 01:45:17] [INFO] [abstract_scenario.py:31:info]   x:
[FedML-Client @device-id-0] [Wed, 22 Jul 2026 01:45:17] [INFO] [abstract_scenario.py:31:info]  
[FedML-Client @device-id-0] [Wed, 22 Jul 2026 01:45:17] [INFO] [abstract_scenario.py:31:info] ndarray
[FedML-Client @device-id-0] [Wed, 22 Jul 2026 01:45:17] [INFO] [abstract_scenario.py:31:info]  
[FedML-Client @device-id-0] [Wed, 22 Jul 2026 01:45:17] [INFO] [abstract_scenario.py:31:info] (float32): 
[FedML-Client @device-id-0] [Wed, 22 Jul 2026 01:45:17] [INFO] [abstract_scenario.py:31:info]  
[FedML-Client @device-id-0] [Wed, 22 Jul 2026 01:45:17] [INFO] [abstract_scenario.py:31:info] 10000x3x32x32
[FedML-Client @device-id-0] [Wed, 22 Jul 2026 01:45:17] [INFO] [abstract_scenario.py:31:info] 

[FedML-Client @device-id-0] [Wed, 22 Jul 2026 01:45:17] [INFO] [abstract_scenario.py:31:info]   z:
[FedML-Client @device-id-0] [Wed, 22 Jul 2026 01:45:17] [INFO] [abstract_scenario.py:31:info]  
[FedML-Client @device-id-0] [Wed, 22 Jul 2026 01:45:17] [INFO] [abstract_scenario.py:31:info] ndarray
[FedML-Client @device-id-0] [Wed, 22 Jul 2026 01:45:17] [INFO] [abstract_scenario.py:31:info]  
[FedML-Client @device-id-0] [Wed, 22 Jul 2026 01:45:17] [INFO] [abstract_scenario.py:31:info] (float64): 
[FedML-Client @device-id-0] [Wed, 22 Jul 2026 01:45:17] [INFO] [abstract_scenario.py:31:info]  
[FedML-Client @device-id-0] [Wed, 22 Jul 2026 01:45:17] [INFO] [abstract_scenario.py:31:info] 10000x1
[FedML-Client @device-id-0] [Wed, 22 Jul 2026 01:45:17] [INFO] [abstract_scenario.py:31:info] 

[FedML-Client @device-id-0] [Wed, 22 Jul 2026 01:45:17] [INFO] [abstract_scenario.py:31:info]   y:
[FedML-Client @device-id-0] [Wed, 22 Jul 2026 01:45:17] [INFO] [abstract_scenario.py:31:info]  
[FedML-Client @device-id-0] [Wed, 22 Jul 2026 01:45:17] [INFO] [abstract_scenario.py:31:info] ndarray
[FedML-Client @device-id-0] [Wed, 22 Jul 2026 01:45:17] [INFO] [abstract_scenario.py:31:info]  
[FedML-Client @device-id-0] [Wed, 22 Jul 2026 01:45:17] [INFO] [abstract_scenario.py:31:info] (float64): 
[FedML-Client @device-id-0] [Wed, 22 Jul 2026 01:45:17] [INFO] [abstract_scenario.py:31:info]  
[FedML-Client @device-id-0] [Wed, 22 Jul 2026 01:45:17] [INFO] [abstract_scenario.py:31:info] 10000x1
[FedML-Client @device-id-0] [Wed, 22 Jul 2026 01:45:17] [INFO] [abstract_scenario.py:31:info] 

[FedML-Client @device-id-0] [Wed, 22 Jul 2026 01:45:17] [INFO] [abstract_scenario.py:31:info]   g:
[FedML-Client @device-id-0] [Wed, 22 Jul 2026 01:45:17] [INFO] [abstract_scenario.py:31:info]  
[FedML-Client @device-id-0] [Wed, 22 Jul 2026 01:45:17] [INFO] [abstract_scenario.py:31:info] ndarray
[FedML-Client @device-id-0] [Wed, 22 Jul 2026 01:45:17] [INFO] [abstract_scenario.py:31:info]  
[FedML-Client @device-id-0] [Wed, 22 Jul 2026 01:45:17] [INFO] [abstract_scenario.py:31:info] (float64): 
[FedML-Client @device-id-0] [Wed, 22 Jul 2026 01:45:17] [INFO] [abstract_scenario.py:31:info]  
[FedML-Client @device-id-0] [Wed, 22 Jul 2026 01:45:17] [INFO] [abstract_scenario.py:31:info] 10000x1
[FedML-Client @device-id-0] [Wed, 22 Jul 2026 01:45:17] [INFO] [abstract_scenario.py:31:info] 

[FedML-Client @device-id-0] [Wed, 22 Jul 2026 01:45:17] [INFO] [abstract_scenario.py:31:info]   w:
[FedML-Client @device-id-0] [Wed, 22 Jul 2026 01:45:17] [INFO] [abstract_scenario.py:31:info]  
[FedML-Client @device-id-0] [Wed, 22 Jul 2026 01:45:17] [INFO] [abstract_scenario.py:31:info] ndarray
[FedML-Client @device-id-0] [Wed, 22 Jul 2026 01:45:17] [INFO] [abstract_scenario.py:31:info]  
[FedML-Client @device-id-0] [Wed, 22 Jul 2026 01:45:17] [INFO] [abstract_scenario.py:31:info] (float64): 
[FedML-Client @device-id-0] [Wed, 22 Jul 2026 01:45:17] [INFO] [abstract_scenario.py:31:info]  
[FedML-Client @device-id-0] [Wed, 22 Jul 2026 01:45:17] [INFO] [abstract_scenario.py:31:info] 10000x1
[FedML-Client @device-id-0] [Wed, 22 Jul 2026 01:45:17] [INFO] [abstract_scenario.py:31:info] 

[FedML-Client @device-id-0] [Wed, 22 Jul 2026 01:45:18] [INFO] [model_hub.py:25:create] create_model. model_name = lr, output_dim = None, dataset = cifar10_x
[FedML-Client @device-id-0] [Wed, 22 Jul 2026 01:45:18] [INFO] [fedavg_api.py:231:__init__] model = [[CIFAR10CNN(
  (cnn): Sequential(
    (0): Conv2d(3, 32, kernel_size=(3, 3), stride=(1, 1), padding=(1, 1))
    (1): LeakyReLU(negative_slope=0.01)
    (2): MaxPool2d(kernel_size=2, stride=2, padding=0, dilation=1, ceil_mode=False)
    (3): Dropout(p=0.0, inplace=False)
    (4): Conv2d(32, 64, kernel_size=(3, 3), stride=(1, 1), padding=(2, 2))
    (5): LeakyReLU(negative_slope=0.01)
    (6): MaxPool2d(kernel_size=2, stride=2, padding=0, dilation=1, ceil_mode=False)
    (7): Dropout(p=0.0, inplace=False)
  )
  (linear_1): Linear(in_features=5184, out_features=200, bias=True)
  (linear_2): Linear(in_features=200, out_features=10, bias=True)
  (linear_3): Linear(in_features=10, out_features=1, bias=True)
  (bn): BatchNorm1d(10, eps=1e-05, momentum=0.1, affine=True, track_running_stats=True)
)], [MLPModel(
  (model): Sequential(
    (0): Linear(in_features=1, out_features=20, bias=True)
    (1): LeakyReLU(negative_slope=0.01)
    (2): Linear(in_features=20, out_features=1, bias=True)
  )
)], [CIFAR10CNN(
  (cnn): Sequential(
    (0): Conv2d(3, 32, kernel_size=(3, 3), stride=(1, 1), padding=(1, 1))
    (1): LeakyReLU(negative_slope=0.01)
    (2): MaxPool2d(kernel_size=2, stride=2, padding=0, dilation=1, ceil_mode=False)
    (3): Dropout(p=0.0, inplace=False)
    (4): Conv2d(32, 64, kernel_size=(3, 3), stride=(1, 1), padding=(2, 2))
    (5): LeakyReLU(negative_slope=0.01)
    (6): MaxPool2d(kernel_size=2, stride=2, padding=0, dilation=1, ceil_mode=False)
    (7): Dropout(p=0.0, inplace=False)
  )
  (linear_1): Linear(in_features=5184, out_features=200, bias=True)
  (linear_2): Linear(in_features=200, out_features=10, bias=True)
  (linear_3): Linear(in_features=10, out_features=1, bias=True)
  (bn): BatchNorm1d(10, eps=1e-05, momentum=0.1, affine=True, track_running_stats=True)
)]]
[FedML-Client @device-id-0] [Wed, 22 Jul 2026 01:45:18] [INFO] [model_selection_class.py:41:do_model_selection] starting learning args eval 0
[FedML-Client @device-id-0] [Wed, 22 Jul 2026 01:45:18] [INFO] [model_selection_class.py:41:do_model_selection] 

[FedML-Client @device-id-0] [Wed, 22 Jul 2026 01:47:05] [INFO] [model_selection_class.py:71:do_model_selection] learning eval:
[FedML-Client @device-id-0] [Wed, 22 Jul 2026 01:47:05] [INFO] [model_selection_class.py:71:do_model_selection]  
[FedML-Client @device-id-0] [Wed, 22 Jul 2026 01:47:05] [INFO] [model_selection_class.py:71:do_model_selection] -0.0006727301218033388
[FedML-Client @device-id-0] [Wed, 22 Jul 2026 01:47:05] [INFO] [model_selection_class.py:71:do_model_selection]  
[FedML-Client @device-id-0] [Wed, 22 Jul 2026 01:47:05] [INFO] [model_selection_class.py:71:do_model_selection] OptimalObjective::lambda_1=0.100000
[FedML-Client @device-id-0] [Wed, 22 Jul 2026 01:47:05] [INFO] [model_selection_class.py:71:do_model_selection]  
[FedML-Client @device-id-0] [Wed, 22 Jul 2026 01:47:05] [INFO] [model_selection_class.py:71:do_model_selection] CustomSGD:::'lr'=0.003:'momentum'=0.0
[FedML-Client @device-id-0] [Wed, 22 Jul 2026 01:47:05] [INFO] [model_selection_class.py:71:do_model_selection]  
[FedML-Client @device-id-0] [Wed, 22 Jul 2026 01:47:05] [INFO] [model_selection_class.py:71:do_model_selection] CustomSGD:::'lr'=0.009000000000000001:'momentum'=0.0
[FedML-Client @device-id-0] [Wed, 22 Jul 2026 01:47:05] [INFO] [model_selection_class.py:71:do_model_selection] 

[FedML-Client @device-id-0] [Wed, 22 Jul 2026 01:47:05] [INFO] [model_selection_class.py:90:do_model_selection] size of f_z collection:
[FedML-Client @device-id-0] [Wed, 22 Jul 2026 01:47:05] [INFO] [model_selection_class.py:90:do_model_selection]  
[FedML-Client @device-id-0] [Wed, 22 Jul 2026 01:47:05] [INFO] [model_selection_class.py:90:do_model_selection] 120
[FedML-Client @device-id-0] [Wed, 22 Jul 2026 01:47:05] [INFO] [model_selection_class.py:90:do_model_selection] 

[FedML-Client @device-id-0] [Wed, 22 Jul 2026 01:47:05] [INFO] [fedavg_api.py:468:_setup_clients] ############setup_clients (START)#############
[FedML-Client @device-id-0] [Wed, 22 Jul 2026 01:47:05] [INFO] [fedavg_api.py:485:_setup_clients] ############setup_clients (END)#############
[FedML-Client @device-id-0] [Wed, 22 Jul 2026 02:02:38] [INFO] [fedavg_api.py:850:train] MSE on test ------------------------------>>>>>>>>>>>>>>>>>>
[FedML-Client @device-id-0] [Wed, 22 Jul 2026 02:02:38] [INFO] [fedavg_api.py:850:train]  
[FedML-Client @device-id-0] [Wed, 22 Jul 2026 02:02:38] [INFO] [fedavg_api.py:850:train] 0.1615811839546667
[FedML-Client @device-id-0] [Wed, 22 Jul 2026 02:02:38] [INFO] [fedavg_api.py:850:train] 

DEBUG: Calling fedml.init()...
/home/arnav22103/FederatedDeepGMM/fedgmm/sp_decentralized_mnist_lr_example/fedml/computing/scheduler/comm_utils/sys_utils.py:16: UserWarning: pkg_resources is deprecated as an API. See https://setuptools.pypa.io/en/latest/pkg_resources.html. The pkg_resources package is slated for removal as early as 2025-11-30. Refrain from using this package or pin to Setuptools<81.
  from pkg_resources import parse_version
[FedML-Client @device-id-0] [Wed, 22 Jul 2026 02:02:43] [INFO] [__init__.py:163:init] args.rank = 0, args.worker_num = 10
[FedML-Client @device-id-0] [Wed, 22 Jul 2026 02:02:43] [INFO] [main.py:14:<module>] DEBUG: fedml.init() successful.
[FedML-Client @device-id-0] [Wed, 22 Jul 2026 02:02:43] [INFO] [main.py:14:<module>] 

[FedML-Client @device-id-0] [Wed, 22 Jul 2026 02:02:43] [INFO] [ml_engine_adapter.py:147:get_torch_device] args = <fedml.arguments.Arguments object at 0x761e67417f70>, using_gpu = True, device_id = 0, device_type = gpu
[FedML-Client @device-id-0] [Wed, 22 Jul 2026 02:02:43] [INFO] [device.py:48:get_device] device = cuda:0
[FedML-Client @device-id-0] [Wed, 22 Jul 2026 02:02:43] [INFO] [data_loader.py:669:load_synthetic_data] load_data. dataset_name = cifar10_xz
[FedML-Client @device-id-0] [Wed, 22 Jul 2026 02:02:44] [INFO] [abstract_scenario.py:116:info] test
[FedML-Client @device-id-0] [Wed, 22 Jul 2026 02:02:44] [INFO] [abstract_scenario.py:116:info] 

[FedML-Client @device-id-0] [Wed, 22 Jul 2026 02:02:44] [INFO] [abstract_scenario.py:31:info]   x:
[FedML-Client @device-id-0] [Wed, 22 Jul 2026 02:02:44] [INFO] [abstract_scenario.py:31:info]  
[FedML-Client @device-id-0] [Wed, 22 Jul 2026 02:02:44] [INFO] [abstract_scenario.py:31:info] ndarray
[FedML-Client @device-id-0] [Wed, 22 Jul 2026 02:02:44] [INFO] [abstract_scenario.py:31:info]  
[FedML-Client @device-id-0] [Wed, 22 Jul 2026 02:02:44] [INFO] [abstract_scenario.py:31:info] (float32): 
[FedML-Client @device-id-0] [Wed, 22 Jul 2026 02:02:44] [INFO] [abstract_scenario.py:31:info]  
[FedML-Client @device-id-0] [Wed, 22 Jul 2026 02:02:44] [INFO] [abstract_scenario.py:31:info] 10000x3x32x32
[FedML-Client @device-id-0] [Wed, 22 Jul 2026 02:02:44] [INFO] [abstract_scenario.py:31:info] 

[FedML-Client @device-id-0] [Wed, 22 Jul 2026 02:02:44] [INFO] [abstract_scenario.py:31:info]   z:
[FedML-Client @device-id-0] [Wed, 22 Jul 2026 02:02:44] [INFO] [abstract_scenario.py:31:info]  
[FedML-Client @device-id-0] [Wed, 22 Jul 2026 02:02:44] [INFO] [abstract_scenario.py:31:info] ndarray
[FedML-Client @device-id-0] [Wed, 22 Jul 2026 02:02:44] [INFO] [abstract_scenario.py:31:info]  
[FedML-Client @device-id-0] [Wed, 22 Jul 2026 02:02:44] [INFO] [abstract_scenario.py:31:info] (float32): 
[FedML-Client @device-id-0] [Wed, 22 Jul 2026 02:02:44] [INFO] [abstract_scenario.py:31:info]  
[FedML-Client @device-id-0] [Wed, 22 Jul 2026 02:02:44] [INFO] [abstract_scenario.py:31:info] 10000x3x32x32
[FedML-Client @device-id-0] [Wed, 22 Jul 2026 02:02:44] [INFO] [abstract_scenario.py:31:info] 

[FedML-Client @device-id-0] [Wed, 22 Jul 2026 02:02:44] [INFO] [abstract_scenario.py:31:info]   y:
[FedML-Client @device-id-0] [Wed, 22 Jul 2026 02:02:44] [INFO] [abstract_scenario.py:31:info]  
[FedML-Client @device-id-0] [Wed, 22 Jul 2026 02:02:44] [INFO] [abstract_scenario.py:31:info] ndarray
[FedML-Client @device-id-0] [Wed, 22 Jul 2026 02:02:44] [INFO] [abstract_scenario.py:31:info]  
[FedML-Client @device-id-0] [Wed, 22 Jul 2026 02:02:44] [INFO] [abstract_scenario.py:31:info] (float64): 
[FedML-Client @device-id-0] [Wed, 22 Jul 2026 02:02:44] [INFO] [abstract_scenario.py:31:info]  
[FedML-Client @device-id-0] [Wed, 22 Jul 2026 02:02:44] [INFO] [abstract_scenario.py:31:info] 10000x1
[FedML-Client @device-id-0] [Wed, 22 Jul 2026 02:02:44] [INFO] [abstract_scenario.py:31:info] 

[FedML-Client @device-id-0] [Wed, 22 Jul 2026 02:02:44] [INFO] [abstract_scenario.py:31:info]   g:
[FedML-Client @device-id-0] [Wed, 22 Jul 2026 02:02:44] [INFO] [abstract_scenario.py:31:info]  
[FedML-Client @device-id-0] [Wed, 22 Jul 2026 02:02:44] [INFO] [abstract_scenario.py:31:info] ndarray
[FedML-Client @device-id-0] [Wed, 22 Jul 2026 02:02:44] [INFO] [abstract_scenario.py:31:info]  
[FedML-Client @device-id-0] [Wed, 22 Jul 2026 02:02:44] [INFO] [abstract_scenario.py:31:info] (float64): 
[FedML-Client @device-id-0] [Wed, 22 Jul 2026 02:02:44] [INFO] [abstract_scenario.py:31:info]  
[FedML-Client @device-id-0] [Wed, 22 Jul 2026 02:02:44] [INFO] [abstract_scenario.py:31:info] 10000x1
[FedML-Client @device-id-0] [Wed, 22 Jul 2026 02:02:44] [INFO] [abstract_scenario.py:31:info] 

[FedML-Client @device-id-0] [Wed, 22 Jul 2026 02:02:44] [INFO] [abstract_scenario.py:31:info]   w:
[FedML-Client @device-id-0] [Wed, 22 Jul 2026 02:02:44] [INFO] [abstract_scenario.py:31:info]  
[FedML-Client @device-id-0] [Wed, 22 Jul 2026 02:02:44] [INFO] [abstract_scenario.py:31:info] ndarray
[FedML-Client @device-id-0] [Wed, 22 Jul 2026 02:02:44] [INFO] [abstract_scenario.py:31:info]  
[FedML-Client @device-id-0] [Wed, 22 Jul 2026 02:02:44] [INFO] [abstract_scenario.py:31:info] (float64): 
[FedML-Client @device-id-0] [Wed, 22 Jul 2026 02:02:44] [INFO] [abstract_scenario.py:31:info]  
[FedML-Client @device-id-0] [Wed, 22 Jul 2026 02:02:44] [INFO] [abstract_scenario.py:31:info] 10000x1
[FedML-Client @device-id-0] [Wed, 22 Jul 2026 02:02:44] [INFO] [abstract_scenario.py:31:info] 

[FedML-Client @device-id-0] [Wed, 22 Jul 2026 02:02:44] [INFO] [abstract_scenario.py:116:info] train
[FedML-Client @device-id-0] [Wed, 22 Jul 2026 02:02:44] [INFO] [abstract_scenario.py:116:info] 

[FedML-Client @device-id-0] [Wed, 22 Jul 2026 02:02:44] [INFO] [abstract_scenario.py:31:info]   x:
[FedML-Client @device-id-0] [Wed, 22 Jul 2026 02:02:44] [INFO] [abstract_scenario.py:31:info]  
[FedML-Client @device-id-0] [Wed, 22 Jul 2026 02:02:44] [INFO] [abstract_scenario.py:31:info] ndarray
[FedML-Client @device-id-0] [Wed, 22 Jul 2026 02:02:44] [INFO] [abstract_scenario.py:31:info]  
[FedML-Client @device-id-0] [Wed, 22 Jul 2026 02:02:44] [INFO] [abstract_scenario.py:31:info] (float32): 
[FedML-Client @device-id-0] [Wed, 22 Jul 2026 02:02:44] [INFO] [abstract_scenario.py:31:info]  
[FedML-Client @device-id-0] [Wed, 22 Jul 2026 02:02:44] [INFO] [abstract_scenario.py:31:info] 20000x3x32x32
[FedML-Client @device-id-0] [Wed, 22 Jul 2026 02:02:44] [INFO] [abstract_scenario.py:31:info] 

[FedML-Client @device-id-0] [Wed, 22 Jul 2026 02:02:44] [INFO] [abstract_scenario.py:33:info]       min: -2.43
[FedML-Client @device-id-0] [Wed, 22 Jul 2026 02:02:44] [INFO] [abstract_scenario.py:33:info]  
[FedML-Client @device-id-0] [Wed, 22 Jul 2026 02:02:44] [INFO] [abstract_scenario.py:33:info] , max: 2.75
[FedML-Client @device-id-0] [Wed, 22 Jul 2026 02:02:44] [INFO] [abstract_scenario.py:33:info] 

[FedML-Client @device-id-0] [Wed, 22 Jul 2026 02:02:44] [INFO] [abstract_scenario.py:31:info]   z:
[FedML-Client @device-id-0] [Wed, 22 Jul 2026 02:02:44] [INFO] [abstract_scenario.py:31:info]  
[FedML-Client @device-id-0] [Wed, 22 Jul 2026 02:02:44] [INFO] [abstract_scenario.py:31:info] ndarray
[FedML-Client @device-id-0] [Wed, 22 Jul 2026 02:02:44] [INFO] [abstract_scenario.py:31:info]  
[FedML-Client @device-id-0] [Wed, 22 Jul 2026 02:02:44] [INFO] [abstract_scenario.py:31:info] (float32): 
[FedML-Client @device-id-0] [Wed, 22 Jul 2026 02:02:44] [INFO] [abstract_scenario.py:31:info]  
[FedML-Client @device-id-0] [Wed, 22 Jul 2026 02:02:44] [INFO] [abstract_scenario.py:31:info] 20000x3x32x32
[FedML-Client @device-id-0] [Wed, 22 Jul 2026 02:02:44] [INFO] [abstract_scenario.py:31:info] 

[FedML-Client @device-id-0] [Wed, 22 Jul 2026 02:02:44] [INFO] [abstract_scenario.py:33:info]       min: -2.43
[FedML-Client @device-id-0] [Wed, 22 Jul 2026 02:02:44] [INFO] [abstract_scenario.py:33:info]  
[FedML-Client @device-id-0] [Wed, 22 Jul 2026 02:02:44] [INFO] [abstract_scenario.py:33:info] , max: 2.75
[FedML-Client @device-id-0] [Wed, 22 Jul 2026 02:02:44] [INFO] [abstract_scenario.py:33:info] 

[FedML-Client @device-id-0] [Wed, 22 Jul 2026 02:02:44] [INFO] [abstract_scenario.py:31:info]   y:
[FedML-Client @device-id-0] [Wed, 22 Jul 2026 02:02:44] [INFO] [abstract_scenario.py:31:info]  
[FedML-Client @device-id-0] [Wed, 22 Jul 2026 02:02:44] [INFO] [abstract_scenario.py:31:info] ndarray
[FedML-Client @device-id-0] [Wed, 22 Jul 2026 02:02:44] [INFO] [abstract_scenario.py:31:info]  
[FedML-Client @device-id-0] [Wed, 22 Jul 2026 02:02:44] [INFO] [abstract_scenario.py:31:info] (float64): 
[FedML-Client @device-id-0] [Wed, 22 Jul 2026 02:02:44] [INFO] [abstract_scenario.py:31:info]  
[FedML-Client @device-id-0] [Wed, 22 Jul 2026 02:02:44] [INFO] [abstract_scenario.py:31:info] 20000x1
[FedML-Client @device-id-0] [Wed, 22 Jul 2026 02:02:44] [INFO] [abstract_scenario.py:31:info] 

[FedML-Client @device-id-0] [Wed, 22 Jul 2026 02:02:44] [INFO] [abstract_scenario.py:33:info]       min: -3.61
[FedML-Client @device-id-0] [Wed, 22 Jul 2026 02:02:44] [INFO] [abstract_scenario.py:33:info]  
[FedML-Client @device-id-0] [Wed, 22 Jul 2026 02:02:44] [INFO] [abstract_scenario.py:33:info] , max: 5.23
[FedML-Client @device-id-0] [Wed, 22 Jul 2026 02:02:44] [INFO] [abstract_scenario.py:33:info] 

[FedML-Client @device-id-0] [Wed, 22 Jul 2026 02:02:44] [INFO] [abstract_scenario.py:31:info]   g:
[FedML-Client @device-id-0] [Wed, 22 Jul 2026 02:02:44] [INFO] [abstract_scenario.py:31:info]  
[FedML-Client @device-id-0] [Wed, 22 Jul 2026 02:02:44] [INFO] [abstract_scenario.py:31:info] ndarray
[FedML-Client @device-id-0] [Wed, 22 Jul 2026 02:02:44] [INFO] [abstract_scenario.py:31:info]  
[FedML-Client @device-id-0] [Wed, 22 Jul 2026 02:02:44] [INFO] [abstract_scenario.py:31:info] (float64): 
[FedML-Client @device-id-0] [Wed, 22 Jul 2026 02:02:44] [INFO] [abstract_scenario.py:31:info]  
[FedML-Client @device-id-0] [Wed, 22 Jul 2026 02:02:44] [INFO] [abstract_scenario.py:31:info] 20000x1
[FedML-Client @device-id-0] [Wed, 22 Jul 2026 02:02:44] [INFO] [abstract_scenario.py:31:info] 

[FedML-Client @device-id-0] [Wed, 22 Jul 2026 02:02:44] [INFO] [abstract_scenario.py:33:info]       min: -0.73
[FedML-Client @device-id-0] [Wed, 22 Jul 2026 02:02:44] [INFO] [abstract_scenario.py:33:info]  
[FedML-Client @device-id-0] [Wed, 22 Jul 2026 02:02:44] [INFO] [abstract_scenario.py:33:info] , max: 0.73
[FedML-Client @device-id-0] [Wed, 22 Jul 2026 02:02:44] [INFO] [abstract_scenario.py:33:info] 

[FedML-Client @device-id-0] [Wed, 22 Jul 2026 02:02:44] [INFO] [abstract_scenario.py:31:info]   w:
[FedML-Client @device-id-0] [Wed, 22 Jul 2026 02:02:44] [INFO] [abstract_scenario.py:31:info]  
[FedML-Client @device-id-0] [Wed, 22 Jul 2026 02:02:44] [INFO] [abstract_scenario.py:31:info] ndarray
[FedML-Client @device-id-0] [Wed, 22 Jul 2026 02:02:44] [INFO] [abstract_scenario.py:31:info]  
[FedML-Client @device-id-0] [Wed, 22 Jul 2026 02:02:44] [INFO] [abstract_scenario.py:31:info] (float64): 
[FedML-Client @device-id-0] [Wed, 22 Jul 2026 02:02:44] [INFO] [abstract_scenario.py:31:info]  
[FedML-Client @device-id-0] [Wed, 22 Jul 2026 02:02:44] [INFO] [abstract_scenario.py:31:info] 20000x1
[FedML-Client @device-id-0] [Wed, 22 Jul 2026 02:02:44] [INFO] [abstract_scenario.py:31:info] 

[FedML-Client @device-id-0] [Wed, 22 Jul 2026 02:02:44] [INFO] [abstract_scenario.py:33:info]       min: 0.00
[FedML-Client @device-id-0] [Wed, 22 Jul 2026 02:02:44] [INFO] [abstract_scenario.py:33:info]  
[FedML-Client @device-id-0] [Wed, 22 Jul 2026 02:02:44] [INFO] [abstract_scenario.py:33:info] , max: 9.00
[FedML-Client @device-id-0] [Wed, 22 Jul 2026 02:02:44] [INFO] [abstract_scenario.py:33:info] 

[FedML-Client @device-id-0] [Wed, 22 Jul 2026 02:02:44] [INFO] [abstract_scenario.py:116:info] dev
[FedML-Client @device-id-0] [Wed, 22 Jul 2026 02:02:44] [INFO] [abstract_scenario.py:116:info] 

[FedML-Client @device-id-0] [Wed, 22 Jul 2026 02:02:44] [INFO] [abstract_scenario.py:31:info]   x:
[FedML-Client @device-id-0] [Wed, 22 Jul 2026 02:02:44] [INFO] [abstract_scenario.py:31:info]  
[FedML-Client @device-id-0] [Wed, 22 Jul 2026 02:02:44] [INFO] [abstract_scenario.py:31:info] ndarray
[FedML-Client @device-id-0] [Wed, 22 Jul 2026 02:02:44] [INFO] [abstract_scenario.py:31:info]  
[FedML-Client @device-id-0] [Wed, 22 Jul 2026 02:02:44] [INFO] [abstract_scenario.py:31:info] (float32): 
[FedML-Client @device-id-0] [Wed, 22 Jul 2026 02:02:44] [INFO] [abstract_scenario.py:31:info]  
[FedML-Client @device-id-0] [Wed, 22 Jul 2026 02:02:44] [INFO] [abstract_scenario.py:31:info] 10000x3x32x32
[FedML-Client @device-id-0] [Wed, 22 Jul 2026 02:02:44] [INFO] [abstract_scenario.py:31:info] 

[FedML-Client @device-id-0] [Wed, 22 Jul 2026 02:02:44] [INFO] [abstract_scenario.py:31:info]   z:
[FedML-Client @device-id-0] [Wed, 22 Jul 2026 02:02:44] [INFO] [abstract_scenario.py:31:info]  
[FedML-Client @device-id-0] [Wed, 22 Jul 2026 02:02:44] [INFO] [abstract_scenario.py:31:info] ndarray
[FedML-Client @device-id-0] [Wed, 22 Jul 2026 02:02:44] [INFO] [abstract_scenario.py:31:info]  
[FedML-Client @device-id-0] [Wed, 22 Jul 2026 02:02:44] [INFO] [abstract_scenario.py:31:info] (float32): 
[FedML-Client @device-id-0] [Wed, 22 Jul 2026 02:02:44] [INFO] [abstract_scenario.py:31:info]  
[FedML-Client @device-id-0] [Wed, 22 Jul 2026 02:02:44] [INFO] [abstract_scenario.py:31:info] 10000x3x32x32
[FedML-Client @device-id-0] [Wed, 22 Jul 2026 02:02:44] [INFO] [abstract_scenario.py:31:info] 

[FedML-Client @device-id-0] [Wed, 22 Jul 2026 02:02:44] [INFO] [abstract_scenario.py:31:info]   y:
[FedML-Client @device-id-0] [Wed, 22 Jul 2026 02:02:44] [INFO] [abstract_scenario.py:31:info]  
[FedML-Client @device-id-0] [Wed, 22 Jul 2026 02:02:44] [INFO] [abstract_scenario.py:31:info] ndarray
[FedML-Client @device-id-0] [Wed, 22 Jul 2026 02:02:44] [INFO] [abstract_scenario.py:31:info]  
[FedML-Client @device-id-0] [Wed, 22 Jul 2026 02:02:44] [INFO] [abstract_scenario.py:31:info] (float64): 
[FedML-Client @device-id-0] [Wed, 22 Jul 2026 02:02:44] [INFO] [abstract_scenario.py:31:info]  
[FedML-Client @device-id-0] [Wed, 22 Jul 2026 02:02:44] [INFO] [abstract_scenario.py:31:info] 10000x1
[FedML-Client @device-id-0] [Wed, 22 Jul 2026 02:02:44] [INFO] [abstract_scenario.py:31:info] 

[FedML-Client @device-id-0] [Wed, 22 Jul 2026 02:02:44] [INFO] [abstract_scenario.py:31:info]   g:
[FedML-Client @device-id-0] [Wed, 22 Jul 2026 02:02:44] [INFO] [abstract_scenario.py:31:info]  
[FedML-Client @device-id-0] [Wed, 22 Jul 2026 02:02:44] [INFO] [abstract_scenario.py:31:info] ndarray
[FedML-Client @device-id-0] [Wed, 22 Jul 2026 02:02:44] [INFO] [abstract_scenario.py:31:info]  
[FedML-Client @device-id-0] [Wed, 22 Jul 2026 02:02:44] [INFO] [abstract_scenario.py:31:info] (float64): 
[FedML-Client @device-id-0] [Wed, 22 Jul 2026 02:02:44] [INFO] [abstract_scenario.py:31:info]  
[FedML-Client @device-id-0] [Wed, 22 Jul 2026 02:02:44] [INFO] [abstract_scenario.py:31:info] 10000x1
[FedML-Client @device-id-0] [Wed, 22 Jul 2026 02:02:44] [INFO] [abstract_scenario.py:31:info] 

[FedML-Client @device-id-0] [Wed, 22 Jul 2026 02:02:44] [INFO] [abstract_scenario.py:31:info]   w:
[FedML-Client @device-id-0] [Wed, 22 Jul 2026 02:02:44] [INFO] [abstract_scenario.py:31:info]  
[FedML-Client @device-id-0] [Wed, 22 Jul 2026 02:02:44] [INFO] [abstract_scenario.py:31:info] ndarray
[FedML-Client @device-id-0] [Wed, 22 Jul 2026 02:02:44] [INFO] [abstract_scenario.py:31:info]  
[FedML-Client @device-id-0] [Wed, 22 Jul 2026 02:02:44] [INFO] [abstract_scenario.py:31:info] (float64): 
[FedML-Client @device-id-0] [Wed, 22 Jul 2026 02:02:44] [INFO] [abstract_scenario.py:31:info]  
[FedML-Client @device-id-0] [Wed, 22 Jul 2026 02:02:44] [INFO] [abstract_scenario.py:31:info] 10000x1
[FedML-Client @device-id-0] [Wed, 22 Jul 2026 02:02:44] [INFO] [abstract_scenario.py:31:info] 

[FedML-Client @device-id-0] [Wed, 22 Jul 2026 02:02:44] [INFO] [model_hub.py:25:create] create_model. model_name = lr, output_dim = None, dataset = cifar10_xz
[FedML-Client @device-id-0] [Wed, 22 Jul 2026 02:02:45] [INFO] [fedavg_api.py:231:__init__] model = [[CIFAR10CNN(
  (cnn): Sequential(
    (0): Conv2d(3, 32, kernel_size=(3, 3), stride=(1, 1), padding=(1, 1))
    (1): LeakyReLU(negative_slope=0.01)
    (2): MaxPool2d(kernel_size=2, stride=2, padding=0, dilation=1, ceil_mode=False)
    (3): Dropout(p=0.0, inplace=False)
    (4): Conv2d(32, 64, kernel_size=(3, 3), stride=(1, 1), padding=(2, 2))
    (5): LeakyReLU(negative_slope=0.01)
    (6): MaxPool2d(kernel_size=2, stride=2, padding=0, dilation=1, ceil_mode=False)
    (7): Dropout(p=0.0, inplace=False)
  )
  (linear_1): Linear(in_features=5184, out_features=200, bias=True)
  (linear_2): Linear(in_features=200, out_features=10, bias=True)
  (linear_3): Linear(in_features=10, out_features=1, bias=True)
  (bn): BatchNorm1d(10, eps=1e-05, momentum=0.1, affine=True, track_running_stats=True)
)], [CIFAR10CNN(
  (cnn): Sequential(
    (0): Conv2d(3, 32, kernel_size=(3, 3), stride=(1, 1), padding=(1, 1))
    (1): LeakyReLU(negative_slope=0.01)
    (2): MaxPool2d(kernel_size=2, stride=2, padding=0, dilation=1, ceil_mode=False)
    (3): Dropout(p=0.0, inplace=False)
    (4): Conv2d(32, 64, kernel_size=(3, 3), stride=(1, 1), padding=(2, 2))
    (5): LeakyReLU(negative_slope=0.01)
    (6): MaxPool2d(kernel_size=2, stride=2, padding=0, dilation=1, ceil_mode=False)
    (7): Dropout(p=0.0, inplace=False)
  )
  (linear_1): Linear(in_features=5184, out_features=200, bias=True)
  (linear_2): Linear(in_features=200, out_features=10, bias=True)
  (linear_3): Linear(in_features=10, out_features=1, bias=True)
  (bn): BatchNorm1d(10, eps=1e-05, momentum=0.1, affine=True, track_running_stats=True)
)], [CIFAR10CNN(
  (cnn): Sequential(
    (0): Conv2d(3, 32, kernel_size=(3, 3), stride=(1, 1), padding=(1, 1))
    (1): LeakyReLU(negative_slope=0.01)
    (2): MaxPool2d(kernel_size=2, stride=2, padding=0, dilation=1, ceil_mode=False)
    (3): Dropout(p=0.0, inplace=False)
    (4): Conv2d(32, 64, kernel_size=(3, 3), stride=(1, 1), padding=(2, 2))
    (5): LeakyReLU(negative_slope=0.01)
    (6): MaxPool2d(kernel_size=2, stride=2, padding=0, dilation=1, ceil_mode=False)
    (7): Dropout(p=0.0, inplace=False)
  )
  (linear_1): Linear(in_features=5184, out_features=200, bias=True)
  (linear_2): Linear(in_features=200, out_features=10, bias=True)
  (linear_3): Linear(in_features=10, out_features=1, bias=True)
  (bn): BatchNorm1d(10, eps=1e-05, momentum=0.1, affine=True, track_running_stats=True)
)]]
[FedML-Client @device-id-0] [Wed, 22 Jul 2026 02:02:45] [INFO] [model_selection_class.py:41:do_model_selection] starting learning args eval 0
[FedML-Client @device-id-0] [Wed, 22 Jul 2026 02:02:45] [INFO] [model_selection_class.py:41:do_model_selection] 

[FedML-Client @device-id-0] [Wed, 22 Jul 2026 02:06:05] [INFO] [model_selection_class.py:71:do_model_selection] learning eval:
[FedML-Client @device-id-0] [Wed, 22 Jul 2026 02:06:05] [INFO] [model_selection_class.py:71:do_model_selection]  
[FedML-Client @device-id-0] [Wed, 22 Jul 2026 02:06:05] [INFO] [model_selection_class.py:71:do_model_selection] -0.0039710689298253585
[FedML-Client @device-id-0] [Wed, 22 Jul 2026 02:06:05] [INFO] [model_selection_class.py:71:do_model_selection]  
[FedML-Client @device-id-0] [Wed, 22 Jul 2026 02:06:05] [INFO] [model_selection_class.py:71:do_model_selection] OptimalObjective::lambda_1=0.100000
[FedML-Client @device-id-0] [Wed, 22 Jul 2026 02:06:05] [INFO] [model_selection_class.py:71:do_model_selection]  
[FedML-Client @device-id-0] [Wed, 22 Jul 2026 02:06:05] [INFO] [model_selection_class.py:71:do_model_selection] OGDA:::'lr'=0.003
[FedML-Client @device-id-0] [Wed, 22 Jul 2026 02:06:05] [INFO] [model_selection_class.py:71:do_model_selection]  
[FedML-Client @device-id-0] [Wed, 22 Jul 2026 02:06:05] [INFO] [model_selection_class.py:71:do_model_selection] OGDA:::'lr'=0.009000000000000001
[FedML-Client @device-id-0] [Wed, 22 Jul 2026 02:06:05] [INFO] [model_selection_class.py:71:do_model_selection] 

[FedML-Client @device-id-0] [Wed, 22 Jul 2026 02:06:05] [INFO] [model_selection_class.py:90:do_model_selection] size of f_z collection:
[FedML-Client @device-id-0] [Wed, 22 Jul 2026 02:06:05] [INFO] [model_selection_class.py:90:do_model_selection]  
[FedML-Client @device-id-0] [Wed, 22 Jul 2026 02:06:05] [INFO] [model_selection_class.py:90:do_model_selection] 120
[FedML-Client @device-id-0] [Wed, 22 Jul 2026 02:06:05] [INFO] [model_selection_class.py:90:do_model_selection] 

[FedML-Client @device-id-0] [Wed, 22 Jul 2026 02:06:05] [INFO] [fedavg_api.py:468:_setup_clients] ############setup_clients (START)#############
[FedML-Client @device-id-0] [Wed, 22 Jul 2026 02:06:06] [INFO] [fedavg_api.py:485:_setup_clients] ############setup_clients (END)#############
[FedML-Client @device-id-0] [Wed, 22 Jul 2026 02:30:15] [INFO] [fedavg_api.py:850:train] MSE on test ------------------------------>>>>>>>>>>>>>>>>>>
[FedML-Client @device-id-0] [Wed, 22 Jul 2026 02:30:15] [INFO] [fedavg_api.py:850:train]  
[FedML-Client @device-id-0] [Wed, 22 Jul 2026 02:30:15] [INFO] [fedavg_api.py:850:train] 0.20735494737270696
[FedML-Client @device-id-0] [Wed, 22 Jul 2026 02:30:15] [INFO] [fedavg_api.py:850:train] 

DEBUG: Calling fedml.init()...
/home/arnav22103/FederatedDeepGMM/fedgmm/sp_decentralized_mnist_lr_example/fedml/computing/scheduler/comm_utils/sys_utils.py:16: UserWarning: pkg_resources is deprecated as an API. See https://setuptools.pypa.io/en/latest/pkg_resources.html. The pkg_resources package is slated for removal as early as 2025-11-30. Refrain from using this package or pin to Setuptools<81.
  from pkg_resources import parse_version
[FedML-Client @device-id-0] [Wed, 22 Jul 2026 02:30:24] [INFO] [__init__.py:163:init] args.rank = 0, args.worker_num = 10
[FedML-Client @device-id-0] [Wed, 22 Jul 2026 02:30:24] [INFO] [main.py:14:<module>] DEBUG: fedml.init() successful.
[FedML-Client @device-id-0] [Wed, 22 Jul 2026 02:30:24] [INFO] [main.py:14:<module>] 

[FedML-Client @device-id-0] [Wed, 22 Jul 2026 02:30:25] [INFO] [ml_engine_adapter.py:147:get_torch_device] args = <fedml.arguments.Arguments object at 0x7bb07811bf70>, using_gpu = True, device_id = 0, device_type = gpu
[FedML-Client @device-id-0] [Wed, 22 Jul 2026 02:30:25] [INFO] [device.py:48:get_device] device = cuda:0
[FedML-Client @device-id-0] [Wed, 22 Jul 2026 02:30:25] [INFO] [data_loader.py:669:load_synthetic_data] load_data. dataset_name = cifar10_x
[FedML-Client @device-id-0] [Wed, 22 Jul 2026 02:30:25] [INFO] [abstract_scenario.py:116:info] test
[FedML-Client @device-id-0] [Wed, 22 Jul 2026 02:30:25] [INFO] [abstract_scenario.py:116:info] 

[FedML-Client @device-id-0] [Wed, 22 Jul 2026 02:30:25] [INFO] [abstract_scenario.py:31:info]   x:
[FedML-Client @device-id-0] [Wed, 22 Jul 2026 02:30:25] [INFO] [abstract_scenario.py:31:info]  
[FedML-Client @device-id-0] [Wed, 22 Jul 2026 02:30:25] [INFO] [abstract_scenario.py:31:info] ndarray
[FedML-Client @device-id-0] [Wed, 22 Jul 2026 02:30:25] [INFO] [abstract_scenario.py:31:info]  
[FedML-Client @device-id-0] [Wed, 22 Jul 2026 02:30:25] [INFO] [abstract_scenario.py:31:info] (float32): 
[FedML-Client @device-id-0] [Wed, 22 Jul 2026 02:30:25] [INFO] [abstract_scenario.py:31:info]  
[FedML-Client @device-id-0] [Wed, 22 Jul 2026 02:30:25] [INFO] [abstract_scenario.py:31:info] 10000x3x32x32
[FedML-Client @device-id-0] [Wed, 22 Jul 2026 02:30:25] [INFO] [abstract_scenario.py:31:info] 

[FedML-Client @device-id-0] [Wed, 22 Jul 2026 02:30:25] [INFO] [abstract_scenario.py:31:info]   z:
[FedML-Client @device-id-0] [Wed, 22 Jul 2026 02:30:25] [INFO] [abstract_scenario.py:31:info]  
[FedML-Client @device-id-0] [Wed, 22 Jul 2026 02:30:25] [INFO] [abstract_scenario.py:31:info] ndarray
[FedML-Client @device-id-0] [Wed, 22 Jul 2026 02:30:25] [INFO] [abstract_scenario.py:31:info]  
[FedML-Client @device-id-0] [Wed, 22 Jul 2026 02:30:25] [INFO] [abstract_scenario.py:31:info] (float64): 
[FedML-Client @device-id-0] [Wed, 22 Jul 2026 02:30:25] [INFO] [abstract_scenario.py:31:info]  
[FedML-Client @device-id-0] [Wed, 22 Jul 2026 02:30:25] [INFO] [abstract_scenario.py:31:info] 10000x1
[FedML-Client @device-id-0] [Wed, 22 Jul 2026 02:30:25] [INFO] [abstract_scenario.py:31:info] 

[FedML-Client @device-id-0] [Wed, 22 Jul 2026 02:30:25] [INFO] [abstract_scenario.py:31:info]   y:
[FedML-Client @device-id-0] [Wed, 22 Jul 2026 02:30:25] [INFO] [abstract_scenario.py:31:info]  
[FedML-Client @device-id-0] [Wed, 22 Jul 2026 02:30:25] [INFO] [abstract_scenario.py:31:info] ndarray
[FedML-Client @device-id-0] [Wed, 22 Jul 2026 02:30:25] [INFO] [abstract_scenario.py:31:info]  
[FedML-Client @device-id-0] [Wed, 22 Jul 2026 02:30:25] [INFO] [abstract_scenario.py:31:info] (float64): 
[FedML-Client @device-id-0] [Wed, 22 Jul 2026 02:30:25] [INFO] [abstract_scenario.py:31:info]  
[FedML-Client @device-id-0] [Wed, 22 Jul 2026 02:30:25] [INFO] [abstract_scenario.py:31:info] 10000x1
[FedML-Client @device-id-0] [Wed, 22 Jul 2026 02:30:25] [INFO] [abstract_scenario.py:31:info] 

[FedML-Client @device-id-0] [Wed, 22 Jul 2026 02:30:25] [INFO] [abstract_scenario.py:31:info]   g:
[FedML-Client @device-id-0] [Wed, 22 Jul 2026 02:30:25] [INFO] [abstract_scenario.py:31:info]  
[FedML-Client @device-id-0] [Wed, 22 Jul 2026 02:30:25] [INFO] [abstract_scenario.py:31:info] ndarray
[FedML-Client @device-id-0] [Wed, 22 Jul 2026 02:30:25] [INFO] [abstract_scenario.py:31:info]  
[FedML-Client @device-id-0] [Wed, 22 Jul 2026 02:30:25] [INFO] [abstract_scenario.py:31:info] (float64): 
[FedML-Client @device-id-0] [Wed, 22 Jul 2026 02:30:25] [INFO] [abstract_scenario.py:31:info]  
[FedML-Client @device-id-0] [Wed, 22 Jul 2026 02:30:25] [INFO] [abstract_scenario.py:31:info] 10000x1
[FedML-Client @device-id-0] [Wed, 22 Jul 2026 02:30:25] [INFO] [abstract_scenario.py:31:info] 

[FedML-Client @device-id-0] [Wed, 22 Jul 2026 02:30:25] [INFO] [abstract_scenario.py:31:info]   w:
[FedML-Client @device-id-0] [Wed, 22 Jul 2026 02:30:25] [INFO] [abstract_scenario.py:31:info]  
[FedML-Client @device-id-0] [Wed, 22 Jul 2026 02:30:25] [INFO] [abstract_scenario.py:31:info] ndarray
[FedML-Client @device-id-0] [Wed, 22 Jul 2026 02:30:25] [INFO] [abstract_scenario.py:31:info]  
[FedML-Client @device-id-0] [Wed, 22 Jul 2026 02:30:25] [INFO] [abstract_scenario.py:31:info] (float64): 
[FedML-Client @device-id-0] [Wed, 22 Jul 2026 02:30:25] [INFO] [abstract_scenario.py:31:info]  
[FedML-Client @device-id-0] [Wed, 22 Jul 2026 02:30:25] [INFO] [abstract_scenario.py:31:info] 10000x1
[FedML-Client @device-id-0] [Wed, 22 Jul 2026 02:30:25] [INFO] [abstract_scenario.py:31:info] 

[FedML-Client @device-id-0] [Wed, 22 Jul 2026 02:30:25] [INFO] [abstract_scenario.py:116:info] train
[FedML-Client @device-id-0] [Wed, 22 Jul 2026 02:30:25] [INFO] [abstract_scenario.py:116:info] 

[FedML-Client @device-id-0] [Wed, 22 Jul 2026 02:30:25] [INFO] [abstract_scenario.py:31:info]   x:
[FedML-Client @device-id-0] [Wed, 22 Jul 2026 02:30:25] [INFO] [abstract_scenario.py:31:info]  
[FedML-Client @device-id-0] [Wed, 22 Jul 2026 02:30:25] [INFO] [abstract_scenario.py:31:info] ndarray
[FedML-Client @device-id-0] [Wed, 22 Jul 2026 02:30:25] [INFO] [abstract_scenario.py:31:info]  
[FedML-Client @device-id-0] [Wed, 22 Jul 2026 02:30:25] [INFO] [abstract_scenario.py:31:info] (float32): 
[FedML-Client @device-id-0] [Wed, 22 Jul 2026 02:30:25] [INFO] [abstract_scenario.py:31:info]  
[FedML-Client @device-id-0] [Wed, 22 Jul 2026 02:30:25] [INFO] [abstract_scenario.py:31:info] 20000x3x32x32
[FedML-Client @device-id-0] [Wed, 22 Jul 2026 02:30:25] [INFO] [abstract_scenario.py:31:info] 

[FedML-Client @device-id-0] [Wed, 22 Jul 2026 02:30:25] [INFO] [abstract_scenario.py:33:info]       min: -2.43
[FedML-Client @device-id-0] [Wed, 22 Jul 2026 02:30:25] [INFO] [abstract_scenario.py:33:info]  
[FedML-Client @device-id-0] [Wed, 22 Jul 2026 02:30:25] [INFO] [abstract_scenario.py:33:info] , max: 2.75
[FedML-Client @device-id-0] [Wed, 22 Jul 2026 02:30:25] [INFO] [abstract_scenario.py:33:info] 

[FedML-Client @device-id-0] [Wed, 22 Jul 2026 02:30:25] [INFO] [abstract_scenario.py:31:info]   z:
[FedML-Client @device-id-0] [Wed, 22 Jul 2026 02:30:25] [INFO] [abstract_scenario.py:31:info]  
[FedML-Client @device-id-0] [Wed, 22 Jul 2026 02:30:25] [INFO] [abstract_scenario.py:31:info] ndarray
[FedML-Client @device-id-0] [Wed, 22 Jul 2026 02:30:25] [INFO] [abstract_scenario.py:31:info]  
[FedML-Client @device-id-0] [Wed, 22 Jul 2026 02:30:25] [INFO] [abstract_scenario.py:31:info] (float64): 
[FedML-Client @device-id-0] [Wed, 22 Jul 2026 02:30:25] [INFO] [abstract_scenario.py:31:info]  
[FedML-Client @device-id-0] [Wed, 22 Jul 2026 02:30:25] [INFO] [abstract_scenario.py:31:info] 20000x1
[FedML-Client @device-id-0] [Wed, 22 Jul 2026 02:30:25] [INFO] [abstract_scenario.py:31:info] 

[FedML-Client @device-id-0] [Wed, 22 Jul 2026 02:30:25] [INFO] [abstract_scenario.py:33:info]       min: -3.00
[FedML-Client @device-id-0] [Wed, 22 Jul 2026 02:30:25] [INFO] [abstract_scenario.py:33:info]  
[FedML-Client @device-id-0] [Wed, 22 Jul 2026 02:30:25] [INFO] [abstract_scenario.py:33:info] , max: 3.00
[FedML-Client @device-id-0] [Wed, 22 Jul 2026 02:30:25] [INFO] [abstract_scenario.py:33:info] 

[FedML-Client @device-id-0] [Wed, 22 Jul 2026 02:30:25] [INFO] [abstract_scenario.py:31:info]   y:
[FedML-Client @device-id-0] [Wed, 22 Jul 2026 02:30:25] [INFO] [abstract_scenario.py:31:info]  
[FedML-Client @device-id-0] [Wed, 22 Jul 2026 02:30:25] [INFO] [abstract_scenario.py:31:info] ndarray
[FedML-Client @device-id-0] [Wed, 22 Jul 2026 02:30:25] [INFO] [abstract_scenario.py:31:info]  
[FedML-Client @device-id-0] [Wed, 22 Jul 2026 02:30:25] [INFO] [abstract_scenario.py:31:info] (float64): 
[FedML-Client @device-id-0] [Wed, 22 Jul 2026 02:30:25] [INFO] [abstract_scenario.py:31:info]  
[FedML-Client @device-id-0] [Wed, 22 Jul 2026 02:30:25] [INFO] [abstract_scenario.py:31:info] 20000x1
[FedML-Client @device-id-0] [Wed, 22 Jul 2026 02:30:25] [INFO] [abstract_scenario.py:31:info] 

[FedML-Client @device-id-0] [Wed, 22 Jul 2026 02:30:25] [INFO] [abstract_scenario.py:33:info]       min: -3.61
[FedML-Client @device-id-0] [Wed, 22 Jul 2026 02:30:25] [INFO] [abstract_scenario.py:33:info]  
[FedML-Client @device-id-0] [Wed, 22 Jul 2026 02:30:25] [INFO] [abstract_scenario.py:33:info] , max: 5.23
[FedML-Client @device-id-0] [Wed, 22 Jul 2026 02:30:25] [INFO] [abstract_scenario.py:33:info] 

[FedML-Client @device-id-0] [Wed, 22 Jul 2026 02:30:25] [INFO] [abstract_scenario.py:31:info]   g:
[FedML-Client @device-id-0] [Wed, 22 Jul 2026 02:30:25] [INFO] [abstract_scenario.py:31:info]  
[FedML-Client @device-id-0] [Wed, 22 Jul 2026 02:30:25] [INFO] [abstract_scenario.py:31:info] ndarray
[FedML-Client @device-id-0] [Wed, 22 Jul 2026 02:30:25] [INFO] [abstract_scenario.py:31:info]  
[FedML-Client @device-id-0] [Wed, 22 Jul 2026 02:30:25] [INFO] [abstract_scenario.py:31:info] (float64): 
[FedML-Client @device-id-0] [Wed, 22 Jul 2026 02:30:25] [INFO] [abstract_scenario.py:31:info]  
[FedML-Client @device-id-0] [Wed, 22 Jul 2026 02:30:25] [INFO] [abstract_scenario.py:31:info] 20000x1
[FedML-Client @device-id-0] [Wed, 22 Jul 2026 02:30:25] [INFO] [abstract_scenario.py:31:info] 

[FedML-Client @device-id-0] [Wed, 22 Jul 2026 02:30:25] [INFO] [abstract_scenario.py:33:info]       min: -0.73
[FedML-Client @device-id-0] [Wed, 22 Jul 2026 02:30:25] [INFO] [abstract_scenario.py:33:info]  
[FedML-Client @device-id-0] [Wed, 22 Jul 2026 02:30:25] [INFO] [abstract_scenario.py:33:info] , max: 0.73
[FedML-Client @device-id-0] [Wed, 22 Jul 2026 02:30:25] [INFO] [abstract_scenario.py:33:info] 

[FedML-Client @device-id-0] [Wed, 22 Jul 2026 02:30:25] [INFO] [abstract_scenario.py:31:info]   w:
[FedML-Client @device-id-0] [Wed, 22 Jul 2026 02:30:25] [INFO] [abstract_scenario.py:31:info]  
[FedML-Client @device-id-0] [Wed, 22 Jul 2026 02:30:25] [INFO] [abstract_scenario.py:31:info] ndarray
[FedML-Client @device-id-0] [Wed, 22 Jul 2026 02:30:25] [INFO] [abstract_scenario.py:31:info]  
[FedML-Client @device-id-0] [Wed, 22 Jul 2026 02:30:25] [INFO] [abstract_scenario.py:31:info] (float64): 
[FedML-Client @device-id-0] [Wed, 22 Jul 2026 02:30:25] [INFO] [abstract_scenario.py:31:info]  
[FedML-Client @device-id-0] [Wed, 22 Jul 2026 02:30:25] [INFO] [abstract_scenario.py:31:info] 20000x1
[FedML-Client @device-id-0] [Wed, 22 Jul 2026 02:30:25] [INFO] [abstract_scenario.py:31:info] 

[FedML-Client @device-id-0] [Wed, 22 Jul 2026 02:30:25] [INFO] [abstract_scenario.py:33:info]       min: 0.00
[FedML-Client @device-id-0] [Wed, 22 Jul 2026 02:30:25] [INFO] [abstract_scenario.py:33:info]  
[FedML-Client @device-id-0] [Wed, 22 Jul 2026 02:30:25] [INFO] [abstract_scenario.py:33:info] , max: 9.00
[FedML-Client @device-id-0] [Wed, 22 Jul 2026 02:30:25] [INFO] [abstract_scenario.py:33:info] 

[FedML-Client @device-id-0] [Wed, 22 Jul 2026 02:30:25] [INFO] [abstract_scenario.py:116:info] dev
[FedML-Client @device-id-0] [Wed, 22 Jul 2026 02:30:25] [INFO] [abstract_scenario.py:116:info] 

[FedML-Client @device-id-0] [Wed, 22 Jul 2026 02:30:25] [INFO] [abstract_scenario.py:31:info]   x:
[FedML-Client @device-id-0] [Wed, 22 Jul 2026 02:30:25] [INFO] [abstract_scenario.py:31:info]  
[FedML-Client @device-id-0] [Wed, 22 Jul 2026 02:30:25] [INFO] [abstract_scenario.py:31:info] ndarray
[FedML-Client @device-id-0] [Wed, 22 Jul 2026 02:30:25] [INFO] [abstract_scenario.py:31:info]  
[FedML-Client @device-id-0] [Wed, 22 Jul 2026 02:30:25] [INFO] [abstract_scenario.py:31:info] (float32): 
[FedML-Client @device-id-0] [Wed, 22 Jul 2026 02:30:25] [INFO] [abstract_scenario.py:31:info]  
[FedML-Client @device-id-0] [Wed, 22 Jul 2026 02:30:25] [INFO] [abstract_scenario.py:31:info] 10000x3x32x32
[FedML-Client @device-id-0] [Wed, 22 Jul 2026 02:30:25] [INFO] [abstract_scenario.py:31:info] 

[FedML-Client @device-id-0] [Wed, 22 Jul 2026 02:30:25] [INFO] [abstract_scenario.py:31:info]   z:
[FedML-Client @device-id-0] [Wed, 22 Jul 2026 02:30:25] [INFO] [abstract_scenario.py:31:info]  
[FedML-Client @device-id-0] [Wed, 22 Jul 2026 02:30:25] [INFO] [abstract_scenario.py:31:info] ndarray
[FedML-Client @device-id-0] [Wed, 22 Jul 2026 02:30:25] [INFO] [abstract_scenario.py:31:info]  
[FedML-Client @device-id-0] [Wed, 22 Jul 2026 02:30:25] [INFO] [abstract_scenario.py:31:info] (float64): 
[FedML-Client @device-id-0] [Wed, 22 Jul 2026 02:30:25] [INFO] [abstract_scenario.py:31:info]  
[FedML-Client @device-id-0] [Wed, 22 Jul 2026 02:30:25] [INFO] [abstract_scenario.py:31:info] 10000x1
[FedML-Client @device-id-0] [Wed, 22 Jul 2026 02:30:25] [INFO] [abstract_scenario.py:31:info] 

[FedML-Client @device-id-0] [Wed, 22 Jul 2026 02:30:25] [INFO] [abstract_scenario.py:31:info]   y:
[FedML-Client @device-id-0] [Wed, 22 Jul 2026 02:30:25] [INFO] [abstract_scenario.py:31:info]  
[FedML-Client @device-id-0] [Wed, 22 Jul 2026 02:30:25] [INFO] [abstract_scenario.py:31:info] ndarray
[FedML-Client @device-id-0] [Wed, 22 Jul 2026 02:30:25] [INFO] [abstract_scenario.py:31:info]  
[FedML-Client @device-id-0] [Wed, 22 Jul 2026 02:30:25] [INFO] [abstract_scenario.py:31:info] (float64): 
[FedML-Client @device-id-0] [Wed, 22 Jul 2026 02:30:25] [INFO] [abstract_scenario.py:31:info]  
[FedML-Client @device-id-0] [Wed, 22 Jul 2026 02:30:25] [INFO] [abstract_scenario.py:31:info] 10000x1
[FedML-Client @device-id-0] [Wed, 22 Jul 2026 02:30:25] [INFO] [abstract_scenario.py:31:info] 

[FedML-Client @device-id-0] [Wed, 22 Jul 2026 02:30:25] [INFO] [abstract_scenario.py:31:info]   g:
[FedML-Client @device-id-0] [Wed, 22 Jul 2026 02:30:25] [INFO] [abstract_scenario.py:31:info]  
[FedML-Client @device-id-0] [Wed, 22 Jul 2026 02:30:25] [INFO] [abstract_scenario.py:31:info] ndarray
[FedML-Client @device-id-0] [Wed, 22 Jul 2026 02:30:25] [INFO] [abstract_scenario.py:31:info]  
[FedML-Client @device-id-0] [Wed, 22 Jul 2026 02:30:25] [INFO] [abstract_scenario.py:31:info] (float64): 
[FedML-Client @device-id-0] [Wed, 22 Jul 2026 02:30:25] [INFO] [abstract_scenario.py:31:info]  
[FedML-Client @device-id-0] [Wed, 22 Jul 2026 02:30:25] [INFO] [abstract_scenario.py:31:info] 10000x1
[FedML-Client @device-id-0] [Wed, 22 Jul 2026 02:30:25] [INFO] [abstract_scenario.py:31:info] 

[FedML-Client @device-id-0] [Wed, 22 Jul 2026 02:30:25] [INFO] [abstract_scenario.py:31:info]   w:
[FedML-Client @device-id-0] [Wed, 22 Jul 2026 02:30:25] [INFO] [abstract_scenario.py:31:info]  
[FedML-Client @device-id-0] [Wed, 22 Jul 2026 02:30:25] [INFO] [abstract_scenario.py:31:info] ndarray
[FedML-Client @device-id-0] [Wed, 22 Jul 2026 02:30:25] [INFO] [abstract_scenario.py:31:info]  
[FedML-Client @device-id-0] [Wed, 22 Jul 2026 02:30:25] [INFO] [abstract_scenario.py:31:info] (float64): 
[FedML-Client @device-id-0] [Wed, 22 Jul 2026 02:30:25] [INFO] [abstract_scenario.py:31:info]  
[FedML-Client @device-id-0] [Wed, 22 Jul 2026 02:30:25] [INFO] [abstract_scenario.py:31:info] 10000x1
[FedML-Client @device-id-0] [Wed, 22 Jul 2026 02:30:25] [INFO] [abstract_scenario.py:31:info] 

[FedML-Client @device-id-0] [Wed, 22 Jul 2026 02:30:25] [INFO] [model_hub.py:25:create] create_model. model_name = lr, output_dim = None, dataset = cifar10_x
[FedML-Client @device-id-0] [Wed, 22 Jul 2026 02:30:26] [INFO] [fedavg_api.py:231:__init__] model = [[CIFAR10CNN(
  (cnn): Sequential(
    (0): Conv2d(3, 32, kernel_size=(3, 3), stride=(1, 1), padding=(1, 1))
    (1): LeakyReLU(negative_slope=0.01)
    (2): MaxPool2d(kernel_size=2, stride=2, padding=0, dilation=1, ceil_mode=False)
    (3): Dropout(p=0.0, inplace=False)
    (4): Conv2d(32, 64, kernel_size=(3, 3), stride=(1, 1), padding=(2, 2))
    (5): LeakyReLU(negative_slope=0.01)
    (6): MaxPool2d(kernel_size=2, stride=2, padding=0, dilation=1, ceil_mode=False)
    (7): Dropout(p=0.0, inplace=False)
  )
  (linear_1): Linear(in_features=5184, out_features=200, bias=True)
  (linear_2): Linear(in_features=200, out_features=10, bias=True)
  (linear_3): Linear(in_features=10, out_features=1, bias=True)
  (bn): BatchNorm1d(10, eps=1e-05, momentum=0.1, affine=True, track_running_stats=True)
)], [MLPModel(
  (model): Sequential(
    (0): Linear(in_features=1, out_features=20, bias=True)
    (1): LeakyReLU(negative_slope=0.01)
    (2): Linear(in_features=20, out_features=1, bias=True)
  )
)], [CIFAR10CNN(
  (cnn): Sequential(
    (0): Conv2d(3, 32, kernel_size=(3, 3), stride=(1, 1), padding=(1, 1))
    (1): LeakyReLU(negative_slope=0.01)
    (2): MaxPool2d(kernel_size=2, stride=2, padding=0, dilation=1, ceil_mode=False)
    (3): Dropout(p=0.0, inplace=False)
    (4): Conv2d(32, 64, kernel_size=(3, 3), stride=(1, 1), padding=(2, 2))
    (5): LeakyReLU(negative_slope=0.01)
    (6): MaxPool2d(kernel_size=2, stride=2, padding=0, dilation=1, ceil_mode=False)
    (7): Dropout(p=0.0, inplace=False)
  )
  (linear_1): Linear(in_features=5184, out_features=200, bias=True)
  (linear_2): Linear(in_features=200, out_features=10, bias=True)
  (linear_3): Linear(in_features=10, out_features=1, bias=True)
  (bn): BatchNorm1d(10, eps=1e-05, momentum=0.1, affine=True, track_running_stats=True)
)]]
[FedML-Client @device-id-0] [Wed, 22 Jul 2026 02:30:26] [INFO] [model_selection_class.py:41:do_model_selection] starting learning args eval 0
[FedML-Client @device-id-0] [Wed, 22 Jul 2026 02:30:26] [INFO] [model_selection_class.py:41:do_model_selection] 

[FedML-Client @device-id-0] [Wed, 22 Jul 2026 02:32:13] [INFO] [model_selection_class.py:71:do_model_selection] learning eval:
[FedML-Client @device-id-0] [Wed, 22 Jul 2026 02:32:13] [INFO] [model_selection_class.py:71:do_model_selection]  
[FedML-Client @device-id-0] [Wed, 22 Jul 2026 02:32:13] [INFO] [model_selection_class.py:71:do_model_selection] -0.0006727301218033388
[FedML-Client @device-id-0] [Wed, 22 Jul 2026 02:32:13] [INFO] [model_selection_class.py:71:do_model_selection]  
[FedML-Client @device-id-0] [Wed, 22 Jul 2026 02:32:13] [INFO] [model_selection_class.py:71:do_model_selection] OptimalObjective::lambda_1=0.100000
[FedML-Client @device-id-0] [Wed, 22 Jul 2026 02:32:13] [INFO] [model_selection_class.py:71:do_model_selection]  
[FedML-Client @device-id-0] [Wed, 22 Jul 2026 02:32:13] [INFO] [model_selection_class.py:71:do_model_selection] CustomSGD:::'lr'=0.003:'momentum'=0.0
[FedML-Client @device-id-0] [Wed, 22 Jul 2026 02:32:13] [INFO] [model_selection_class.py:71:do_model_selection]  
[FedML-Client @device-id-0] [Wed, 22 Jul 2026 02:32:13] [INFO] [model_selection_class.py:71:do_model_selection] CustomSGD:::'lr'=0.009000000000000001:'momentum'=0.0
[FedML-Client @device-id-0] [Wed, 22 Jul 2026 02:32:13] [INFO] [model_selection_class.py:71:do_model_selection] 

[FedML-Client @device-id-0] [Wed, 22 Jul 2026 02:32:13] [INFO] [model_selection_class.py:90:do_model_selection] size of f_z collection:
[FedML-Client @device-id-0] [Wed, 22 Jul 2026 02:32:13] [INFO] [model_selection_class.py:90:do_model_selection]  
[FedML-Client @device-id-0] [Wed, 22 Jul 2026 02:32:13] [INFO] [model_selection_class.py:90:do_model_selection] 120
[FedML-Client @device-id-0] [Wed, 22 Jul 2026 02:32:13] [INFO] [model_selection_class.py:90:do_model_selection] 

[FedML-Client @device-id-0] [Wed, 22 Jul 2026 02:32:13] [INFO] [fedavg_api.py:468:_setup_clients] ############setup_clients (START)#############
[FedML-Client @device-id-0] [Wed, 22 Jul 2026 02:32:13] [INFO] [fedavg_api.py:485:_setup_clients] ############setup_clients (END)#############
[FedML-Client @device-id-0] [Wed, 22 Jul 2026 02:47:51] [INFO] [fedavg_api.py:850:train] MSE on test ------------------------------>>>>>>>>>>>>>>>>>>
[FedML-Client @device-id-0] [Wed, 22 Jul 2026 02:47:51] [INFO] [fedavg_api.py:850:train]  
[FedML-Client @device-id-0] [Wed, 22 Jul 2026 02:47:51] [INFO] [fedavg_api.py:850:train] 0.15793496219430853
[FedML-Client @device-id-0] [Wed, 22 Jul 2026 02:47:51] [INFO] [fedavg_api.py:850:train] 

DEBUG: Calling fedml.init()...
/home/arnav22103/FederatedDeepGMM/fedgmm/sp_decentralized_mnist_lr_example/fedml/computing/scheduler/comm_utils/sys_utils.py:16: UserWarning: pkg_resources is deprecated as an API. See https://setuptools.pypa.io/en/latest/pkg_resources.html. The pkg_resources package is slated for removal as early as 2025-11-30. Refrain from using this package or pin to Setuptools<81.
  from pkg_resources import parse_version
[FedML-Client @device-id-0] [Wed, 22 Jul 2026 02:48:00] [INFO] [__init__.py:163:init] args.rank = 0, args.worker_num = 10
[FedML-Client @device-id-0] [Wed, 22 Jul 2026 02:48:00] [INFO] [main.py:14:<module>] DEBUG: fedml.init() successful.
[FedML-Client @device-id-0] [Wed, 22 Jul 2026 02:48:00] [INFO] [main.py:14:<module>] 

[FedML-Client @device-id-0] [Wed, 22 Jul 2026 02:48:01] [INFO] [ml_engine_adapter.py:147:get_torch_device] args = <fedml.arguments.Arguments object at 0x70fab4b1bf70>, using_gpu = True, device_id = 0, device_type = gpu
[FedML-Client @device-id-0] [Wed, 22 Jul 2026 02:48:01] [INFO] [device.py:48:get_device] device = cuda:0
[FedML-Client @device-id-0] [Wed, 22 Jul 2026 02:48:01] [INFO] [data_loader.py:669:load_synthetic_data] load_data. dataset_name = cifar10_xz
[FedML-Client @device-id-0] [Wed, 22 Jul 2026 02:48:01] [INFO] [abstract_scenario.py:116:info] test
[FedML-Client @device-id-0] [Wed, 22 Jul 2026 02:48:01] [INFO] [abstract_scenario.py:116:info] 

[FedML-Client @device-id-0] [Wed, 22 Jul 2026 02:48:01] [INFO] [abstract_scenario.py:31:info]   x:
[FedML-Client @device-id-0] [Wed, 22 Jul 2026 02:48:01] [INFO] [abstract_scenario.py:31:info]  
[FedML-Client @device-id-0] [Wed, 22 Jul 2026 02:48:01] [INFO] [abstract_scenario.py:31:info] ndarray
[FedML-Client @device-id-0] [Wed, 22 Jul 2026 02:48:01] [INFO] [abstract_scenario.py:31:info]  
[FedML-Client @device-id-0] [Wed, 22 Jul 2026 02:48:01] [INFO] [abstract_scenario.py:31:info] (float32): 
[FedML-Client @device-id-0] [Wed, 22 Jul 2026 02:48:01] [INFO] [abstract_scenario.py:31:info]  
[FedML-Client @device-id-0] [Wed, 22 Jul 2026 02:48:01] [INFO] [abstract_scenario.py:31:info] 10000x3x32x32
[FedML-Client @device-id-0] [Wed, 22 Jul 2026 02:48:01] [INFO] [abstract_scenario.py:31:info] 

[FedML-Client @device-id-0] [Wed, 22 Jul 2026 02:48:01] [INFO] [abstract_scenario.py:31:info]   z:
[FedML-Client @device-id-0] [Wed, 22 Jul 2026 02:48:01] [INFO] [abstract_scenario.py:31:info]  
[FedML-Client @device-id-0] [Wed, 22 Jul 2026 02:48:01] [INFO] [abstract_scenario.py:31:info] ndarray
[FedML-Client @device-id-0] [Wed, 22 Jul 2026 02:48:01] [INFO] [abstract_scenario.py:31:info]  
[FedML-Client @device-id-0] [Wed, 22 Jul 2026 02:48:01] [INFO] [abstract_scenario.py:31:info] (float32): 
[FedML-Client @device-id-0] [Wed, 22 Jul 2026 02:48:01] [INFO] [abstract_scenario.py:31:info]  
[FedML-Client @device-id-0] [Wed, 22 Jul 2026 02:48:01] [INFO] [abstract_scenario.py:31:info] 10000x3x32x32
[FedML-Client @device-id-0] [Wed, 22 Jul 2026 02:48:01] [INFO] [abstract_scenario.py:31:info] 

[FedML-Client @device-id-0] [Wed, 22 Jul 2026 02:48:01] [INFO] [abstract_scenario.py:31:info]   y:
[FedML-Client @device-id-0] [Wed, 22 Jul 2026 02:48:01] [INFO] [abstract_scenario.py:31:info]  
[FedML-Client @device-id-0] [Wed, 22 Jul 2026 02:48:01] [INFO] [abstract_scenario.py:31:info] ndarray
[FedML-Client @device-id-0] [Wed, 22 Jul 2026 02:48:01] [INFO] [abstract_scenario.py:31:info]  
[FedML-Client @device-id-0] [Wed, 22 Jul 2026 02:48:01] [INFO] [abstract_scenario.py:31:info] (float64): 
[FedML-Client @device-id-0] [Wed, 22 Jul 2026 02:48:01] [INFO] [abstract_scenario.py:31:info]  
[FedML-Client @device-id-0] [Wed, 22 Jul 2026 02:48:01] [INFO] [abstract_scenario.py:31:info] 10000x1
[FedML-Client @device-id-0] [Wed, 22 Jul 2026 02:48:01] [INFO] [abstract_scenario.py:31:info] 

[FedML-Client @device-id-0] [Wed, 22 Jul 2026 02:48:01] [INFO] [abstract_scenario.py:31:info]   g:
[FedML-Client @device-id-0] [Wed, 22 Jul 2026 02:48:01] [INFO] [abstract_scenario.py:31:info]  
[FedML-Client @device-id-0] [Wed, 22 Jul 2026 02:48:01] [INFO] [abstract_scenario.py:31:info] ndarray
[FedML-Client @device-id-0] [Wed, 22 Jul 2026 02:48:01] [INFO] [abstract_scenario.py:31:info]  
[FedML-Client @device-id-0] [Wed, 22 Jul 2026 02:48:01] [INFO] [abstract_scenario.py:31:info] (float64): 
[FedML-Client @device-id-0] [Wed, 22 Jul 2026 02:48:01] [INFO] [abstract_scenario.py:31:info]  
[FedML-Client @device-id-0] [Wed, 22 Jul 2026 02:48:01] [INFO] [abstract_scenario.py:31:info] 10000x1
[FedML-Client @device-id-0] [Wed, 22 Jul 2026 02:48:01] [INFO] [abstract_scenario.py:31:info] 

[FedML-Client @device-id-0] [Wed, 22 Jul 2026 02:48:01] [INFO] [abstract_scenario.py:31:info]   w:
[FedML-Client @device-id-0] [Wed, 22 Jul 2026 02:48:01] [INFO] [abstract_scenario.py:31:info]  
[FedML-Client @device-id-0] [Wed, 22 Jul 2026 02:48:01] [INFO] [abstract_scenario.py:31:info] ndarray
[FedML-Client @device-id-0] [Wed, 22 Jul 2026 02:48:01] [INFO] [abstract_scenario.py:31:info]  
[FedML-Client @device-id-0] [Wed, 22 Jul 2026 02:48:01] [INFO] [abstract_scenario.py:31:info] (float64): 
[FedML-Client @device-id-0] [Wed, 22 Jul 2026 02:48:01] [INFO] [abstract_scenario.py:31:info]  
[FedML-Client @device-id-0] [Wed, 22 Jul 2026 02:48:01] [INFO] [abstract_scenario.py:31:info] 10000x1
[FedML-Client @device-id-0] [Wed, 22 Jul 2026 02:48:01] [INFO] [abstract_scenario.py:31:info] 

[FedML-Client @device-id-0] [Wed, 22 Jul 2026 02:48:01] [INFO] [abstract_scenario.py:116:info] train
[FedML-Client @device-id-0] [Wed, 22 Jul 2026 02:48:01] [INFO] [abstract_scenario.py:116:info] 

[FedML-Client @device-id-0] [Wed, 22 Jul 2026 02:48:01] [INFO] [abstract_scenario.py:31:info]   x:
[FedML-Client @device-id-0] [Wed, 22 Jul 2026 02:48:01] [INFO] [abstract_scenario.py:31:info]  
[FedML-Client @device-id-0] [Wed, 22 Jul 2026 02:48:01] [INFO] [abstract_scenario.py:31:info] ndarray
[FedML-Client @device-id-0] [Wed, 22 Jul 2026 02:48:01] [INFO] [abstract_scenario.py:31:info]  
[FedML-Client @device-id-0] [Wed, 22 Jul 2026 02:48:01] [INFO] [abstract_scenario.py:31:info] (float32): 
[FedML-Client @device-id-0] [Wed, 22 Jul 2026 02:48:01] [INFO] [abstract_scenario.py:31:info]  
[FedML-Client @device-id-0] [Wed, 22 Jul 2026 02:48:01] [INFO] [abstract_scenario.py:31:info] 20000x3x32x32
[FedML-Client @device-id-0] [Wed, 22 Jul 2026 02:48:01] [INFO] [abstract_scenario.py:31:info] 

[FedML-Client @device-id-0] [Wed, 22 Jul 2026 02:48:02] [INFO] [abstract_scenario.py:33:info]       min: -2.43
[FedML-Client @device-id-0] [Wed, 22 Jul 2026 02:48:02] [INFO] [abstract_scenario.py:33:info]  
[FedML-Client @device-id-0] [Wed, 22 Jul 2026 02:48:02] [INFO] [abstract_scenario.py:33:info] , max: 2.75
[FedML-Client @device-id-0] [Wed, 22 Jul 2026 02:48:02] [INFO] [abstract_scenario.py:33:info] 

[FedML-Client @device-id-0] [Wed, 22 Jul 2026 02:48:02] [INFO] [abstract_scenario.py:31:info]   z:
[FedML-Client @device-id-0] [Wed, 22 Jul 2026 02:48:02] [INFO] [abstract_scenario.py:31:info]  
[FedML-Client @device-id-0] [Wed, 22 Jul 2026 02:48:02] [INFO] [abstract_scenario.py:31:info] ndarray
[FedML-Client @device-id-0] [Wed, 22 Jul 2026 02:48:02] [INFO] [abstract_scenario.py:31:info]  
[FedML-Client @device-id-0] [Wed, 22 Jul 2026 02:48:02] [INFO] [abstract_scenario.py:31:info] (float32): 
[FedML-Client @device-id-0] [Wed, 22 Jul 2026 02:48:02] [INFO] [abstract_scenario.py:31:info]  
[FedML-Client @device-id-0] [Wed, 22 Jul 2026 02:48:02] [INFO] [abstract_scenario.py:31:info] 20000x3x32x32
[FedML-Client @device-id-0] [Wed, 22 Jul 2026 02:48:02] [INFO] [abstract_scenario.py:31:info] 

[FedML-Client @device-id-0] [Wed, 22 Jul 2026 02:48:02] [INFO] [abstract_scenario.py:33:info]       min: -2.43
[FedML-Client @device-id-0] [Wed, 22 Jul 2026 02:48:02] [INFO] [abstract_scenario.py:33:info]  
[FedML-Client @device-id-0] [Wed, 22 Jul 2026 02:48:02] [INFO] [abstract_scenario.py:33:info] , max: 2.75
[FedML-Client @device-id-0] [Wed, 22 Jul 2026 02:48:02] [INFO] [abstract_scenario.py:33:info] 

[FedML-Client @device-id-0] [Wed, 22 Jul 2026 02:48:02] [INFO] [abstract_scenario.py:31:info]   y:
[FedML-Client @device-id-0] [Wed, 22 Jul 2026 02:48:02] [INFO] [abstract_scenario.py:31:info]  
[FedML-Client @device-id-0] [Wed, 22 Jul 2026 02:48:02] [INFO] [abstract_scenario.py:31:info] ndarray
[FedML-Client @device-id-0] [Wed, 22 Jul 2026 02:48:02] [INFO] [abstract_scenario.py:31:info]  
[FedML-Client @device-id-0] [Wed, 22 Jul 2026 02:48:02] [INFO] [abstract_scenario.py:31:info] (float64): 
[FedML-Client @device-id-0] [Wed, 22 Jul 2026 02:48:02] [INFO] [abstract_scenario.py:31:info]  
[FedML-Client @device-id-0] [Wed, 22 Jul 2026 02:48:02] [INFO] [abstract_scenario.py:31:info] 20000x1
[FedML-Client @device-id-0] [Wed, 22 Jul 2026 02:48:02] [INFO] [abstract_scenario.py:31:info] 

[FedML-Client @device-id-0] [Wed, 22 Jul 2026 02:48:02] [INFO] [abstract_scenario.py:33:info]       min: -3.61
[FedML-Client @device-id-0] [Wed, 22 Jul 2026 02:48:02] [INFO] [abstract_scenario.py:33:info]  
[FedML-Client @device-id-0] [Wed, 22 Jul 2026 02:48:02] [INFO] [abstract_scenario.py:33:info] , max: 5.23
[FedML-Client @device-id-0] [Wed, 22 Jul 2026 02:48:02] [INFO] [abstract_scenario.py:33:info] 

[FedML-Client @device-id-0] [Wed, 22 Jul 2026 02:48:02] [INFO] [abstract_scenario.py:31:info]   g:
[FedML-Client @device-id-0] [Wed, 22 Jul 2026 02:48:02] [INFO] [abstract_scenario.py:31:info]  
[FedML-Client @device-id-0] [Wed, 22 Jul 2026 02:48:02] [INFO] [abstract_scenario.py:31:info] ndarray
[FedML-Client @device-id-0] [Wed, 22 Jul 2026 02:48:02] [INFO] [abstract_scenario.py:31:info]  
[FedML-Client @device-id-0] [Wed, 22 Jul 2026 02:48:02] [INFO] [abstract_scenario.py:31:info] (float64): 
[FedML-Client @device-id-0] [Wed, 22 Jul 2026 02:48:02] [INFO] [abstract_scenario.py:31:info]  
[FedML-Client @device-id-0] [Wed, 22 Jul 2026 02:48:02] [INFO] [abstract_scenario.py:31:info] 20000x1
[FedML-Client @device-id-0] [Wed, 22 Jul 2026 02:48:02] [INFO] [abstract_scenario.py:31:info] 

[FedML-Client @device-id-0] [Wed, 22 Jul 2026 02:48:02] [INFO] [abstract_scenario.py:33:info]       min: -0.73
[FedML-Client @device-id-0] [Wed, 22 Jul 2026 02:48:02] [INFO] [abstract_scenario.py:33:info]  
[FedML-Client @device-id-0] [Wed, 22 Jul 2026 02:48:02] [INFO] [abstract_scenario.py:33:info] , max: 0.73
[FedML-Client @device-id-0] [Wed, 22 Jul 2026 02:48:02] [INFO] [abstract_scenario.py:33:info] 

[FedML-Client @device-id-0] [Wed, 22 Jul 2026 02:48:02] [INFO] [abstract_scenario.py:31:info]   w:
[FedML-Client @device-id-0] [Wed, 22 Jul 2026 02:48:02] [INFO] [abstract_scenario.py:31:info]  
[FedML-Client @device-id-0] [Wed, 22 Jul 2026 02:48:02] [INFO] [abstract_scenario.py:31:info] ndarray
[FedML-Client @device-id-0] [Wed, 22 Jul 2026 02:48:02] [INFO] [abstract_scenario.py:31:info]  
[FedML-Client @device-id-0] [Wed, 22 Jul 2026 02:48:02] [INFO] [abstract_scenario.py:31:info] (float64): 
[FedML-Client @device-id-0] [Wed, 22 Jul 2026 02:48:02] [INFO] [abstract_scenario.py:31:info]  
[FedML-Client @device-id-0] [Wed, 22 Jul 2026 02:48:02] [INFO] [abstract_scenario.py:31:info] 20000x1
[FedML-Client @device-id-0] [Wed, 22 Jul 2026 02:48:02] [INFO] [abstract_scenario.py:31:info] 

[FedML-Client @device-id-0] [Wed, 22 Jul 2026 02:48:02] [INFO] [abstract_scenario.py:33:info]       min: 0.00
[FedML-Client @device-id-0] [Wed, 22 Jul 2026 02:48:02] [INFO] [abstract_scenario.py:33:info]  
[FedML-Client @device-id-0] [Wed, 22 Jul 2026 02:48:02] [INFO] [abstract_scenario.py:33:info] , max: 9.00
[FedML-Client @device-id-0] [Wed, 22 Jul 2026 02:48:02] [INFO] [abstract_scenario.py:33:info] 

[FedML-Client @device-id-0] [Wed, 22 Jul 2026 02:48:02] [INFO] [abstract_scenario.py:116:info] dev
[FedML-Client @device-id-0] [Wed, 22 Jul 2026 02:48:02] [INFO] [abstract_scenario.py:116:info] 

[FedML-Client @device-id-0] [Wed, 22 Jul 2026 02:48:02] [INFO] [abstract_scenario.py:31:info]   x:
[FedML-Client @device-id-0] [Wed, 22 Jul 2026 02:48:02] [INFO] [abstract_scenario.py:31:info]  
[FedML-Client @device-id-0] [Wed, 22 Jul 2026 02:48:02] [INFO] [abstract_scenario.py:31:info] ndarray
[FedML-Client @device-id-0] [Wed, 22 Jul 2026 02:48:02] [INFO] [abstract_scenario.py:31:info]  
[FedML-Client @device-id-0] [Wed, 22 Jul 2026 02:48:02] [INFO] [abstract_scenario.py:31:info] (float32): 
[FedML-Client @device-id-0] [Wed, 22 Jul 2026 02:48:02] [INFO] [abstract_scenario.py:31:info]  
[FedML-Client @device-id-0] [Wed, 22 Jul 2026 02:48:02] [INFO] [abstract_scenario.py:31:info] 10000x3x32x32
[FedML-Client @device-id-0] [Wed, 22 Jul 2026 02:48:02] [INFO] [abstract_scenario.py:31:info] 

[FedML-Client @device-id-0] [Wed, 22 Jul 2026 02:48:02] [INFO] [abstract_scenario.py:31:info]   z:
[FedML-Client @device-id-0] [Wed, 22 Jul 2026 02:48:02] [INFO] [abstract_scenario.py:31:info]  
[FedML-Client @device-id-0] [Wed, 22 Jul 2026 02:48:02] [INFO] [abstract_scenario.py:31:info] ndarray
[FedML-Client @device-id-0] [Wed, 22 Jul 2026 02:48:02] [INFO] [abstract_scenario.py:31:info]  
[FedML-Client @device-id-0] [Wed, 22 Jul 2026 02:48:02] [INFO] [abstract_scenario.py:31:info] (float32): 
[FedML-Client @device-id-0] [Wed, 22 Jul 2026 02:48:02] [INFO] [abstract_scenario.py:31:info]  
[FedML-Client @device-id-0] [Wed, 22 Jul 2026 02:48:02] [INFO] [abstract_scenario.py:31:info] 10000x3x32x32
[FedML-Client @device-id-0] [Wed, 22 Jul 2026 02:48:02] [INFO] [abstract_scenario.py:31:info] 

[FedML-Client @device-id-0] [Wed, 22 Jul 2026 02:48:02] [INFO] [abstract_scenario.py:31:info]   y:
[FedML-Client @device-id-0] [Wed, 22 Jul 2026 02:48:02] [INFO] [abstract_scenario.py:31:info]  
[FedML-Client @device-id-0] [Wed, 22 Jul 2026 02:48:02] [INFO] [abstract_scenario.py:31:info] ndarray
[FedML-Client @device-id-0] [Wed, 22 Jul 2026 02:48:02] [INFO] [abstract_scenario.py:31:info]  
[FedML-Client @device-id-0] [Wed, 22 Jul 2026 02:48:02] [INFO] [abstract_scenario.py:31:info] (float64): 
[FedML-Client @device-id-0] [Wed, 22 Jul 2026 02:48:02] [INFO] [abstract_scenario.py:31:info]  
[FedML-Client @device-id-0] [Wed, 22 Jul 2026 02:48:02] [INFO] [abstract_scenario.py:31:info] 10000x1
[FedML-Client @device-id-0] [Wed, 22 Jul 2026 02:48:02] [INFO] [abstract_scenario.py:31:info] 

[FedML-Client @device-id-0] [Wed, 22 Jul 2026 02:48:02] [INFO] [abstract_scenario.py:31:info]   g:
[FedML-Client @device-id-0] [Wed, 22 Jul 2026 02:48:02] [INFO] [abstract_scenario.py:31:info]  
[FedML-Client @device-id-0] [Wed, 22 Jul 2026 02:48:02] [INFO] [abstract_scenario.py:31:info] ndarray
[FedML-Client @device-id-0] [Wed, 22 Jul 2026 02:48:02] [INFO] [abstract_scenario.py:31:info]  
[FedML-Client @device-id-0] [Wed, 22 Jul 2026 02:48:02] [INFO] [abstract_scenario.py:31:info] (float64): 
[FedML-Client @device-id-0] [Wed, 22 Jul 2026 02:48:02] [INFO] [abstract_scenario.py:31:info]  
[FedML-Client @device-id-0] [Wed, 22 Jul 2026 02:48:02] [INFO] [abstract_scenario.py:31:info] 10000x1
[FedML-Client @device-id-0] [Wed, 22 Jul 2026 02:48:02] [INFO] [abstract_scenario.py:31:info] 

[FedML-Client @device-id-0] [Wed, 22 Jul 2026 02:48:02] [INFO] [abstract_scenario.py:31:info]   w:
[FedML-Client @device-id-0] [Wed, 22 Jul 2026 02:48:02] [INFO] [abstract_scenario.py:31:info]  
[FedML-Client @device-id-0] [Wed, 22 Jul 2026 02:48:02] [INFO] [abstract_scenario.py:31:info] ndarray
[FedML-Client @device-id-0] [Wed, 22 Jul 2026 02:48:02] [INFO] [abstract_scenario.py:31:info]  
[FedML-Client @device-id-0] [Wed, 22 Jul 2026 02:48:02] [INFO] [abstract_scenario.py:31:info] (float64): 
[FedML-Client @device-id-0] [Wed, 22 Jul 2026 02:48:02] [INFO] [abstract_scenario.py:31:info]  
[FedML-Client @device-id-0] [Wed, 22 Jul 2026 02:48:02] [INFO] [abstract_scenario.py:31:info] 10000x1
[FedML-Client @device-id-0] [Wed, 22 Jul 2026 02:48:02] [INFO] [abstract_scenario.py:31:info] 

[FedML-Client @device-id-0] [Wed, 22 Jul 2026 02:48:02] [INFO] [model_hub.py:25:create] create_model. model_name = lr, output_dim = None, dataset = cifar10_xz
[FedML-Client @device-id-0] [Wed, 22 Jul 2026 02:48:02] [INFO] [fedavg_api.py:231:__init__] model = [[CIFAR10CNN(
  (cnn): Sequential(
    (0): Conv2d(3, 32, kernel_size=(3, 3), stride=(1, 1), padding=(1, 1))
    (1): LeakyReLU(negative_slope=0.01)
    (2): MaxPool2d(kernel_size=2, stride=2, padding=0, dilation=1, ceil_mode=False)
    (3): Dropout(p=0.0, inplace=False)
    (4): Conv2d(32, 64, kernel_size=(3, 3), stride=(1, 1), padding=(2, 2))
    (5): LeakyReLU(negative_slope=0.01)
    (6): MaxPool2d(kernel_size=2, stride=2, padding=0, dilation=1, ceil_mode=False)
    (7): Dropout(p=0.0, inplace=False)
  )
  (linear_1): Linear(in_features=5184, out_features=200, bias=True)
  (linear_2): Linear(in_features=200, out_features=10, bias=True)
  (linear_3): Linear(in_features=10, out_features=1, bias=True)
  (bn): BatchNorm1d(10, eps=1e-05, momentum=0.1, affine=True, track_running_stats=True)
)], [CIFAR10CNN(
  (cnn): Sequential(
    (0): Conv2d(3, 32, kernel_size=(3, 3), stride=(1, 1), padding=(1, 1))
    (1): LeakyReLU(negative_slope=0.01)
    (2): MaxPool2d(kernel_size=2, stride=2, padding=0, dilation=1, ceil_mode=False)
    (3): Dropout(p=0.0, inplace=False)
    (4): Conv2d(32, 64, kernel_size=(3, 3), stride=(1, 1), padding=(2, 2))
    (5): LeakyReLU(negative_slope=0.01)
    (6): MaxPool2d(kernel_size=2, stride=2, padding=0, dilation=1, ceil_mode=False)
    (7): Dropout(p=0.0, inplace=False)
  )
  (linear_1): Linear(in_features=5184, out_features=200, bias=True)
  (linear_2): Linear(in_features=200, out_features=10, bias=True)
  (linear_3): Linear(in_features=10, out_features=1, bias=True)
  (bn): BatchNorm1d(10, eps=1e-05, momentum=0.1, affine=True, track_running_stats=True)
)], [CIFAR10CNN(
  (cnn): Sequential(
    (0): Conv2d(3, 32, kernel_size=(3, 3), stride=(1, 1), padding=(1, 1))
    (1): LeakyReLU(negative_slope=0.01)
    (2): MaxPool2d(kernel_size=2, stride=2, padding=0, dilation=1, ceil_mode=False)
    (3): Dropout(p=0.0, inplace=False)
    (4): Conv2d(32, 64, kernel_size=(3, 3), stride=(1, 1), padding=(2, 2))
    (5): LeakyReLU(negative_slope=0.01)
    (6): MaxPool2d(kernel_size=2, stride=2, padding=0, dilation=1, ceil_mode=False)
    (7): Dropout(p=0.0, inplace=False)
  )
  (linear_1): Linear(in_features=5184, out_features=200, bias=True)
  (linear_2): Linear(in_features=200, out_features=10, bias=True)
  (linear_3): Linear(in_features=10, out_features=1, bias=True)
  (bn): BatchNorm1d(10, eps=1e-05, momentum=0.1, affine=True, track_running_stats=True)
)]]
[FedML-Client @device-id-0] [Wed, 22 Jul 2026 02:48:02] [INFO] [model_selection_class.py:41:do_model_selection] starting learning args eval 0
[FedML-Client @device-id-0] [Wed, 22 Jul 2026 02:48:02] [INFO] [model_selection_class.py:41:do_model_selection] 

[FedML-Client @device-id-0] [Wed, 22 Jul 2026 02:51:23] [INFO] [model_selection_class.py:71:do_model_selection] learning eval:
[FedML-Client @device-id-0] [Wed, 22 Jul 2026 02:51:23] [INFO] [model_selection_class.py:71:do_model_selection]  
[FedML-Client @device-id-0] [Wed, 22 Jul 2026 02:51:23] [INFO] [model_selection_class.py:71:do_model_selection] -0.0039710689298253585
[FedML-Client @device-id-0] [Wed, 22 Jul 2026 02:51:23] [INFO] [model_selection_class.py:71:do_model_selection]  
[FedML-Client @device-id-0] [Wed, 22 Jul 2026 02:51:23] [INFO] [model_selection_class.py:71:do_model_selection] OptimalObjective::lambda_1=0.100000
[FedML-Client @device-id-0] [Wed, 22 Jul 2026 02:51:23] [INFO] [model_selection_class.py:71:do_model_selection]  
[FedML-Client @device-id-0] [Wed, 22 Jul 2026 02:51:23] [INFO] [model_selection_class.py:71:do_model_selection] OGDA:::'lr'=0.003
[FedML-Client @device-id-0] [Wed, 22 Jul 2026 02:51:23] [INFO] [model_selection_class.py:71:do_model_selection]  
[FedML-Client @device-id-0] [Wed, 22 Jul 2026 02:51:23] [INFO] [model_selection_class.py:71:do_model_selection] OGDA:::'lr'=0.009000000000000001
[FedML-Client @device-id-0] [Wed, 22 Jul 2026 02:51:23] [INFO] [model_selection_class.py:71:do_model_selection] 

[FedML-Client @device-id-0] [Wed, 22 Jul 2026 02:51:23] [INFO] [model_selection_class.py:90:do_model_selection] size of f_z collection:
[FedML-Client @device-id-0] [Wed, 22 Jul 2026 02:51:23] [INFO] [model_selection_class.py:90:do_model_selection]  
[FedML-Client @device-id-0] [Wed, 22 Jul 2026 02:51:23] [INFO] [model_selection_class.py:90:do_model_selection] 120
[FedML-Client @device-id-0] [Wed, 22 Jul 2026 02:51:23] [INFO] [model_selection_class.py:90:do_model_selection] 

[FedML-Client @device-id-0] [Wed, 22 Jul 2026 02:51:23] [INFO] [fedavg_api.py:468:_setup_clients] ############setup_clients (START)#############
[FedML-Client @device-id-0] [Wed, 22 Jul 2026 02:51:23] [INFO] [fedavg_api.py:485:_setup_clients] ############setup_clients (END)#############
[FedML-Client @device-id-0] [Wed, 22 Jul 2026 03:15:43] [INFO] [fedavg_api.py:850:train] MSE on test ------------------------------>>>>>>>>>>>>>>>>>>
[FedML-Client @device-id-0] [Wed, 22 Jul 2026 03:15:43] [INFO] [fedavg_api.py:850:train]  
[FedML-Client @device-id-0] [Wed, 22 Jul 2026 03:15:43] [INFO] [fedavg_api.py:850:train] 0.1988988128132188
[FedML-Client @device-id-0] [Wed, 22 Jul 2026 03:15:43] [INFO] [fedavg_api.py:850:train] 

DEBUG: Calling fedml.init()...
START probe_cifar10_x_fedgda_s_seed0_alpha0p1_lr0p001_cm1p0_slr1p0 gpu=0
PASS probe_cifar10_x_fedgda_s_seed0_alpha0p1_lr0p001_cm1p0_slr1p0
START probe_cifar10_xz_fedogda_s_seed0_alpha0p1_lr0p001_cm1p0_slr1p0 gpu=0
PASS probe_cifar10_xz_fedogda_s_seed0_alpha0p1_lr0p001_cm1p0_slr1p0
START probe_cifar10_x_fedgda_s_seed0_alpha0p1_lr0p001_cm1p0_slr1p5 gpu=0
PASS probe_cifar10_x_fedgda_s_seed0_alpha0p1_lr0p001_cm1p0_slr1p5
START probe_cifar10_xz_fedogda_s_seed0_alpha0p1_lr0p001_cm1p0_slr1p5 gpu=0
PASS probe_cifar10_xz_fedogda_s_seed0_alpha0p1_lr0p001_cm1p0_slr1p5
START probe_cifar10_x_fedgda_s_seed0_alpha0p1_lr0p001_cm3p0_slr1p0 gpu=0
PASS probe_cifar10_x_fedgda_s_seed0_alpha0p1_lr0p001_cm3p0_slr1p0
START probe_cifar10_xz_fedogda_s_seed0_alpha0p1_lr0p001_cm3p0_slr1p0 gpu=0
PASS probe_cifar10_xz_fedogda_s_seed0_alpha0p1_lr0p001_cm3p0_slr1p0
START probe_cifar10_x_fedgda_s_seed0_alpha0p1_lr0p003_cm1p0_slr1p0 gpu=0
PASS probe_cifar10_x_fedgda_s_seed0_alpha0p1_lr0p003_cm1p0_slr1p0
START probe_cifar10_xz_fedogda_s_seed0_alpha0p1_lr0p003_cm1p0_slr1p0 gpu=0
PASS probe_cifar10_xz_fedogda_s_seed0_alpha0p1_lr0p003_cm1p0_slr1p0
START probe_cifar10_x_fedgda_s_seed0_alpha0p1_lr0p001_cm3p0_slr1p5 gpu=0
PASS probe_cifar10_x_fedgda_s_seed0_alpha0p1_lr0p001_cm3p0_slr1p5
START probe_cifar10_xz_fedogda_s_seed0_alpha0p1_lr0p001_cm3p0_slr1p5 gpu=0
PASS probe_cifar10_xz_fedogda_s_seed0_alpha0p1_lr0p001_cm3p0_slr1p5
START probe_cifar10_x_fedgda_s_seed0_alpha0p1_lr0p003_cm1p0_slr1p5 gpu=0
PASS probe_cifar10_x_fedgda_s_seed0_alpha0p1_lr0p003_cm1p0_slr1p5
START probe_cifar10_xz_fedogda_s_seed0_alpha0p1_lr0p003_cm1p0_slr1p5 gpu=0
PASS probe_cifar10_xz_fedogda_s_seed0_alpha0p1_lr0p003_cm1p0_slr1p5
START probe_cifar10_x_fedgda_s_seed0_alpha0p1_lr0p003_cm3p0_slr1p0 gpu=0
PASS probe_cifar10_x_fedgda_s_seed0_alpha0p1_lr0p003_cm3p0_slr1p0
START probe_cifar10_xz_fedogda_s_seed0_alpha0p1_lr0p003_cm3p0_slr1p0 gpu=0
PASS probe_cifar10_xz_fedogda_s_seed0_alpha0p1_lr0p003_cm3p0_slr1p0
START probe_cifar10_x_fedgda_s_seed0_alpha0p1_lr0p003_cm3p0_slr1p5 gpu=0
PASS probe_cifar10_x_fedgda_s_seed0_alpha0p1_lr0p003_cm3p0_slr1p5
START probe_cifar10_xz_fedogda_s_seed0_alpha0p1_lr0p003_cm3p0_slr1p5 gpu=0
PASS probe_cifar10_xz_fedogda_s_seed0_alpha0p1_lr0p003_cm3p0_slr1p5
{
  "failed": 0,
  "jobs": 16,
  "passed": 16,
  "results_json": "experiments/highdim_coauthor_protocol_v1/stability_probe_v1_20260722/launcher_results.json",
  "skipped_completed": 0
}
